id,well_definedness_level,importance,novelty,proof_difficulty,disproof_difficulty,proven,disproven,first_submission_time,completed_by_ai
00000000001,,,,,,false,false,,false
00000000002,,,,,,false,false,,false
00000000003,,,,,,false,false,,false
00000000004,,,,,,false,false,,false
00000000005,,,,,,false,false,,false
00000000006,,,,,,false,false,,false
00000000007,,,,,,false,false,,false
00000000008,,,,,,false,false,,false
00000000009,,,,,,false,false,,false
00000000010,,,,,,false,false,,false
00000000011,,,,,,false,false,,false
00000000012,,,,,,false,false,,false
00000000013,,,,,,false,false,,false
00000000014,,,,,,false,false,,false
00000000015,,,,,,false,false,,false
00000000016,,,,,,false,false,,false
00000000017,,,,,,false,false,,false
00000000018,,,,,,false,false,,false
00000000019,,,,,,false,false,,false
00000000020,,,,,,false,false,,false
00000000021,,,,,,false,false,,false
00000000022,,,,,,false,false,,false
00000000023,,,,,,false,false,,false
00000000024,,,,,,false,false,,false
00000000025,,,,,,false,false,,false
00000000026,,,,,,false,false,,false
00000000027,,,,,,false,false,,false
00000000028,,,,,,false,false,,false
00000000029,,,,,,false,false,,false
00000000030,,,,,,false,false,,false
00000000031,,,,,,false,false,,false
00000000032,,,,,,false,false,,false
00000000033,,,,,,false,false,,false
00000000034,,,,,,false,false,,false
00000000035,,,,,,false,false,,false
00000000036,,,,,,false,false,,false
00000000037,,,,,,false,false,,false
00000000038,,,,,,false,false,,false
00000000039,,,,,,false,false,,false
00000000040,,,,,,false,false,,false
00000000041,,,,,,false,false,,false
00000000042,,,,,,false,false,,false
00000000043,,,,,,false,false,,false
00000000044,,,,,,false,false,,false
00000000045,,,,,,false,false,,false
00000000046,,,,,,false,false,,false
00000000047,,,,,,false,false,,false
00000000048,,,,,,false,false,,false
00000000049,,,,,,false,false,,false
00000000050,,,,,,false,false,,false
00000000051,,,,,,false,false,,false
00000000052,,,,,,false,false,,false
00000000053,,,,,,false,false,,false
00000000054,,,,,,false,false,,false
00000000055,,,,,,false,false,,false
00000000056,,,,,,false,false,,false
00000000057,,,,,,false,false,,false
00000000058,,,,,,false,false,,false
00000000059,,,,,,false,false,,false
00000000060,,,,,,false,false,,false
00000000061,,,,,,false,false,,false
00000000062,,,,,,false,false,,false
00000000063,,,,,,false,false,,false
00000000064,,,,,,false,false,,false
00000000065,,,,,,false,false,,false
00000000066,,,,,,false,false,,false
00000000067,,,,,,false,false,,false
00000000068,,,,,,false,false,,false
00000000069,,,,,,false,false,,false
00000000070,,,,,,false,false,,false
00000000071,,,,,,false,false,,false
00000000072,,,,,,false,false,,false
00000000073,,,,,,false,false,,false
00000000074,,,,,,false,false,,false
00000000075,,,,,,false,false,,false
00000000076,,,,,,false,false,,false
00000000077,,,,,,false,false,,false
00000000078,,,,,,false,false,,false
00000000079,,,,,,false,false,,false
00000000080,,,,,,false,false,,false
00000000081,,,,,,false,false,,false
00000000082,,,,,,false,false,,false
00000000083,,,,,,false,false,,false
00000000084,,,,,,false,false,,false
00000000085,,,,,,false,false,,false
00000000086,,,,,,false,false,,false
00000000087,,,,,,false,false,,false
00000000088,,,,,,false,false,,false
00000000089,,,,,,false,false,,false
00000000090,,,,,,false,false,,false
00000000091,,,,,,false,false,,false
00000000092,,,,,,false,false,,false
00000000093,,,,,,false,false,,false
00000000094,,,,,,false,false,,false
00000000095,,,,,,false,false,,false
00000000096,,,,,,false,false,,false
00000000097,,,,,,false,false,,false
00000000098,,,,,,false,false,,false
00000000099,,,,,,false,false,,false
00000000100,,,,,,false,false,,false
00000000101,,,,,,false,false,,false
00000000102,,,,,,false,false,,false
00000000103,,,,,,false,false,,false
00000000104,,,,,,false,false,,false
00000000105,,,,,,false,false,,false
00000000106,,,,,,false,false,,false
00000000107,,,,,,false,false,,false
00000000108,,,,,,false,false,,false
00000000109,,,,,,false,false,,false
00000000110,,,,,,false,false,,false
00000000111,,,,,,false,false,,false
00000000112,,,,,,false,false,,false
00000000113,,,,,,false,false,,false
00000000114,,,,,,false,false,,false
00000000115,,,,,,false,false,,false
00000000116,,,,,,false,false,,false
00000000117,,,,,,false,false,,false
00000000118,,,,,,false,false,,false
00000000119,,,,,,false,false,,false
00000000120,,,,,,false,false,,false
00000000121,,,,,,false,false,,false
00000000122,,,,,,false,false,,false
00000000123,,,,,,false,false,,false
00000000124,,,,,,false,false,,false
00000000125,,,,,,false,false,,false
00000000126,,,,,,false,false,,false
00000000127,,,,,,false,false,,false
00000000128,,,,,,false,false,,false
00000000129,,,,,,false,false,,false
00000000130,,,,,,false,false,,false
00000000131,,,,,,false,false,,false
00000000132,,,,,,false,false,,false
00000000133,,,,,,false,false,,false
00000000134,,,,,,false,false,,false
00000000135,,,,,,false,false,,false
00000000136,,,,,,false,false,,false
00000000137,,,,,,false,false,,false
00000000138,,,,,,false,false,,false
00000000139,,,,,,false,false,,false
00000000140,,,,,,false,false,,false
00000000141,,,,,,false,false,,false
00000000142,,,,,,false,false,,false
00000000143,,,,,,false,false,,false
00000000144,,,,,,false,false,,false
00000000145,,,,,,false,false,,false
00000000146,,,,,,false,false,,false
00000000147,,,,,,false,false,,false
00000000148,,,,,,false,false,,false
00000000149,,,,,,false,false,,false
00000000150,,,,,,false,false,,false
00000000151,,,,,,false,false,,false
00000000152,,,,,,false,false,,false
00000000153,,,,,,false,false,,false
00000000154,,,,,,false,false,,false
00000000155,,,,,,false,false,,false
00000000156,,,,,,false,false,,false
00000000157,,,,,,false,false,,false
00000000158,,,,,,false,false,,false
00000000159,,,,,,false,false,,false
00000000160,,,,,,false,false,,false
00000000161,,,,,,false,false,,false
00000000162,,,,,,false,false,,false
00000000163,,,,,,false,false,,false
00000000164,,,,,,false,false,,false
00000000165,,,,,,false,false,,false
00000000166,,,,,,false,false,,false
00000000167,,,,,,false,false,,false
00000000168,,,,,,false,false,,false
00000000169,,,,,,false,false,,false
00000000170,,,,,,false,false,,false
00000000171,,,,,,false,false,,false
00000000172,,,,,,false,false,,false
00000000173,,,,,,false,false,,false
00000000174,,,,,,false,false,,false
00000000175,,,,,,false,false,,false
00000000176,,,,,,false,false,,false
00000000177,,,,,,false,false,,false
00000000178,,,,,,false,false,,false
00000000179,,,,,,false,false,,false
00000000180,,,,,,false,false,,false
00000000181,,,,,,false,false,,false
00000000182,,,,,,false,false,,false
00000000183,,,,,,false,false,,false
00000000184,,,,,,false,false,,false
00000000185,,,,,,false,false,,false
00000000186,,,,,,false,false,,false
00000000187,,,,,,false,false,,false
00000000188,,,,,,false,false,,false
00000000189,,,,,,false,false,,false
00000000190,,,,,,false,false,,false
00000000191,,,,,,false,false,,false
00000000192,,,,,,false,false,,false
00000000193,,,,,,false,false,,false
00000000194,,,,,,false,false,,false
00000000195,,,,,,false,false,,false
00000000196,,,,,,false,false,,false
00000000197,,,,,,false,false,,false
00000000198,,,,,,false,false,,false
00000000199,,,,,,false,false,,false
00000000200,,,,,,false,false,,false
00000000201,,,,,,false,false,,false
00000000202,,,,,,false,false,,false
00000000203,,,,,,false,false,,false
00000000204,,,,,,false,false,,false
00000000205,,,,,,false,false,,false
00000000206,,,,,,false,false,,false
00000000207,,,,,,false,false,,false
00000000208,,,,,,false,false,,false
00000000209,,,,,,false,false,,false
00000000210,,,,,,false,false,,false
00000000211,,,,,,false,false,,false
00000000212,,,,,,false,false,,false
00000000213,,,,,,false,false,,false
00000000214,,,,,,false,false,,false
00000000215,,,,,,false,false,,false
00000000216,,,,,,false,false,,false
00000000217,,,,,,false,false,,false
00000000218,,,,,,false,false,,false
00000000219,,,,,,false,false,,false
00000000220,,,,,,false,false,,false
00000000221,,,,,,false,false,,false
00000000222,,,,,,false,false,,false
00000000223,,,,,,false,false,,false
00000000224,,,,,,false,false,,false
00000000225,,,,,,false,false,,false
00000000226,,,,,,false,false,,false
00000000227,,,,,,false,false,,false
00000000228,,,,,,false,false,,false
00000000229,,,,,,false,false,,false
00000000230,,,,,,false,false,,false
00000000231,,,,,,false,false,,false
00000000232,,,,,,false,false,,false
00000000233,,,,,,false,false,,false
00000000234,,,,,,false,false,,false
00000000235,,,,,,false,false,,false
00000000236,,,,,,false,false,,false
00000000237,,,,,,false,false,,false
00000000238,,,,,,false,false,,false
00000000239,,,,,,false,false,,false
00000000240,,,,,,false,false,,false
00000000241,,,,,,false,false,,false
00000000242,,,,,,false,false,,false
00000000243,,,,,,false,false,,false
00000000244,,,,,,false,false,,false
00000000245,,,,,,false,false,,false
00000000246,,,,,,false,false,,false
00000000247,,,,,,false,false,,false
00000000248,,,,,,false,false,,false
00000000249,,,,,,false,false,,false
00000000250,,,,,,false,false,,false
00000000251,,,,,,false,false,,false
00000000252,,,,,,false,false,,false
00000000253,,,,,,false,false,,false
00000000254,,,,,,false,false,,false
00000000255,,,,,,false,false,,false
00000000256,,,,,,false,false,,false
00000000257,,,,,,false,false,,false
00000000258,,,,,,false,false,,false
00000000259,,,,,,false,false,,false
00000000260,,,,,,false,false,,false
00000000261,,,,,,false,false,,false
00000000262,,,,,,false,false,,false
00000000263,,,,,,false,false,,false
00000000264,,,,,,false,false,,false
00000000265,,,,,,false,false,,false
00000000266,,,,,,false,false,,false
00000000267,,,,,,false,false,,false
00000000268,,,,,,false,false,,false
00000000269,,,,,,false,false,,false
00000000270,,,,,,false,false,,false
00000000271,,,,,,false,false,,false
00000000272,,,,,,false,false,,false
00000000273,,,,,,false,false,,false
00000000274,,,,,,false,false,,false
00000000275,,,,,,false,false,,false
00000000276,,,,,,false,false,,false
00000000277,,,,,,false,false,,false
00000000278,,,,,,false,false,,false
00000000279,,,,,,false,false,,false
00000000280,,,,,,false,false,,false
00000000281,,,,,,false,false,,false
00000000282,,,,,,false,false,,false
00000000283,,,,,,false,false,,false
00000000284,,,,,,false,false,,false
00000000285,,,,,,false,false,,false
00000000286,,,,,,false,false,,false
00000000287,,,,,,false,false,,false
00000000288,,,,,,false,false,,false
00000000289,,,,,,false,false,,false
00000000290,,,,,,false,false,,false
00000000291,,,,,,false,false,,false
00000000292,,,,,,false,false,,false
00000000293,,,,,,false,false,,false
00000000294,,,,,,false,false,,false
00000000295,,,,,,false,false,,false
00000000296,,,,,,false,false,,false
00000000297,,,,,,false,false,,false
00000000298,,,,,,false,false,,false
00000000299,,,,,,false,false,,false
00000000300,,,,,,false,false,,false
00000000301,,,,,,false,false,,false
00000000302,,,,,,false,false,,false
00000000303,,,,,,false,false,,false
00000000304,,,,,,false,false,,false
00000000305,,,,,,false,false,,false
00000000306,,,,,,false,false,,false
00000000307,,,,,,false,false,,false
00000000308,,,,,,false,false,,false
00000000309,,,,,,false,false,,false
00000000310,,,,,,false,false,,false
00000000311,,,,,,false,false,,false
00000000312,,,,,,false,false,,false
00000000313,,,,,,false,false,,false
00000000314,,,,,,false,false,,false
00000000315,,,,,,false,false,,false
00000000316,,,,,,false,false,,false
00000000317,,,,,,false,false,,false
00000000318,,,,,,false,false,,false
00000000319,,,,,,false,false,,false
00000000320,,,,,,false,false,,false
00000000321,,,,,,false,false,,false
00000000322,,,,,,false,false,,false
00000000323,,,,,,false,false,,false
00000000324,,,,,,false,false,,false
00000000325,,,,,,false,false,,false
00000000326,,,,,,false,false,,false
00000000327,,,,,,false,false,,false
00000000328,,,,,,false,false,,false
00000000329,,,,,,false,false,,false
00000000330,,,,,,false,false,,false
00000000331,,,,,,false,false,,false
00000000332,,,,,,false,false,,false
00000000333,,,,,,false,false,,false
00000000334,,,,,,false,false,,false
00000000335,,,,,,false,false,,false
00000000336,,,,,,false,false,,false
00000000337,,,,,,false,false,,false
00000000338,,,,,,false,false,,false
00000000339,,,,,,false,false,,false
00000000340,,,,,,false,false,,false
00000000341,,,,,,false,false,,false
00000000342,,,,,,false,false,,false
00000000343,,,,,,false,false,,false
00000000344,,,,,,false,false,,false
00000000345,,,,,,false,false,,false
00000000346,,,,,,false,false,,false
00000000347,,,,,,false,false,,false
00000000348,,,,,,false,false,,false
00000000349,,,,,,false,false,,false
00000000350,,,,,,false,false,,false
00000000351,,,,,,false,false,,false
00000000352,,,,,,false,false,,false
00000000353,,,,,,false,false,,false
00000000354,,,,,,false,false,,false
00000000355,,,,,,false,false,,false
00000000356,,,,,,false,false,,false
00000000357,,,,,,false,false,,false
00000000358,,,,,,false,false,,false
00000000359,,,,,,false,false,,false
00000000360,,,,,,false,false,,false
00000000361,,,,,,false,false,,false
00000000362,,,,,,false,false,,false
00000000363,,,,,,false,false,,false
00000000364,,,,,,false,false,,false
00000000365,,,,,,false,false,,false
00000000366,,,,,,false,false,,false
00000000367,,,,,,false,false,,false
00000000368,,,,,,false,false,,false
00000000369,,,,,,false,false,,false
00000000370,,,,,,false,false,,false
00000000371,,,,,,false,false,,false
00000000372,,,,,,false,false,,false
00000000373,,,,,,false,false,,false
00000000374,,,,,,false,false,,false
00000000375,,,,,,false,false,,false
00000000376,,,,,,false,false,,false
00000000377,,,,,,false,false,,false
00000000378,,,,,,false,false,,false
00000000379,,,,,,false,false,,false
00000000380,,,,,,false,false,,false
00000000381,,,,,,false,false,,false
00000000382,,,,,,false,false,,false
00000000383,,,,,,false,false,,false
00000000384,,,,,,false,false,,false
00000000385,,,,,,false,false,,false
00000000386,,,,,,false,false,,false
00000000387,,,,,,false,false,,false
00000000388,,,,,,false,false,,false
00000000389,,,,,,false,false,,false
00000000390,,,,,,false,false,,false
00000000391,,,,,,false,false,,false
00000000392,,,,,,false,false,,false
00000000393,,,,,,false,false,,false
00000000394,,,,,,false,false,,false
00000000395,,,,,,false,false,,false
00000000396,,,,,,false,false,,false
00000000397,,,,,,false,false,,false
00000000398,,,,,,false,false,,false
00000000399,,,,,,false,false,,false
00000000400,,,,,,false,false,,false
00000000401,,,,,,false,false,,false
00000000402,,,,,,false,false,,false
00000000403,,,,,,false,false,,false
00000000404,,,,,,false,false,,false
00000000405,,,,,,false,false,,false
00000000406,,,,,,false,false,,false
00000000407,,,,,,false,false,,false
00000000408,,,,,,false,false,,false
00000000409,,,,,,false,false,,false
00000000410,,,,,,false,false,,false
00000000411,,,,,,false,false,,false
00000000412,,,,,,false,false,,false
00000000413,,,,,,false,false,,false
00000000414,,,,,,false,false,,false
00000000415,,,,,,false,false,,false
00000000416,,,,,,false,false,,false
00000000417,,,,,,false,false,,false
00000000418,,,,,,false,false,,false
00000000419,,,,,,false,false,,false
00000000420,,,,,,false,false,,false
00000000421,,,,,,false,false,,false
00000000422,,,,,,false,false,,false
00000000423,,,,,,false,false,,false
00000000424,,,,,,false,false,,false
00000000425,,,,,,false,false,,false
00000000426,,,,,,false,false,,false
00000000427,,,,,,false,false,,false
00000000428,,,,,,false,false,,false
00000000429,,,,,,false,false,,false
00000000430,,,,,,false,false,,false
00000000431,,,,,,false,false,,false
00000000432,,,,,,false,false,,false
00000000433,,,,,,false,false,,false
00000000434,,,,,,false,false,,false
00000000435,,,,,,false,false,,false
00000000436,,,,,,false,false,,false
00000000437,,,,,,false,false,,false
00000000438,,,,,,false,false,,false
00000000439,,,,,,false,false,,false
00000000440,,,,,,false,false,,false
00000000441,,,,,,false,false,,false
00000000442,,,,,,false,false,,false
00000000443,,,,,,false,false,,false
00000000444,,,,,,false,false,,false
00000000445,,,,,,false,false,,false
00000000446,,,,,,false,false,,false
00000000447,,,,,,false,false,,false
00000000448,,,,,,false,false,,false
00000000449,,,,,,false,false,,false
00000000450,,,,,,false,false,,false
00000000451,,,,,,false,false,,false
00000000452,,,,,,false,false,,false
00000000453,,,,,,false,false,,false
00000000454,,,,,,false,false,,false
00000000455,,,,,,false,false,,false
00000000456,,,,,,false,false,,false
00000000457,,,,,,false,false,,false
00000000458,,,,,,false,false,,false
00000000459,,,,,,false,false,,false
00000000460,,,,,,false,false,,false
00000000461,,,,,,false,false,,false
00000000462,,,,,,false,false,,false
00000000463,,,,,,false,false,,false
00000000464,,,,,,false,false,,false
00000000465,,,,,,false,false,,false
00000000466,,,,,,false,false,,false
00000000467,,,,,,false,false,,false
00000000468,,,,,,false,false,,false
00000000469,,,,,,false,false,,false
00000000470,,,,,,false,false,,false
00000000471,,,,,,false,false,,false
00000000472,,,,,,false,false,,false
00000000473,,,,,,false,false,,false
00000000474,,,,,,false,false,,false
00000000475,,,,,,false,false,,false
00000000476,,,,,,false,false,,false
00000000477,,,,,,false,false,,false
00000000478,,,,,,false,false,,false
00000000479,,,,,,false,false,,false
00000000480,,,,,,false,false,,false
00000000481,,,,,,false,false,,false
00000000482,,,,,,false,false,,false
00000000483,,,,,,false,false,,false
00000000484,,,,,,false,false,,false
00000000485,,,,,,false,false,,false
00000000486,,,,,,false,false,,false
00000000487,,,,,,false,false,,false
00000000488,,,,,,false,false,,false
00000000489,,,,,,false,false,,false
00000000490,,,,,,false,false,,false
00000000491,,,,,,false,false,,false
00000000492,,,,,,false,false,,false
00000000493,,,,,,false,false,,false
00000000494,,,,,,false,false,,false
00000000495,,,,,,false,false,,false
00000000496,,,,,,false,false,,false
00000000497,,,,,,false,false,,false
00000000498,,,,,,false,false,,false
00000000499,,,,,,false,false,,false
00000000500,,,,,,false,false,,false
00000000501,,,,,,false,false,,false
00000000502,,,,,,false,false,,false
00000000503,,,,,,false,false,,false
00000000504,,,,,,false,false,,false
00000000505,,,,,,false,false,,false
00000000506,,,,,,false,false,,false
00000000507,,,,,,false,false,,false
00000000508,,,,,,false,false,,false
00000000509,,,,,,false,false,,false
00000000510,,,,,,false,false,,false
00000000511,,,,,,false,false,,false
00000000512,,,,,,false,false,,false
00000000513,,,,,,false,false,,false
00000000514,,,,,,false,false,,false
00000000515,,,,,,false,false,,false
00000000516,,,,,,false,false,,false
00000000517,,,,,,false,false,,false
00000000518,,,,,,false,false,,false
00000000519,,,,,,false,false,,false
00000000520,,,,,,false,false,,false
00000000521,,,,,,false,false,,false
00000000522,,,,,,false,false,,false
00000000523,,,,,,false,false,,false
00000000524,,,,,,false,false,,false
00000000525,,,,,,false,false,,false
00000000526,,,,,,false,false,,false
00000000527,,,,,,false,false,,false
00000000528,,,,,,false,false,,false
00000000529,,,,,,false,false,,false
00000000530,,,,,,false,false,,false
00000000531,,,,,,false,false,,false
00000000532,,,,,,false,false,,false
00000000533,,,,,,false,false,,false
00000000534,,,,,,false,false,,false
00000000535,,,,,,false,false,,false
00000000536,,,,,,false,false,,false
00000000537,,,,,,false,false,,false
00000000538,,,,,,false,false,,false
00000000539,,,,,,false,false,,false
00000000540,,,,,,false,false,,false
00000000541,,,,,,false,false,,false
00000000542,,,,,,false,false,,false
00000000543,,,,,,false,false,,false
00000000544,,,,,,false,false,,false
00000000545,,,,,,false,false,,false
00000000546,,,,,,false,false,,false
00000000547,,,,,,false,false,,false
00000000548,,,,,,false,false,,false
00000000549,,,,,,false,false,,false
00000000550,,,,,,false,false,,false
00000000551,,,,,,false,false,,false
00000000552,,,,,,false,false,,false
00000000553,,,,,,false,false,,false
00000000554,,,,,,false,false,,false
00000000555,,,,,,false,false,,false
00000000556,,,,,,false,false,,false
00000000557,,,,,,false,false,,false
00000000558,,,,,,false,false,,false
00000000559,,,,,,false,false,,false
00000000560,,,,,,false,false,,false
00000000561,,,,,,false,false,,false
00000000562,,,,,,false,false,,false
00000000563,,,,,,false,false,,false
00000000564,,,,,,false,false,,false
00000000565,,,,,,false,false,,false
00000000566,,,,,,false,false,,false
00000000567,,,,,,false,false,,false
00000000568,,,,,,false,false,,false
00000000569,,,,,,false,false,,false
00000000570,,,,,,false,false,,false
00000000571,,,,,,false,false,,false
00000000572,,,,,,false,false,,false
00000000573,,,,,,false,false,,false
00000000574,,,,,,false,false,,false
00000000575,,,,,,false,false,,false
00000000576,,,,,,false,false,,false
00000000577,,,,,,false,false,,false
00000000578,,,,,,false,false,,false
00000000579,,,,,,false,false,,false
00000000580,,,,,,false,false,,false
00000000581,,,,,,false,false,,false
00000000582,,,,,,false,false,,false
00000000583,,,,,,false,false,,false
00000000584,,,,,,false,false,,false
00000000585,,,,,,false,false,,false
00000000586,,,,,,false,false,,false
00000000587,,,,,,false,false,,false
00000000588,,,,,,false,false,,false
00000000589,,,,,,false,false,,false
00000000590,,,,,,false,false,,false
00000000591,,,,,,false,false,,false
00000000592,,,,,,false,false,,false
00000000593,,,,,,false,false,,false
00000000594,,,,,,false,false,,false
00000000595,,,,,,false,false,,false
00000000596,,,,,,false,false,,false
00000000597,,,,,,false,false,,false
00000000598,,,,,,false,false,,false
00000000599,,,,,,false,false,,false
00000000600,,,,,,false,false,,false
00000000601,,,,,,false,false,,false
00000000602,,,,,,false,false,,false
00000000603,,,,,,false,false,,false
00000000604,,,,,,false,false,,false
00000000605,,,,,,false,false,,false
00000000606,,,,,,false,false,,false
00000000607,,,,,,false,false,,false
00000000608,,,,,,false,false,,false
00000000609,,,,,,false,false,,false
00000000610,,,,,,false,false,,false
00000000611,,,,,,false,false,,false
00000000612,,,,,,false,false,,false
00000000613,,,,,,false,false,,false
00000000614,,,,,,false,false,,false
00000000615,,,,,,false,false,,false
00000000616,,,,,,false,false,,false
00000000617,,,,,,false,false,,false
00000000618,,,,,,false,false,,false
00000000619,,,,,,false,false,,false
00000000620,,,,,,false,false,,false
00000000621,,,,,,false,false,,false
00000000622,,,,,,false,false,,false
00000000623,,,,,,false,false,,false
00000000624,,,,,,false,false,,false
00000000625,,,,,,false,false,,false
00000000626,,,,,,false,false,,false
00000000627,,,,,,false,false,,false
00000000628,,,,,,false,false,,false
00000000629,,,,,,false,false,,false
00000000630,,,,,,false,false,,false
00000000631,,,,,,false,false,,false
00000000632,,,,,,false,false,,false
00000000633,,,,,,false,false,,false
00000000634,,,,,,false,false,,false
00000000635,,,,,,false,false,,false
00000000636,,,,,,false,false,,false
00000000637,,,,,,false,false,,false
00000000638,,,,,,false,false,,false
00000000639,,,,,,false,false,,false
00000000640,,,,,,false,false,,false
00000000641,,,,,,false,false,,false
00000000642,,,,,,false,false,,false
00000000643,,,,,,false,false,,false
00000000644,,,,,,false,false,,false
00000000645,,,,,,false,false,,false
00000000646,,,,,,false,false,,false
00000000647,,,,,,false,false,,false
00000000648,,,,,,false,false,,false
00000000649,,,,,,false,false,,false
00000000650,,,,,,false,false,,false
00000000651,,,,,,false,false,,false
00000000652,,,,,,false,false,,false
00000000653,,,,,,false,false,,false
00000000654,,,,,,false,false,,false
00000000655,,,,,,false,false,,false
00000000656,,,,,,false,false,,false
00000000657,,,,,,false,false,,false
00000000658,,,,,,false,false,,false
00000000659,,,,,,false,false,,false
00000000660,,,,,,false,false,,false
00000000661,,,,,,false,false,,false
00000000662,,,,,,false,false,,false
00000000663,,,,,,false,false,,false
00000000664,,,,,,false,false,,false
00000000665,,,,,,false,false,,false
00000000666,,,,,,false,false,,false
00000000667,,,,,,false,false,,false
00000000668,,,,,,false,false,,false
00000000669,,,,,,false,false,,false
00000000670,,,,,,false,false,,false
00000000671,,,,,,false,false,,false
00000000672,,,,,,false,false,,false
00000000673,,,,,,false,false,,false
00000000674,,,,,,false,false,,false
00000000675,,,,,,false,false,,false
00000000676,,,,,,false,false,,false
00000000677,,,,,,false,false,,false
00000000678,,,,,,false,false,,false
00000000679,,,,,,false,false,,false
00000000680,,,,,,false,false,,false
00000000681,,,,,,false,false,,false
00000000682,,,,,,false,false,,false
00000000683,,,,,,false,false,,false
00000000684,,,,,,false,false,,false
00000000685,,,,,,false,false,,false
00000000686,,,,,,false,false,,false
00000000687,,,,,,false,false,,false
00000000688,,,,,,false,false,,false
00000000689,,,,,,false,false,,false
00000000690,,,,,,false,false,,false
00000000691,,,,,,false,false,,false
00000000692,,,,,,false,false,,false
00000000693,,,,,,false,false,,false
00000000694,,,,,,false,false,,false
00000000695,,,,,,false,false,,false
00000000696,,,,,,false,false,,false
00000000697,,,,,,false,false,,false
00000000698,,,,,,false,false,,false
00000000699,,,,,,false,false,,false
00000000700,,,,,,false,false,,false
00000000701,,,,,,false,false,,false
00000000702,,,,,,false,false,,false
00000000703,,,,,,false,false,,false
00000000704,,,,,,false,false,,false
00000000705,,,,,,false,false,,false
00000000706,,,,,,false,false,,false
00000000707,,,,,,false,false,,false
00000000708,,,,,,false,false,,false
00000000709,,,,,,false,false,,false
00000000710,,,,,,false,false,,false
00000000711,,,,,,false,false,,false
00000000712,,,,,,false,false,,false
00000000713,,,,,,false,false,,false
00000000714,,,,,,false,false,,false
00000000715,,,,,,false,false,,false
00000000716,,,,,,false,false,,false
00000000717,,,,,,false,false,,false
00000000718,,,,,,false,false,,false
00000000719,,,,,,false,false,,false
00000000720,,,,,,false,false,,false
00000000721,,,,,,false,false,,false
00000000722,,,,,,false,false,,false
00000000723,,,,,,false,false,,false
00000000724,,,,,,false,false,,false
00000000725,,,,,,false,false,,false
00000000726,,,,,,false,false,,false
00000000727,,,,,,false,false,,false
00000000728,,,,,,false,false,,false
00000000729,,,,,,false,false,,false
00000000730,,,,,,false,false,,false
00000000731,,,,,,false,false,,false
00000000732,,,,,,false,false,,false
00000000733,,,,,,false,false,,false
00000000734,,,,,,false,false,,false
00000000735,,,,,,false,false,,false
00000000736,,,,,,false,false,,false
00000000737,,,,,,false,false,,false
00000000738,,,,,,false,false,,false
00000000739,,,,,,false,false,,false
00000000740,,,,,,false,false,,false
00000000741,,,,,,false,false,,false
00000000742,,,,,,false,false,,false
00000000743,,,,,,false,false,,false
00000000744,,,,,,false,false,,false
00000000745,,,,,,false,false,,false
00000000746,,,,,,false,false,,false
00000000747,,,,,,false,false,,false
00000000748,,,,,,false,false,,false
00000000749,,,,,,false,false,,false
00000000750,,,,,,false,false,,false
00000000751,,,,,,false,false,,false
00000000752,,,,,,false,false,,false
00000000753,,,,,,false,false,,false
00000000754,,,,,,false,false,,false
00000000755,,,,,,false,false,,false
00000000756,,,,,,false,false,,false
00000000757,,,,,,false,false,,false
00000000758,,,,,,false,false,,false
00000000759,,,,,,false,false,,false
00000000760,,,,,,false,false,,false
00000000761,,,,,,false,false,,false
00000000762,,,,,,false,false,,false
00000000763,,,,,,false,false,,false
00000000764,,,,,,false,false,,false
00000000765,,,,,,false,false,,false
00000000766,,,,,,false,false,,false
00000000767,,,,,,false,false,,false
00000000768,,,,,,false,false,,false
00000000769,,,,,,false,false,,false
00000000770,,,,,,false,false,,false
00000000771,,,,,,false,false,,false
00000000772,,,,,,false,false,,false
00000000773,,,,,,false,false,,false
00000000774,,,,,,false,false,,false
00000000775,,,,,,false,false,,false
00000000776,,,,,,false,false,,false
00000000777,,,,,,false,false,,false
00000000778,,,,,,false,false,,false
00000000779,,,,,,false,false,,false
00000000780,,,,,,false,false,,false
00000000781,,,,,,false,false,,false
00000000782,,,,,,false,false,,false
00000000783,,,,,,false,false,,false
00000000784,,,,,,false,false,,false
00000000785,,,,,,false,false,,false
00000000786,,,,,,false,false,,false
00000000787,,,,,,false,false,,false
00000000788,,,,,,false,false,,false
00000000789,,,,,,false,false,,false
00000000790,,,,,,false,false,,false
00000000791,,,,,,false,false,,false
00000000792,,,,,,false,false,,false
00000000793,,,,,,false,false,,false
00000000794,,,,,,false,false,,false
00000000795,,,,,,false,false,,false
00000000796,,,,,,false,false,,false
00000000797,,,,,,false,false,,false
00000000798,,,,,,false,false,,false
00000000799,,,,,,false,false,,false
00000000800,,,,,,false,false,,false
00000000801,,,,,,false,false,,false
00000000802,,,,,,false,false,,false
00000000803,,,,,,false,false,,false
00000000804,,,,,,false,false,,false
00000000805,,,,,,false,false,,false
00000000806,,,,,,false,false,,false
00000000807,,,,,,false,false,,false
00000000808,,,,,,false,false,,false
00000000809,,,,,,false,false,,false
00000000810,,,,,,false,false,,false
00000000811,,,,,,false,false,,false
00000000812,,,,,,false,false,,false
00000000813,,,,,,false,false,,false
00000000814,,,,,,false,false,,false
00000000815,,,,,,false,false,,false
00000000816,,,,,,false,false,,false
00000000817,,,,,,false,false,,false
00000000818,,,,,,false,false,,false
00000000819,,,,,,false,false,,false
00000000820,,,,,,false,false,,false
00000000821,,,,,,false,false,,false
00000000822,,,,,,false,false,,false
00000000823,,,,,,false,false,,false
00000000824,,,,,,false,false,,false
00000000825,,,,,,false,false,,false
00000000826,,,,,,false,false,,false
00000000827,,,,,,false,false,,false
00000000828,,,,,,false,false,,false
00000000829,,,,,,false,false,,false
00000000830,,,,,,false,false,,false
00000000831,,,,,,false,false,,false
00000000832,,,,,,false,false,,false
00000000833,,,,,,false,false,,false
00000000834,,,,,,false,false,,false
00000000835,,,,,,false,false,,false
00000000836,,,,,,false,false,,false
00000000837,,,,,,false,false,,false
00000000838,,,,,,false,false,,false
00000000839,,,,,,false,false,,false
00000000840,,,,,,false,false,,false
00000000841,,,,,,false,false,,false
00000000842,,,,,,false,false,,false
00000000843,,,,,,false,false,,false
00000000844,,,,,,false,false,,false
00000000845,,,,,,false,false,,false
00000000846,,,,,,false,false,,false
00000000847,,,,,,false,false,,false
00000000848,,,,,,false,false,,false
00000000849,,,,,,false,false,,false
00000000850,,,,,,false,false,,false
00000000851,,,,,,false,false,,false
00000000852,,,,,,false,false,,false
00000000853,,,,,,false,false,,false
00000000854,,,,,,false,false,,false
00000000855,,,,,,false,false,,false
00000000856,,,,,,false,false,,false
00000000857,,,,,,false,false,,false
00000000858,,,,,,false,false,,false
00000000859,,,,,,false,false,,false
00000000860,,,,,,false,false,,false
00000000861,,,,,,false,false,,false
00000000862,,,,,,false,false,,false
00000000863,,,,,,false,false,,false
00000000864,,,,,,false,false,,false
00000000865,,,,,,false,false,,false
00000000866,,,,,,false,false,,false
00000000867,,,,,,false,false,,false
00000000868,,,,,,false,false,,false
00000000869,,,,,,false,false,,false
00000000870,,,,,,false,false,,false
00000000871,,,,,,false,false,,false
00000000872,,,,,,false,false,,false
00000000873,,,,,,false,false,,false
00000000874,,,,,,false,false,,false
00000000875,,,,,,false,false,,false
00000000876,,,,,,false,false,,false
00000000877,,,,,,false,false,,false
00000000878,,,,,,false,false,,false
00000000879,,,,,,false,false,,false
00000000880,,,,,,false,false,,false
00000000881,,,,,,false,false,,false
00000000882,,,,,,false,false,,false
00000000883,,,,,,false,false,,false
00000000884,,,,,,false,false,,false
00000000885,,,,,,false,false,,false
00000000886,,,,,,false,false,,false
00000000887,,,,,,false,false,,false
00000000888,,,,,,false,false,,false
00000000889,,,,,,false,false,,false
00000000890,,,,,,false,false,,false
00000000891,,,,,,false,false,,false
00000000892,,,,,,false,false,,false
00000000893,,,,,,false,false,,false
00000000894,,,,,,false,false,,false
00000000895,,,,,,false,false,,false
00000000896,,,,,,false,false,,false
00000000897,,,,,,false,false,,false
00000000898,,,,,,false,false,,false
00000000899,,,,,,false,false,,false
00000000900,,,,,,false,false,,false
00000000901,,,,,,false,false,,false
00000000902,,,,,,false,false,,false
00000000903,,,,,,false,false,,false
00000000904,,,,,,false,false,,false
00000000905,,,,,,false,false,,false
00000000906,,,,,,false,false,,false
00000000907,,,,,,false,false,,false
00000000908,,,,,,false,false,,false
00000000909,,,,,,false,false,,false
00000000910,,,,,,false,false,,false
00000000911,,,,,,false,false,,false
00000000912,,,,,,false,false,,false
00000000913,,,,,,false,false,,false
00000000914,,,,,,false,false,,false
00000000915,,,,,,false,false,,false
00000000916,,,,,,false,false,,false
00000000917,,,,,,false,false,,false
00000000918,,,,,,false,false,,false
00000000919,,,,,,false,false,,false
00000000920,,,,,,false,false,,false
00000000921,,,,,,false,false,,false
00000000922,,,,,,false,false,,false
00000000923,,,,,,false,false,,false
00000000924,,,,,,false,false,,false
00000000925,,,,,,false,false,,false
00000000926,,,,,,false,false,,false
00000000927,,,,,,false,false,,false
00000000928,,,,,,false,false,,false
00000000929,,,,,,false,false,,false
00000000930,,,,,,false,false,,false
00000000931,,,,,,false,false,,false
00000000932,,,,,,false,false,,false
00000000933,,,,,,false,false,,false
00000000934,,,,,,false,false,,false
00000000935,,,,,,false,false,,false
00000000936,,,,,,false,false,,false
00000000937,,,,,,false,false,,false
00000000938,,,,,,false,false,,false
00000000939,,,,,,false,false,,false
00000000940,,,,,,false,false,,false
00000000941,,,,,,false,false,,false
00000000942,,,,,,false,false,,false
00000000943,,,,,,false,false,,false
00000000944,,,,,,false,false,,false
00000000945,,,,,,false,false,,false
00000000946,,,,,,false,false,,false
00000000947,,,,,,false,false,,false
00000000948,,,,,,false,false,,false
00000000949,,,,,,false,false,,false
00000000950,,,,,,false,false,,false
00000000951,,,,,,false,false,,false
00000000952,,,,,,false,false,,false
00000000953,,,,,,false,false,,false
00000000954,,,,,,false,false,,false
00000000955,,,,,,false,false,,false
00000000956,,,,,,false,false,,false
00000000957,,,,,,false,false,,false
00000000958,,,,,,false,false,,false
00000000959,,,,,,false,false,,false
00000000960,,,,,,false,false,,false
00000000961,,,,,,false,false,,false
00000000962,,,,,,false,false,,false
00000000963,,,,,,false,false,,false
00000000964,,,,,,false,false,,false
00000000965,,,,,,false,false,,false
00000000966,,,,,,false,false,,false
00000000967,,,,,,false,false,,false
00000000968,,,,,,false,false,,false
00000000969,,,,,,false,false,,false
00000000970,,,,,,false,false,,false
00000000971,,,,,,false,false,,false
00000000972,,,,,,false,false,,false
00000000973,,,,,,false,false,,false
00000000974,,,,,,false,false,,false
00000000975,,,,,,false,false,,false
00000000976,,,,,,false,false,,false
00000000977,,,,,,false,false,,false
00000000978,,,,,,false,false,,false
00000000979,,,,,,false,false,,false
00000000980,,,,,,false,false,,false
00000000981,,,,,,false,false,,false
00000000982,,,,,,false,false,,false
00000000983,,,,,,false,false,,false
00000000984,,,,,,false,false,,false
00000000985,,,,,,false,false,,false
00000000986,,,,,,false,false,,false
00000000987,,,,,,false,false,,false
00000000988,,,,,,false,false,,false
00000000989,,,,,,false,false,,false
00000000990,,,,,,false,false,,false
00000000991,,,,,,false,false,,false
00000000992,,,,,,false,false,,false
00000000993,,,,,,false,false,,false
00000000994,,,,,,false,false,,false
00000000995,,,,,,false,false,,false
00000000996,,,,,,false,false,,false
00000000997,,,,,,false,false,,false
00000000998,,,,,,false,false,,false
00000000999,,,,,,false,false,,false
00000001000,,,,,,false,false,,false
00000001001,,,,,,false,false,,false
00000001002,,,,,,false,false,,false
00000001003,,,,,,false,false,,false
00000001004,,,,,,false,false,,false
00000001005,,,,,,false,false,,false
00000001006,,,,,,false,false,,false
00000001007,,,,,,false,false,,false
00000001008,,,,,,false,false,,false
00000001009,,,,,,false,false,,false
00000001010,,,,,,false,false,,false
00000001011,,,,,,false,false,,false
00000001012,,,,,,false,false,,false
00000001013,,,,,,false,false,,false
00000001014,,,,,,false,false,,false
00000001015,,,,,,false,false,,false
00000001016,,,,,,false,false,,false
00000001017,,,,,,false,false,,false
00000001018,,,,,,false,false,,false
00000001019,,,,,,false,false,,false
00000001020,,,,,,false,false,,false
00000001021,,,,,,false,false,,false
00000001022,,,,,,false,false,,false
00000001023,,,,,,false,false,,false
00000001024,,,,,,false,false,,false
00000001025,,,,,,false,false,,false
00000001026,,,,,,false,false,,false
00000001027,,,,,,false,false,,false
00000001028,,,,,,false,false,,false
00000001029,,,,,,false,false,,false
00000001030,,,,,,false,false,,false
00000001031,,,,,,false,false,,false
00000001032,,,,,,false,false,,false
00000001033,,,,,,false,false,,false
00000001034,,,,,,false,false,,false
00000001035,,,,,,false,false,,false
00000001036,,,,,,false,false,,false
00000001037,,,,,,false,false,,false
00000001038,,,,,,false,false,,false
00000001039,,,,,,false,false,,false
00000001040,,,,,,false,false,,false
00000001041,,,,,,false,false,,false
00000001042,,,,,,false,false,,false
00000001043,,,,,,false,false,,false
00000001044,,,,,,false,false,,false
00000001045,,,,,,false,false,,false
00000001046,,,,,,false,false,,false
00000001047,,,,,,false,false,,false
00000001048,,,,,,false,false,,false
00000001049,,,,,,false,false,,false
00000001050,,,,,,false,false,,false
00000001051,,,,,,false,false,,false
00000001052,,,,,,false,false,,false
00000001053,,,,,,false,false,,false
00000001054,,,,,,false,false,,false
00000001055,,,,,,false,false,,false
00000001056,,,,,,false,false,,false
00000001057,,,,,,false,false,,false
00000001058,,,,,,false,false,,false
00000001059,,,,,,false,false,,false
00000001060,,,,,,false,false,,false
00000001061,,,,,,false,false,,false
00000001062,,,,,,false,false,,false
00000001063,,,,,,false,false,,false
00000001064,,,,,,false,false,,false
00000001065,,,,,,false,false,,false
00000001066,,,,,,false,false,,false
00000001067,,,,,,false,false,,false
00000001068,,,,,,false,false,,false
00000001069,,,,,,false,false,,false
00000001070,,,,,,false,false,,false
00000001071,,,,,,false,false,,false
00000001072,,,,,,false,false,,false
00000001073,,,,,,false,false,,false
00000001074,,,,,,false,false,,false
00000001075,,,,,,false,false,,false
00000001076,,,,,,false,false,,false
00000001077,,,,,,false,false,,false
00000001078,,,,,,false,false,,false
00000001079,,,,,,false,false,,false
00000001080,,,,,,false,false,,false
00000001081,,,,,,false,false,,false
00000001082,,,,,,false,false,,false
00000001083,,,,,,false,false,,false
00000001084,,,,,,false,false,,false
00000001085,,,,,,false,false,,false
00000001086,,,,,,false,false,,false
00000001087,,,,,,false,false,,false
00000001088,,,,,,false,false,,false
00000001089,,,,,,false,false,,false
00000001090,,,,,,false,false,,false
00000001091,,,,,,false,false,,false
00000001092,,,,,,false,false,,false
00000001093,,,,,,false,false,,false
00000001094,,,,,,false,false,,false
00000001095,,,,,,false,false,,false
00000001096,,,,,,false,false,,false
00000001097,,,,,,false,false,,false
00000001098,,,,,,false,false,,false
00000001099,,,,,,false,false,,false
00000001100,,,,,,false,false,,false
00000001101,,,,,,false,false,,false
00000001102,,,,,,false,false,,false
00000001103,,,,,,false,false,,false
00000001104,,,,,,false,false,,false
00000001105,,,,,,false,false,,false
00000001106,,,,,,false,false,,false
00000001107,,,,,,false,false,,false
00000001108,,,,,,false,false,,false
00000001109,,,,,,false,false,,false
00000001110,,,,,,false,false,,false
00000001111,,,,,,false,false,,false
00000001112,,,,,,false,false,,false
00000001113,,,,,,false,false,,false
00000001114,,,,,,false,false,,false
00000001115,,,,,,false,false,,false
00000001116,,,,,,false,false,,false
00000001117,,,,,,false,false,,false
00000001118,,,,,,false,false,,false
00000001119,,,,,,false,false,,false
00000001120,,,,,,false,false,,false
00000001121,,,,,,false,false,,false
00000001122,,,,,,false,false,,false
00000001123,,,,,,false,false,,false
00000001124,,,,,,false,false,,false
00000001125,,,,,,false,false,,false
00000001126,,,,,,false,false,,false
00000001127,,,,,,false,false,,false
00000001128,,,,,,false,false,,false
00000001129,,,,,,false,false,,false
00000001130,,,,,,false,false,,false
00000001131,,,,,,false,false,,false
00000001132,,,,,,false,false,,false
00000001133,,,,,,false,false,,false
00000001134,,,,,,false,false,,false
00000001135,,,,,,false,false,,false
00000001136,,,,,,false,false,,false
00000001137,,,,,,false,false,,false
00000001138,,,,,,false,false,,false
00000001139,,,,,,false,false,,false
00000001140,,,,,,false,false,,false
00000001141,,,,,,false,false,,false
00000001142,,,,,,false,false,,false
00000001143,,,,,,false,false,,false
00000001144,,,,,,false,false,,false
00000001145,,,,,,false,false,,false
00000001146,,,,,,false,false,,false
00000001147,,,,,,false,false,,false
00000001148,,,,,,false,false,,false
00000001149,,,,,,false,false,,false
00000001150,,,,,,false,false,,false
00000001151,,,,,,false,false,,false
00000001152,,,,,,false,false,,false
00000001153,,,,,,false,false,,false
00000001154,,,,,,false,false,,false
00000001155,,,,,,false,false,,false
00000001156,,,,,,false,false,,false
00000001157,,,,,,false,false,,false
00000001158,,,,,,false,false,,false
00000001159,,,,,,false,false,,false
00000001160,,,,,,false,false,,false
00000001161,,,,,,false,false,,false
00000001162,,,,,,false,false,,false
00000001163,,,,,,false,false,,false
00000001164,,,,,,false,false,,false
00000001165,,,,,,false,false,,false
00000001166,,,,,,false,false,,false
00000001167,,,,,,false,false,,false
00000001168,,,,,,false,false,,false
00000001169,,,,,,false,false,,false
00000001170,,,,,,false,false,,false
00000001171,,,,,,false,false,,false
00000001172,,,,,,false,false,,false
00000001173,,,,,,false,false,,false
00000001174,,,,,,false,false,,false
00000001175,,,,,,false,false,,false
00000001176,,,,,,false,false,,false
00000001177,,,,,,false,false,,false
00000001178,,,,,,false,false,,false
00000001179,,,,,,false,false,,false
00000001180,,,,,,false,false,,false
00000001181,,,,,,false,false,,false
00000001182,,,,,,false,false,,false
00000001183,,,,,,false,false,,false
00000001184,,,,,,false,false,,false
00000001185,,,,,,false,false,,false
00000001186,,,,,,false,false,,false
00000001187,,,,,,false,false,,false
00000001188,,,,,,false,false,,false
00000001189,,,,,,false,false,,false
00000001190,,,,,,false,false,,false
00000001191,,,,,,false,false,,false
00000001192,,,,,,false,false,,false
00000001193,,,,,,false,false,,false
00000001194,,,,,,false,false,,false
00000001195,,,,,,false,false,,false
00000001196,,,,,,false,false,,false
00000001197,,,,,,false,false,,false
00000001198,,,,,,false,false,,false
00000001199,,,,,,false,false,,false
00000001200,,,,,,false,false,,false
00000001201,,,,,,false,false,,false
00000001202,,,,,,false,false,,false
00000001203,,,,,,false,false,,false
00000001204,,,,,,false,false,,false
00000001205,,,,,,false,false,,false
00000001206,,,,,,false,false,,false
00000001207,,,,,,false,false,,false
00000001208,,,,,,false,false,,false
00000001209,,,,,,false,false,,false
00000001210,,,,,,false,false,,false
00000001211,,,,,,false,false,,false
00000001212,,,,,,false,false,,false
00000001213,,,,,,false,false,,false
00000001214,,,,,,false,false,,false
00000001215,,,,,,false,false,,false
00000001216,,,,,,false,false,,false
00000001217,,,,,,false,false,,false
00000001218,,,,,,false,false,,false
00000001219,,,,,,false,false,,false
00000001220,,,,,,false,false,,false
00000001221,,,,,,false,false,,false
00000001222,,,,,,false,false,,false
00000001223,,,,,,false,false,,false
00000001224,,,,,,false,false,,false
00000001225,,,,,,false,false,,false
00000001226,,,,,,false,false,,false
00000001227,,,,,,false,false,,false
00000001228,,,,,,false,false,,false
00000001229,,,,,,false,false,,false
00000001230,,,,,,false,false,,false
00000001231,,,,,,false,false,,false
00000001232,,,,,,false,false,,false
00000001233,,,,,,false,false,,false
00000001234,,,,,,false,false,,false
00000001235,,,,,,false,false,,false
00000001236,,,,,,false,false,,false
00000001237,,,,,,false,false,,false
00000001238,,,,,,false,false,,false
00000001239,,,,,,false,false,,false
00000001240,,,,,,false,false,,false
00000001241,,,,,,false,false,,false
00000001242,,,,,,false,false,,false
00000001243,,,,,,false,false,,false
00000001244,,,,,,false,false,,false
00000001245,,,,,,false,false,,false
00000001246,,,,,,false,false,,false
00000001247,,,,,,false,false,,false
00000001248,,,,,,false,false,,false
00000001249,,,,,,false,false,,false
00000001250,,,,,,false,false,,false
00000001251,,,,,,false,false,,false
00000001252,,,,,,false,false,,false
00000001253,,,,,,false,false,,false
00000001254,,,,,,false,false,,false
00000001255,,,,,,false,false,,false
00000001256,,,,,,false,false,,false
00000001257,,,,,,false,false,,false
00000001258,,,,,,false,false,,false
00000001259,,,,,,false,false,,false
00000001260,,,,,,false,false,,false
00000001261,,,,,,false,false,,false
00000001262,,,,,,false,false,,false
00000001263,,,,,,false,false,,false
00000001264,,,,,,false,false,,false
00000001265,,,,,,false,false,,false
00000001266,,,,,,false,false,,false
00000001267,,,,,,false,false,,false
00000001268,,,,,,false,false,,false
00000001269,,,,,,false,false,,false
00000001270,,,,,,false,false,,false
00000001271,,,,,,false,false,,false
00000001272,,,,,,false,false,,false
00000001273,,,,,,false,false,,false
00000001274,,,,,,false,false,,false
00000001275,,,,,,false,false,,false
00000001276,,,,,,false,false,,false
00000001277,,,,,,false,false,,false
00000001278,,,,,,false,false,,false
00000001279,,,,,,false,false,,false
00000001280,,,,,,false,false,,false
00000001281,,,,,,false,false,,false
00000001282,,,,,,false,false,,false
00000001283,,,,,,false,false,,false
00000001284,,,,,,false,false,,false
00000001285,,,,,,false,false,,false
00000001286,,,,,,false,false,,false
00000001287,,,,,,false,false,,false
00000001288,,,,,,false,false,,false
00000001289,,,,,,false,false,,false
00000001290,,,,,,false,false,,false
00000001291,,,,,,false,false,,false
00000001292,,,,,,false,false,,false
00000001293,,,,,,false,false,,false
00000001294,,,,,,false,false,,false
00000001295,,,,,,false,false,,false
00000001296,,,,,,false,false,,false
00000001297,,,,,,false,false,,false
00000001298,,,,,,false,false,,false
00000001299,,,,,,false,false,,false
00000001300,,,,,,false,false,,false
00000001301,,,,,,false,false,,false
00000001302,,,,,,false,false,,false
00000001303,,,,,,false,false,,false
00000001304,,,,,,false,false,,false
00000001305,,,,,,false,false,,false
00000001306,,,,,,false,false,,false
00000001307,,,,,,false,false,,false
00000001308,,,,,,false,false,,false
00000001309,,,,,,false,false,,false
00000001310,,,,,,false,false,,false
00000001311,,,,,,false,false,,false
00000001312,,,,,,false,false,,false
00000001313,,,,,,false,false,,false
00000001314,,,,,,false,false,,false
00000001315,,,,,,false,false,,false
00000001316,,,,,,false,false,,false
00000001317,,,,,,false,false,,false
00000001318,,,,,,false,false,,false
00000001319,,,,,,false,false,,false
00000001320,,,,,,false,false,,false
00000001321,,,,,,false,false,,false
00000001322,,,,,,false,false,,false
00000001323,,,,,,false,false,,false
00000001324,,,,,,false,false,,false
00000001325,,,,,,false,false,,false
00000001326,,,,,,false,false,,false
00000001327,,,,,,false,false,,false
00000001328,,,,,,false,false,,false
00000001329,,,,,,false,false,,false
00000001330,,,,,,false,false,,false
00000001331,,,,,,false,false,,false
00000001332,,,,,,false,false,,false
00000001333,,,,,,false,false,,false
00000001334,,,,,,false,false,,false
00000001335,,,,,,false,false,,false
00000001336,,,,,,false,false,,false
00000001337,,,,,,false,false,,false
00000001338,,,,,,false,false,,false
00000001339,,,,,,false,false,,false
00000001340,,,,,,false,false,,false
00000001341,,,,,,false,false,,false
00000001342,,,,,,false,false,,false
00000001343,,,,,,false,false,,false
00000001344,,,,,,false,false,,false
00000001345,,,,,,false,false,,false
00000001346,,,,,,false,false,,false
00000001347,,,,,,false,false,,false
00000001348,,,,,,false,false,,false
00000001349,,,,,,false,false,,false
00000001350,,,,,,false,false,,false
00000001351,,,,,,false,false,,false
00000001352,,,,,,false,false,,false
00000001353,,,,,,false,false,,false
00000001354,,,,,,false,false,,false
00000001355,,,,,,false,false,,false
00000001356,,,,,,false,false,,false
00000001357,,,,,,false,false,,false
00000001358,,,,,,false,false,,false
00000001359,,,,,,false,false,,false
00000001360,,,,,,false,false,,false
00000001361,,,,,,false,false,,false
00000001362,,,,,,false,false,,false
00000001363,,,,,,false,false,,false
00000001364,,,,,,false,false,,false
00000001365,,,,,,false,false,,false
00000001366,,,,,,false,false,,false
00000001367,,,,,,false,false,,false
00000001368,,,,,,false,false,,false
00000001369,,,,,,false,false,,false
00000001370,,,,,,false,false,,false
00000001371,,,,,,false,false,,false
00000001372,,,,,,false,false,,false
00000001373,,,,,,false,false,,false
00000001374,,,,,,false,false,,false
00000001375,,,,,,false,false,,false
00000001376,,,,,,false,false,,false
00000001377,,,,,,false,false,,false
00000001378,,,,,,false,false,,false
00000001379,,,,,,false,false,,false
00000001380,,,,,,false,false,,false
00000001381,,,,,,false,false,,false
00000001382,,,,,,false,false,,false
00000001383,,,,,,false,false,,false
00000001384,,,,,,false,false,,false
00000001385,,,,,,false,false,,false
00000001386,,,,,,false,false,,false
00000001387,,,,,,false,false,,false
00000001388,,,,,,false,false,,false
00000001389,,,,,,false,false,,false
00000001390,,,,,,false,false,,false
00000001391,,,,,,false,false,,false
00000001392,,,,,,false,false,,false
00000001393,,,,,,false,false,,false
00000001394,,,,,,false,false,,false
00000001395,,,,,,false,false,,false
00000001396,,,,,,false,false,,false
00000001397,,,,,,false,false,,false
00000001398,,,,,,false,false,,false
00000001399,,,,,,false,false,,false
00000001400,,,,,,false,false,,false
00000001401,,,,,,false,false,,false
00000001402,,,,,,false,false,,false
00000001403,,,,,,false,false,,false
00000001404,,,,,,false,false,,false
00000001405,,,,,,false,false,,false
00000001406,,,,,,false,false,,false
00000001407,,,,,,false,false,,false
00000001408,,,,,,false,false,,false
00000001409,,,,,,false,false,,false
00000001410,,,,,,false,false,,false
00000001411,,,,,,false,false,,false
00000001412,,,,,,false,false,,false
00000001413,,,,,,false,false,,false
00000001414,,,,,,false,false,,false
00000001415,,,,,,false,false,,false
00000001416,,,,,,false,false,,false
00000001417,,,,,,false,false,,false
00000001418,,,,,,false,false,,false
00000001419,,,,,,false,false,,false
00000001420,,,,,,false,false,,false
00000001421,,,,,,false,false,,false
00000001422,,,,,,false,false,,false
00000001423,,,,,,false,false,,false
00000001424,,,,,,false,false,,false
00000001425,,,,,,false,false,,false
00000001426,,,,,,false,false,,false
00000001427,,,,,,false,false,,false
00000001428,,,,,,false,false,,false
00000001429,,,,,,false,false,,false
00000001430,,,,,,false,false,,false
00000001431,,,,,,false,false,,false
00000001432,,,,,,false,false,,false
00000001433,,,,,,false,false,,false
00000001434,,,,,,false,false,,false
00000001435,,,,,,false,false,,false
00000001436,,,,,,false,false,,false
00000001437,,,,,,false,false,,false
00000001438,,,,,,false,false,,false
00000001439,,,,,,false,false,,false
00000001440,,,,,,false,false,,false
00000001441,,,,,,false,false,,false
00000001442,,,,,,false,false,,false
00000001443,,,,,,false,false,,false
00000001444,,,,,,false,false,,false
00000001445,,,,,,false,false,,false
00000001446,,,,,,false,false,,false
00000001447,,,,,,false,false,,false
00000001448,,,,,,false,false,,false
00000001449,,,,,,false,false,,false
00000001450,,,,,,false,false,,false
00000001451,,,,,,false,false,,false
00000001452,,,,,,false,false,,false
00000001453,,,,,,false,false,,false
00000001454,,,,,,false,false,,false
00000001455,,,,,,false,false,,false
00000001456,,,,,,false,false,,false
00000001457,,,,,,false,false,,false
00000001458,,,,,,false,false,,false
00000001459,,,,,,false,false,,false
00000001460,,,,,,false,false,,false
00000001461,,,,,,false,false,,false
00000001462,,,,,,false,false,,false
00000001463,,,,,,false,false,,false
00000001464,,,,,,false,false,,false
00000001465,,,,,,false,false,,false
00000001466,,,,,,false,false,,false
00000001467,,,,,,false,false,,false
00000001468,,,,,,false,false,,false
00000001469,,,,,,false,false,,false
00000001470,,,,,,false,false,,false
00000001471,,,,,,false,false,,false
00000001472,,,,,,false,false,,false
00000001473,,,,,,false,false,,false
00000001474,,,,,,false,false,,false
00000001475,,,,,,false,false,,false
00000001476,,,,,,false,false,,false
00000001477,,,,,,false,false,,false
00000001478,,,,,,false,false,,false
00000001479,,,,,,false,false,,false
00000001480,,,,,,false,false,,false
00000001481,,,,,,false,false,,false
00000001482,,,,,,false,false,,false
00000001483,,,,,,false,false,,false
00000001484,,,,,,false,false,,false
00000001485,,,,,,false,false,,false
00000001486,,,,,,false,false,,false
00000001487,,,,,,false,false,,false
00000001488,,,,,,false,false,,false
00000001489,,,,,,false,false,,false
00000001490,,,,,,false,false,,false
00000001491,,,,,,false,false,,false
00000001492,,,,,,false,false,,false
00000001493,,,,,,false,false,,false
00000001494,,,,,,false,false,,false
00000001495,,,,,,false,false,,false
00000001496,,,,,,false,false,,false
00000001497,,,,,,false,false,,false
00000001498,,,,,,false,false,,false
00000001499,,,,,,false,false,,false
00000001500,,,,,,false,false,,false
00000001501,,,,,,false,false,,false
00000001502,,,,,,false,false,,false
00000001503,,,,,,false,false,,false
00000001504,,,,,,false,false,,false
00000001505,,,,,,false,false,,false
00000001506,,,,,,false,false,,false
00000001507,,,,,,false,false,,false
00000001508,,,,,,false,false,,false
00000001509,,,,,,false,false,,false
00000001510,,,,,,false,false,,false
00000001511,,,,,,false,false,,false
00000001512,,,,,,false,false,,false
00000001513,,,,,,false,false,,false
00000001514,,,,,,false,false,,false
00000001515,,,,,,false,false,,false
00000001516,,,,,,false,false,,false
00000001517,,,,,,false,false,,false
00000001518,,,,,,false,false,,false
00000001519,,,,,,false,false,,false
00000001520,,,,,,false,false,,false
00000001521,,,,,,false,false,,false
00000001522,,,,,,false,false,,false
00000001523,,,,,,false,false,,false
00000001524,,,,,,false,false,,false
00000001525,,,,,,false,false,,false
00000001526,,,,,,false,false,,false
00000001527,,,,,,false,false,,false
00000001528,,,,,,false,false,,false
00000001529,,,,,,false,false,,false
00000001530,,,,,,false,false,,false
00000001531,,,,,,false,false,,false
00000001532,,,,,,false,false,,false
00000001533,,,,,,false,false,,false
00000001534,,,,,,false,false,,false
00000001535,,,,,,false,false,,false
00000001536,,,,,,false,false,,false
00000001537,,,,,,false,false,,false
00000001538,,,,,,false,false,,false
00000001539,,,,,,false,false,,false
00000001540,,,,,,false,false,,false
00000001541,,,,,,false,false,,false
00000001542,,,,,,false,false,,false
00000001543,,,,,,false,false,,false
00000001544,,,,,,false,false,,false
00000001545,,,,,,false,false,,false
00000001546,,,,,,false,false,,false
00000001547,,,,,,false,false,,false
00000001548,,,,,,false,false,,false
00000001549,,,,,,false,false,,false
00000001550,,,,,,false,false,,false
00000001551,,,,,,false,false,,false
00000001552,,,,,,false,false,,false
00000001553,,,,,,false,false,,false
00000001554,,,,,,false,false,,false
00000001555,,,,,,false,false,,false
00000001556,,,,,,false,false,,false
00000001557,,,,,,false,false,,false
00000001558,,,,,,false,false,,false
00000001559,,,,,,false,false,,false
00000001560,,,,,,false,false,,false
00000001561,,,,,,false,false,,false
00000001562,,,,,,false,false,,false
00000001563,,,,,,false,false,,false
00000001564,,,,,,false,false,,false
00000001565,,,,,,false,false,,false
00000001566,,,,,,false,false,,false
00000001567,,,,,,false,false,,false
00000001568,,,,,,false,false,,false
00000001569,,,,,,false,false,,false
00000001570,,,,,,false,false,,false
00000001571,,,,,,false,false,,false
00000001572,,,,,,false,false,,false
00000001573,,,,,,false,false,,false
00000001574,,,,,,false,false,,false
00000001575,,,,,,false,false,,false
00000001576,,,,,,false,false,,false
00000001577,,,,,,false,false,,false
00000001578,,,,,,false,false,,false
00000001579,,,,,,false,false,,false
00000001580,,,,,,false,false,,false
00000001581,,,,,,false,false,,false
00000001582,,,,,,false,false,,false
00000001583,,,,,,false,false,,false
00000001584,,,,,,false,false,,false
00000001585,,,,,,false,false,,false
00000001586,,,,,,false,false,,false
00000001587,,,,,,false,false,,false
00000001588,,,,,,false,false,,false
00000001589,,,,,,false,false,,false
00000001590,,,,,,false,false,,false
00000001591,,,,,,false,false,,false
00000001592,,,,,,false,false,,false
00000001593,,,,,,false,false,,false
00000001594,,,,,,false,false,,false
00000001595,,,,,,false,false,,false
00000001596,,,,,,false,false,,false
00000001597,,,,,,false,false,,false
00000001598,,,,,,false,false,,false
00000001599,,,,,,false,false,,false
00000001600,,,,,,false,false,,false
00000001601,,,,,,false,false,,false
00000001602,,,,,,false,false,,false
00000001603,,,,,,false,false,,false
00000001604,,,,,,false,false,,false
00000001605,,,,,,false,false,,false
00000001606,,,,,,false,false,,false
00000001607,,,,,,false,false,,false
00000001608,,,,,,false,false,,false
00000001609,,,,,,false,false,,false
00000001610,,,,,,false,false,,false
00000001611,,,,,,false,false,,false
00000001612,,,,,,false,false,,false
00000001613,,,,,,false,false,,false
00000001614,,,,,,false,false,,false
00000001615,,,,,,false,false,,false
00000001616,,,,,,false,false,,false
00000001617,,,,,,false,false,,false
00000001618,,,,,,false,false,,false
00000001619,,,,,,false,false,,false
00000001620,,,,,,false,false,,false
00000001621,,,,,,false,false,,false
00000001622,,,,,,false,false,,false
00000001623,,,,,,false,false,,false
00000001624,,,,,,false,false,,false
00000001625,,,,,,false,false,,false
00000001626,,,,,,false,false,,false
00000001627,,,,,,false,false,,false
00000001628,,,,,,false,false,,false
00000001629,,,,,,false,false,,false
00000001630,,,,,,false,false,,false
00000001631,,,,,,false,false,,false
00000001632,,,,,,false,false,,false
00000001633,,,,,,false,false,,false
00000001634,,,,,,false,false,,false
00000001635,,,,,,false,false,,false
00000001636,,,,,,false,false,,false
00000001637,,,,,,false,false,,false
00000001638,,,,,,false,false,,false
00000001639,,,,,,false,false,,false
00000001640,,,,,,false,false,,false
00000001641,,,,,,false,false,,false
00000001642,,,,,,false,false,,false
00000001643,,,,,,false,false,,false
00000001644,,,,,,false,false,,false
00000001645,,,,,,false,false,,false
00000001646,,,,,,false,false,,false
00000001647,,,,,,false,false,,false
00000001648,,,,,,false,false,,false
00000001649,,,,,,false,false,,false
00000001650,,,,,,false,false,,false
00000001651,,,,,,false,false,,false
00000001652,,,,,,false,false,,false
00000001653,,,,,,false,false,,false
00000001654,,,,,,false,false,,false
00000001655,,,,,,false,false,,false
00000001656,,,,,,false,false,,false
00000001657,,,,,,false,false,,false
00000001658,,,,,,false,false,,false
00000001659,,,,,,false,false,,false
00000001660,,,,,,false,false,,false
00000001661,,,,,,false,false,,false
00000001662,,,,,,false,false,,false
00000001663,,,,,,false,false,,false
00000001664,,,,,,false,false,,false
00000001665,,,,,,false,false,,false
00000001666,,,,,,false,false,,false
00000001667,,,,,,false,false,,false
00000001668,,,,,,false,false,,false
00000001669,,,,,,false,false,,false
00000001670,,,,,,false,false,,false
00000001671,,,,,,false,false,,false
00000001672,,,,,,false,false,,false
00000001673,,,,,,false,false,,false
00000001674,,,,,,false,false,,false
00000001675,,,,,,false,false,,false
00000001676,,,,,,false,false,,false
00000001677,,,,,,false,false,,false
00000001678,,,,,,false,false,,false
00000001679,,,,,,false,false,,false
00000001680,,,,,,false,false,,false
00000001681,,,,,,false,false,,false
00000001682,,,,,,false,false,,false
00000001683,,,,,,false,false,,false
00000001684,,,,,,false,false,,false
00000001685,,,,,,false,false,,false
00000001686,,,,,,false,false,,false
00000001687,,,,,,false,false,,false
00000001688,,,,,,false,false,,false
00000001689,,,,,,false,false,,false
00000001690,,,,,,false,false,,false
00000001691,,,,,,false,false,,false
00000001692,,,,,,false,false,,false
00000001693,,,,,,false,false,,false
00000001694,,,,,,false,false,,false
00000001695,,,,,,false,false,,false
00000001696,,,,,,false,false,,false
00000001697,,,,,,false,false,,false
00000001698,,,,,,false,false,,false
00000001699,,,,,,false,false,,false
00000001700,,,,,,false,false,,false
00000001701,,,,,,false,false,,false
00000001702,,,,,,false,false,,false
00000001703,,,,,,false,false,,false
00000001704,,,,,,false,false,,false
00000001705,,,,,,false,false,,false
00000001706,,,,,,false,false,,false
00000001707,,,,,,false,false,,false
00000001708,,,,,,false,false,,false
00000001709,,,,,,false,false,,false
00000001710,,,,,,false,false,,false
00000001711,,,,,,false,false,,false
00000001712,,,,,,false,false,,false
00000001713,,,,,,false,false,,false
00000001714,,,,,,false,false,,false
00000001715,,,,,,false,false,,false
00000001716,,,,,,false,false,,false
00000001717,,,,,,false,false,,false
00000001718,,,,,,false,false,,false
00000001719,,,,,,false,false,,false
00000001720,,,,,,false,false,,false
00000001721,,,,,,false,false,,false
00000001722,,,,,,false,false,,false
00000001723,,,,,,false,false,,false
00000001724,,,,,,false,false,,false
00000001725,,,,,,false,false,,false
00000001726,,,,,,false,false,,false
00000001727,,,,,,false,false,,false
00000001728,,,,,,false,false,,false
00000001729,,,,,,false,false,,false
00000001730,,,,,,false,false,,false
00000001731,,,,,,false,false,,false
00000001732,,,,,,false,false,,false
00000001733,,,,,,false,false,,false
00000001734,,,,,,false,false,,false
00000001735,,,,,,false,false,,false
00000001736,,,,,,false,false,,false
00000001737,,,,,,false,false,,false
00000001738,,,,,,false,false,,false
00000001739,,,,,,false,false,,false
00000001740,,,,,,false,false,,false
00000001741,,,,,,false,false,,false
00000001742,,,,,,false,false,,false
00000001743,,,,,,false,false,,false
00000001744,,,,,,false,false,,false
00000001745,,,,,,false,false,,false
00000001746,,,,,,false,false,,false
00000001747,,,,,,false,false,,false
00000001748,,,,,,false,false,,false
00000001749,,,,,,false,false,,false
00000001750,,,,,,false,false,,false
00000001751,,,,,,false,false,,false
00000001752,,,,,,false,false,,false
00000001753,,,,,,false,false,,false
00000001754,,,,,,false,false,,false
00000001755,,,,,,false,false,,false
00000001756,,,,,,false,false,,false
00000001757,,,,,,false,false,,false
00000001758,,,,,,false,false,,false
00000001759,,,,,,false,false,,false
00000001760,,,,,,false,false,,false
00000001761,,,,,,false,false,,false
00000001762,,,,,,false,false,,false
00000001763,,,,,,false,false,,false
00000001764,,,,,,false,false,,false
00000001765,,,,,,false,false,,false
00000001766,,,,,,false,false,,false
00000001767,,,,,,false,false,,false
00000001768,,,,,,false,false,,false
00000001769,,,,,,false,false,,false
00000001770,,,,,,false,false,,false
00000001771,,,,,,false,false,,false
00000001772,,,,,,false,false,,false
00000001773,,,,,,false,false,,false
00000001774,,,,,,false,false,,false
00000001775,,,,,,false,false,,false
00000001776,,,,,,false,false,,false
00000001777,,,,,,false,false,,false
00000001778,,,,,,false,false,,false
00000001779,,,,,,false,false,,false
00000001780,,,,,,false,false,,false
00000001781,,,,,,false,false,,false
00000001782,,,,,,false,false,,false
00000001783,,,,,,false,false,,false
00000001784,,,,,,false,false,,false
00000001785,,,,,,false,false,,false
00000001786,,,,,,false,false,,false
00000001787,,,,,,false,false,,false
00000001788,,,,,,false,false,,false
00000001789,,,,,,false,false,,false
00000001790,,,,,,false,false,,false
00000001791,,,,,,false,false,,false
00000001792,,,,,,false,false,,false
00000001793,,,,,,false,false,,false
00000001794,,,,,,false,false,,false
00000001795,,,,,,false,false,,false
00000001796,,,,,,false,false,,false
00000001797,,,,,,false,false,,false
00000001798,,,,,,false,false,,false
00000001799,,,,,,false,false,,false
00000001800,,,,,,false,false,,false
00000001801,,,,,,false,false,,false
00000001802,,,,,,false,false,,false
00000001803,,,,,,false,false,,false
00000001804,,,,,,false,false,,false
00000001805,,,,,,false,false,,false
00000001806,,,,,,false,false,,false
00000001807,,,,,,false,false,,false
00000001808,,,,,,false,false,,false
00000001809,,,,,,false,false,,false
00000001810,,,,,,false,false,,false
00000001811,,,,,,false,false,,false
00000001812,,,,,,false,false,,false
00000001813,,,,,,false,false,,false
00000001814,,,,,,false,false,,false
00000001815,,,,,,false,false,,false
00000001816,,,,,,false,false,,false
00000001817,,,,,,false,false,,false
00000001818,,,,,,false,false,,false
00000001819,,,,,,false,false,,false
00000001820,,,,,,false,false,,false
00000001821,,,,,,false,false,,false
00000001822,,,,,,false,false,,false
00000001823,,,,,,false,false,,false
00000001824,,,,,,false,false,,false
00000001825,,,,,,false,false,,false
00000001826,,,,,,false,false,,false
00000001827,,,,,,false,false,,false
00000001828,,,,,,false,false,,false
00000001829,,,,,,false,false,,false
00000001830,,,,,,false,false,,false
00000001831,,,,,,false,false,,false
00000001832,,,,,,false,false,,false
00000001833,,,,,,false,false,,false
00000001834,,,,,,false,false,,false
00000001835,,,,,,false,false,,false
00000001836,,,,,,false,false,,false
00000001837,,,,,,false,false,,false
00000001838,,,,,,false,false,,false
00000001839,,,,,,false,false,,false
00000001840,,,,,,false,false,,false
00000001841,,,,,,false,false,,false
00000001842,,,,,,false,false,,false
00000001843,,,,,,false,false,,false
00000001844,,,,,,false,false,,false
00000001845,,,,,,false,false,,false
00000001846,,,,,,false,false,,false
00000001847,,,,,,false,false,,false
00000001848,,,,,,false,false,,false
00000001849,,,,,,false,false,,false
00000001850,,,,,,false,false,,false
00000001851,,,,,,false,false,,false
00000001852,,,,,,false,false,,false
00000001853,,,,,,false,false,,false
00000001854,,,,,,false,false,,false
00000001855,,,,,,false,false,,false
00000001856,,,,,,false,false,,false
00000001857,,,,,,false,false,,false
00000001858,,,,,,false,false,,false
00000001859,,,,,,false,false,,false
00000001860,,,,,,false,false,,false
00000001861,,,,,,false,false,,false
00000001862,,,,,,false,false,,false
00000001863,,,,,,false,false,,false
00000001864,,,,,,false,false,,false
00000001865,,,,,,false,false,,false
00000001866,,,,,,false,false,,false
00000001867,,,,,,false,false,,false
00000001868,,,,,,false,false,,false
00000001869,,,,,,false,false,,false
00000001870,,,,,,false,false,,false
00000001871,,,,,,false,false,,false
00000001872,,,,,,false,false,,false
00000001873,,,,,,false,false,,false
00000001874,,,,,,false,false,,false
00000001875,,,,,,false,false,,false
00000001876,,,,,,false,false,,false
00000001877,,,,,,false,false,,false
00000001878,,,,,,false,false,,false
00000001879,,,,,,false,false,,false
00000001880,,,,,,false,false,,false
00000001881,,,,,,false,false,,false
00000001882,,,,,,false,false,,false
00000001883,,,,,,false,false,,false
00000001884,,,,,,false,false,,false
00000001885,,,,,,false,false,,false
00000001886,,,,,,false,false,,false
00000001887,,,,,,false,false,,false
00000001888,,,,,,false,false,,false
00000001889,,,,,,false,false,,false
00000001890,,,,,,false,false,,false
00000001891,,,,,,false,false,,false
00000001892,,,,,,false,false,,false
00000001893,,,,,,false,false,,false
00000001894,,,,,,false,false,,false
00000001895,,,,,,false,false,,false
00000001896,,,,,,false,false,,false
00000001897,,,,,,false,false,,false
00000001898,,,,,,false,false,,false
00000001899,,,,,,false,false,,false
00000001900,,,,,,false,false,,false
00000001901,,,,,,false,false,,false
00000001902,,,,,,false,false,,false
00000001903,,,,,,false,false,,false
00000001904,,,,,,false,false,,false
00000001905,,,,,,false,false,,false
00000001906,,,,,,false,false,,false
00000001907,,,,,,false,false,,false
00000001908,,,,,,false,false,,false
00000001909,,,,,,false,false,,false
00000001910,,,,,,false,false,,false
00000001911,,,,,,false,false,,false
00000001912,,,,,,false,false,,false
00000001913,,,,,,false,false,,false
00000001914,,,,,,false,false,,false
00000001915,,,,,,false,false,,false
00000001916,,,,,,false,false,,false
00000001917,,,,,,false,false,,false
00000001918,,,,,,false,false,,false
00000001919,,,,,,false,false,,false
00000001920,,,,,,false,false,,false
00000001921,,,,,,false,false,,false
00000001922,,,,,,false,false,,false
00000001923,,,,,,false,false,,false
00000001924,,,,,,false,false,,false
00000001925,,,,,,false,false,,false
00000001926,,,,,,false,false,,false
00000001927,,,,,,false,false,,false
00000001928,,,,,,false,false,,false
00000001929,,,,,,false,false,,false
00000001930,,,,,,false,false,,false
00000001931,,,,,,false,false,,false
00000001932,,,,,,false,false,,false
00000001933,,,,,,false,false,,false
00000001934,,,,,,false,false,,false
00000001935,,,,,,false,false,,false
00000001936,,,,,,false,false,,false
00000001937,,,,,,false,false,,false
00000001938,,,,,,false,false,,false
00000001939,,,,,,false,false,,false
00000001940,,,,,,false,false,,false
00000001941,,,,,,false,false,,false
00000001942,,,,,,false,false,,false
00000001943,,,,,,false,false,,false
00000001944,,,,,,false,false,,false
00000001945,,,,,,false,false,,false
00000001946,,,,,,false,false,,false
00000001947,,,,,,false,false,,false
00000001948,,,,,,false,false,,false
00000001949,,,,,,false,false,,false
00000001950,,,,,,false,false,,false
00000001951,,,,,,false,false,,false
00000001952,,,,,,false,false,,false
00000001953,,,,,,false,false,,false
00000001954,,,,,,false,false,,false
00000001955,,,,,,false,false,,false
00000001956,,,,,,false,false,,false
00000001957,,,,,,false,false,,false
00000001958,,,,,,false,false,,false
00000001959,,,,,,false,false,,false
00000001960,,,,,,false,false,,false
00000001961,,,,,,false,false,,false
00000001962,,,,,,false,false,,false
00000001963,,,,,,false,false,,false
00000001964,,,,,,false,false,,false
00000001965,,,,,,false,false,,false
00000001966,,,,,,false,false,,false
00000001967,,,,,,false,false,,false
00000001968,,,,,,false,false,,false
00000001969,,,,,,false,false,,false
00000001970,,,,,,false,false,,false
00000001971,,,,,,false,false,,false
00000001972,,,,,,false,false,,false
00000001973,,,,,,false,false,,false
00000001974,,,,,,false,false,,false
00000001975,,,,,,false,false,,false
00000001976,,,,,,false,false,,false
00000001977,,,,,,false,false,,false
00000001978,,,,,,false,false,,false
00000001979,,,,,,false,false,,false
00000001980,,,,,,false,false,,false
00000001981,,,,,,false,false,,false
00000001982,,,,,,false,false,,false
00000001983,,,,,,false,false,,false
00000001984,,,,,,false,false,,false
00000001985,,,,,,false,false,,false
00000001986,,,,,,false,false,,false
00000001987,,,,,,false,false,,false
00000001988,,,,,,false,false,,false
00000001989,,,,,,false,false,,false
00000001990,,,,,,false,false,,false
00000001991,,,,,,false,false,,false
00000001992,,,,,,false,false,,false
00000001993,,,,,,false,false,,false
00000001994,,,,,,false,false,,false
00000001995,,,,,,false,false,,false
00000001996,,,,,,false,false,,false
00000001997,,,,,,false,false,,false
00000001998,,,,,,false,false,,false
00000001999,,,,,,false,false,,false
00000002000,,,,,,false,false,,false
00000002001,,,,,,false,false,,false
00000002002,,,,,,false,false,,false
00000002003,,,,,,false,false,,false
00000002004,,,,,,false,false,,false
00000002005,,,,,,false,false,,false
00000002006,,,,,,false,false,,false
00000002007,,,,,,false,false,,false
00000002008,,,,,,false,false,,false
00000002009,,,,,,false,false,,false
00000002010,,,,,,false,false,,false
00000002011,,,,,,false,false,,false
00000002012,,,,,,false,false,,false
00000002013,,,,,,false,false,,false
00000002014,,,,,,false,false,,false
00000002015,,,,,,false,false,,false
00000002016,,,,,,false,false,,false
00000002017,,,,,,false,false,,false
00000002018,,,,,,false,false,,false
00000002019,,,,,,false,false,,false
00000002020,,,,,,false,false,,false
00000002021,,,,,,false,false,,false
00000002022,,,,,,false,false,,false
00000002023,,,,,,false,false,,false
00000002024,,,,,,false,false,,false
00000002025,,,,,,false,false,,false
00000002026,,,,,,false,false,,false
00000002027,,,,,,false,false,,false
00000002028,,,,,,false,false,,false
00000002029,,,,,,false,false,,false
00000002030,,,,,,false,false,,false
00000002031,,,,,,false,false,,false
00000002032,,,,,,false,false,,false
00000002033,,,,,,false,false,,false
00000002034,,,,,,false,false,,false
00000002035,,,,,,false,false,,false
00000002036,,,,,,false,false,,false
00000002037,,,,,,false,false,,false
00000002038,,,,,,false,false,,false
00000002039,,,,,,false,false,,false
00000002040,,,,,,false,false,,false
00000002041,,,,,,false,false,,false
00000002042,,,,,,false,false,,false
00000002043,,,,,,false,false,,false
00000002044,,,,,,false,false,,false
00000002045,,,,,,false,false,,false
00000002046,,,,,,false,false,,false
00000002047,,,,,,false,false,,false
00000002048,,,,,,false,false,,false
00000002049,,,,,,false,false,,false
00000002050,,,,,,false,false,,false
00000002051,,,,,,false,false,,false
00000002052,,,,,,false,false,,false
00000002053,,,,,,false,false,,false
00000002054,,,,,,false,false,,false
00000002055,,,,,,false,false,,false
00000002056,,,,,,false,false,,false
00000002057,,,,,,false,false,,false
00000002058,,,,,,false,false,,false
00000002059,,,,,,false,false,,false
00000002060,,,,,,false,false,,false
00000002061,,,,,,false,false,,false
00000002062,,,,,,false,false,,false
00000002063,,,,,,false,false,,false
00000002064,,,,,,false,false,,false
00000002065,,,,,,false,false,,false
00000002066,,,,,,false,false,,false
00000002067,,,,,,false,false,,false
00000002068,,,,,,false,false,,false
00000002069,,,,,,false,false,,false
00000002070,,,,,,false,false,,false
00000002071,,,,,,false,false,,false
00000002072,,,,,,false,false,,false
00000002073,,,,,,false,false,,false
00000002074,,,,,,false,false,,false
00000002075,,,,,,false,false,,false
00000002076,,,,,,false,false,,false
00000002077,,,,,,false,false,,false
00000002078,,,,,,false,false,,false
00000002079,,,,,,false,false,,false
00000002080,,,,,,false,false,,false
00000002081,,,,,,false,false,,false
00000002082,,,,,,false,false,,false
00000002083,,,,,,false,false,,false
00000002084,,,,,,false,false,,false
00000002085,,,,,,false,false,,false
00000002086,,,,,,false,false,,false
00000002087,,,,,,false,false,,false
00000002088,,,,,,false,false,,false
00000002089,,,,,,false,false,,false
00000002090,,,,,,false,false,,false
00000002091,,,,,,false,false,,false
00000002092,,,,,,false,false,,false
00000002093,,,,,,false,false,,false
00000002094,,,,,,false,false,,false
00000002095,,,,,,false,false,,false
00000002096,,,,,,false,false,,false
00000002097,,,,,,false,false,,false
00000002098,,,,,,false,false,,false
00000002099,,,,,,false,false,,false
00000002100,,,,,,false,false,,false
00000002101,,,,,,false,false,,false
00000002102,,,,,,false,false,,false
00000002103,,,,,,false,false,,false
00000002104,,,,,,false,false,,false
00000002105,,,,,,false,false,,false
00000002106,,,,,,false,false,,false
00000002107,,,,,,false,false,,false
00000002108,,,,,,false,false,,false
00000002109,,,,,,false,false,,false
00000002110,,,,,,false,false,,false
00000002111,,,,,,false,false,,false
00000002112,,,,,,false,false,,false
00000002113,,,,,,false,false,,false
00000002114,,,,,,false,false,,false
00000002115,,,,,,false,false,,false
00000002116,,,,,,false,false,,false
00000002117,,,,,,false,false,,false
00000002118,,,,,,false,false,,false
00000002119,,,,,,false,false,,false
00000002120,,,,,,false,false,,false
00000002121,,,,,,false,false,,false
00000002122,,,,,,false,false,,false
00000002123,,,,,,false,false,,false
00000002124,,,,,,false,false,,false
00000002125,,,,,,false,false,,false
00000002126,,,,,,false,false,,false
00000002127,,,,,,false,false,,false
00000002128,,,,,,false,false,,false
00000002129,,,,,,false,false,,false
00000002130,,,,,,false,false,,false
00000002131,,,,,,false,false,,false
00000002132,,,,,,false,false,,false
00000002133,,,,,,false,false,,false
00000002134,,,,,,false,false,,false
00000002135,,,,,,false,false,,false
00000002136,,,,,,false,false,,false
00000002137,,,,,,false,false,,false
00000002138,,,,,,false,false,,false
00000002139,,,,,,false,false,,false
00000002140,,,,,,false,false,,false
00000002141,,,,,,false,false,,false
00000002142,,,,,,false,false,,false
00000002143,,,,,,false,false,,false
00000002144,,,,,,false,false,,false
00000002145,,,,,,false,false,,false
00000002146,,,,,,false,false,,false
00000002147,,,,,,false,false,,false
00000002148,,,,,,false,false,,false
00000002149,,,,,,false,false,,false
00000002150,,,,,,false,false,,false
00000002151,,,,,,false,false,,false
00000002152,,,,,,false,false,,false
00000002153,,,,,,false,false,,false
00000002154,,,,,,false,false,,false
00000002155,,,,,,false,false,,false
00000002156,,,,,,false,false,,false
00000002157,,,,,,false,false,,false
00000002158,,,,,,false,false,,false
00000002159,,,,,,false,false,,false
00000002160,,,,,,false,false,,false
00000002161,,,,,,false,false,,false
00000002162,,,,,,false,false,,false
00000002163,,,,,,false,false,,false
00000002164,,,,,,false,false,,false
00000002165,,,,,,false,false,,false
00000002166,,,,,,false,false,,false
00000002167,,,,,,false,false,,false
00000002168,,,,,,false,false,,false
00000002169,,,,,,false,false,,false
00000002170,,,,,,false,false,,false
00000002171,,,,,,false,false,,false
00000002172,,,,,,false,false,,false
00000002173,,,,,,false,false,,false
00000002174,,,,,,false,false,,false
00000002175,,,,,,false,false,,false
00000002176,,,,,,false,false,,false
00000002177,,,,,,false,false,,false
00000002178,,,,,,false,false,,false
00000002179,,,,,,false,false,,false
00000002180,,,,,,false,false,,false
00000002181,,,,,,false,false,,false
00000002182,,,,,,false,false,,false
00000002183,,,,,,false,false,,false
00000002184,,,,,,false,false,,false
00000002185,,,,,,false,false,,false
00000002186,,,,,,false,false,,false
00000002187,,,,,,false,false,,false
00000002188,,,,,,false,false,,false
00000002189,,,,,,false,false,,false
00000002190,,,,,,false,false,,false
00000002191,,,,,,false,false,,false
00000002192,,,,,,false,false,,false
00000002193,,,,,,false,false,,false
00000002194,,,,,,false,false,,false
00000002195,,,,,,false,false,,false
00000002196,,,,,,false,false,,false
00000002197,,,,,,false,false,,false
00000002198,,,,,,false,false,,false
00000002199,,,,,,false,false,,false
00000002200,,,,,,false,false,,false
00000002201,,,,,,false,false,,false
00000002202,,,,,,false,false,,false
00000002203,,,,,,false,false,,false
00000002204,,,,,,false,false,,false
00000002205,,,,,,false,false,,false
00000002206,,,,,,false,false,,false
00000002207,,,,,,false,false,,false
00000002208,,,,,,false,false,,false
00000002209,,,,,,false,false,,false
00000002210,,,,,,false,false,,false
00000002211,,,,,,false,false,,false
00000002212,,,,,,false,false,,false
00000002213,,,,,,false,false,,false
00000002214,,,,,,false,false,,false
00000002215,,,,,,false,false,,false
00000002216,,,,,,false,false,,false
00000002217,,,,,,false,false,,false
00000002218,,,,,,false,false,,false
00000002219,,,,,,false,false,,false
00000002220,,,,,,false,false,,false
00000002221,,,,,,false,false,,false
00000002222,,,,,,false,false,,false
00000002223,,,,,,false,false,,false
00000002224,,,,,,false,false,,false
00000002225,,,,,,false,false,,false
00000002226,,,,,,false,false,,false
00000002227,,,,,,false,false,,false
00000002228,,,,,,false,false,,false
00000002229,,,,,,false,false,,false
00000002230,,,,,,false,false,,false
00000002231,,,,,,false,false,,false
00000002232,,,,,,false,false,,false
00000002233,,,,,,false,false,,false
00000002234,,,,,,false,false,,false
00000002235,,,,,,false,false,,false
00000002236,,,,,,false,false,,false
00000002237,,,,,,false,false,,false
00000002238,,,,,,false,false,,false
00000002239,,,,,,false,false,,false
00000002240,,,,,,false,false,,false
00000002241,,,,,,false,false,,false
00000002242,,,,,,false,false,,false
00000002243,,,,,,false,false,,false
00000002244,,,,,,false,false,,false
00000002245,,,,,,false,false,,false
00000002246,,,,,,false,false,,false
00000002247,,,,,,false,false,,false
00000002248,,,,,,false,false,,false
00000002249,,,,,,false,false,,false
00000002250,,,,,,false,false,,false
00000002251,,,,,,false,false,,false
00000002252,,,,,,false,false,,false
00000002253,,,,,,false,false,,false
00000002254,,,,,,false,false,,false
00000002255,,,,,,false,false,,false
00000002256,,,,,,false,false,,false
00000002257,,,,,,false,false,,false
00000002258,,,,,,false,false,,false
00000002259,,,,,,false,false,,false
00000002260,,,,,,false,false,,false
00000002261,,,,,,false,false,,false
00000002262,,,,,,false,false,,false
00000002263,,,,,,false,false,,false
00000002264,,,,,,false,false,,false
00000002265,,,,,,false,false,,false
00000002266,,,,,,false,false,,false
00000002267,,,,,,false,false,,false
00000002268,,,,,,false,false,,false
00000002269,,,,,,false,false,,false
00000002270,,,,,,false,false,,false
00000002271,,,,,,false,false,,false
00000002272,,,,,,false,false,,false
00000002273,,,,,,false,false,,false
00000002274,,,,,,false,false,,false
00000002275,,,,,,false,false,,false
00000002276,,,,,,false,false,,false
00000002277,,,,,,false,false,,false
00000002278,,,,,,false,false,,false
00000002279,,,,,,false,false,,false
00000002280,,,,,,false,false,,false
00000002281,,,,,,false,false,,false
00000002282,,,,,,false,false,,false
00000002283,,,,,,false,false,,false
00000002284,,,,,,false,false,,false
00000002285,,,,,,false,false,,false
00000002286,,,,,,false,false,,false
00000002287,,,,,,false,false,,false
00000002288,,,,,,false,false,,false
00000002289,,,,,,false,false,,false
00000002290,,,,,,false,false,,false
00000002291,,,,,,false,false,,false
00000002292,,,,,,false,false,,false
00000002293,,,,,,false,false,,false
00000002294,,,,,,false,false,,false
00000002295,,,,,,false,false,,false
00000002296,,,,,,false,false,,false
00000002297,,,,,,false,false,,false
00000002298,,,,,,false,false,,false
00000002299,,,,,,false,false,,false
00000002300,,,,,,false,false,,false
00000002301,,,,,,false,false,,false
00000002302,,,,,,false,false,,false
00000002303,,,,,,false,false,,false
00000002304,,,,,,false,false,,false
00000002305,,,,,,false,false,,false
00000002306,,,,,,false,false,,false
00000002307,,,,,,false,false,,false
00000002308,,,,,,false,false,,false
00000002309,,,,,,false,false,,false
00000002310,,,,,,false,false,,false
00000002311,,,,,,false,false,,false
00000002312,,,,,,false,false,,false
00000002313,,,,,,false,false,,false
00000002314,,,,,,false,false,,false
00000002315,,,,,,false,false,,false
00000002316,,,,,,false,false,,false
00000002317,,,,,,false,false,,false
00000002318,,,,,,false,false,,false
00000002319,,,,,,false,false,,false
00000002320,,,,,,false,false,,false
00000002321,,,,,,false,false,,false
00000002322,,,,,,false,false,,false
00000002323,,,,,,false,false,,false
00000002324,,,,,,false,false,,false
00000002325,,,,,,false,false,,false
00000002326,,,,,,false,false,,false
00000002327,,,,,,false,false,,false
00000002328,,,,,,false,false,,false
00000002329,,,,,,false,false,,false
00000002330,,,,,,false,false,,false
00000002331,,,,,,false,false,,false
00000002332,,,,,,false,false,,false
00000002333,,,,,,false,false,,false
00000002334,,,,,,false,false,,false
00000002335,,,,,,false,false,,false
00000002336,,,,,,false,false,,false
00000002337,,,,,,false,false,,false
00000002338,,,,,,false,false,,false
00000002339,,,,,,false,false,,false
00000002340,,,,,,false,false,,false
00000002341,,,,,,false,false,,false
00000002342,,,,,,false,false,,false
00000002343,,,,,,false,false,,false
00000002344,,,,,,false,false,,false
00000002345,,,,,,false,false,,false
00000002346,,,,,,false,false,,false
00000002347,,,,,,false,false,,false
00000002348,,,,,,false,false,,false
00000002349,,,,,,false,false,,false
00000002350,,,,,,false,false,,false
00000002351,,,,,,false,false,,false
00000002352,,,,,,false,false,,false
00000002353,,,,,,false,false,,false
00000002354,,,,,,false,false,,false
00000002355,,,,,,false,false,,false
00000002356,,,,,,false,false,,false
00000002357,,,,,,false,false,,false
00000002358,,,,,,false,false,,false
00000002359,,,,,,false,false,,false
00000002360,,,,,,false,false,,false
00000002361,,,,,,false,false,,false
00000002362,,,,,,false,false,,false
00000002363,,,,,,false,false,,false
00000002364,,,,,,false,false,,false
00000002365,,,,,,false,false,,false
00000002366,,,,,,false,false,,false
00000002367,,,,,,false,false,,false
00000002368,,,,,,false,false,,false
00000002369,,,,,,false,false,,false
00000002370,,,,,,false,false,,false
00000002371,,,,,,false,false,,false
00000002372,,,,,,false,false,,false
00000002373,,,,,,false,false,,false
00000002374,,,,,,false,false,,false
00000002375,,,,,,false,false,,false
00000002376,,,,,,false,false,,false
00000002377,,,,,,false,false,,false
00000002378,,,,,,false,false,,false
00000002379,,,,,,false,false,,false
00000002380,,,,,,false,false,,false
00000002381,,,,,,false,false,,false
00000002382,,,,,,false,false,,false
00000002383,,,,,,false,false,,false
00000002384,,,,,,false,false,,false
00000002385,,,,,,false,false,,false
00000002386,,,,,,false,false,,false
00000002387,,,,,,false,false,,false
00000002388,,,,,,false,false,,false
00000002389,,,,,,false,false,,false
00000002390,,,,,,false,false,,false
00000002391,,,,,,false,false,,false
00000002392,,,,,,false,false,,false
00000002393,,,,,,false,false,,false
00000002394,,,,,,false,false,,false
00000002395,,,,,,false,false,,false
00000002396,,,,,,false,false,,false
00000002397,,,,,,false,false,,false
00000002398,,,,,,false,false,,false
00000002399,,,,,,false,false,,false
00000002400,,,,,,false,false,,false
00000002401,,,,,,false,false,,false
00000002402,,,,,,false,false,,false
00000002403,,,,,,false,false,,false
00000002404,,,,,,false,false,,false
00000002405,,,,,,false,false,,false
00000002406,,,,,,false,false,,false
00000002407,,,,,,false,false,,false
00000002408,,,,,,false,false,,false
00000002409,,,,,,false,false,,false
00000002410,,,,,,false,false,,false
00000002411,,,,,,false,false,,false
00000002412,,,,,,false,false,,false
00000002413,,,,,,false,false,,false
00000002414,,,,,,false,false,,false
00000002415,,,,,,false,false,,false
00000002416,,,,,,false,false,,false
00000002417,,,,,,false,false,,false
00000002418,,,,,,false,false,,false
00000002419,,,,,,false,false,,false
00000002420,,,,,,false,false,,false
00000002421,,,,,,false,false,,false
00000002422,,,,,,false,false,,false
00000002423,,,,,,false,false,,false
00000002424,,,,,,false,false,,false
00000002425,,,,,,false,false,,false
00000002426,,,,,,false,false,,false
00000002427,,,,,,false,false,,false
00000002428,,,,,,false,false,,false
00000002429,,,,,,false,false,,false
00000002430,,,,,,false,false,,false
00000002431,,,,,,false,false,,false
00000002432,,,,,,false,false,,false
00000002433,,,,,,false,false,,false
00000002434,,,,,,false,false,,false
00000002435,,,,,,false,false,,false
00000002436,,,,,,false,false,,false
00000002437,,,,,,false,false,,false
00000002438,,,,,,false,false,,false
00000002439,,,,,,false,false,,false
00000002440,,,,,,false,false,,false
00000002441,,,,,,false,false,,false
00000002442,,,,,,false,false,,false
00000002443,,,,,,false,false,,false
00000002444,,,,,,false,false,,false
00000002445,,,,,,false,false,,false
00000002446,,,,,,false,false,,false
00000002447,,,,,,false,false,,false
00000002448,,,,,,false,false,,false
00000002449,,,,,,false,false,,false
00000002450,,,,,,false,false,,false
00000002451,,,,,,false,false,,false
00000002452,,,,,,false,false,,false
00000002453,,,,,,false,false,,false
00000002454,,,,,,false,false,,false
00000002455,,,,,,false,false,,false
00000002456,,,,,,false,false,,false
00000002457,,,,,,false,false,,false
00000002458,,,,,,false,false,,false
00000002459,,,,,,false,false,,false
00000002460,,,,,,false,false,,false
00000002461,,,,,,false,false,,false
00000002462,,,,,,false,false,,false
00000002463,,,,,,false,false,,false
00000002464,,,,,,false,false,,false
00000002465,,,,,,false,false,,false
00000002466,,,,,,false,false,,false
00000002467,,,,,,false,false,,false
00000002468,,,,,,false,false,,false
00000002469,,,,,,false,false,,false
00000002470,,,,,,false,false,,false
00000002471,,,,,,false,false,,false
00000002472,,,,,,false,false,,false
00000002473,,,,,,false,false,,false
00000002474,,,,,,false,false,,false
00000002475,,,,,,false,false,,false
00000002476,,,,,,false,false,,false
00000002477,,,,,,false,false,,false
00000002478,,,,,,false,false,,false
00000002479,,,,,,false,false,,false
00000002480,,,,,,false,false,,false
00000002481,,,,,,false,false,,false
00000002482,,,,,,false,false,,false
00000002483,,,,,,false,false,,false
00000002484,,,,,,false,false,,false
00000002485,,,,,,false,false,,false
00000002486,,,,,,false,false,,false
00000002487,,,,,,false,false,,false
00000002488,,,,,,false,false,,false
00000002489,,,,,,false,false,,false
00000002490,,,,,,false,false,,false
00000002491,,,,,,false,false,,false
00000002492,,,,,,false,false,,false
00000002493,,,,,,false,false,,false
00000002494,,,,,,false,false,,false
00000002495,,,,,,false,false,,false
00000002496,,,,,,false,false,,false
00000002497,,,,,,false,false,,false
00000002498,,,,,,false,false,,false
00000002499,,,,,,false,false,,false
00000002500,,,,,,false,false,,false
00000002501,,,,,,false,false,,false
00000002502,,,,,,false,false,,false
00000002503,,,,,,false,false,,false
00000002504,,,,,,false,false,,false
00000002505,,,,,,false,false,,false
00000002506,,,,,,false,false,,false
00000002507,,,,,,false,false,,false
00000002508,,,,,,false,false,,false
00000002509,,,,,,false,false,,false
00000002510,,,,,,false,false,,false
00000002511,,,,,,false,false,,false
00000002512,,,,,,false,false,,false
00000002513,,,,,,false,false,,false
00000002514,,,,,,false,false,,false
00000002515,,,,,,false,false,,false
00000002516,,,,,,false,false,,false
00000002517,,,,,,false,false,,false
00000002518,,,,,,false,false,,false
00000002519,,,,,,false,false,,false
00000002520,,,,,,false,false,,false
00000002521,,,,,,false,false,,false
00000002522,,,,,,false,false,,false
00000002523,,,,,,false,false,,false
00000002524,,,,,,false,false,,false
00000002525,,,,,,false,false,,false
00000002526,,,,,,false,false,,false
00000002527,,,,,,false,false,,false
00000002528,,,,,,false,false,,false
00000002529,,,,,,false,false,,false
00000002530,,,,,,false,false,,false
00000002531,,,,,,false,false,,false
00000002532,,,,,,false,false,,false
00000002533,,,,,,false,false,,false
00000002534,,,,,,false,false,,false
00000002535,,,,,,false,false,,false
00000002536,,,,,,false,false,,false
00000002537,,,,,,false,false,,false
00000002538,,,,,,false,false,,false
00000002539,,,,,,false,false,,false
00000002540,,,,,,false,false,,false
00000002541,,,,,,false,false,,false
00000002542,,,,,,false,false,,false
00000002543,,,,,,false,false,,false
00000002544,,,,,,false,false,,false
00000002545,,,,,,false,false,,false
00000002546,,,,,,false,false,,false
00000002547,,,,,,false,false,,false
00000002548,,,,,,false,false,,false
00000002549,,,,,,false,false,,false
00000002550,,,,,,false,false,,false
00000002551,,,,,,false,false,,false
00000002552,,,,,,false,false,,false
00000002553,,,,,,false,false,,false
00000002554,,,,,,false,false,,false
00000002555,,,,,,false,false,,false
00000002556,,,,,,false,false,,false
00000002557,,,,,,false,false,,false
00000002558,,,,,,false,false,,false
00000002559,,,,,,false,false,,false
00000002560,,,,,,false,false,,false
00000002561,,,,,,false,false,,false
00000002562,,,,,,false,false,,false
00000002563,,,,,,false,false,,false
00000002564,,,,,,false,false,,false
00000002565,,,,,,false,false,,false
00000002566,,,,,,false,false,,false
00000002567,,,,,,false,false,,false
00000002568,,,,,,false,false,,false
00000002569,,,,,,false,false,,false
00000002570,,,,,,false,false,,false
00000002571,,,,,,false,false,,false
00000002572,,,,,,false,false,,false
00000002573,,,,,,false,false,,false
00000002574,,,,,,false,false,,false
00000002575,,,,,,false,false,,false
00000002576,,,,,,false,false,,false
00000002577,,,,,,false,false,,false
00000002578,,,,,,false,false,,false
00000002579,,,,,,false,false,,false
00000002580,,,,,,false,false,,false
00000002581,,,,,,false,false,,false
00000002582,,,,,,false,false,,false
00000002583,,,,,,false,false,,false
00000002584,,,,,,false,false,,false
00000002585,,,,,,false,false,,false
00000002586,,,,,,false,false,,false
00000002587,,,,,,false,false,,false
00000002588,,,,,,false,false,,false
00000002589,,,,,,false,false,,false
00000002590,,,,,,false,false,,false
00000002591,,,,,,false,false,,false
00000002592,,,,,,false,false,,false
00000002593,,,,,,false,false,,false
00000002594,,,,,,false,false,,false
00000002595,,,,,,false,false,,false
00000002596,,,,,,false,false,,false
00000002597,,,,,,false,false,,false
00000002598,,,,,,false,false,,false
00000002599,,,,,,false,false,,false
00000002600,,,,,,false,false,,false
00000002601,,,,,,false,false,,false
00000002602,,,,,,false,false,,false
00000002603,,,,,,false,false,,false
00000002604,,,,,,false,false,,false
00000002605,,,,,,false,false,,false
00000002606,,,,,,false,false,,false
00000002607,,,,,,false,false,,false
00000002608,,,,,,false,false,,false
00000002609,,,,,,false,false,,false
00000002610,,,,,,false,false,,false
00000002611,,,,,,false,false,,false
00000002612,,,,,,false,false,,false
00000002613,,,,,,false,false,,false
00000002614,,,,,,false,false,,false
00000002615,,,,,,false,false,,false
00000002616,,,,,,false,false,,false
00000002617,,,,,,false,false,,false
00000002618,,,,,,false,false,,false
00000002619,,,,,,false,false,,false
00000002620,,,,,,false,false,,false
00000002621,,,,,,false,false,,false
00000002622,,,,,,false,false,,false
00000002623,,,,,,false,false,,false
00000002624,,,,,,false,false,,false
00000002625,,,,,,false,false,,false
00000002626,,,,,,false,false,,false
00000002627,,,,,,false,false,,false
00000002628,,,,,,false,false,,false
00000002629,,,,,,false,false,,false
00000002630,,,,,,false,false,,false
00000002631,,,,,,false,false,,false
00000002632,,,,,,false,false,,false
00000002633,,,,,,false,false,,false
00000002634,,,,,,false,false,,false
00000002635,,,,,,false,false,,false
00000002636,,,,,,false,false,,false
00000002637,,,,,,false,false,,false
00000002638,,,,,,false,false,,false
00000002639,,,,,,false,false,,false
00000002640,,,,,,false,false,,false
00000002641,,,,,,false,false,,false
00000002642,,,,,,false,false,,false
00000002643,,,,,,false,false,,false
00000002644,,,,,,false,false,,false
00000002645,,,,,,false,false,,false
00000002646,,,,,,false,false,,false
00000002647,,,,,,false,false,,false
00000002648,,,,,,false,false,,false
00000002649,,,,,,false,false,,false
00000002650,,,,,,false,false,,false
00000002651,,,,,,false,false,,false
00000002652,,,,,,false,false,,false
00000002653,,,,,,false,false,,false
00000002654,,,,,,false,false,,false
00000002655,,,,,,false,false,,false
00000002656,,,,,,false,false,,false
00000002657,,,,,,false,false,,false
00000002658,,,,,,false,false,,false
00000002659,,,,,,false,false,,false
00000002660,,,,,,false,false,,false
00000002661,,,,,,false,false,,false
00000002662,,,,,,false,false,,false
00000002663,,,,,,false,false,,false
00000002664,,,,,,false,false,,false
00000002665,,,,,,false,false,,false
00000002666,,,,,,false,false,,false
00000002667,,,,,,false,false,,false
00000002668,,,,,,false,false,,false
00000002669,,,,,,false,false,,false
00000002670,,,,,,false,false,,false
00000002671,,,,,,false,false,,false
00000002672,,,,,,false,false,,false
00000002673,,,,,,false,false,,false
00000002674,,,,,,false,false,,false
00000002675,,,,,,false,false,,false
00000002676,,,,,,false,false,,false
00000002677,,,,,,false,false,,false
00000002678,,,,,,false,false,,false
00000002679,,,,,,false,false,,false
00000002680,,,,,,false,false,,false
00000002681,,,,,,false,false,,false
00000002682,,,,,,false,false,,false
00000002683,,,,,,false,false,,false
00000002684,,,,,,false,false,,false
00000002685,,,,,,false,false,,false
00000002686,,,,,,false,false,,false
00000002687,,,,,,false,false,,false
00000002688,,,,,,false,false,,false
00000002689,,,,,,false,false,,false
00000002690,,,,,,false,false,,false
00000002691,,,,,,false,false,,false
00000002692,,,,,,false,false,,false
00000002693,,,,,,false,false,,false
00000002694,,,,,,false,false,,false
00000002695,,,,,,false,false,,false
00000002696,,,,,,false,false,,false
00000002697,,,,,,false,false,,false
00000002698,,,,,,false,false,,false
00000002699,,,,,,false,false,,false
00000002700,,,,,,false,false,,false
00000002701,,,,,,false,false,,false
00000002702,,,,,,false,false,,false
00000002703,,,,,,false,false,,false
00000002704,,,,,,false,false,,false
00000002705,,,,,,false,false,,false
00000002706,,,,,,false,false,,false
00000002707,,,,,,false,false,,false
00000002708,,,,,,false,false,,false
00000002709,,,,,,false,false,,false
00000002710,,,,,,false,false,,false
00000002711,,,,,,false,false,,false
00000002712,,,,,,false,false,,false
00000002713,,,,,,false,false,,false
00000002714,,,,,,false,false,,false
00000002715,,,,,,false,false,,false
00000002716,,,,,,false,false,,false
00000002717,,,,,,false,false,,false
00000002718,,,,,,false,false,,false
00000002719,,,,,,false,false,,false
00000002720,,,,,,false,false,,false
00000002721,,,,,,false,false,,false
00000002722,,,,,,false,false,,false
00000002723,,,,,,false,false,,false
00000002724,,,,,,false,false,,false
00000002725,,,,,,false,false,,false
00000002726,,,,,,false,false,,false
00000002727,,,,,,false,false,,false
00000002728,,,,,,false,false,,false
00000002729,,,,,,false,false,,false
00000002730,,,,,,false,false,,false
00000002731,,,,,,false,false,,false
00000002732,,,,,,false,false,,false
00000002733,,,,,,false,false,,false
00000002734,,,,,,false,false,,false
00000002735,,,,,,false,false,,false
00000002736,,,,,,false,false,,false
00000002737,,,,,,false,false,,false
00000002738,,,,,,false,false,,false
00000002739,,,,,,false,false,,false
00000002740,,,,,,false,false,,false
00000002741,,,,,,false,false,,false
00000002742,,,,,,false,false,,false
00000002743,,,,,,false,false,,false
00000002744,,,,,,false,false,,false
00000002745,,,,,,false,false,,false
00000002746,,,,,,false,false,,false
00000002747,,,,,,false,false,,false
00000002748,,,,,,false,false,,false
00000002749,,,,,,false,false,,false
00000002750,,,,,,false,false,,false
00000002751,,,,,,false,false,,false
00000002752,,,,,,false,false,,false
00000002753,,,,,,false,false,,false
00000002754,,,,,,false,false,,false
00000002755,,,,,,false,false,,false
00000002756,,,,,,false,false,,false
00000002757,,,,,,false,false,,false
00000002758,,,,,,false,false,,false
00000002759,,,,,,false,false,,false
00000002760,,,,,,false,false,,false
00000002761,,,,,,false,false,,false
00000002762,,,,,,false,false,,false
00000002763,,,,,,false,false,,false
00000002764,,,,,,false,false,,false
00000002765,,,,,,false,false,,false
00000002766,,,,,,false,false,,false
00000002767,,,,,,false,false,,false
00000002768,,,,,,false,false,,false
00000002769,,,,,,false,false,,false
00000002770,,,,,,false,false,,false
00000002771,,,,,,false,false,,false
00000002772,,,,,,false,false,,false
00000002773,,,,,,false,false,,false
00000002774,,,,,,false,false,,false
00000002775,,,,,,false,false,,false
00000002776,,,,,,false,false,,false
00000002777,,,,,,false,false,,false
00000002778,,,,,,false,false,,false
00000002779,,,,,,false,false,,false
00000002780,,,,,,false,false,,false
00000002781,,,,,,false,false,,false
00000002782,,,,,,false,false,,false
00000002783,,,,,,false,false,,false
00000002784,,,,,,false,false,,false
00000002785,,,,,,false,false,,false
00000002786,,,,,,false,false,,false
00000002787,,,,,,false,false,,false
00000002788,,,,,,false,false,,false
00000002789,,,,,,false,false,,false
00000002790,,,,,,false,false,,false
00000002791,,,,,,false,false,,false
00000002792,,,,,,false,false,,false
00000002793,,,,,,false,false,,false
00000002794,,,,,,false,false,,false
00000002795,,,,,,false,false,,false
00000002796,,,,,,false,false,,false
00000002797,,,,,,false,false,,false
00000002798,,,,,,false,false,,false
00000002799,,,,,,false,false,,false
00000002800,,,,,,false,false,,false
00000002801,,,,,,false,false,,false
00000002802,,,,,,false,false,,false
00000002803,,,,,,false,false,,false
00000002804,,,,,,false,false,,false
00000002805,,,,,,false,false,,false
00000002806,,,,,,false,false,,false
00000002807,,,,,,false,false,,false
00000002808,,,,,,false,false,,false
00000002809,,,,,,false,false,,false
00000002810,,,,,,false,false,,false
00000002811,,,,,,false,false,,false
00000002812,,,,,,false,false,,false
00000002813,,,,,,false,false,,false
00000002814,,,,,,false,false,,false
00000002815,,,,,,false,false,,false
00000002816,,,,,,false,false,,false
00000002817,,,,,,false,false,,false
00000002818,,,,,,false,false,,false
00000002819,,,,,,false,false,,false
00000002820,,,,,,false,false,,false
00000002821,,,,,,false,false,,false
00000002822,,,,,,false,false,,false
00000002823,,,,,,false,false,,false
00000002824,,,,,,false,false,,false
00000002825,,,,,,false,false,,false
00000002826,,,,,,false,false,,false
00000002827,,,,,,false,false,,false
00000002828,,,,,,false,false,,false
00000002829,,,,,,false,false,,false
00000002830,,,,,,false,false,,false
00000002831,,,,,,false,false,,false
00000002832,,,,,,false,false,,false
00000002833,,,,,,false,false,,false
00000002834,,,,,,false,false,,false
00000002835,,,,,,false,false,,false
00000002836,,,,,,false,false,,false
00000002837,,,,,,false,false,,false
00000002838,,,,,,false,false,,false
00000002839,,,,,,false,false,,false
00000002840,,,,,,false,false,,false
00000002841,,,,,,false,false,,false
00000002842,,,,,,false,false,,false
00000002843,,,,,,false,false,,false
00000002844,,,,,,false,false,,false
00000002845,,,,,,false,false,,false
00000002846,,,,,,false,false,,false
00000002847,,,,,,false,false,,false
00000002848,,,,,,false,false,,false
00000002849,,,,,,false,false,,false
00000002850,,,,,,false,false,,false
00000002851,,,,,,false,false,,false
00000002852,,,,,,false,false,,false
00000002853,,,,,,false,false,,false
00000002854,,,,,,false,false,,false
00000002855,,,,,,false,false,,false
00000002856,,,,,,false,false,,false
00000002857,,,,,,false,false,,false
00000002858,,,,,,false,false,,false
00000002859,,,,,,false,false,,false
00000002860,,,,,,false,false,,false
00000002861,,,,,,false,false,,false
00000002862,,,,,,false,false,,false
00000002863,,,,,,false,false,,false
00000002864,,,,,,false,false,,false
00000002865,,,,,,false,false,,false
00000002866,,,,,,false,false,,false
00000002867,,,,,,false,false,,false
00000002868,,,,,,false,false,,false
00000002869,,,,,,false,false,,false
00000002870,,,,,,false,false,,false
00000002871,,,,,,false,false,,false
00000002872,,,,,,false,false,,false
00000002873,,,,,,false,false,,false
00000002874,,,,,,false,false,,false
00000002875,,,,,,false,false,,false
00000002876,,,,,,false,false,,false
00000002877,,,,,,false,false,,false
00000002878,,,,,,false,false,,false
00000002879,,,,,,false,false,,false
00000002880,,,,,,false,false,,false
00000002881,,,,,,false,false,,false
00000002882,,,,,,false,false,,false
00000002883,,,,,,false,false,,false
00000002884,,,,,,false,false,,false
00000002885,,,,,,false,false,,false
00000002886,,,,,,false,false,,false
00000002887,,,,,,false,false,,false
00000002888,,,,,,false,false,,false
00000002889,,,,,,false,false,,false
00000002890,,,,,,false,false,,false
00000002891,,,,,,false,false,,false
00000002892,,,,,,false,false,,false
00000002893,,,,,,false,false,,false
00000002894,,,,,,false,false,,false
00000002895,,,,,,false,false,,false
00000002896,,,,,,false,false,,false
00000002897,,,,,,false,false,,false
00000002898,,,,,,false,false,,false
00000002899,,,,,,false,false,,false
00000002900,,,,,,false,false,,false
00000002901,,,,,,false,false,,false
00000002902,,,,,,false,false,,false
00000002903,,,,,,false,false,,false
00000002904,,,,,,false,false,,false
00000002905,,,,,,false,false,,false
00000002906,,,,,,false,false,,false
00000002907,,,,,,false,false,,false
00000002908,,,,,,false,false,,false
00000002909,,,,,,false,false,,false
00000002910,,,,,,false,false,,false
00000002911,,,,,,false,false,,false
00000002912,,,,,,false,false,,false
00000002913,,,,,,false,false,,false
00000002914,,,,,,false,false,,false
00000002915,,,,,,false,false,,false
00000002916,,,,,,false,false,,false
00000002917,,,,,,false,false,,false
00000002918,,,,,,false,false,,false
00000002919,,,,,,false,false,,false
00000002920,,,,,,false,false,,false
00000002921,,,,,,false,false,,false
00000002922,,,,,,false,false,,false
00000002923,,,,,,false,false,,false
00000002924,,,,,,false,false,,false
00000002925,,,,,,false,false,,false
00000002926,,,,,,false,false,,false
00000002927,,,,,,false,false,,false
00000002928,,,,,,false,false,,false
00000002929,,,,,,false,false,,false
00000002930,,,,,,false,false,,false
00000002931,,,,,,false,false,,false
00000002932,,,,,,false,false,,false
00000002933,,,,,,false,false,,false
00000002934,,,,,,false,false,,false
00000002935,,,,,,false,false,,false
00000002936,,,,,,false,false,,false
00000002937,,,,,,false,false,,false
00000002938,,,,,,false,false,,false
00000002939,,,,,,false,false,,false
00000002940,,,,,,false,false,,false
00000002941,,,,,,false,false,,false
00000002942,,,,,,false,false,,false
00000002943,,,,,,false,false,,false
00000002944,,,,,,false,false,,false
00000002945,,,,,,false,false,,false
00000002946,,,,,,false,false,,false
00000002947,,,,,,false,false,,false
00000002948,,,,,,false,false,,false
00000002949,,,,,,false,false,,false
00000002950,,,,,,false,false,,false
00000002951,,,,,,false,false,,false
00000002952,,,,,,false,false,,false
00000002953,,,,,,false,false,,false
00000002954,,,,,,false,false,,false
00000002955,,,,,,false,false,,false
00000002956,,,,,,false,false,,false
00000002957,,,,,,false,false,,false
00000002958,,,,,,false,false,,false
00000002959,,,,,,false,false,,false
00000002960,,,,,,false,false,,false
00000002961,,,,,,false,false,,false
00000002962,,,,,,false,false,,false
00000002963,,,,,,false,false,,false
00000002964,,,,,,false,false,,false
00000002965,,,,,,false,false,,false
00000002966,,,,,,false,false,,false
00000002967,,,,,,false,false,,false
00000002968,,,,,,false,false,,false
00000002969,,,,,,false,false,,false
00000002970,,,,,,false,false,,false
00000002971,,,,,,false,false,,false
00000002972,,,,,,false,false,,false
00000002973,,,,,,false,false,,false
00000002974,,,,,,false,false,,false
00000002975,,,,,,false,false,,false
00000002976,,,,,,false,false,,false
00000002977,,,,,,false,false,,false
00000002978,,,,,,false,false,,false
00000002979,,,,,,false,false,,false
00000002980,,,,,,false,false,,false
00000002981,,,,,,false,false,,false
00000002982,,,,,,false,false,,false
00000002983,,,,,,false,false,,false
00000002984,,,,,,false,false,,false
00000002985,,,,,,false,false,,false
00000002986,,,,,,false,false,,false
00000002987,,,,,,false,false,,false
00000002988,,,,,,false,false,,false
00000002989,,,,,,false,false,,false
00000002990,,,,,,false,false,,false
00000002991,,,,,,false,false,,false
00000002992,,,,,,false,false,,false
00000002993,,,,,,false,false,,false
00000002994,,,,,,false,false,,false
00000002995,,,,,,false,false,,false
00000002996,,,,,,false,false,,false
00000002997,,,,,,false,false,,false
00000002998,,,,,,false,false,,false
00000002999,,,,,,false,false,,false
00000003000,,,,,,false,false,,false
00000003001,,,,,,false,false,,false
00000003002,,,,,,false,false,,false
00000003003,,,,,,false,false,,false
00000003004,,,,,,false,false,,false
00000003005,,,,,,false,false,,false
00000003006,,,,,,false,false,,false
00000003007,,,,,,false,false,,false
00000003008,,,,,,false,false,,false
00000003009,,,,,,false,false,,false
00000003010,,,,,,false,false,,false
00000003011,,,,,,false,false,,false
00000003012,,,,,,false,false,,false
00000003013,,,,,,false,false,,false
00000003014,,,,,,false,false,,false
00000003015,,,,,,false,false,,false
00000003016,,,,,,false,false,,false
00000003017,,,,,,false,false,,false
00000003018,,,,,,false,false,,false
00000003019,,,,,,false,false,,false
00000003020,,,,,,false,false,,false
00000003021,,,,,,false,false,,false
00000003022,,,,,,false,false,,false
00000003023,,,,,,false,false,,false
00000003024,,,,,,false,false,,false
00000003025,,,,,,false,false,,false
00000003026,,,,,,false,false,,false
00000003027,,,,,,false,false,,false
00000003028,,,,,,false,false,,false
00000003029,,,,,,false,false,,false
00000003030,,,,,,false,false,,false
00000003031,,,,,,false,false,,false
00000003032,,,,,,false,false,,false
00000003033,,,,,,false,false,,false
00000003034,,,,,,false,false,,false
00000003035,,,,,,false,false,,false
00000003036,,,,,,false,false,,false
00000003037,,,,,,false,false,,false
00000003038,,,,,,false,false,,false
00000003039,,,,,,false,false,,false
00000003040,,,,,,false,false,,false
00000003041,,,,,,false,false,,false
00000003042,,,,,,false,false,,false
00000003043,,,,,,false,false,,false
00000003044,,,,,,false,false,,false
00000003045,,,,,,false,false,,false
00000003046,,,,,,false,false,,false
00000003047,,,,,,false,false,,false
00000003048,,,,,,false,false,,false
00000003049,,,,,,false,false,,false
00000003050,,,,,,false,false,,false
00000003051,,,,,,false,false,,false
00000003052,,,,,,false,false,,false
00000003053,,,,,,false,false,,false
00000003054,,,,,,false,false,,false
00000003055,,,,,,false,false,,false
00000003056,,,,,,false,false,,false
00000003057,,,,,,false,false,,false
00000003058,,,,,,false,false,,false
00000003059,,,,,,false,false,,false
00000003060,,,,,,false,false,,false
00000003061,,,,,,false,false,,false
00000003062,,,,,,false,false,,false
00000003063,,,,,,false,false,,false
00000003064,,,,,,false,false,,false
00000003065,,,,,,false,false,,false
00000003066,,,,,,false,false,,false
00000003067,,,,,,false,false,,false
00000003068,,,,,,false,false,,false
00000003069,,,,,,false,false,,false
00000003070,,,,,,false,false,,false
00000003071,,,,,,false,false,,false
00000003072,,,,,,false,false,,false
00000003073,,,,,,false,false,,false
00000003074,,,,,,false,false,,false
00000003075,,,,,,false,false,,false
00000003076,,,,,,false,false,,false
00000003077,,,,,,false,false,,false
00000003078,,,,,,false,false,,false
00000003079,,,,,,false,false,,false
00000003080,,,,,,false,false,,false
00000003081,,,,,,false,false,,false
00000003082,,,,,,false,false,,false
00000003083,,,,,,false,false,,false
00000003084,,,,,,false,false,,false
00000003085,,,,,,false,false,,false
00000003086,,,,,,false,false,,false
00000003087,,,,,,false,false,,false
00000003088,,,,,,false,false,,false
00000003089,,,,,,false,false,,false
00000003090,,,,,,false,false,,false
00000003091,,,,,,false,false,,false
00000003092,,,,,,false,false,,false
00000003093,,,,,,false,false,,false
00000003094,,,,,,false,false,,false
00000003095,,,,,,false,false,,false
00000003096,,,,,,false,false,,false
00000003097,,,,,,false,false,,false
00000003098,,,,,,false,false,,false
00000003099,,,,,,false,false,,false
00000003100,,,,,,false,false,,false
00000003101,,,,,,false,false,,false
00000003102,,,,,,false,false,,false
00000003103,,,,,,false,false,,false
00000003104,,,,,,false,false,,false
00000003105,,,,,,false,false,,false
00000003106,,,,,,false,false,,false
00000003107,,,,,,false,false,,false
00000003108,,,,,,false,false,,false
00000003109,,,,,,false,false,,false
00000003110,,,,,,false,false,,false
00000003111,,,,,,false,false,,false
00000003112,,,,,,false,false,,false
00000003113,,,,,,false,false,,false
00000003114,,,,,,false,false,,false
00000003115,,,,,,false,false,,false
00000003116,,,,,,false,false,,false
00000003117,,,,,,false,false,,false
00000003118,,,,,,false,false,,false
00000003119,,,,,,false,false,,false
00000003120,,,,,,false,false,,false
00000003121,,,,,,false,false,,false
00000003122,,,,,,false,false,,false
00000003123,,,,,,false,false,,false
00000003124,,,,,,false,false,,false
00000003125,,,,,,false,false,,false
00000003126,,,,,,false,false,,false
00000003127,,,,,,false,false,,false
00000003128,,,,,,false,false,,false
00000003129,,,,,,false,false,,false
00000003130,,,,,,false,false,,false
00000003131,,,,,,false,false,,false
00000003132,,,,,,false,false,,false
00000003133,,,,,,false,false,,false
00000003134,,,,,,false,false,,false
00000003135,,,,,,false,false,,false
00000003136,,,,,,false,false,,false
00000003137,,,,,,false,false,,false
00000003138,,,,,,false,false,,false
00000003139,,,,,,false,false,,false
00000003140,,,,,,false,false,,false
00000003141,,,,,,false,false,,false
00000003142,,,,,,false,false,,false
00000003143,,,,,,false,false,,false
00000003144,,,,,,false,false,,false
00000003145,,,,,,false,false,,false
00000003146,,,,,,false,false,,false
00000003147,,,,,,false,false,,false
00000003148,,,,,,false,false,,false
00000003149,,,,,,false,false,,false
00000003150,,,,,,false,false,,false
00000003151,,,,,,false,false,,false
00000003152,,,,,,false,false,,false
00000003153,,,,,,false,false,,false
00000003154,,,,,,false,false,,false
00000003155,,,,,,false,false,,false
00000003156,,,,,,false,false,,false
00000003157,,,,,,false,false,,false
00000003158,,,,,,false,false,,false
00000003159,,,,,,false,false,,false
00000003160,,,,,,false,false,,false
00000003161,,,,,,false,false,,false
00000003162,,,,,,false,false,,false
00000003163,,,,,,false,false,,false
00000003164,,,,,,false,false,,false
00000003165,,,,,,false,false,,false
00000003166,,,,,,false,false,,false
00000003167,,,,,,false,false,,false
00000003168,,,,,,false,false,,false
00000003169,,,,,,false,false,,false
00000003170,,,,,,false,false,,false
00000003171,,,,,,false,false,,false
00000003172,,,,,,false,false,,false
00000003173,,,,,,false,false,,false
00000003174,,,,,,false,false,,false
00000003175,,,,,,false,false,,false
00000003176,,,,,,false,false,,false
00000003177,,,,,,false,false,,false
00000003178,,,,,,false,false,,false
00000003179,,,,,,false,false,,false
00000003180,,,,,,false,false,,false
00000003181,,,,,,false,false,,false
00000003182,,,,,,false,false,,false
00000003183,,,,,,false,false,,false
00000003184,,,,,,false,false,,false
00000003185,,,,,,false,false,,false
00000003186,,,,,,false,false,,false
00000003187,,,,,,false,false,,false
00000003188,,,,,,false,false,,false
00000003189,,,,,,false,false,,false
00000003190,,,,,,false,false,,false
00000003191,,,,,,false,false,,false
00000003192,,,,,,false,false,,false
00000003193,,,,,,false,false,,false
00000003194,,,,,,false,false,,false
00000003195,,,,,,false,false,,false
00000003196,,,,,,false,false,,false
00000003197,,,,,,false,false,,false
00000003198,,,,,,false,false,,false
00000003199,,,,,,false,false,,false
00000003200,,,,,,false,false,,false
00000003201,,,,,,false,false,,false
00000003202,,,,,,false,false,,false
00000003203,,,,,,false,false,,false
00000003204,,,,,,false,false,,false
00000003205,,,,,,false,false,,false
00000003206,,,,,,false,false,,false
00000003207,,,,,,false,false,,false
00000003208,,,,,,false,false,,false
00000003209,,,,,,false,false,,false
00000003210,,,,,,false,false,,false
00000003211,,,,,,false,false,,false
00000003212,,,,,,false,false,,false
00000003213,,,,,,false,false,,false
00000003214,,,,,,false,false,,false
00000003215,,,,,,false,false,,false
00000003216,,,,,,false,false,,false
00000003217,,,,,,false,false,,false
00000003218,,,,,,false,false,,false
00000003219,,,,,,false,false,,false
00000003220,,,,,,false,false,,false
00000003221,,,,,,false,false,,false
00000003222,,,,,,false,false,,false
00000003223,,,,,,false,false,,false
00000003224,,,,,,false,false,,false
00000003225,,,,,,false,false,,false
00000003226,,,,,,false,false,,false
00000003227,,,,,,false,false,,false
00000003228,,,,,,false,false,,false
00000003229,,,,,,false,false,,false
00000003230,,,,,,false,false,,false
00000003231,,,,,,false,false,,false
00000003232,,,,,,false,false,,false
00000003233,,,,,,false,false,,false
00000003234,,,,,,false,false,,false
00000003235,,,,,,false,false,,false
00000003236,,,,,,false,false,,false
00000003237,,,,,,false,false,,false
00000003238,,,,,,false,false,,false
00000003239,,,,,,false,false,,false
00000003240,,,,,,false,false,,false
00000003241,,,,,,false,false,,false
00000003242,,,,,,false,false,,false
00000003243,,,,,,false,false,,false
00000003244,,,,,,false,false,,false
00000003245,,,,,,false,false,,false
00000003246,,,,,,false,false,,false
00000003247,,,,,,false,false,,false
00000003248,,,,,,false,false,,false
00000003249,,,,,,false,false,,false
00000003250,,,,,,false,false,,false
00000003251,,,,,,false,false,,false
00000003252,,,,,,false,false,,false
00000003253,,,,,,false,false,,false
00000003254,,,,,,false,false,,false
00000003255,,,,,,false,false,,false
00000003256,,,,,,false,false,,false
00000003257,,,,,,false,false,,false
00000003258,,,,,,false,false,,false
00000003259,,,,,,false,false,,false
00000003260,,,,,,false,false,,false
00000003261,,,,,,false,false,,false
00000003262,,,,,,false,false,,false
00000003263,,,,,,false,false,,false
00000003264,,,,,,false,false,,false
00000003265,,,,,,false,false,,false
00000003266,,,,,,false,false,,false
00000003267,,,,,,false,false,,false
00000003268,,,,,,false,false,,false
00000003269,,,,,,false,false,,false
00000003270,,,,,,false,false,,false
00000003271,,,,,,false,false,,false
00000003272,,,,,,false,false,,false
00000003273,,,,,,false,false,,false
00000003274,,,,,,false,false,,false
00000003275,,,,,,false,false,,false
00000003276,,,,,,false,false,,false
00000003277,,,,,,false,false,,false
00000003278,,,,,,false,false,,false
00000003279,,,,,,false,false,,false
00000003280,,,,,,false,false,,false
00000003281,,,,,,false,false,,false
00000003282,,,,,,false,false,,false
00000003283,,,,,,false,false,,false
00000003284,,,,,,false,false,,false
00000003285,,,,,,false,false,,false
00000003286,,,,,,false,false,,false
00000003287,,,,,,false,false,,false
00000003288,,,,,,false,false,,false
00000003289,,,,,,false,false,,false
00000003290,,,,,,false,false,,false
00000003291,,,,,,false,false,,false
00000003292,,,,,,false,false,,false
00000003293,,,,,,false,false,,false
00000003294,,,,,,false,false,,false
00000003295,,,,,,false,false,,false
00000003296,,,,,,false,false,,false
00000003297,,,,,,false,false,,false
00000003298,,,,,,false,false,,false
00000003299,,,,,,false,false,,false
00000003300,,,,,,false,false,,false
00000003301,,,,,,false,false,,false
00000003302,,,,,,false,false,,false
00000003303,,,,,,false,false,,false
00000003304,,,,,,false,false,,false
00000003305,,,,,,false,false,,false
00000003306,,,,,,false,false,,false
00000003307,,,,,,false,false,,false
00000003308,,,,,,false,false,,false
00000003309,,,,,,false,false,,false
00000003310,,,,,,false,false,,false
00000003311,,,,,,false,false,,false
00000003312,,,,,,false,false,,false
00000003313,,,,,,false,false,,false
00000003314,,,,,,false,false,,false
00000003315,,,,,,false,false,,false
00000003316,,,,,,false,false,,false
00000003317,,,,,,false,false,,false
00000003318,,,,,,false,false,,false
00000003319,,,,,,false,false,,false
00000003320,,,,,,false,false,,false
00000003321,,,,,,false,false,,false
00000003322,,,,,,false,false,,false
00000003323,,,,,,false,false,,false
00000003324,,,,,,false,false,,false
00000003325,,,,,,false,false,,false
00000003326,,,,,,false,false,,false
00000003327,,,,,,false,false,,false
00000003328,,,,,,false,false,,false
00000003329,,,,,,false,false,,false
00000003330,,,,,,false,false,,false
00000003331,,,,,,false,false,,false
00000003332,,,,,,false,false,,false
00000003333,,,,,,false,false,,false
00000003334,,,,,,false,false,,false
00000003335,,,,,,false,false,,false
00000003336,,,,,,false,false,,false
00000003337,,,,,,false,false,,false
00000003338,,,,,,false,false,,false
00000003339,,,,,,false,false,,false
00000003340,,,,,,false,false,,false
00000003341,,,,,,false,false,,false
00000003342,,,,,,false,false,,false
00000003343,,,,,,false,false,,false
00000003344,,,,,,false,false,,false
00000003345,,,,,,false,false,,false
00000003346,,,,,,false,false,,false
00000003347,,,,,,false,false,,false
00000003348,,,,,,false,false,,false
00000003349,,,,,,false,false,,false
00000003350,,,,,,false,false,,false
00000003351,,,,,,false,false,,false
00000003352,,,,,,false,false,,false
00000003353,,,,,,false,false,,false
00000003354,,,,,,false,false,,false
00000003355,,,,,,false,false,,false
00000003356,,,,,,false,false,,false
00000003357,,,,,,false,false,,false
00000003358,,,,,,false,false,,false
00000003359,,,,,,false,false,,false
00000003360,,,,,,false,false,,false
00000003361,,,,,,false,false,,false
00000003362,,,,,,false,false,,false
00000003363,,,,,,false,false,,false
00000003364,,,,,,false,false,,false
00000003365,,,,,,false,false,,false
00000003366,,,,,,false,false,,false
00000003367,,,,,,false,false,,false
00000003368,,,,,,false,false,,false
00000003369,,,,,,false,false,,false
00000003370,,,,,,false,false,,false
00000003371,,,,,,false,false,,false
00000003372,,,,,,false,false,,false
00000003373,,,,,,false,false,,false
00000003374,,,,,,false,false,,false
00000003375,,,,,,false,false,,false
00000003376,,,,,,false,false,,false
00000003377,,,,,,false,false,,false
00000003378,,,,,,false,false,,false
00000003379,,,,,,false,false,,false
00000003380,,,,,,false,false,,false
00000003381,,,,,,false,false,,false
00000003382,,,,,,false,false,,false
00000003383,,,,,,false,false,,false
00000003384,,,,,,false,false,,false
00000003385,,,,,,false,false,,false
00000003386,,,,,,false,false,,false
00000003387,,,,,,false,false,,false
00000003388,,,,,,false,false,,false
00000003389,,,,,,false,false,,false
00000003390,,,,,,false,false,,false
00000003391,,,,,,false,false,,false
00000003392,,,,,,false,false,,false
00000003393,,,,,,false,false,,false
00000003394,,,,,,false,false,,false
00000003395,,,,,,false,false,,false
00000003396,,,,,,false,false,,false
00000003397,,,,,,false,false,,false
00000003398,,,,,,false,false,,false
00000003399,,,,,,false,false,,false
00000003400,,,,,,false,false,,false
00000003401,,,,,,false,false,,false
00000003402,,,,,,false,false,,false
00000003403,,,,,,false,false,,false
00000003404,,,,,,false,false,,false
00000003405,,,,,,false,false,,false
00000003406,,,,,,false,false,,false
00000003407,,,,,,false,false,,false
00000003408,,,,,,false,false,,false
00000003409,,,,,,false,false,,false
00000003410,,,,,,false,false,,false
00000003411,,,,,,false,false,,false
00000003412,,,,,,false,false,,false
00000003413,,,,,,false,false,,false
00000003414,,,,,,false,false,,false
00000003415,,,,,,false,false,,false
00000003416,,,,,,false,false,,false
00000003417,,,,,,false,false,,false
00000003418,,,,,,false,false,,false
00000003419,,,,,,false,false,,false
00000003420,,,,,,false,false,,false
00000003421,,,,,,false,false,,false
00000003422,,,,,,false,false,,false
00000003423,,,,,,false,false,,false
00000003424,,,,,,false,false,,false
00000003425,,,,,,false,false,,false
00000003426,,,,,,false,false,,false
00000003427,,,,,,false,false,,false
00000003428,,,,,,false,false,,false
00000003429,,,,,,false,false,,false
00000003430,,,,,,false,false,,false
00000003431,,,,,,false,false,,false
00000003432,,,,,,false,false,,false
00000003433,,,,,,false,false,,false
00000003434,,,,,,false,false,,false
00000003435,,,,,,false,false,,false
00000003436,,,,,,false,false,,false
00000003437,,,,,,false,false,,false
00000003438,,,,,,false,false,,false
00000003439,,,,,,false,false,,false
00000003440,,,,,,false,false,,false
00000003441,,,,,,false,false,,false
00000003442,,,,,,false,false,,false
00000003443,,,,,,false,false,,false
00000003444,,,,,,false,false,,false
00000003445,,,,,,false,false,,false
00000003446,,,,,,false,false,,false
00000003447,,,,,,false,false,,false
00000003448,,,,,,false,false,,false
00000003449,,,,,,false,false,,false
00000003450,,,,,,false,false,,false
00000003451,,,,,,false,false,,false
00000003452,,,,,,false,false,,false
00000003453,,,,,,false,false,,false
00000003454,,,,,,false,false,,false
00000003455,,,,,,false,false,,false
00000003456,,,,,,false,false,,false
00000003457,,,,,,false,false,,false
00000003458,,,,,,false,false,,false
00000003459,,,,,,false,false,,false
00000003460,,,,,,false,false,,false
00000003461,,,,,,false,false,,false
00000003462,,,,,,false,false,,false
00000003463,,,,,,false,false,,false
00000003464,,,,,,false,false,,false
00000003465,,,,,,false,false,,false
00000003466,,,,,,false,false,,false
00000003467,,,,,,false,false,,false
00000003468,,,,,,false,false,,false
00000003469,,,,,,false,false,,false
00000003470,,,,,,false,false,,false
00000003471,,,,,,false,false,,false
00000003472,,,,,,false,false,,false
00000003473,,,,,,false,false,,false
00000003474,,,,,,false,false,,false
00000003475,,,,,,false,false,,false
00000003476,,,,,,false,false,,false
00000003477,,,,,,false,false,,false
00000003478,,,,,,false,false,,false
00000003479,,,,,,false,false,,false
00000003480,,,,,,false,false,,false
00000003481,,,,,,false,false,,false
00000003482,,,,,,false,false,,false
00000003483,,,,,,false,false,,false
00000003484,,,,,,false,false,,false
00000003485,,,,,,false,false,,false
00000003486,,,,,,false,false,,false
00000003487,,,,,,false,false,,false
00000003488,,,,,,false,false,,false
00000003489,,,,,,false,false,,false
00000003490,,,,,,false,false,,false
00000003491,,,,,,false,false,,false
00000003492,,,,,,false,false,,false
00000003493,,,,,,false,false,,false
00000003494,,,,,,false,false,,false
00000003495,,,,,,false,false,,false
00000003496,,,,,,false,false,,false
00000003497,,,,,,false,false,,false
00000003498,,,,,,false,false,,false
00000003499,,,,,,false,false,,false
00000003500,,,,,,false,false,,false
00000003501,,,,,,false,false,,false
00000003502,,,,,,false,false,,false
00000003503,,,,,,false,false,,false
00000003504,,,,,,false,false,,false
00000003505,,,,,,false,false,,false
00000003506,,,,,,false,false,,false
00000003507,,,,,,false,false,,false
00000003508,,,,,,false,false,,false
00000003509,,,,,,false,false,,false
00000003510,,,,,,false,false,,false
00000003511,,,,,,false,false,,false
00000003512,,,,,,false,false,,false
00000003513,,,,,,false,false,,false
00000003514,,,,,,false,false,,false
00000003515,,,,,,false,false,,false
00000003516,,,,,,false,false,,false
00000003517,,,,,,false,false,,false
00000003518,,,,,,false,false,,false
00000003519,,,,,,false,false,,false
00000003520,,,,,,false,false,,false
00000003521,,,,,,false,false,,false
00000003522,,,,,,false,false,,false
00000003523,,,,,,false,false,,false
00000003524,,,,,,false,false,,false
00000003525,,,,,,false,false,,false
00000003526,,,,,,false,false,,false
00000003527,,,,,,false,false,,false
00000003528,,,,,,false,false,,false
00000003529,,,,,,false,false,,false
00000003530,,,,,,false,false,,false
00000003531,,,,,,false,false,,false
00000003532,,,,,,false,false,,false
00000003533,,,,,,false,false,,false
00000003534,,,,,,false,false,,false
00000003535,,,,,,false,false,,false
00000003536,,,,,,false,false,,false
00000003537,,,,,,false,false,,false
00000003538,,,,,,false,false,,false
00000003539,,,,,,false,false,,false
00000003540,,,,,,false,false,,false
00000003541,,,,,,false,false,,false
00000003542,,,,,,false,false,,false
00000003543,,,,,,false,false,,false
00000003544,,,,,,false,false,,false
00000003545,,,,,,false,false,,false
00000003546,,,,,,false,false,,false
00000003547,,,,,,false,false,,false
00000003548,,,,,,false,false,,false
00000003549,,,,,,false,false,,false
00000003550,,,,,,false,false,,false
00000003551,,,,,,false,false,,false
00000003552,,,,,,false,false,,false
00000003553,,,,,,false,false,,false
00000003554,,,,,,false,false,,false
00000003555,,,,,,false,false,,false
00000003556,,,,,,false,false,,false
00000003557,,,,,,false,false,,false
00000003558,,,,,,false,false,,false
00000003559,,,,,,false,false,,false
00000003560,,,,,,false,false,,false
00000003561,,,,,,false,false,,false
00000003562,,,,,,false,false,,false
00000003563,,,,,,false,false,,false
00000003564,,,,,,false,false,,false
00000003565,,,,,,false,false,,false
00000003566,,,,,,false,false,,false
00000003567,,,,,,false,false,,false
00000003568,,,,,,false,false,,false
00000003569,,,,,,false,false,,false
00000003570,,,,,,false,false,,false
00000003571,,,,,,false,false,,false
00000003572,,,,,,false,false,,false
00000003573,,,,,,false,false,,false
00000003574,,,,,,false,false,,false
00000003575,,,,,,false,false,,false
00000003576,,,,,,false,false,,false
00000003577,,,,,,false,false,,false
00000003578,,,,,,false,false,,false
00000003579,,,,,,false,false,,false
00000003580,,,,,,false,false,,false
00000003581,,,,,,false,false,,false
00000003582,,,,,,false,false,,false
00000003583,,,,,,false,false,,false
00000003584,,,,,,false,false,,false
00000003585,,,,,,false,false,,false
00000003586,,,,,,false,false,,false
00000003587,,,,,,false,false,,false
00000003588,,,,,,false,false,,false
00000003589,,,,,,false,false,,false
00000003590,,,,,,false,false,,false
00000003591,,,,,,false,false,,false
00000003592,,,,,,false,false,,false
00000003593,,,,,,false,false,,false
00000003594,,,,,,false,false,,false
00000003595,,,,,,false,false,,false
00000003596,,,,,,false,false,,false
00000003597,,,,,,false,false,,false
00000003598,,,,,,false,false,,false
00000003599,,,,,,false,false,,false
00000003600,,,,,,false,false,,false
00000003601,,,,,,false,false,,false
00000003602,,,,,,false,false,,false
00000003603,,,,,,false,false,,false
00000003604,,,,,,false,false,,false
00000003605,,,,,,false,false,,false
00000003606,,,,,,false,false,,false
00000003607,,,,,,false,false,,false
00000003608,,,,,,false,false,,false
00000003609,,,,,,false,false,,false
00000003610,,,,,,false,false,,false
00000003611,,,,,,false,false,,false
00000003612,,,,,,false,false,,false
00000003613,,,,,,false,false,,false
00000003614,,,,,,false,false,,false
00000003615,,,,,,false,false,,false
00000003616,,,,,,false,false,,false
00000003617,,,,,,false,false,,false
00000003618,,,,,,false,false,,false
00000003619,,,,,,false,false,,false
00000003620,,,,,,false,false,,false
00000003621,,,,,,false,false,,false
00000003622,,,,,,false,false,,false
00000003623,,,,,,false,false,,false
00000003624,,,,,,false,false,,false
00000003625,,,,,,false,false,,false
00000003626,,,,,,false,false,,false
00000003627,,,,,,false,false,,false
00000003628,,,,,,false,false,,false
00000003629,,,,,,false,false,,false
00000003630,,,,,,false,false,,false
00000003631,,,,,,false,false,,false
00000003632,,,,,,false,false,,false
00000003633,,,,,,false,false,,false
00000003634,,,,,,false,false,,false
00000003635,,,,,,false,false,,false
00000003636,,,,,,false,false,,false
00000003637,,,,,,false,false,,false
00000003638,,,,,,false,false,,false
00000003639,,,,,,false,false,,false
00000003640,,,,,,false,false,,false
00000003641,,,,,,false,false,,false
00000003642,,,,,,false,false,,false
00000003643,,,,,,false,false,,false
00000003644,,,,,,false,false,,false
00000003645,,,,,,false,false,,false
00000003646,,,,,,false,false,,false
00000003647,,,,,,false,false,,false
00000003648,,,,,,false,false,,false
00000003649,,,,,,false,false,,false
00000003650,,,,,,false,false,,false
00000003651,,,,,,false,false,,false
00000003652,,,,,,false,false,,false
00000003653,,,,,,false,false,,false
00000003654,,,,,,false,false,,false
00000003655,,,,,,false,false,,false
00000003656,,,,,,false,false,,false
00000003657,,,,,,false,false,,false
00000003658,,,,,,false,false,,false
00000003659,,,,,,false,false,,false
00000003660,,,,,,false,false,,false
00000003661,,,,,,false,false,,false
00000003662,,,,,,false,false,,false
00000003663,,,,,,false,false,,false
00000003664,,,,,,false,false,,false
00000003665,,,,,,false,false,,false
00000003666,,,,,,false,false,,false
00000003667,,,,,,false,false,,false
00000003668,,,,,,false,false,,false
00000003669,,,,,,false,false,,false
00000003670,,,,,,false,false,,false
00000003671,,,,,,false,false,,false
00000003672,,,,,,false,false,,false
00000003673,,,,,,false,false,,false
00000003674,,,,,,false,false,,false
00000003675,,,,,,false,false,,false
00000003676,,,,,,false,false,,false
00000003677,,,,,,false,false,,false
00000003678,,,,,,false,false,,false
00000003679,,,,,,false,false,,false
00000003680,,,,,,false,false,,false
00000003681,,,,,,false,false,,false
00000003682,,,,,,false,false,,false
00000003683,,,,,,false,false,,false
00000003684,,,,,,false,false,,false
00000003685,,,,,,false,false,,false
00000003686,,,,,,false,false,,false
00000003687,,,,,,false,false,,false
00000003688,,,,,,false,false,,false
00000003689,,,,,,false,false,,false
00000003690,,,,,,false,false,,false
00000003691,,,,,,false,false,,false
00000003692,,,,,,false,false,,false
00000003693,,,,,,false,false,,false
00000003694,,,,,,false,false,,false
00000003695,,,,,,false,false,,false
00000003696,,,,,,false,false,,false
00000003697,,,,,,false,false,,false
00000003698,,,,,,false,false,,false
00000003699,,,,,,false,false,,false
00000003700,,,,,,false,false,,false
00000003701,,,,,,false,false,,false
00000003702,,,,,,false,false,,false
00000003703,,,,,,false,false,,false
00000003704,,,,,,false,false,,false
00000003705,,,,,,false,false,,false
00000003706,,,,,,false,false,,false
00000003707,,,,,,false,false,,false
00000003708,,,,,,false,false,,false
00000003709,,,,,,false,false,,false
00000003710,,,,,,false,false,,false
00000003711,,,,,,false,false,,false
00000003712,,,,,,false,false,,false
00000003713,,,,,,false,false,,false
00000003714,,,,,,false,false,,false
00000003715,,,,,,false,false,,false
00000003716,,,,,,false,false,,false
00000003717,,,,,,false,false,,false
00000003718,,,,,,false,false,,false
00000003719,,,,,,false,false,,false
00000003720,,,,,,false,false,,false
00000003721,,,,,,false,false,,false
00000003722,,,,,,false,false,,false
00000003723,,,,,,false,false,,false
00000003724,,,,,,false,false,,false
00000003725,,,,,,false,false,,false
00000003726,,,,,,false,false,,false
00000003727,,,,,,false,false,,false
00000003728,,,,,,false,false,,false
00000003729,,,,,,false,false,,false
00000003730,,,,,,false,false,,false
00000003731,,,,,,false,false,,false
00000003732,,,,,,false,false,,false
00000003733,,,,,,false,false,,false
00000003734,,,,,,false,false,,false
00000003735,,,,,,false,false,,false
00000003736,,,,,,false,false,,false
00000003737,,,,,,false,false,,false
00000003738,,,,,,false,false,,false
00000003739,,,,,,false,false,,false
00000003740,,,,,,false,false,,false
00000003741,,,,,,false,false,,false
00000003742,,,,,,false,false,,false
00000003743,,,,,,false,false,,false
00000003744,,,,,,false,false,,false
00000003745,,,,,,false,false,,false
00000003746,,,,,,false,false,,false
00000003747,,,,,,false,false,,false
00000003748,,,,,,false,false,,false
00000003749,,,,,,false,false,,false
00000003750,,,,,,false,false,,false
00000003751,,,,,,false,false,,false
00000003752,,,,,,false,false,,false
00000003753,,,,,,false,false,,false
00000003754,,,,,,false,false,,false
00000003755,,,,,,false,false,,false
00000003756,,,,,,false,false,,false
00000003757,,,,,,false,false,,false
00000003758,,,,,,false,false,,false
00000003759,,,,,,false,false,,false
00000003760,,,,,,false,false,,false
00000003761,,,,,,false,false,,false
00000003762,,,,,,false,false,,false
00000003763,,,,,,false,false,,false
00000003764,,,,,,false,false,,false
00000003765,,,,,,false,false,,false
00000003766,,,,,,false,false,,false
00000003767,,,,,,false,false,,false
00000003768,,,,,,false,false,,false
00000003769,,,,,,false,false,,false
00000003770,,,,,,false,false,,false
00000003771,,,,,,false,false,,false
00000003772,,,,,,false,false,,false
00000003773,,,,,,false,false,,false
00000003774,,,,,,false,false,,false
00000003775,,,,,,false,false,,false
00000003776,,,,,,false,false,,false
00000003777,,,,,,false,false,,false
00000003778,,,,,,false,false,,false
00000003779,,,,,,false,false,,false
00000003780,,,,,,false,false,,false
00000003781,,,,,,false,false,,false
00000003782,,,,,,false,false,,false
00000003783,,,,,,false,false,,false
00000003784,,,,,,false,false,,false
00000003785,,,,,,false,false,,false
00000003786,,,,,,false,false,,false
00000003787,,,,,,false,false,,false
00000003788,,,,,,false,false,,false
00000003789,,,,,,false,false,,false
00000003790,,,,,,false,false,,false
00000003791,,,,,,false,false,,false
00000003792,,,,,,false,false,,false
00000003793,,,,,,false,false,,false
00000003794,,,,,,false,false,,false
00000003795,,,,,,false,false,,false
00000003796,,,,,,false,false,,false
00000003797,,,,,,false,false,,false
00000003798,,,,,,false,false,,false
00000003799,,,,,,false,false,,false
00000003800,,,,,,false,false,,false
00000003801,,,,,,false,false,,false
00000003802,,,,,,false,false,,false
00000003803,,,,,,false,false,,false
00000003804,,,,,,false,false,,false
00000003805,,,,,,false,false,,false
00000003806,,,,,,false,false,,false
00000003807,,,,,,false,false,,false
00000003808,,,,,,false,false,,false
00000003809,,,,,,false,false,,false
00000003810,,,,,,false,false,,false
00000003811,,,,,,false,false,,false
00000003812,,,,,,false,false,,false
00000003813,,,,,,false,false,,false
00000003814,,,,,,false,false,,false
00000003815,,,,,,false,false,,false
00000003816,,,,,,false,false,,false
00000003817,,,,,,false,false,,false
00000003818,,,,,,false,false,,false
00000003819,,,,,,false,false,,false
00000003820,,,,,,false,false,,false
00000003821,,,,,,false,false,,false
00000003822,,,,,,false,false,,false
00000003823,,,,,,false,false,,false
00000003824,,,,,,false,false,,false
00000003825,,,,,,false,false,,false
00000003826,,,,,,false,false,,false
00000003827,,,,,,false,false,,false
00000003828,,,,,,false,false,,false
00000003829,,,,,,false,false,,false
00000003830,,,,,,false,false,,false
00000003831,,,,,,false,false,,false
00000003832,,,,,,false,false,,false
00000003833,,,,,,false,false,,false
00000003834,,,,,,false,false,,false
00000003835,,,,,,false,false,,false
00000003836,,,,,,false,false,,false
00000003837,,,,,,false,false,,false
00000003838,,,,,,false,false,,false
00000003839,,,,,,false,false,,false
00000003840,,,,,,false,false,,false
00000003841,,,,,,false,false,,false
00000003842,,,,,,false,false,,false
00000003843,,,,,,false,false,,false
00000003844,,,,,,false,false,,false
00000003845,,,,,,false,false,,false
00000003846,,,,,,false,false,,false
00000003847,,,,,,false,false,,false
00000003848,,,,,,false,false,,false
00000003849,,,,,,false,false,,false
00000003850,,,,,,false,false,,false
00000003851,,,,,,false,false,,false
00000003852,,,,,,false,false,,false
00000003853,,,,,,false,false,,false
00000003854,,,,,,false,false,,false
00000003855,,,,,,false,false,,false
00000003856,,,,,,false,false,,false
00000003857,,,,,,false,false,,false
00000003858,,,,,,false,false,,false
00000003859,,,,,,false,false,,false
00000003860,,,,,,false,false,,false
00000003861,,,,,,false,false,,false
00000003862,,,,,,false,false,,false
00000003863,,,,,,false,false,,false
00000003864,,,,,,false,false,,false
00000003865,,,,,,false,false,,false
00000003866,,,,,,false,false,,false
00000003867,,,,,,false,false,,false
00000003868,,,,,,false,false,,false
00000003869,,,,,,false,false,,false
00000003870,,,,,,false,false,,false
00000003871,,,,,,false,false,,false
00000003872,,,,,,false,false,,false
00000003873,,,,,,false,false,,false
00000003874,,,,,,false,false,,false
00000003875,,,,,,false,false,,false
00000003876,,,,,,false,false,,false
00000003877,,,,,,false,false,,false
00000003878,,,,,,false,false,,false
00000003879,,,,,,false,false,,false
00000003880,,,,,,false,false,,false
00000003881,,,,,,false,false,,false
00000003882,,,,,,false,false,,false
00000003883,,,,,,false,false,,false
00000003884,,,,,,false,false,,false
00000003885,,,,,,false,false,,false
00000003886,,,,,,false,false,,false
00000003887,,,,,,false,false,,false
00000003888,,,,,,false,false,,false
00000003889,,,,,,false,false,,false
00000003890,,,,,,false,false,,false
00000003891,,,,,,false,false,,false
00000003892,,,,,,false,false,,false
00000003893,,,,,,false,false,,false
00000003894,,,,,,false,false,,false
00000003895,,,,,,false,false,,false
00000003896,,,,,,false,false,,false
00000003897,,,,,,false,false,,false
00000003898,,,,,,false,false,,false
00000003899,,,,,,false,false,,false
00000003900,,,,,,false,false,,false
00000003901,,,,,,false,false,,false
00000003902,,,,,,false,false,,false
00000003903,,,,,,false,false,,false
00000003904,,,,,,false,false,,false
00000003905,,,,,,false,false,,false
00000003906,,,,,,false,false,,false
00000003907,,,,,,false,false,,false
00000003908,,,,,,false,false,,false
00000003909,,,,,,false,false,,false
00000003910,,,,,,false,false,,false
00000003911,,,,,,false,false,,false
00000003912,,,,,,false,false,,false
00000003913,,,,,,false,false,,false
00000003914,,,,,,false,false,,false
00000003915,,,,,,false,false,,false
00000003916,,,,,,false,false,,false
00000003917,,,,,,false,false,,false
00000003918,,,,,,false,false,,false
00000003919,,,,,,false,false,,false
00000003920,,,,,,false,false,,false
00000003921,,,,,,false,false,,false
00000003922,,,,,,false,false,,false
00000003923,,,,,,false,false,,false
00000003924,,,,,,false,false,,false
00000003925,,,,,,false,false,,false
00000003926,,,,,,false,false,,false
00000003927,,,,,,false,false,,false
00000003928,,,,,,false,false,,false
00000003929,,,,,,false,false,,false
00000003930,,,,,,false,false,,false
00000003931,,,,,,false,false,,false
00000003932,,,,,,false,false,,false
00000003933,,,,,,false,false,,false
00000003934,,,,,,false,false,,false
00000003935,,,,,,false,false,,false
00000003936,,,,,,false,false,,false
00000003937,,,,,,false,false,,false
00000003938,,,,,,false,false,,false
00000003939,,,,,,false,false,,false
00000003940,,,,,,false,false,,false
00000003941,,,,,,false,false,,false
00000003942,,,,,,false,false,,false
00000003943,,,,,,false,false,,false
00000003944,,,,,,false,false,,false
00000003945,,,,,,false,false,,false
00000003946,,,,,,false,false,,false
00000003947,,,,,,false,false,,false
00000003948,,,,,,false,false,,false
00000003949,,,,,,false,false,,false
00000003950,,,,,,false,false,,false
00000003951,,,,,,false,false,,false
00000003952,,,,,,false,false,,false
00000003953,,,,,,false,false,,false
00000003954,,,,,,false,false,,false
00000003955,,,,,,false,false,,false
00000003956,,,,,,false,false,,false
00000003957,,,,,,false,false,,false
00000003958,,,,,,false,false,,false
00000003959,,,,,,false,false,,false
00000003960,,,,,,false,false,,false
00000003961,,,,,,false,false,,false
00000003962,,,,,,false,false,,false
00000003963,,,,,,false,false,,false
00000003964,,,,,,false,false,,false
00000003965,,,,,,false,false,,false
00000003966,,,,,,false,false,,false
00000003967,,,,,,false,false,,false
00000003968,,,,,,false,false,,false
00000003969,,,,,,false,false,,false
00000003970,,,,,,false,false,,false
00000003971,,,,,,false,false,,false
00000003972,,,,,,false,false,,false
00000003973,,,,,,false,false,,false
00000003974,,,,,,false,false,,false
00000003975,,,,,,false,false,,false
00000003976,,,,,,false,false,,false
00000003977,,,,,,false,false,,false
00000003978,,,,,,false,false,,false
00000003979,,,,,,false,false,,false
00000003980,,,,,,false,false,,false
00000003981,,,,,,false,false,,false
00000003982,,,,,,false,false,,false
00000003983,,,,,,false,false,,false
00000003984,,,,,,false,false,,false
00000003985,,,,,,false,false,,false
00000003986,,,,,,false,false,,false
00000003987,,,,,,false,false,,false
00000003988,,,,,,false,false,,false
00000003989,,,,,,false,false,,false
00000003990,,,,,,false,false,,false
00000003991,,,,,,false,false,,false
00000003992,,,,,,false,false,,false
00000003993,,,,,,false,false,,false
00000003994,,,,,,false,false,,false
00000003995,,,,,,false,false,,false
00000003996,,,,,,false,false,,false
00000003997,,,,,,false,false,,false
00000003998,,,,,,false,false,,false
00000003999,,,,,,false,false,,false
00000004000,,,,,,false,false,,false
00000004001,,,,,,false,false,,false
00000004002,,,,,,false,false,,false
00000004003,,,,,,false,false,,false
00000004004,,,,,,false,false,,false
00000004005,,,,,,false,false,,false
00000004006,,,,,,false,false,,false
00000004007,,,,,,false,false,,false
00000004008,,,,,,false,false,,false
00000004009,,,,,,false,false,,false
00000004010,,,,,,false,false,,false
00000004011,,,,,,false,false,,false
00000004012,,,,,,false,false,,false
00000004013,,,,,,false,false,,false
00000004014,,,,,,false,false,,false
00000004015,,,,,,false,false,,false
00000004016,,,,,,false,false,,false
00000004017,,,,,,false,false,,false
00000004018,,,,,,false,false,,false
00000004019,,,,,,false,false,,false
00000004020,,,,,,false,false,,false
00000004021,,,,,,false,false,,false
00000004022,,,,,,false,false,,false
00000004023,,,,,,false,false,,false
00000004024,,,,,,false,false,,false
00000004025,,,,,,false,false,,false
00000004026,,,,,,false,false,,false
00000004027,,,,,,false,false,,false
00000004028,,,,,,false,false,,false
00000004029,,,,,,false,false,,false
00000004030,,,,,,false,false,,false
00000004031,,,,,,false,false,,false
00000004032,,,,,,false,false,,false
00000004033,,,,,,false,false,,false
00000004034,,,,,,false,false,,false
00000004035,,,,,,false,false,,false
00000004036,,,,,,false,false,,false
00000004037,,,,,,false,false,,false
00000004038,,,,,,false,false,,false
00000004039,,,,,,false,false,,false
00000004040,,,,,,false,false,,false
00000004041,,,,,,false,false,,false
00000004042,,,,,,false,false,,false
00000004043,,,,,,false,false,,false
00000004044,,,,,,false,false,,false
00000004045,,,,,,false,false,,false
00000004046,,,,,,false,false,,false
00000004047,,,,,,false,false,,false
00000004048,,,,,,false,false,,false
00000004049,,,,,,false,false,,false
00000004050,,,,,,false,false,,false
00000004051,,,,,,false,false,,false
00000004052,,,,,,false,false,,false
00000004053,,,,,,false,false,,false
00000004054,,,,,,false,false,,false
00000004055,,,,,,false,false,,false
00000004056,,,,,,false,false,,false
00000004057,,,,,,false,false,,false
00000004058,,,,,,false,false,,false
00000004059,,,,,,false,false,,false
00000004060,,,,,,false,false,,false
00000004061,,,,,,false,false,,false
00000004062,,,,,,false,false,,false
00000004063,,,,,,false,false,,false
00000004064,,,,,,false,false,,false
00000004065,,,,,,false,false,,false
00000004066,,,,,,false,false,,false
00000004067,,,,,,false,false,,false
00000004068,,,,,,false,false,,false
00000004069,,,,,,false,false,,false
00000004070,,,,,,false,false,,false
00000004071,,,,,,false,false,,false
00000004072,,,,,,false,false,,false
00000004073,,,,,,false,false,,false
00000004074,,,,,,false,false,,false
00000004075,,,,,,false,false,,false
00000004076,,,,,,false,false,,false
00000004077,,,,,,false,false,,false
00000004078,,,,,,false,false,,false
00000004079,,,,,,false,false,,false
00000004080,,,,,,false,false,,false
00000004081,,,,,,false,false,,false
00000004082,,,,,,false,false,,false
00000004083,,,,,,false,false,,false
00000004084,,,,,,false,false,,false
00000004085,,,,,,false,false,,false
00000004086,,,,,,false,false,,false
00000004087,,,,,,false,false,,false
00000004088,,,,,,false,false,,false
00000004089,,,,,,false,false,,false
00000004090,,,,,,false,false,,false
00000004091,,,,,,false,false,,false
00000004092,,,,,,false,false,,false
00000004093,,,,,,false,false,,false
00000004094,,,,,,false,false,,false
00000004095,,,,,,false,false,,false
00000004096,,,,,,false,false,,false
00000004097,,,,,,false,false,,false
00000004098,,,,,,false,false,,false
00000004099,,,,,,false,false,,false
00000004100,,,,,,false,false,,false
00000004101,,,,,,false,false,,false
00000004102,,,,,,false,false,,false
00000004103,,,,,,false,false,,false
00000004104,,,,,,false,false,,false
00000004105,,,,,,false,false,,false
00000004106,,,,,,false,false,,false
00000004107,,,,,,false,false,,false
00000004108,,,,,,false,false,,false
00000004109,,,,,,false,false,,false
00000004110,,,,,,false,false,,false
00000004111,,,,,,false,false,,false
00000004112,,,,,,false,false,,false
00000004113,,,,,,false,false,,false
00000004114,,,,,,false,false,,false
00000004115,,,,,,false,false,,false
00000004116,,,,,,false,false,,false
00000004117,,,,,,false,false,,false
00000004118,,,,,,false,false,,false
00000004119,,,,,,false,false,,false
00000004120,,,,,,false,false,,false
00000004121,,,,,,false,false,,false
00000004122,,,,,,false,false,,false
00000004123,,,,,,false,false,,false
00000004124,,,,,,false,false,,false
00000004125,,,,,,false,false,,false
00000004126,,,,,,false,false,,false
00000004127,,,,,,false,false,,false
00000004128,,,,,,false,false,,false
00000004129,,,,,,false,false,,false
00000004130,,,,,,false,false,,false
00000004131,,,,,,false,false,,false
00000004132,,,,,,false,false,,false
00000004133,,,,,,false,false,,false
00000004134,,,,,,false,false,,false
00000004135,,,,,,false,false,,false
00000004136,,,,,,false,false,,false
00000004137,,,,,,false,false,,false
00000004138,,,,,,false,false,,false
00000004139,,,,,,false,false,,false
00000004140,,,,,,false,false,,false
00000004141,,,,,,false,false,,false
00000004142,,,,,,false,false,,false
00000004143,,,,,,false,false,,false
00000004144,,,,,,false,false,,false
00000004145,,,,,,false,false,,false
00000004146,,,,,,false,false,,false
00000004147,,,,,,false,false,,false
00000004148,,,,,,false,false,,false
00000004149,,,,,,false,false,,false
00000004150,,,,,,false,false,,false
00000004151,,,,,,false,false,,false
00000004152,,,,,,false,false,,false
00000004153,,,,,,false,false,,false
00000004154,,,,,,false,false,,false
00000004155,,,,,,false,false,,false
00000004156,,,,,,false,false,,false
00000004157,,,,,,false,false,,false
00000004158,,,,,,false,false,,false
00000004159,,,,,,false,false,,false
00000004160,,,,,,false,false,,false
00000004161,,,,,,false,false,,false
00000004162,,,,,,false,false,,false
00000004163,,,,,,false,false,,false
00000004164,,,,,,false,false,,false
00000004165,,,,,,false,false,,false
00000004166,,,,,,false,false,,false
00000004167,,,,,,false,false,,false
00000004168,,,,,,false,false,,false
00000004169,,,,,,false,false,,false
00000004170,,,,,,false,false,,false
00000004171,,,,,,false,false,,false
00000004172,,,,,,false,false,,false
00000004173,,,,,,false,false,,false
00000004174,,,,,,false,false,,false
00000004175,,,,,,false,false,,false
00000004176,,,,,,false,false,,false
00000004177,,,,,,false,false,,false
00000004178,,,,,,false,false,,false
00000004179,,,,,,false,false,,false
00000004180,,,,,,false,false,,false
00000004181,,,,,,false,false,,false
00000004182,,,,,,false,false,,false
00000004183,,,,,,false,false,,false
00000004184,,,,,,false,false,,false
00000004185,,,,,,false,false,,false
00000004186,,,,,,false,false,,false
00000004187,,,,,,false,false,,false
00000004188,,,,,,false,false,,false
00000004189,,,,,,false,false,,false
00000004190,,,,,,false,false,,false
00000004191,,,,,,false,false,,false
00000004192,,,,,,false,false,,false
00000004193,,,,,,false,false,,false
00000004194,,,,,,false,false,,false
00000004195,,,,,,false,false,,false
00000004196,,,,,,false,false,,false
00000004197,,,,,,false,false,,false
00000004198,,,,,,false,false,,false
00000004199,,,,,,false,false,,false
00000004200,,,,,,false,false,,false
00000004201,,,,,,false,false,,false
00000004202,,,,,,false,false,,false
00000004203,,,,,,false,false,,false
00000004204,,,,,,false,false,,false
00000004205,,,,,,false,false,,false
00000004206,,,,,,false,false,,false
00000004207,,,,,,false,false,,false
00000004208,,,,,,false,false,,false
00000004209,,,,,,false,false,,false
00000004210,,,,,,false,false,,false
00000004211,,,,,,false,false,,false
00000004212,,,,,,false,false,,false
00000004213,,,,,,false,false,,false
00000004214,,,,,,false,false,,false
00000004215,,,,,,false,false,,false
00000004216,,,,,,false,false,,false
00000004217,,,,,,false,false,,false
00000004218,,,,,,false,false,,false
00000004219,,,,,,false,false,,false
00000004220,,,,,,false,false,,false
00000004221,,,,,,false,false,,false
00000004222,,,,,,false,false,,false
00000004223,,,,,,false,false,,false
00000004224,,,,,,false,false,,false
00000004225,,,,,,false,false,,false
00000004226,,,,,,false,false,,false
00000004227,,,,,,false,false,,false
00000004228,,,,,,false,false,,false
00000004229,,,,,,false,false,,false
00000004230,,,,,,false,false,,false
00000004231,,,,,,false,false,,false
00000004232,,,,,,false,false,,false
00000004233,,,,,,false,false,,false
00000004234,,,,,,false,false,,false
00000004235,,,,,,false,false,,false
00000004236,,,,,,false,false,,false
00000004237,,,,,,false,false,,false
00000004238,,,,,,false,false,,false
00000004239,,,,,,false,false,,false
00000004240,,,,,,false,false,,false
00000004241,,,,,,false,false,,false
00000004242,,,,,,false,false,,false
00000004243,,,,,,false,false,,false
00000004244,,,,,,false,false,,false
00000004245,,,,,,false,false,,false
00000004246,,,,,,false,false,,false
00000004247,,,,,,false,false,,false
00000004248,,,,,,false,false,,false
00000004249,,,,,,false,false,,false
00000004250,,,,,,false,false,,false
00000004251,,,,,,false,false,,false
00000004252,,,,,,false,false,,false
00000004253,,,,,,false,false,,false
00000004254,,,,,,false,false,,false
00000004255,,,,,,false,false,,false
00000004256,,,,,,false,false,,false
00000004257,,,,,,false,false,,false
00000004258,,,,,,false,false,,false
00000004259,,,,,,false,false,,false
00000004260,,,,,,false,false,,false
00000004261,,,,,,false,false,,false
00000004262,,,,,,false,false,,false
00000004263,,,,,,false,false,,false
00000004264,,,,,,false,false,,false
00000004265,,,,,,false,false,,false
00000004266,,,,,,false,false,,false
00000004267,,,,,,false,false,,false
00000004268,,,,,,false,false,,false
00000004269,,,,,,false,false,,false
00000004270,,,,,,false,false,,false
00000004271,,,,,,false,false,,false
00000004272,,,,,,false,false,,false
00000004273,,,,,,false,false,,false
00000004274,,,,,,false,false,,false
00000004275,,,,,,false,false,,false
00000004276,,,,,,false,false,,false
00000004277,,,,,,false,false,,false
00000004278,,,,,,false,false,,false
00000004279,,,,,,false,false,,false
00000004280,,,,,,false,false,,false
00000004281,,,,,,false,false,,false
00000004282,,,,,,false,false,,false
00000004283,,,,,,false,false,,false
00000004284,,,,,,false,false,,false
00000004285,,,,,,false,false,,false
00000004286,,,,,,false,false,,false
00000004287,,,,,,false,false,,false
00000004288,,,,,,false,false,,false
00000004289,,,,,,false,false,,false
00000004290,,,,,,false,false,,false
00000004291,,,,,,false,false,,false
00000004292,,,,,,false,false,,false
00000004293,,,,,,false,false,,false
00000004294,,,,,,false,false,,false
00000004295,,,,,,false,false,,false
00000004296,,,,,,false,false,,false
00000004297,,,,,,false,false,,false
00000004298,,,,,,false,false,,false
00000004299,,,,,,false,false,,false
00000004300,,,,,,false,false,,false
00000004301,,,,,,false,false,,false
00000004302,,,,,,false,false,,false
00000004303,,,,,,false,false,,false
00000004304,,,,,,false,false,,false
00000004305,,,,,,false,false,,false
00000004306,,,,,,false,false,,false
00000004307,,,,,,false,false,,false
00000004308,,,,,,false,false,,false
00000004309,,,,,,false,false,,false
00000004310,,,,,,false,false,,false
00000004311,,,,,,false,false,,false
00000004312,,,,,,false,false,,false
00000004313,,,,,,false,false,,false
00000004314,,,,,,false,false,,false
00000004315,,,,,,false,false,,false
00000004316,,,,,,false,false,,false
00000004317,,,,,,false,false,,false
00000004318,,,,,,false,false,,false
00000004319,,,,,,false,false,,false
00000004320,,,,,,false,false,,false
00000004321,,,,,,false,false,,false
00000004322,,,,,,false,false,,false
00000004323,,,,,,false,false,,false
00000004324,,,,,,false,false,,false
00000004325,,,,,,false,false,,false
00000004326,,,,,,false,false,,false
00000004327,,,,,,false,false,,false
00000004328,,,,,,false,false,,false
00000004329,,,,,,false,false,,false
00000004330,,,,,,false,false,,false
00000004331,,,,,,false,false,,false
00000004332,,,,,,false,false,,false
00000004333,,,,,,false,false,,false
00000004334,,,,,,false,false,,false
00000004335,,,,,,false,false,,false
00000004336,,,,,,false,false,,false
00000004337,,,,,,false,false,,false
00000004338,,,,,,false,false,,false
00000004339,,,,,,false,false,,false
00000004340,,,,,,false,false,,false
00000004341,,,,,,false,false,,false
00000004342,,,,,,false,false,,false
00000004343,,,,,,false,false,,false
00000004344,,,,,,false,false,,false
00000004345,,,,,,false,false,,false
00000004346,,,,,,false,false,,false
00000004347,,,,,,false,false,,false
00000004348,,,,,,false,false,,false
00000004349,,,,,,false,false,,false
00000004350,,,,,,false,false,,false
00000004351,,,,,,false,false,,false
00000004352,,,,,,false,false,,false
00000004353,,,,,,false,false,,false
00000004354,,,,,,false,false,,false
00000004355,,,,,,false,false,,false
00000004356,,,,,,false,false,,false
00000004357,,,,,,false,false,,false
00000004358,,,,,,false,false,,false
00000004359,,,,,,false,false,,false
00000004360,,,,,,false,false,,false
00000004361,,,,,,false,false,,false
00000004362,,,,,,false,false,,false
00000004363,,,,,,false,false,,false
00000004364,,,,,,false,false,,false
00000004365,,,,,,false,false,,false
00000004366,,,,,,false,false,,false
00000004367,,,,,,false,false,,false
00000004368,,,,,,false,false,,false
00000004369,,,,,,false,false,,false
00000004370,,,,,,false,false,,false
00000004371,,,,,,false,false,,false
00000004372,,,,,,false,false,,false
00000004373,,,,,,false,false,,false
00000004374,,,,,,false,false,,false
00000004375,,,,,,false,false,,false
00000004376,,,,,,false,false,,false
00000004377,,,,,,false,false,,false
00000004378,,,,,,false,false,,false
00000004379,,,,,,false,false,,false
00000004380,,,,,,false,false,,false
00000004381,,,,,,false,false,,false
00000004382,,,,,,false,false,,false
00000004383,,,,,,false,false,,false
00000004384,,,,,,false,false,,false
00000004385,,,,,,false,false,,false
00000004386,,,,,,false,false,,false
00000004387,,,,,,false,false,,false
00000004388,,,,,,false,false,,false
00000004389,,,,,,false,false,,false
00000004390,,,,,,false,false,,false
00000004391,,,,,,false,false,,false
00000004392,,,,,,false,false,,false
00000004393,,,,,,false,false,,false
00000004394,,,,,,false,false,,false
00000004395,,,,,,false,false,,false
00000004396,,,,,,false,false,,false
00000004397,,,,,,false,false,,false
00000004398,,,,,,false,false,,false
00000004399,,,,,,false,false,,false
00000004400,,,,,,false,false,,false
00000004401,,,,,,false,false,,false
00000004402,,,,,,false,false,,false
00000004403,,,,,,false,false,,false
00000004404,,,,,,false,false,,false
00000004405,,,,,,false,false,,false
00000004406,,,,,,false,false,,false
00000004407,,,,,,false,false,,false
00000004408,,,,,,false,false,,false
00000004409,,,,,,false,false,,false
00000004410,,,,,,false,false,,false
00000004411,,,,,,false,false,,false
00000004412,,,,,,false,false,,false
00000004413,,,,,,false,false,,false
00000004414,,,,,,false,false,,false
00000004415,,,,,,false,false,,false
00000004416,,,,,,false,false,,false
00000004417,,,,,,false,false,,false
00000004418,,,,,,false,false,,false
00000004419,,,,,,false,false,,false
00000004420,,,,,,false,false,,false
00000004421,,,,,,false,false,,false
00000004422,,,,,,false,false,,false
00000004423,,,,,,false,false,,false
00000004424,,,,,,false,false,,false
00000004425,,,,,,false,false,,false
00000004426,,,,,,false,false,,false
00000004427,,,,,,false,false,,false
00000004428,,,,,,false,false,,false
00000004429,,,,,,false,false,,false
00000004430,,,,,,false,false,,false
00000004431,,,,,,false,false,,false
00000004432,,,,,,false,false,,false
00000004433,,,,,,false,false,,false
00000004434,,,,,,false,false,,false
00000004435,,,,,,false,false,,false
00000004436,,,,,,false,false,,false
00000004437,,,,,,false,false,,false
00000004438,,,,,,false,false,,false
00000004439,,,,,,false,false,,false
00000004440,,,,,,false,false,,false
00000004441,,,,,,false,false,,false
00000004442,,,,,,false,false,,false
00000004443,,,,,,false,false,,false
00000004444,,,,,,false,false,,false
00000004445,,,,,,false,false,,false
00000004446,,,,,,false,false,,false
00000004447,,,,,,false,false,,false
00000004448,,,,,,false,false,,false
00000004449,,,,,,false,false,,false
00000004450,,,,,,false,false,,false
00000004451,,,,,,false,false,,false
00000004452,,,,,,false,false,,false
00000004453,,,,,,false,false,,false
00000004454,,,,,,false,false,,false
00000004455,,,,,,false,false,,false
00000004456,,,,,,false,false,,false
00000004457,,,,,,false,false,,false
00000004458,,,,,,false,false,,false
00000004459,,,,,,false,false,,false
00000004460,,,,,,false,false,,false
00000004461,,,,,,false,false,,false
00000004462,,,,,,false,false,,false
00000004463,,,,,,false,false,,false
00000004464,,,,,,false,false,,false
00000004465,,,,,,false,false,,false
00000004466,,,,,,false,false,,false
00000004467,,,,,,false,false,,false
00000004468,,,,,,false,false,,false
00000004469,,,,,,false,false,,false
00000004470,,,,,,false,false,,false
00000004471,,,,,,false,false,,false
00000004472,,,,,,false,false,,false
00000004473,,,,,,false,false,,false
00000004474,,,,,,false,false,,false
00000004475,,,,,,false,false,,false
00000004476,,,,,,false,false,,false
00000004477,,,,,,false,false,,false
00000004478,,,,,,false,false,,false
00000004479,,,,,,false,false,,false
00000004480,,,,,,false,false,,false
00000004481,,,,,,false,false,,false
00000004482,,,,,,false,false,,false
00000004483,,,,,,false,false,,false
00000004484,,,,,,false,false,,false
00000004485,,,,,,false,false,,false
00000004486,,,,,,false,false,,false
00000004487,,,,,,false,false,,false
00000004488,,,,,,false,false,,false
00000004489,,,,,,false,false,,false
00000004490,,,,,,false,false,,false
00000004491,,,,,,false,false,,false
00000004492,,,,,,false,false,,false
00000004493,,,,,,false,false,,false
00000004494,,,,,,false,false,,false
00000004495,,,,,,false,false,,false
00000004496,,,,,,false,false,,false
00000004497,,,,,,false,false,,false
00000004498,,,,,,false,false,,false
00000004499,,,,,,false,false,,false
00000004500,,,,,,false,false,,false
00000004501,,,,,,false,false,,false
00000004502,,,,,,false,false,,false
00000004503,,,,,,false,false,,false
00000004504,,,,,,false,false,,false
00000004505,,,,,,false,false,,false
00000004506,,,,,,false,false,,false
00000004507,,,,,,false,false,,false
00000004508,,,,,,false,false,,false
00000004509,,,,,,false,false,,false
00000004510,,,,,,false,false,,false
00000004511,,,,,,false,false,,false
00000004512,,,,,,false,false,,false
00000004513,,,,,,false,false,,false
00000004514,,,,,,false,false,,false
00000004515,,,,,,false,false,,false
00000004516,,,,,,false,false,,false
00000004517,,,,,,false,false,,false
00000004518,,,,,,false,false,,false
00000004519,,,,,,false,false,,false
00000004520,,,,,,false,false,,false
00000004521,,,,,,false,false,,false
00000004522,,,,,,false,false,,false
00000004523,,,,,,false,false,,false
00000004524,,,,,,false,false,,false
00000004525,,,,,,false,false,,false
00000004526,,,,,,false,false,,false
00000004527,,,,,,false,false,,false
00000004528,,,,,,false,false,,false
00000004529,,,,,,false,false,,false
00000004530,,,,,,false,false,,false
00000004531,,,,,,false,false,,false
00000004532,,,,,,false,false,,false
00000004533,,,,,,false,false,,false
00000004534,,,,,,false,false,,false
00000004535,,,,,,false,false,,false
00000004536,,,,,,false,false,,false
00000004537,,,,,,false,false,,false
00000004538,,,,,,false,false,,false
00000004539,,,,,,false,false,,false
00000004540,,,,,,false,false,,false
00000004541,,,,,,false,false,,false
00000004542,,,,,,false,false,,false
00000004543,,,,,,false,false,,false
00000004544,,,,,,false,false,,false
00000004545,,,,,,false,false,,false
00000004546,,,,,,false,false,,false
00000004547,,,,,,false,false,,false
00000004548,,,,,,false,false,,false
00000004549,,,,,,false,false,,false
00000004550,,,,,,false,false,,false
00000004551,,,,,,false,false,,false
00000004552,,,,,,false,false,,false
00000004553,,,,,,false,false,,false
00000004554,,,,,,false,false,,false
00000004555,,,,,,false,false,,false
00000004556,,,,,,false,false,,false
00000004557,,,,,,false,false,,false
00000004558,,,,,,false,false,,false
00000004559,,,,,,false,false,,false
00000004560,,,,,,false,false,,false
00000004561,,,,,,false,false,,false
00000004562,,,,,,false,false,,false
00000004563,,,,,,false,false,,false
00000004564,,,,,,false,false,,false
00000004565,,,,,,false,false,,false
00000004566,,,,,,false,false,,false
00000004567,,,,,,false,false,,false
00000004568,,,,,,false,false,,false
00000004569,,,,,,false,false,,false
00000004570,,,,,,false,false,,false
00000004571,,,,,,false,false,,false
00000004572,,,,,,false,false,,false
00000004573,,,,,,false,false,,false
00000004574,,,,,,false,false,,false
00000004575,,,,,,false,false,,false
00000004576,,,,,,false,false,,false
00000004577,,,,,,false,false,,false
00000004578,,,,,,false,false,,false
00000004579,,,,,,false,false,,false
00000004580,,,,,,false,false,,false
00000004581,,,,,,false,false,,false
00000004582,,,,,,false,false,,false
00000004583,,,,,,false,false,,false
00000004584,,,,,,false,false,,false
00000004585,,,,,,false,false,,false
00000004586,,,,,,false,false,,false
00000004587,,,,,,false,false,,false
00000004588,,,,,,false,false,,false
00000004589,,,,,,false,false,,false
00000004590,,,,,,false,false,,false
00000004591,,,,,,false,false,,false
00000004592,,,,,,false,false,,false
00000004593,,,,,,false,false,,false
00000004594,,,,,,false,false,,false
00000004595,,,,,,false,false,,false
00000004596,,,,,,false,false,,false
00000004597,,,,,,false,false,,false
00000004598,,,,,,false,false,,false
00000004599,,,,,,false,false,,false
00000004600,,,,,,false,false,,false
00000004601,,,,,,false,false,,false
00000004602,,,,,,false,false,,false
00000004603,,,,,,false,false,,false
00000004604,,,,,,false,false,,false
00000004605,,,,,,false,false,,false
00000004606,,,,,,false,false,,false
00000004607,,,,,,false,false,,false
00000004608,,,,,,false,false,,false
00000004609,,,,,,false,false,,false
00000004610,,,,,,false,false,,false
00000004611,,,,,,false,false,,false
00000004612,,,,,,false,false,,false
00000004613,,,,,,false,false,,false
00000004614,,,,,,false,false,,false
00000004615,,,,,,false,false,,false
00000004616,,,,,,false,false,,false
00000004617,,,,,,false,false,,false
00000004618,,,,,,false,false,,false
00000004619,,,,,,false,false,,false
00000004620,,,,,,false,false,,false
00000004621,,,,,,false,false,,false
00000004622,,,,,,false,false,,false
00000004623,,,,,,false,false,,false
00000004624,,,,,,false,false,,false
00000004625,,,,,,false,false,,false
00000004626,,,,,,false,false,,false
00000004627,,,,,,false,false,,false
00000004628,,,,,,false,false,,false
00000004629,,,,,,false,false,,false
00000004630,,,,,,false,false,,false
00000004631,,,,,,false,false,,false
00000004632,,,,,,false,false,,false
00000004633,,,,,,false,false,,false
00000004634,,,,,,false,false,,false
00000004635,,,,,,false,false,,false
00000004636,,,,,,false,false,,false
00000004637,,,,,,false,false,,false
00000004638,,,,,,false,false,,false
00000004639,,,,,,false,false,,false
00000004640,,,,,,false,false,,false
00000004641,,,,,,false,false,,false
00000004642,,,,,,false,false,,false
00000004643,,,,,,false,false,,false
00000004644,,,,,,false,false,,false
00000004645,,,,,,false,false,,false
00000004646,,,,,,false,false,,false
00000004647,,,,,,false,false,,false
00000004648,,,,,,false,false,,false
00000004649,,,,,,false,false,,false
00000004650,,,,,,false,false,,false
00000004651,,,,,,false,false,,false
00000004652,,,,,,false,false,,false
00000004653,,,,,,false,false,,false
00000004654,,,,,,false,false,,false
00000004655,,,,,,false,false,,false
00000004656,,,,,,false,false,,false
00000004657,,,,,,false,false,,false
00000004658,,,,,,false,false,,false
00000004659,,,,,,false,false,,false
00000004660,,,,,,false,false,,false
00000004661,,,,,,false,false,,false
00000004662,,,,,,false,false,,false
00000004663,,,,,,false,false,,false
00000004664,,,,,,false,false,,false
00000004665,,,,,,false,false,,false
00000004666,,,,,,false,false,,false
00000004667,,,,,,false,false,,false
00000004668,,,,,,false,false,,false
00000004669,,,,,,false,false,,false
00000004670,,,,,,false,false,,false
00000004671,,,,,,false,false,,false
00000004672,,,,,,false,false,,false
00000004673,,,,,,false,false,,false
00000004674,,,,,,false,false,,false
00000004675,,,,,,false,false,,false
00000004676,,,,,,false,false,,false
00000004677,,,,,,false,false,,false
00000004678,,,,,,false,false,,false
00000004679,,,,,,false,false,,false
00000004680,,,,,,false,false,,false
00000004681,,,,,,false,false,,false
00000004682,,,,,,false,false,,false
00000004683,,,,,,false,false,,false
00000004684,,,,,,false,false,,false
00000004685,,,,,,false,false,,false
00000004686,,,,,,false,false,,false
00000004687,,,,,,false,false,,false
00000004688,,,,,,false,false,,false
00000004689,,,,,,false,false,,false
00000004690,,,,,,false,false,,false
00000004691,,,,,,false,false,,false
00000004692,,,,,,false,false,,false
00000004693,,,,,,false,false,,false
00000004694,,,,,,false,false,,false
00000004695,,,,,,false,false,,false
00000004696,,,,,,false,false,,false
00000004697,,,,,,false,false,,false
00000004698,,,,,,false,false,,false
00000004699,,,,,,false,false,,false
00000004700,,,,,,false,false,,false
00000004701,,,,,,false,false,,false
00000004702,,,,,,false,false,,false
00000004703,,,,,,false,false,,false
00000004704,,,,,,false,false,,false
00000004705,,,,,,false,false,,false
00000004706,,,,,,false,false,,false
00000004707,,,,,,false,false,,false
00000004708,,,,,,false,false,,false
00000004709,,,,,,false,false,,false
00000004710,,,,,,false,false,,false
00000004711,,,,,,false,false,,false
00000004712,,,,,,false,false,,false
00000004713,,,,,,false,false,,false
00000004714,,,,,,false,false,,false
00000004715,,,,,,false,false,,false
00000004716,,,,,,false,false,,false
00000004717,,,,,,false,false,,false
00000004718,,,,,,false,false,,false
00000004719,,,,,,false,false,,false
00000004720,,,,,,false,false,,false
00000004721,,,,,,false,false,,false
00000004722,,,,,,false,false,,false
00000004723,,,,,,false,false,,false
00000004724,,,,,,false,false,,false
00000004725,,,,,,false,false,,false
00000004726,,,,,,false,false,,false
00000004727,,,,,,false,false,,false
00000004728,,,,,,false,false,,false
00000004729,,,,,,false,false,,false
00000004730,,,,,,false,false,,false
00000004731,,,,,,false,false,,false
00000004732,,,,,,false,false,,false
00000004733,,,,,,false,false,,false
00000004734,,,,,,false,false,,false
00000004735,,,,,,false,false,,false
00000004736,,,,,,false,false,,false
00000004737,,,,,,false,false,,false
00000004738,,,,,,false,false,,false
00000004739,,,,,,false,false,,false
00000004740,,,,,,false,false,,false
00000004741,,,,,,false,false,,false
00000004742,,,,,,false,false,,false
00000004743,,,,,,false,false,,false
00000004744,,,,,,false,false,,false
00000004745,,,,,,false,false,,false
00000004746,,,,,,false,false,,false
00000004747,,,,,,false,false,,false
00000004748,,,,,,false,false,,false
00000004749,,,,,,false,false,,false
00000004750,,,,,,false,false,,false
00000004751,,,,,,false,false,,false
00000004752,,,,,,false,false,,false
00000004753,,,,,,false,false,,false
00000004754,,,,,,false,false,,false
00000004755,,,,,,false,false,,false
00000004756,,,,,,false,false,,false
00000004757,,,,,,false,false,,false
00000004758,,,,,,false,false,,false
00000004759,,,,,,false,false,,false
00000004760,,,,,,false,false,,false
00000004761,,,,,,false,false,,false
00000004762,,,,,,false,false,,false
00000004763,,,,,,false,false,,false
00000004764,,,,,,false,false,,false
00000004765,,,,,,false,false,,false
00000004766,,,,,,false,false,,false
00000004767,,,,,,false,false,,false
00000004768,,,,,,false,false,,false
00000004769,,,,,,false,false,,false
00000004770,,,,,,false,false,,false
00000004771,,,,,,false,false,,false
00000004772,,,,,,false,false,,false
00000004773,,,,,,false,false,,false
00000004774,,,,,,false,false,,false
00000004775,,,,,,false,false,,false
00000004776,,,,,,false,false,,false
00000004777,,,,,,false,false,,false
00000004778,,,,,,false,false,,false
00000004779,,,,,,false,false,,false
00000004780,,,,,,false,false,,false
00000004781,,,,,,false,false,,false
00000004782,,,,,,false,false,,false
00000004783,,,,,,false,false,,false
00000004784,,,,,,false,false,,false
00000004785,,,,,,false,false,,false
00000004786,,,,,,false,false,,false
00000004787,,,,,,false,false,,false
00000004788,,,,,,false,false,,false
00000004789,,,,,,false,false,,false
00000004790,,,,,,false,false,,false
00000004791,,,,,,false,false,,false
00000004792,,,,,,false,false,,false
00000004793,,,,,,false,false,,false
00000004794,,,,,,false,false,,false
00000004795,,,,,,false,false,,false
00000004796,,,,,,false,false,,false
00000004797,,,,,,false,false,,false
00000004798,,,,,,false,false,,false
00000004799,,,,,,false,false,,false
00000004800,,,,,,false,false,,false
00000004801,,,,,,false,false,,false
00000004802,,,,,,false,false,,false
00000004803,,,,,,false,false,,false
00000004804,,,,,,false,false,,false
00000004805,,,,,,false,false,,false
00000004806,,,,,,false,false,,false
00000004807,,,,,,false,false,,false
00000004808,,,,,,false,false,,false
00000004809,,,,,,false,false,,false
00000004810,,,,,,false,false,,false
00000004811,,,,,,false,false,,false
00000004812,,,,,,false,false,,false
00000004813,,,,,,false,false,,false
00000004814,,,,,,false,false,,false
00000004815,,,,,,false,false,,false
00000004816,,,,,,false,false,,false
00000004817,,,,,,false,false,,false
00000004818,,,,,,false,false,,false
00000004819,,,,,,false,false,,false
00000004820,,,,,,false,false,,false
00000004821,,,,,,false,false,,false
00000004822,,,,,,false,false,,false
00000004823,,,,,,false,false,,false
00000004824,,,,,,false,false,,false
00000004825,,,,,,false,false,,false
00000004826,,,,,,false,false,,false
00000004827,,,,,,false,false,,false
00000004828,,,,,,false,false,,false
00000004829,,,,,,false,false,,false
00000004830,,,,,,false,false,,false
00000004831,,,,,,false,false,,false
00000004832,,,,,,false,false,,false
00000004833,,,,,,false,false,,false
00000004834,,,,,,false,false,,false
00000004835,,,,,,false,false,,false
00000004836,,,,,,false,false,,false
00000004837,,,,,,false,false,,false
00000004838,,,,,,false,false,,false
00000004839,,,,,,false,false,,false
00000004840,,,,,,false,false,,false
00000004841,,,,,,false,false,,false
00000004842,,,,,,false,false,,false
00000004843,,,,,,false,false,,false
00000004844,,,,,,false,false,,false
00000004845,,,,,,false,false,,false
00000004846,,,,,,false,false,,false
00000004847,,,,,,false,false,,false
00000004848,,,,,,false,false,,false
00000004849,,,,,,false,false,,false
00000004850,,,,,,false,false,,false
00000004851,,,,,,false,false,,false
00000004852,,,,,,false,false,,false
00000004853,,,,,,false,false,,false
00000004854,,,,,,false,false,,false
00000004855,,,,,,false,false,,false
00000004856,,,,,,false,false,,false
00000004857,,,,,,false,false,,false
00000004858,,,,,,false,false,,false
00000004859,,,,,,false,false,,false
00000004860,,,,,,false,false,,false
00000004861,,,,,,false,false,,false
00000004862,,,,,,false,false,,false
00000004863,,,,,,false,false,,false
00000004864,,,,,,false,false,,false
00000004865,,,,,,false,false,,false
00000004866,,,,,,false,false,,false
00000004867,,,,,,false,false,,false
00000004868,,,,,,false,false,,false
00000004869,,,,,,false,false,,false
00000004870,,,,,,false,false,,false
00000004871,,,,,,false,false,,false
00000004872,,,,,,false,false,,false
00000004873,,,,,,false,false,,false
00000004874,,,,,,false,false,,false
00000004875,,,,,,false,false,,false
00000004876,,,,,,false,false,,false
00000004877,,,,,,false,false,,false
00000004878,,,,,,false,false,,false
00000004879,,,,,,false,false,,false
00000004880,,,,,,false,false,,false
00000004881,,,,,,false,false,,false
00000004882,,,,,,false,false,,false
00000004883,,,,,,false,false,,false
00000004884,,,,,,false,false,,false
00000004885,,,,,,false,false,,false
00000004886,,,,,,false,false,,false
00000004887,,,,,,false,false,,false
00000004888,,,,,,false,false,,false
00000004889,,,,,,false,false,,false
00000004890,,,,,,false,false,,false
00000004891,,,,,,false,false,,false
00000004892,,,,,,false,false,,false
00000004893,,,,,,false,false,,false
00000004894,,,,,,false,false,,false
00000004895,,,,,,false,false,,false
00000004896,,,,,,false,false,,false
00000004897,,,,,,false,false,,false
00000004898,,,,,,false,false,,false
00000004899,,,,,,false,false,,false
00000004900,,,,,,false,false,,false
00000004901,,,,,,false,false,,false
00000004902,,,,,,false,false,,false
00000004903,,,,,,false,false,,false
00000004904,,,,,,false,false,,false
00000004905,,,,,,false,false,,false
00000004906,,,,,,false,false,,false
00000004907,,,,,,false,false,,false
00000004908,,,,,,false,false,,false
00000004909,,,,,,false,false,,false
00000004910,,,,,,false,false,,false
00000004911,,,,,,false,false,,false
00000004912,,,,,,false,false,,false
00000004913,,,,,,false,false,,false
00000004914,,,,,,false,false,,false
00000004915,,,,,,false,false,,false
00000004916,,,,,,false,false,,false
00000004917,,,,,,false,false,,false
00000004918,,,,,,false,false,,false
00000004919,,,,,,false,false,,false
00000004920,,,,,,false,false,,false
00000004921,,,,,,false,false,,false
00000004922,,,,,,false,false,,false
00000004923,,,,,,false,false,,false
00000004924,,,,,,false,false,,false
00000004925,,,,,,false,false,,false
00000004926,,,,,,false,false,,false
00000004927,,,,,,false,false,,false
00000004928,,,,,,false,false,,false
00000004929,,,,,,false,false,,false
00000004930,,,,,,false,false,,false
00000004931,,,,,,false,false,,false
00000004932,,,,,,false,false,,false
00000004933,,,,,,false,false,,false
00000004934,,,,,,false,false,,false
00000004935,,,,,,false,false,,false
00000004936,,,,,,false,false,,false
00000004937,,,,,,false,false,,false
00000004938,,,,,,false,false,,false
00000004939,,,,,,false,false,,false
00000004940,,,,,,false,false,,false
00000004941,,,,,,false,false,,false
00000004942,,,,,,false,false,,false
00000004943,,,,,,false,false,,false
00000004944,,,,,,false,false,,false
00000004945,,,,,,false,false,,false
00000004946,,,,,,false,false,,false
00000004947,,,,,,false,false,,false
00000004948,,,,,,false,false,,false
00000004949,,,,,,false,false,,false
00000004950,,,,,,false,false,,false
00000004951,,,,,,false,false,,false
00000004952,,,,,,false,false,,false
00000004953,,,,,,false,false,,false
00000004954,,,,,,false,false,,false
00000004955,,,,,,false,false,,false
00000004956,,,,,,false,false,,false
00000004957,,,,,,false,false,,false
00000004958,,,,,,false,false,,false
00000004959,,,,,,false,false,,false
00000004960,,,,,,false,false,,false
00000004961,,,,,,false,false,,false
00000004962,,,,,,false,false,,false
00000004963,,,,,,false,false,,false
00000004964,,,,,,false,false,,false
00000004965,,,,,,false,false,,false
00000004966,,,,,,false,false,,false
00000004967,,,,,,false,false,,false
00000004968,,,,,,false,false,,false
00000004969,,,,,,false,false,,false
00000004970,,,,,,false,false,,false
00000004971,,,,,,false,false,,false
00000004972,,,,,,false,false,,false
00000004973,,,,,,false,false,,false
00000004974,,,,,,false,false,,false
00000004975,,,,,,false,false,,false
00000004976,,,,,,false,false,,false
00000004977,,,,,,false,false,,false
00000004978,,,,,,false,false,,false
00000004979,,,,,,false,false,,false
00000004980,,,,,,false,false,,false
00000004981,,,,,,false,false,,false
00000004982,,,,,,false,false,,false
00000004983,,,,,,false,false,,false
00000004984,,,,,,false,false,,false
00000004985,,,,,,false,false,,false
00000004986,,,,,,false,false,,false
00000004987,,,,,,false,false,,false
00000004988,,,,,,false,false,,false
00000004989,,,,,,false,false,,false
00000004990,,,,,,false,false,,false
00000004991,,,,,,false,false,,false
00000004992,,,,,,false,false,,false
00000004993,,,,,,false,false,,false
00000004994,,,,,,false,false,,false
00000004995,,,,,,false,false,,false
00000004996,,,,,,false,false,,false
00000004997,,,,,,false,false,,false
00000004998,,,,,,false,false,,false
00000004999,,,,,,false,false,,false
00000005000,,,,,,false,false,,false
00000005001,,,,,,false,false,,false
00000005002,,,,,,false,false,,false
00000005003,,,,,,false,false,,false
00000005004,,,,,,false,false,,false
00000005005,,,,,,false,false,,false
00000005006,,,,,,false,false,,false
00000005007,,,,,,false,false,,false
00000005008,,,,,,false,false,,false
00000005009,,,,,,false,false,,false
00000005010,,,,,,false,false,,false
00000005011,,,,,,false,false,,false
00000005012,,,,,,false,false,,false
00000005013,,,,,,false,false,,false
00000005014,,,,,,false,false,,false
00000005015,,,,,,false,false,,false
00000005016,,,,,,false,false,,false
00000005017,,,,,,false,false,,false
00000005018,,,,,,false,false,,false
00000005019,,,,,,false,false,,false
00000005020,,,,,,false,false,,false
00000005021,,,,,,false,false,,false
00000005022,,,,,,false,false,,false
00000005023,,,,,,false,false,,false
00000005024,,,,,,false,false,,false
00000005025,,,,,,false,false,,false
00000005026,,,,,,false,false,,false
00000005027,,,,,,false,false,,false
00000005028,,,,,,false,false,,false
00000005029,,,,,,false,false,,false
00000005030,,,,,,false,false,,false
00000005031,,,,,,false,false,,false
00000005032,,,,,,false,false,,false
00000005033,,,,,,false,false,,false
00000005034,,,,,,false,false,,false
00000005035,,,,,,false,false,,false
00000005036,,,,,,false,false,,false
00000005037,,,,,,false,false,,false
00000005038,,,,,,false,false,,false
00000005039,,,,,,false,false,,false
00000005040,,,,,,false,false,,false
00000005041,,,,,,false,false,,false
00000005042,,,,,,false,false,,false
00000005043,,,,,,false,false,,false
00000005044,,,,,,false,false,,false
00000005045,,,,,,false,false,,false
00000005046,,,,,,false,false,,false
00000005047,,,,,,false,false,,false
00000005048,,,,,,false,false,,false
00000005049,,,,,,false,false,,false
00000005050,,,,,,false,false,,false
00000005051,,,,,,false,false,,false
00000005052,,,,,,false,false,,false
00000005053,,,,,,false,false,,false
00000005054,,,,,,false,false,,false
00000005055,,,,,,false,false,,false
00000005056,,,,,,false,false,,false
00000005057,,,,,,false,false,,false
00000005058,,,,,,false,false,,false
00000005059,,,,,,false,false,,false
00000005060,,,,,,false,false,,false
00000005061,,,,,,false,false,,false
00000005062,,,,,,false,false,,false
00000005063,,,,,,false,false,,false
00000005064,,,,,,false,false,,false
00000005065,,,,,,false,false,,false
00000005066,,,,,,false,false,,false
00000005067,,,,,,false,false,,false
00000005068,,,,,,false,false,,false
00000005069,,,,,,false,false,,false
00000005070,,,,,,false,false,,false
00000005071,,,,,,false,false,,false
00000005072,,,,,,false,false,,false
00000005073,,,,,,false,false,,false
00000005074,,,,,,false,false,,false
00000005075,,,,,,false,false,,false
00000005076,,,,,,false,false,,false
00000005077,,,,,,false,false,,false
00000005078,,,,,,false,false,,false
00000005079,,,,,,false,false,,false
00000005080,,,,,,false,false,,false
00000005081,,,,,,false,false,,false
00000005082,,,,,,false,false,,false
00000005083,,,,,,false,false,,false
00000005084,,,,,,false,false,,false
00000005085,,,,,,false,false,,false
00000005086,,,,,,false,false,,false
00000005087,,,,,,false,false,,false
00000005088,,,,,,false,false,,false
00000005089,,,,,,false,false,,false
00000005090,,,,,,false,false,,false
00000005091,,,,,,false,false,,false
00000005092,,,,,,false,false,,false
00000005093,,,,,,false,false,,false
00000005094,,,,,,false,false,,false
00000005095,,,,,,false,false,,false
00000005096,,,,,,false,false,,false
00000005097,,,,,,false,false,,false
00000005098,,,,,,false,false,,false
00000005099,,,,,,false,false,,false
00000005100,,,,,,false,false,,false
00000005101,,,,,,false,false,,false
00000005102,,,,,,false,false,,false
00000005103,,,,,,false,false,,false
00000005104,,,,,,false,false,,false
00000005105,,,,,,false,false,,false
00000005106,,,,,,false,false,,false
00000005107,,,,,,false,false,,false
00000005108,,,,,,false,false,,false
00000005109,,,,,,false,false,,false
00000005110,,,,,,false,false,,false
00000005111,,,,,,false,false,,false
00000005112,,,,,,false,false,,false
00000005113,,,,,,false,false,,false
00000005114,,,,,,false,false,,false
00000005115,,,,,,false,false,,false
00000005116,,,,,,false,false,,false
00000005117,,,,,,false,false,,false
00000005118,,,,,,false,false,,false
00000005119,,,,,,false,false,,false
00000005120,,,,,,false,false,,false
00000005121,,,,,,false,false,,false
00000005122,,,,,,false,false,,false
00000005123,,,,,,false,false,,false
00000005124,,,,,,false,false,,false
00000005125,,,,,,false,false,,false
00000005126,,,,,,false,false,,false
00000005127,,,,,,false,false,,false
00000005128,,,,,,false,false,,false
00000005129,,,,,,false,false,,false
00000005130,,,,,,false,false,,false
00000005131,,,,,,false,false,,false
00000005132,,,,,,false,false,,false
00000005133,,,,,,false,false,,false
00000005134,,,,,,false,false,,false
00000005135,,,,,,false,false,,false
00000005136,,,,,,false,false,,false
00000005137,,,,,,false,false,,false
00000005138,,,,,,false,false,,false
00000005139,,,,,,false,false,,false
00000005140,,,,,,false,false,,false
00000005141,,,,,,false,false,,false
00000005142,,,,,,false,false,,false
00000005143,,,,,,false,false,,false
00000005144,,,,,,false,false,,false
00000005145,,,,,,false,false,,false
00000005146,,,,,,false,false,,false
00000005147,,,,,,false,false,,false
00000005148,,,,,,false,false,,false
00000005149,,,,,,false,false,,false
00000005150,,,,,,false,false,,false
00000005151,,,,,,false,false,,false
00000005152,,,,,,false,false,,false
00000005153,,,,,,false,false,,false
00000005154,,,,,,false,false,,false
00000005155,,,,,,false,false,,false
00000005156,,,,,,false,false,,false
00000005157,,,,,,false,false,,false
00000005158,,,,,,false,false,,false
00000005159,,,,,,false,false,,false
00000005160,,,,,,false,false,,false
00000005161,,,,,,false,false,,false
00000005162,,,,,,false,false,,false
00000005163,,,,,,false,false,,false
00000005164,,,,,,false,false,,false
00000005165,,,,,,false,false,,false
00000005166,,,,,,false,false,,false
00000005167,,,,,,false,false,,false
00000005168,,,,,,false,false,,false
00000005169,,,,,,false,false,,false
00000005170,,,,,,false,false,,false
00000005171,,,,,,false,false,,false
00000005172,,,,,,false,false,,false
00000005173,,,,,,false,false,,false
00000005174,,,,,,false,false,,false
00000005175,,,,,,false,false,,false
00000005176,,,,,,false,false,,false
00000005177,,,,,,false,false,,false
00000005178,,,,,,false,false,,false
00000005179,,,,,,false,false,,false
00000005180,,,,,,false,false,,false
00000005181,,,,,,false,false,,false
00000005182,,,,,,false,false,,false
00000005183,,,,,,false,false,,false
00000005184,,,,,,false,false,,false
00000005185,,,,,,false,false,,false
00000005186,,,,,,false,false,,false
00000005187,,,,,,false,false,,false
00000005188,,,,,,false,false,,false
00000005189,,,,,,false,false,,false
00000005190,,,,,,false,false,,false
00000005191,,,,,,false,false,,false
00000005192,,,,,,false,false,,false
00000005193,,,,,,false,false,,false
00000005194,,,,,,false,false,,false
00000005195,,,,,,false,false,,false
00000005196,,,,,,false,false,,false
00000005197,,,,,,false,false,,false
00000005198,,,,,,false,false,,false
00000005199,,,,,,false,false,,false
00000005200,,,,,,false,false,,false
00000005201,,,,,,false,false,,false
00000005202,,,,,,false,false,,false
00000005203,,,,,,false,false,,false
00000005204,,,,,,false,false,,false
00000005205,,,,,,false,false,,false
00000005206,,,,,,false,false,,false
00000005207,,,,,,false,false,,false
00000005208,,,,,,false,false,,false
00000005209,,,,,,false,false,,false
00000005210,,,,,,false,false,,false
00000005211,,,,,,false,false,,false
00000005212,,,,,,false,false,,false
00000005213,,,,,,false,false,,false
00000005214,,,,,,false,false,,false
00000005215,,,,,,false,false,,false
00000005216,,,,,,false,false,,false
00000005217,,,,,,false,false,,false
00000005218,,,,,,false,false,,false
00000005219,,,,,,false,false,,false
00000005220,,,,,,false,false,,false
00000005221,,,,,,false,false,,false
00000005222,,,,,,false,false,,false
00000005223,,,,,,false,false,,false
00000005224,,,,,,false,false,,false
00000005225,,,,,,false,false,,false
00000005226,,,,,,false,false,,false
00000005227,,,,,,false,false,,false
00000005228,,,,,,false,false,,false
00000005229,,,,,,false,false,,false
00000005230,,,,,,false,false,,false
00000005231,,,,,,false,false,,false
00000005232,,,,,,false,false,,false
00000005233,,,,,,false,false,,false
00000005234,,,,,,false,false,,false
00000005235,,,,,,false,false,,false
00000005236,,,,,,false,false,,false
00000005237,,,,,,false,false,,false
00000005238,,,,,,false,false,,false
00000005239,,,,,,false,false,,false
00000005240,,,,,,false,false,,false
00000005241,,,,,,false,false,,false
00000005242,,,,,,false,false,,false
00000005243,,,,,,false,false,,false
00000005244,,,,,,false,false,,false
00000005245,,,,,,false,false,,false
00000005246,,,,,,false,false,,false
00000005247,,,,,,false,false,,false
00000005248,,,,,,false,false,,false
00000005249,,,,,,false,false,,false
00000005250,,,,,,false,false,,false
00000005251,,,,,,false,false,,false
00000005252,,,,,,false,false,,false
00000005253,,,,,,false,false,,false
00000005254,,,,,,false,false,,false
00000005255,,,,,,false,false,,false
00000005256,,,,,,false,false,,false
00000005257,,,,,,false,false,,false
00000005258,,,,,,false,false,,false
00000005259,,,,,,false,false,,false
00000005260,,,,,,false,false,,false
00000005261,,,,,,false,false,,false
00000005262,,,,,,false,false,,false
00000005263,,,,,,false,false,,false
00000005264,,,,,,false,false,,false
00000005265,,,,,,false,false,,false
00000005266,,,,,,false,false,,false
00000005267,,,,,,false,false,,false
00000005268,,,,,,false,false,,false
00000005269,,,,,,false,false,,false
00000005270,,,,,,false,false,,false
00000005271,,,,,,false,false,,false
00000005272,,,,,,false,false,,false
00000005273,,,,,,false,false,,false
00000005274,,,,,,false,false,,false
00000005275,,,,,,false,false,,false
00000005276,,,,,,false,false,,false
00000005277,,,,,,false,false,,false
00000005278,,,,,,false,false,,false
00000005279,,,,,,false,false,,false
00000005280,,,,,,false,false,,false
00000005281,,,,,,false,false,,false
00000005282,,,,,,false,false,,false
00000005283,,,,,,false,false,,false
00000005284,,,,,,false,false,,false
00000005285,,,,,,false,false,,false
00000005286,,,,,,false,false,,false
00000005287,,,,,,false,false,,false
00000005288,,,,,,false,false,,false
00000005289,,,,,,false,false,,false
00000005290,,,,,,false,false,,false
00000005291,,,,,,false,false,,false
00000005292,,,,,,false,false,,false
00000005293,,,,,,false,false,,false
00000005294,,,,,,false,false,,false
00000005295,,,,,,false,false,,false
00000005296,,,,,,false,false,,false
00000005297,,,,,,false,false,,false
00000005298,,,,,,false,false,,false
00000005299,,,,,,false,false,,false
00000005300,,,,,,false,false,,false
00000005301,,,,,,false,false,,false
00000005302,,,,,,false,false,,false
00000005303,,,,,,false,false,,false
00000005304,,,,,,false,false,,false
00000005305,,,,,,false,false,,false
00000005306,,,,,,false,false,,false
00000005307,,,,,,false,false,,false
00000005308,,,,,,false,false,,false
00000005309,,,,,,false,false,,false
00000005310,,,,,,false,false,,false
00000005311,,,,,,false,false,,false
00000005312,,,,,,false,false,,false
00000005313,,,,,,false,false,,false
00000005314,,,,,,false,false,,false
00000005315,,,,,,false,false,,false
00000005316,,,,,,false,false,,false
00000005317,,,,,,false,false,,false
00000005318,,,,,,false,false,,false
00000005319,,,,,,false,false,,false
00000005320,,,,,,false,false,,false
00000005321,,,,,,false,false,,false
00000005322,,,,,,false,false,,false
00000005323,,,,,,false,false,,false
00000005324,,,,,,false,false,,false
00000005325,,,,,,false,false,,false
00000005326,,,,,,false,false,,false
00000005327,,,,,,false,false,,false
00000005328,,,,,,false,false,,false
00000005329,,,,,,false,false,,false
00000005330,,,,,,false,false,,false
00000005331,,,,,,false,false,,false
00000005332,,,,,,false,false,,false
00000005333,,,,,,false,false,,false
00000005334,,,,,,false,false,,false
00000005335,,,,,,false,false,,false
00000005336,,,,,,false,false,,false
00000005337,,,,,,false,false,,false
00000005338,,,,,,false,false,,false
00000005339,,,,,,false,false,,false
00000005340,,,,,,false,false,,false
00000005341,,,,,,false,false,,false
00000005342,,,,,,false,false,,false
00000005343,,,,,,false,false,,false
00000005344,,,,,,false,false,,false
00000005345,,,,,,false,false,,false
00000005346,,,,,,false,false,,false
00000005347,,,,,,false,false,,false
00000005348,,,,,,false,false,,false
00000005349,,,,,,false,false,,false
00000005350,,,,,,false,false,,false
00000005351,,,,,,false,false,,false
00000005352,,,,,,false,false,,false
00000005353,,,,,,false,false,,false
00000005354,,,,,,false,false,,false
00000005355,,,,,,false,false,,false
00000005356,,,,,,false,false,,false
00000005357,,,,,,false,false,,false
00000005358,,,,,,false,false,,false
00000005359,,,,,,false,false,,false
00000005360,,,,,,false,false,,false
00000005361,,,,,,false,false,,false
00000005362,,,,,,false,false,,false
00000005363,,,,,,false,false,,false
00000005364,,,,,,false,false,,false
00000005365,,,,,,false,false,,false
00000005366,,,,,,false,false,,false
00000005367,,,,,,false,false,,false
00000005368,,,,,,false,false,,false
00000005369,,,,,,false,false,,false
00000005370,,,,,,false,false,,false
00000005371,,,,,,false,false,,false
00000005372,,,,,,false,false,,false
00000005373,,,,,,false,false,,false
00000005374,,,,,,false,false,,false
00000005375,,,,,,false,false,,false
00000005376,,,,,,false,false,,false
00000005377,,,,,,false,false,,false
00000005378,,,,,,false,false,,false
00000005379,,,,,,false,false,,false
00000005380,,,,,,false,false,,false
00000005381,,,,,,false,false,,false
00000005382,,,,,,false,false,,false
00000005383,,,,,,false,false,,false
00000005384,,,,,,false,false,,false
00000005385,,,,,,false,false,,false
00000005386,,,,,,false,false,,false
00000005387,,,,,,false,false,,false
00000005388,,,,,,false,false,,false
00000005389,,,,,,false,false,,false
00000005390,,,,,,false,false,,false
00000005391,,,,,,false,false,,false
00000005392,,,,,,false,false,,false
00000005393,,,,,,false,false,,false
00000005394,,,,,,false,false,,false
00000005395,,,,,,false,false,,false
00000005396,,,,,,false,false,,false
00000005397,,,,,,false,false,,false
00000005398,,,,,,false,false,,false
00000005399,,,,,,false,false,,false
00000005400,,,,,,false,false,,false
00000005401,,,,,,false,false,,false
00000005402,,,,,,false,false,,false
00000005403,,,,,,false,false,,false
00000005404,,,,,,false,false,,false
00000005405,,,,,,false,false,,false
00000005406,,,,,,false,false,,false
00000005407,,,,,,false,false,,false
00000005408,,,,,,false,false,,false
00000005409,,,,,,false,false,,false
00000005410,,,,,,false,false,,false
00000005411,,,,,,false,false,,false
00000005412,,,,,,false,false,,false
00000005413,,,,,,false,false,,false
00000005414,,,,,,false,false,,false
00000005415,,,,,,false,false,,false
00000005416,,,,,,false,false,,false
00000005417,,,,,,false,false,,false
00000005418,,,,,,false,false,,false
00000005419,,,,,,false,false,,false
00000005420,,,,,,false,false,,false
00000005421,,,,,,false,false,,false
00000005422,,,,,,false,false,,false
00000005423,,,,,,false,false,,false
00000005424,,,,,,false,false,,false
00000005425,,,,,,false,false,,false
00000005426,,,,,,false,false,,false
00000005427,,,,,,false,false,,false
00000005428,,,,,,false,false,,false
00000005429,,,,,,false,false,,false
00000005430,,,,,,false,false,,false
00000005431,,,,,,false,false,,false
00000005432,,,,,,false,false,,false
00000005433,,,,,,false,false,,false
00000005434,,,,,,false,false,,false
00000005435,,,,,,false,false,,false
00000005436,,,,,,false,false,,false
00000005437,,,,,,false,false,,false
00000005438,,,,,,false,false,,false
00000005439,,,,,,false,false,,false
00000005440,,,,,,false,false,,false
00000005441,,,,,,false,false,,false
00000005442,,,,,,false,false,,false
00000005443,,,,,,false,false,,false
00000005444,,,,,,false,false,,false
00000005445,,,,,,false,false,,false
00000005446,,,,,,false,false,,false
00000005447,,,,,,false,false,,false
00000005448,,,,,,false,false,,false
00000005449,,,,,,false,false,,false
00000005450,,,,,,false,false,,false
00000005451,,,,,,false,false,,false
00000005452,,,,,,false,false,,false
00000005453,,,,,,false,false,,false
00000005454,,,,,,false,false,,false
00000005455,,,,,,false,false,,false
00000005456,,,,,,false,false,,false
00000005457,,,,,,false,false,,false
00000005458,,,,,,false,false,,false
00000005459,,,,,,false,false,,false
00000005460,,,,,,false,false,,false
00000005461,,,,,,false,false,,false
00000005462,,,,,,false,false,,false
00000005463,,,,,,false,false,,false
00000005464,,,,,,false,false,,false
00000005465,,,,,,false,false,,false
00000005466,,,,,,false,false,,false
00000005467,,,,,,false,false,,false
00000005468,,,,,,false,false,,false
00000005469,,,,,,false,false,,false
00000005470,,,,,,false,false,,false
00000005471,,,,,,false,false,,false
00000005472,,,,,,false,false,,false
00000005473,,,,,,false,false,,false
00000005474,,,,,,false,false,,false
00000005475,,,,,,false,false,,false
00000005476,,,,,,false,false,,false
00000005477,,,,,,false,false,,false
00000005478,,,,,,false,false,,false
00000005479,,,,,,false,false,,false
00000005480,,,,,,false,false,,false
00000005481,,,,,,false,false,,false
00000005482,,,,,,false,false,,false
00000005483,,,,,,false,false,,false
00000005484,,,,,,false,false,,false
00000005485,,,,,,false,false,,false
00000005486,,,,,,false,false,,false
00000005487,,,,,,false,false,,false
00000005488,,,,,,false,false,,false
00000005489,,,,,,false,false,,false
00000005490,,,,,,false,false,,false
00000005491,,,,,,false,false,,false
00000005492,,,,,,false,false,,false
00000005493,,,,,,false,false,,false
00000005494,,,,,,false,false,,false
00000005495,,,,,,false,false,,false
00000005496,,,,,,false,false,,false
00000005497,,,,,,false,false,,false
00000005498,,,,,,false,false,,false
00000005499,,,,,,false,false,,false
00000005500,,,,,,false,false,,false
00000005501,,,,,,false,false,,false
00000005502,,,,,,false,false,,false
00000005503,,,,,,false,false,,false
00000005504,,,,,,false,false,,false
00000005505,,,,,,false,false,,false
00000005506,,,,,,false,false,,false
00000005507,,,,,,false,false,,false
00000005508,,,,,,false,false,,false
00000005509,,,,,,false,false,,false
00000005510,,,,,,false,false,,false
00000005511,,,,,,false,false,,false
00000005512,,,,,,false,false,,false
00000005513,,,,,,false,false,,false
00000005514,,,,,,false,false,,false
00000005515,,,,,,false,false,,false
00000005516,,,,,,false,false,,false
00000005517,,,,,,false,false,,false
00000005518,,,,,,false,false,,false
00000005519,,,,,,false,false,,false
00000005520,,,,,,false,false,,false
00000005521,,,,,,false,false,,false
00000005522,,,,,,false,false,,false
00000005523,,,,,,false,false,,false
00000005524,,,,,,false,false,,false
00000005525,,,,,,false,false,,false
00000005526,,,,,,false,false,,false
00000005527,,,,,,false,false,,false
00000005528,,,,,,false,false,,false
00000005529,,,,,,false,false,,false
00000005530,,,,,,false,false,,false
00000005531,,,,,,false,false,,false
00000005532,,,,,,false,false,,false
00000005533,,,,,,false,false,,false
00000005534,,,,,,false,false,,false
00000005535,,,,,,false,false,,false
00000005536,,,,,,false,false,,false
00000005537,,,,,,false,false,,false
00000005538,,,,,,false,false,,false
00000005539,,,,,,false,false,,false
00000005540,,,,,,false,false,,false
00000005541,,,,,,false,false,,false
00000005542,,,,,,false,false,,false
00000005543,,,,,,false,false,,false
00000005544,,,,,,false,false,,false
00000005545,,,,,,false,false,,false
00000005546,,,,,,false,false,,false
00000005547,,,,,,false,false,,false
00000005548,,,,,,false,false,,false
00000005549,,,,,,false,false,,false
00000005550,,,,,,false,false,,false
00000005551,,,,,,false,false,,false
00000005552,,,,,,false,false,,false
00000005553,,,,,,false,false,,false
00000005554,,,,,,false,false,,false
00000005555,,,,,,false,false,,false
00000005556,,,,,,false,false,,false
00000005557,,,,,,false,false,,false
00000005558,,,,,,false,false,,false
00000005559,,,,,,false,false,,false
00000005560,,,,,,false,false,,false
00000005561,,,,,,false,false,,false
00000005562,,,,,,false,false,,false
00000005563,,,,,,false,false,,false
00000005564,,,,,,false,false,,false
00000005565,,,,,,false,false,,false
00000005566,,,,,,false,false,,false
00000005567,,,,,,false,false,,false
00000005568,,,,,,false,false,,false
00000005569,,,,,,false,false,,false
00000005570,,,,,,false,false,,false
00000005571,,,,,,false,false,,false
00000005572,,,,,,false,false,,false
00000005573,,,,,,false,false,,false
00000005574,,,,,,false,false,,false
00000005575,,,,,,false,false,,false
00000005576,,,,,,false,false,,false
00000005577,,,,,,false,false,,false
00000005578,,,,,,false,false,,false
00000005579,,,,,,false,false,,false
00000005580,,,,,,false,false,,false
00000005581,,,,,,false,false,,false
00000005582,,,,,,false,false,,false
00000005583,,,,,,false,false,,false
00000005584,,,,,,false,false,,false
00000005585,,,,,,false,false,,false
00000005586,,,,,,false,false,,false
00000005587,,,,,,false,false,,false
00000005588,,,,,,false,false,,false
00000005589,,,,,,false,false,,false
00000005590,,,,,,false,false,,false
00000005591,,,,,,false,false,,false
00000005592,,,,,,false,false,,false
00000005593,,,,,,false,false,,false
00000005594,,,,,,false,false,,false
00000005595,,,,,,false,false,,false
00000005596,,,,,,false,false,,false
00000005597,,,,,,false,false,,false
00000005598,,,,,,false,false,,false
00000005599,,,,,,false,false,,false
00000005600,,,,,,false,false,,false
00000005601,,,,,,false,false,,false
00000005602,,,,,,false,false,,false
00000005603,,,,,,false,false,,false
00000005604,,,,,,false,false,,false
00000005605,,,,,,false,false,,false
00000005606,,,,,,false,false,,false
00000005607,,,,,,false,false,,false
00000005608,,,,,,false,false,,false
00000005609,,,,,,false,false,,false
00000005610,,,,,,false,false,,false
00000005611,,,,,,false,false,,false
00000005612,,,,,,false,false,,false
00000005613,,,,,,false,false,,false
00000005614,,,,,,false,false,,false
00000005615,,,,,,false,false,,false
00000005616,,,,,,false,false,,false
00000005617,,,,,,false,false,,false
00000005618,,,,,,false,false,,false
00000005619,,,,,,false,false,,false
00000005620,,,,,,false,false,,false
00000005621,,,,,,false,false,,false
00000005622,,,,,,false,false,,false
00000005623,,,,,,false,false,,false
00000005624,,,,,,false,false,,false
00000005625,,,,,,false,false,,false
00000005626,,,,,,false,false,,false
00000005627,,,,,,false,false,,false
00000005628,,,,,,false,false,,false
00000005629,,,,,,false,false,,false
00000005630,,,,,,false,false,,false
00000005631,,,,,,false,false,,false
00000005632,,,,,,false,false,,false
00000005633,,,,,,false,false,,false
00000005634,,,,,,false,false,,false
00000005635,,,,,,false,false,,false
00000005636,,,,,,false,false,,false
00000005637,,,,,,false,false,,false
00000005638,,,,,,false,false,,false
00000005639,,,,,,false,false,,false
00000005640,,,,,,false,false,,false
00000005641,,,,,,false,false,,false
00000005642,,,,,,false,false,,false
00000005643,,,,,,false,false,,false
00000005644,,,,,,false,false,,false
00000005645,,,,,,false,false,,false
00000005646,,,,,,false,false,,false
00000005647,,,,,,false,false,,false
00000005648,,,,,,false,false,,false
00000005649,,,,,,false,false,,false
00000005650,,,,,,false,false,,false
00000005651,,,,,,false,false,,false
00000005652,,,,,,false,false,,false
00000005653,,,,,,false,false,,false
00000005654,,,,,,false,false,,false
00000005655,,,,,,false,false,,false
00000005656,,,,,,false,false,,false
00000005657,,,,,,false,false,,false
00000005658,,,,,,false,false,,false
00000005659,,,,,,false,false,,false
00000005660,,,,,,false,false,,false
00000005661,,,,,,false,false,,false
00000005662,,,,,,false,false,,false
00000005663,,,,,,false,false,,false
00000005664,,,,,,false,false,,false
00000005665,,,,,,false,false,,false
00000005666,,,,,,false,false,,false
00000005667,,,,,,false,false,,false
00000005668,,,,,,false,false,,false
00000005669,,,,,,false,false,,false
00000005670,,,,,,false,false,,false
00000005671,,,,,,false,false,,false
00000005672,,,,,,false,false,,false
00000005673,,,,,,false,false,,false
00000005674,,,,,,false,false,,false
00000005675,,,,,,false,false,,false
00000005676,,,,,,false,false,,false
00000005677,,,,,,false,false,,false
00000005678,,,,,,false,false,,false
00000005679,,,,,,false,false,,false
00000005680,,,,,,false,false,,false
00000005681,,,,,,false,false,,false
00000005682,,,,,,false,false,,false
00000005683,,,,,,false,false,,false
00000005684,,,,,,false,false,,false
00000005685,,,,,,false,false,,false
00000005686,,,,,,false,false,,false
00000005687,,,,,,false,false,,false
00000005688,,,,,,false,false,,false
00000005689,,,,,,false,false,,false
00000005690,,,,,,false,false,,false
00000005691,,,,,,false,false,,false
00000005692,,,,,,false,false,,false
00000005693,,,,,,false,false,,false
00000005694,,,,,,false,false,,false
00000005695,,,,,,false,false,,false
00000005696,,,,,,false,false,,false
00000005697,,,,,,false,false,,false
00000005698,,,,,,false,false,,false
00000005699,,,,,,false,false,,false
00000005700,,,,,,false,false,,false
00000005701,,,,,,false,false,,false
00000005702,,,,,,false,false,,false
00000005703,,,,,,false,false,,false
00000005704,,,,,,false,false,,false
00000005705,,,,,,false,false,,false
00000005706,,,,,,false,false,,false
00000005707,,,,,,false,false,,false
00000005708,,,,,,false,false,,false
00000005709,,,,,,false,false,,false
00000005710,,,,,,false,false,,false
00000005711,,,,,,false,false,,false
00000005712,,,,,,false,false,,false
00000005713,,,,,,false,false,,false
00000005714,,,,,,false,false,,false
00000005715,,,,,,false,false,,false
00000005716,,,,,,false,false,,false
00000005717,,,,,,false,false,,false
00000005718,,,,,,false,false,,false
00000005719,,,,,,false,false,,false
00000005720,,,,,,false,false,,false
00000005721,,,,,,false,false,,false
00000005722,,,,,,false,false,,false
00000005723,,,,,,false,false,,false
00000005724,,,,,,false,false,,false
00000005725,,,,,,false,false,,false
00000005726,,,,,,false,false,,false
00000005727,,,,,,false,false,,false
00000005728,,,,,,false,false,,false
00000005729,,,,,,false,false,,false
00000005730,,,,,,false,false,,false
00000005731,,,,,,false,false,,false
00000005732,,,,,,false,false,,false
00000005733,,,,,,false,false,,false
00000005734,,,,,,false,false,,false
00000005735,,,,,,false,false,,false
00000005736,,,,,,false,false,,false
00000005737,,,,,,false,false,,false
00000005738,,,,,,false,false,,false
00000005739,,,,,,false,false,,false
00000005740,,,,,,false,false,,false
00000005741,,,,,,false,false,,false
00000005742,,,,,,false,false,,false
00000005743,,,,,,false,false,,false
00000005744,,,,,,false,false,,false
00000005745,,,,,,false,false,,false
00000005746,,,,,,false,false,,false
00000005747,,,,,,false,false,,false
00000005748,,,,,,false,false,,false
00000005749,,,,,,false,false,,false
00000005750,,,,,,false,false,,false
00000005751,,,,,,false,false,,false
00000005752,,,,,,false,false,,false
00000005753,,,,,,false,false,,false
00000005754,,,,,,false,false,,false
00000005755,,,,,,false,false,,false
00000005756,,,,,,false,false,,false
00000005757,,,,,,false,false,,false
00000005758,,,,,,false,false,,false
00000005759,,,,,,false,false,,false
00000005760,,,,,,false,false,,false
00000005761,,,,,,false,false,,false
00000005762,,,,,,false,false,,false
00000005763,,,,,,false,false,,false
00000005764,,,,,,false,false,,false
00000005765,,,,,,false,false,,false
00000005766,,,,,,false,false,,false
00000005767,,,,,,false,false,,false
00000005768,,,,,,false,false,,false
00000005769,,,,,,false,false,,false
00000005770,,,,,,false,false,,false
00000005771,,,,,,false,false,,false
00000005772,,,,,,false,false,,false
00000005773,,,,,,false,false,,false
00000005774,,,,,,false,false,,false
00000005775,,,,,,false,false,,false
00000005776,,,,,,false,false,,false
00000005777,,,,,,false,false,,false
00000005778,,,,,,false,false,,false
00000005779,,,,,,false,false,,false
00000005780,,,,,,false,false,,false
00000005781,,,,,,false,false,,false
00000005782,,,,,,false,false,,false
00000005783,,,,,,false,false,,false
00000005784,,,,,,false,false,,false
00000005785,,,,,,false,false,,false
00000005786,,,,,,false,false,,false
00000005787,,,,,,false,false,,false
00000005788,,,,,,false,false,,false
00000005789,,,,,,false,false,,false
00000005790,,,,,,false,false,,false
00000005791,,,,,,false,false,,false
00000005792,,,,,,false,false,,false
00000005793,,,,,,false,false,,false
00000005794,,,,,,false,false,,false
00000005795,,,,,,false,false,,false
00000005796,,,,,,false,false,,false
00000005797,,,,,,false,false,,false
00000005798,,,,,,false,false,,false
00000005799,,,,,,false,false,,false
00000005800,,,,,,false,false,,false
00000005801,,,,,,false,false,,false
00000005802,,,,,,false,false,,false
00000005803,,,,,,false,false,,false
00000005804,,,,,,false,false,,false
00000005805,,,,,,false,false,,false
00000005806,,,,,,false,false,,false
00000005807,,,,,,false,false,,false
00000005808,,,,,,false,false,,false
00000005809,,,,,,false,false,,false
00000005810,,,,,,false,false,,false
00000005811,,,,,,false,false,,false
00000005812,,,,,,false,false,,false
00000005813,,,,,,false,false,,false
00000005814,,,,,,false,false,,false
00000005815,,,,,,false,false,,false
00000005816,,,,,,false,false,,false
00000005817,,,,,,false,false,,false
00000005818,,,,,,false,false,,false
00000005819,,,,,,false,false,,false
00000005820,,,,,,false,false,,false
00000005821,,,,,,false,false,,false
00000005822,,,,,,false,false,,false
00000005823,,,,,,false,false,,false
00000005824,,,,,,false,false,,false
00000005825,,,,,,false,false,,false
00000005826,,,,,,false,false,,false
00000005827,,,,,,false,false,,false
00000005828,,,,,,false,false,,false
00000005829,,,,,,false,false,,false
00000005830,,,,,,false,false,,false
00000005831,,,,,,false,false,,false
00000005832,,,,,,false,false,,false
00000005833,,,,,,false,false,,false
00000005834,,,,,,false,false,,false
00000005835,,,,,,false,false,,false
00000005836,,,,,,false,false,,false
00000005837,,,,,,false,false,,false
00000005838,,,,,,false,false,,false
00000005839,,,,,,false,false,,false
00000005840,,,,,,false,false,,false
00000005841,,,,,,false,false,,false
00000005842,,,,,,false,false,,false
00000005843,,,,,,false,false,,false
00000005844,,,,,,false,false,,false
00000005845,,,,,,false,false,,false
00000005846,,,,,,false,false,,false
00000005847,,,,,,false,false,,false
00000005848,,,,,,false,false,,false
00000005849,,,,,,false,false,,false
00000005850,,,,,,false,false,,false
00000005851,,,,,,false,false,,false
00000005852,,,,,,false,false,,false
00000005853,,,,,,false,false,,false
00000005854,,,,,,false,false,,false
00000005855,,,,,,false,false,,false
00000005856,,,,,,false,false,,false
00000005857,,,,,,false,false,,false
00000005858,,,,,,false,false,,false
00000005859,,,,,,false,false,,false
00000005860,,,,,,false,false,,false
00000005861,,,,,,false,false,,false
00000005862,,,,,,false,false,,false
00000005863,,,,,,false,false,,false
00000005864,,,,,,false,false,,false
00000005865,,,,,,false,false,,false
00000005866,,,,,,false,false,,false
00000005867,,,,,,false,false,,false
00000005868,,,,,,false,false,,false
00000005869,,,,,,false,false,,false
00000005870,,,,,,false,false,,false
00000005871,,,,,,false,false,,false
00000005872,,,,,,false,false,,false
00000005873,,,,,,false,false,,false
00000005874,,,,,,false,false,,false
00000005875,,,,,,false,false,,false
00000005876,,,,,,false,false,,false
00000005877,,,,,,false,false,,false
00000005878,,,,,,false,false,,false
00000005879,,,,,,false,false,,false
00000005880,,,,,,false,false,,false
00000005881,,,,,,false,false,,false
00000005882,,,,,,false,false,,false
00000005883,,,,,,false,false,,false
00000005884,,,,,,false,false,,false
00000005885,,,,,,false,false,,false
00000005886,,,,,,false,false,,false
00000005887,,,,,,false,false,,false
00000005888,,,,,,false,false,,false
00000005889,,,,,,false,false,,false
00000005890,,,,,,false,false,,false
00000005891,,,,,,false,false,,false
00000005892,,,,,,false,false,,false
00000005893,,,,,,false,false,,false
00000005894,,,,,,false,false,,false
00000005895,,,,,,false,false,,false
00000005896,,,,,,false,false,,false
00000005897,,,,,,false,false,,false
00000005898,,,,,,false,false,,false
00000005899,,,,,,false,false,,false
00000005900,,,,,,false,false,,false
00000005901,,,,,,false,false,,false
00000005902,,,,,,false,false,,false
00000005903,,,,,,false,false,,false
00000005904,,,,,,false,false,,false
00000005905,,,,,,false,false,,false
00000005906,,,,,,false,false,,false
00000005907,,,,,,false,false,,false
00000005908,,,,,,false,false,,false
00000005909,,,,,,false,false,,false
00000005910,,,,,,false,false,,false
00000005911,,,,,,false,false,,false
00000005912,,,,,,false,false,,false
00000005913,,,,,,false,false,,false
00000005914,,,,,,false,false,,false
00000005915,,,,,,false,false,,false
00000005916,,,,,,false,false,,false
00000005917,,,,,,false,false,,false
00000005918,,,,,,false,false,,false
00000005919,,,,,,false,false,,false
00000005920,,,,,,false,false,,false
00000005921,,,,,,false,false,,false
00000005922,,,,,,false,false,,false
00000005923,,,,,,false,false,,false
00000005924,,,,,,false,false,,false
00000005925,,,,,,false,false,,false
00000005926,,,,,,false,false,,false
00000005927,,,,,,false,false,,false
00000005928,,,,,,false,false,,false
00000005929,,,,,,false,false,,false
00000005930,,,,,,false,false,,false
00000005931,,,,,,false,false,,false
00000005932,,,,,,false,false,,false
00000005933,,,,,,false,false,,false
00000005934,,,,,,false,false,,false
00000005935,,,,,,false,false,,false
00000005936,,,,,,false,false,,false
00000005937,,,,,,false,false,,false
00000005938,,,,,,false,false,,false
00000005939,,,,,,false,false,,false
00000005940,,,,,,false,false,,false
00000005941,,,,,,false,false,,false
00000005942,,,,,,false,false,,false
00000005943,,,,,,false,false,,false
00000005944,,,,,,false,false,,false
00000005945,,,,,,false,false,,false
00000005946,,,,,,false,false,,false
00000005947,,,,,,false,false,,false
00000005948,,,,,,false,false,,false
00000005949,,,,,,false,false,,false
00000005950,,,,,,false,false,,false
00000005951,,,,,,false,false,,false
00000005952,,,,,,false,false,,false
00000005953,,,,,,false,false,,false
00000005954,,,,,,false,false,,false
00000005955,,,,,,false,false,,false
00000005956,,,,,,false,false,,false
00000005957,,,,,,false,false,,false
00000005958,,,,,,false,false,,false
00000005959,,,,,,false,false,,false
00000005960,,,,,,false,false,,false
00000005961,,,,,,false,false,,false
00000005962,,,,,,false,false,,false
00000005963,,,,,,false,false,,false
00000005964,,,,,,false,false,,false
00000005965,,,,,,false,false,,false
00000005966,,,,,,false,false,,false
00000005967,,,,,,false,false,,false
00000005968,,,,,,false,false,,false
00000005969,,,,,,false,false,,false
00000005970,,,,,,false,false,,false
00000005971,,,,,,false,false,,false
00000005972,,,,,,false,false,,false
00000005973,,,,,,false,false,,false
00000005974,,,,,,false,false,,false
00000005975,,,,,,false,false,,false
00000005976,,,,,,false,false,,false
00000005977,,,,,,false,false,,false
00000005978,,,,,,false,false,,false
00000005979,,,,,,false,false,,false
00000005980,,,,,,false,false,,false
00000005981,,,,,,false,false,,false
00000005982,,,,,,false,false,,false
00000005983,,,,,,false,false,,false
00000005984,,,,,,false,false,,false
00000005985,,,,,,false,false,,false
00000005986,,,,,,false,false,,false
00000005987,,,,,,false,false,,false
00000005988,,,,,,false,false,,false
00000005989,,,,,,false,false,,false
00000005990,,,,,,false,false,,false
00000005991,,,,,,false,false,,false
00000005992,,,,,,false,false,,false
00000005993,,,,,,false,false,,false
00000005994,,,,,,false,false,,false
00000005995,,,,,,false,false,,false
00000005996,,,,,,false,false,,false
00000005997,,,,,,false,false,,false
00000005998,,,,,,false,false,,false
00000005999,,,,,,false,false,,false
00000006000,,,,,,false,false,,false
00000006001,,,,,,false,false,,false
00000006002,,,,,,false,false,,false
00000006003,,,,,,false,false,,false
00000006004,,,,,,false,false,,false
00000006005,,,,,,false,false,,false
00000006006,,,,,,false,false,,false
00000006007,,,,,,false,false,,false
00000006008,,,,,,false,false,,false
00000006009,,,,,,false,false,,false
00000006010,,,,,,false,false,,false
00000006011,,,,,,false,false,,false
00000006012,,,,,,false,false,,false
00000006013,,,,,,false,false,,false
00000006014,,,,,,false,false,,false
00000006015,,,,,,false,false,,false
00000006016,,,,,,false,false,,false
00000006017,,,,,,false,false,,false
00000006018,,,,,,false,false,,false
00000006019,,,,,,false,false,,false
00000006020,,,,,,false,false,,false
00000006021,,,,,,false,false,,false
00000006022,,,,,,false,false,,false
00000006023,,,,,,false,false,,false
00000006024,,,,,,false,false,,false
00000006025,,,,,,false,false,,false
00000006026,,,,,,false,false,,false
00000006027,,,,,,false,false,,false
00000006028,,,,,,false,false,,false
00000006029,,,,,,false,false,,false
00000006030,,,,,,false,false,,false
00000006031,,,,,,false,false,,false
00000006032,,,,,,false,false,,false
00000006033,,,,,,false,false,,false
00000006034,,,,,,false,false,,false
00000006035,,,,,,false,false,,false
00000006036,,,,,,false,false,,false
00000006037,,,,,,false,false,,false
00000006038,,,,,,false,false,,false
00000006039,,,,,,false,false,,false
00000006040,,,,,,false,false,,false
00000006041,,,,,,false,false,,false
00000006042,,,,,,false,false,,false
00000006043,,,,,,false,false,,false
00000006044,,,,,,false,false,,false
00000006045,,,,,,false,false,,false
00000006046,,,,,,false,false,,false
00000006047,,,,,,false,false,,false
00000006048,,,,,,false,false,,false
00000006049,,,,,,false,false,,false
00000006050,,,,,,false,false,,false
00000006051,,,,,,false,false,,false
00000006052,,,,,,false,false,,false
00000006053,,,,,,false,false,,false
00000006054,,,,,,false,false,,false
00000006055,,,,,,false,false,,false
00000006056,,,,,,false,false,,false
00000006057,,,,,,false,false,,false
00000006058,,,,,,false,false,,false
00000006059,,,,,,false,false,,false
00000006060,,,,,,false,false,,false
00000006061,,,,,,false,false,,false
00000006062,,,,,,false,false,,false
00000006063,,,,,,false,false,,false
00000006064,,,,,,false,false,,false
00000006065,,,,,,false,false,,false
00000006066,,,,,,false,false,,false
00000006067,,,,,,false,false,,false
00000006068,,,,,,false,false,,false
00000006069,,,,,,false,false,,false
00000006070,,,,,,false,false,,false
00000006071,,,,,,false,false,,false
00000006072,,,,,,false,false,,false
00000006073,,,,,,false,false,,false
00000006074,,,,,,false,false,,false
00000006075,,,,,,false,false,,false
00000006076,,,,,,false,false,,false
00000006077,,,,,,false,false,,false
00000006078,,,,,,false,false,,false
00000006079,,,,,,false,false,,false
00000006080,,,,,,false,false,,false
00000006081,,,,,,false,false,,false
00000006082,,,,,,false,false,,false
00000006083,,,,,,false,false,,false
00000006084,,,,,,false,false,,false
00000006085,,,,,,false,false,,false
00000006086,,,,,,false,false,,false
00000006087,,,,,,false,false,,false
00000006088,,,,,,false,false,,false
00000006089,,,,,,false,false,,false
00000006090,,,,,,false,false,,false
00000006091,,,,,,false,false,,false
00000006092,,,,,,false,false,,false
00000006093,,,,,,false,false,,false
00000006094,,,,,,false,false,,false
00000006095,,,,,,false,false,,false
00000006096,,,,,,false,false,,false
00000006097,,,,,,false,false,,false
00000006098,,,,,,false,false,,false
00000006099,,,,,,false,false,,false
00000006100,,,,,,false,false,,false
00000006101,,,,,,false,false,,false
00000006102,,,,,,false,false,,false
00000006103,,,,,,false,false,,false
00000006104,,,,,,false,false,,false
00000006105,,,,,,false,false,,false
00000006106,,,,,,false,false,,false
00000006107,,,,,,false,false,,false
00000006108,,,,,,false,false,,false
00000006109,,,,,,false,false,,false
00000006110,,,,,,false,false,,false
00000006111,,,,,,false,false,,false
00000006112,,,,,,false,false,,false
00000006113,,,,,,false,false,,false
00000006114,,,,,,false,false,,false
00000006115,,,,,,false,false,,false
00000006116,,,,,,false,false,,false
00000006117,,,,,,false,false,,false
00000006118,,,,,,false,false,,false
00000006119,,,,,,false,false,,false
00000006120,,,,,,false,false,,false
00000006121,,,,,,false,false,,false
00000006122,,,,,,false,false,,false
00000006123,,,,,,false,false,,false
00000006124,,,,,,false,false,,false
00000006125,,,,,,false,false,,false
00000006126,,,,,,false,false,,false
00000006127,,,,,,false,false,,false
00000006128,,,,,,false,false,,false
00000006129,,,,,,false,false,,false
00000006130,,,,,,false,false,,false
00000006131,,,,,,false,false,,false
00000006132,,,,,,false,false,,false
00000006133,,,,,,false,false,,false
00000006134,,,,,,false,false,,false
00000006135,,,,,,false,false,,false
00000006136,,,,,,false,false,,false
00000006137,,,,,,false,false,,false
00000006138,,,,,,false,false,,false
00000006139,,,,,,false,false,,false
00000006140,,,,,,false,false,,false
00000006141,,,,,,false,false,,false
00000006142,,,,,,false,false,,false
00000006143,,,,,,false,false,,false
00000006144,,,,,,false,false,,false
00000006145,,,,,,false,false,,false
00000006146,,,,,,false,false,,false
00000006147,,,,,,false,false,,false
00000006148,,,,,,false,false,,false
00000006149,,,,,,false,false,,false
00000006150,,,,,,false,false,,false
00000006151,,,,,,false,false,,false
00000006152,,,,,,false,false,,false
00000006153,,,,,,false,false,,false
00000006154,,,,,,false,false,,false
00000006155,,,,,,false,false,,false
00000006156,,,,,,false,false,,false
00000006157,,,,,,false,false,,false
00000006158,,,,,,false,false,,false
00000006159,,,,,,false,false,,false
00000006160,,,,,,false,false,,false
00000006161,,,,,,false,false,,false
00000006162,,,,,,false,false,,false
00000006163,,,,,,false,false,,false
00000006164,,,,,,false,false,,false
00000006165,,,,,,false,false,,false
00000006166,,,,,,false,false,,false
00000006167,,,,,,false,false,,false
00000006168,,,,,,false,false,,false
00000006169,,,,,,false,false,,false
00000006170,,,,,,false,false,,false
00000006171,,,,,,false,false,,false
00000006172,,,,,,false,false,,false
00000006173,,,,,,false,false,,false
00000006174,,,,,,false,false,,false
00000006175,,,,,,false,false,,false
00000006176,,,,,,false,false,,false
00000006177,,,,,,false,false,,false
00000006178,,,,,,false,false,,false
00000006179,,,,,,false,false,,false
00000006180,,,,,,false,false,,false
00000006181,,,,,,false,false,,false
00000006182,,,,,,false,false,,false
00000006183,,,,,,false,false,,false
00000006184,,,,,,false,false,,false
00000006185,,,,,,false,false,,false
00000006186,,,,,,false,false,,false
00000006187,,,,,,false,false,,false
00000006188,,,,,,false,false,,false
00000006189,,,,,,false,false,,false
00000006190,,,,,,false,false,,false
00000006191,,,,,,false,false,,false
00000006192,,,,,,false,false,,false
00000006193,,,,,,false,false,,false
00000006194,,,,,,false,false,,false
00000006195,,,,,,false,false,,false
00000006196,,,,,,false,false,,false
00000006197,,,,,,false,false,,false
00000006198,,,,,,false,false,,false
00000006199,,,,,,false,false,,false
00000006200,,,,,,false,false,,false
00000006201,,,,,,false,false,,false
00000006202,,,,,,false,false,,false
00000006203,,,,,,false,false,,false
00000006204,,,,,,false,false,,false
00000006205,,,,,,false,false,,false
00000006206,,,,,,false,false,,false
00000006207,,,,,,false,false,,false
00000006208,,,,,,false,false,,false
00000006209,,,,,,false,false,,false
00000006210,,,,,,false,false,,false
00000006211,,,,,,false,false,,false
00000006212,,,,,,false,false,,false
00000006213,,,,,,false,false,,false
00000006214,,,,,,false,false,,false
00000006215,,,,,,false,false,,false
00000006216,,,,,,false,false,,false
00000006217,,,,,,false,false,,false
00000006218,,,,,,false,false,,false
00000006219,,,,,,false,false,,false
00000006220,,,,,,false,false,,false
00000006221,,,,,,false,false,,false
00000006222,,,,,,false,false,,false
00000006223,,,,,,false,false,,false
00000006224,,,,,,false,false,,false
00000006225,,,,,,false,false,,false
00000006226,,,,,,false,false,,false
00000006227,,,,,,false,false,,false
00000006228,,,,,,false,false,,false
00000006229,,,,,,false,false,,false
00000006230,,,,,,false,false,,false
00000006231,,,,,,false,false,,false
00000006232,,,,,,false,false,,false
00000006233,,,,,,false,false,,false
00000006234,,,,,,false,false,,false
00000006235,,,,,,false,false,,false
00000006236,,,,,,false,false,,false
00000006237,,,,,,false,false,,false
00000006238,,,,,,false,false,,false
00000006239,,,,,,false,false,,false
00000006240,,,,,,false,false,,false
00000006241,,,,,,false,false,,false
00000006242,,,,,,false,false,,false
00000006243,,,,,,false,false,,false
00000006244,,,,,,false,false,,false
00000006245,,,,,,false,false,,false
00000006246,,,,,,false,false,,false
00000006247,,,,,,false,false,,false
00000006248,,,,,,false,false,,false
00000006249,,,,,,false,false,,false
00000006250,,,,,,false,false,,false
00000006251,,,,,,false,false,,false
00000006252,,,,,,false,false,,false
00000006253,,,,,,false,false,,false
00000006254,,,,,,false,false,,false
00000006255,,,,,,false,false,,false
00000006256,,,,,,false,false,,false
00000006257,,,,,,false,false,,false
00000006258,,,,,,false,false,,false
00000006259,,,,,,false,false,,false
00000006260,,,,,,false,false,,false
00000006261,,,,,,false,false,,false
00000006262,,,,,,false,false,,false
00000006263,,,,,,false,false,,false
00000006264,,,,,,false,false,,false
00000006265,,,,,,false,false,,false
00000006266,,,,,,false,false,,false
00000006267,,,,,,false,false,,false
00000006268,,,,,,false,false,,false
00000006269,,,,,,false,false,,false
00000006270,,,,,,false,false,,false
00000006271,,,,,,false,false,,false
00000006272,,,,,,false,false,,false
00000006273,,,,,,false,false,,false
00000006274,,,,,,false,false,,false
00000006275,,,,,,false,false,,false
00000006276,,,,,,false,false,,false
00000006277,,,,,,false,false,,false
00000006278,,,,,,false,false,,false
00000006279,,,,,,false,false,,false
00000006280,,,,,,false,false,,false
00000006281,,,,,,false,false,,false
00000006282,,,,,,false,false,,false
00000006283,,,,,,false,false,,false
00000006284,,,,,,false,false,,false
00000006285,,,,,,false,false,,false
00000006286,,,,,,false,false,,false
00000006287,,,,,,false,false,,false
00000006288,,,,,,false,false,,false
00000006289,,,,,,false,false,,false
00000006290,,,,,,false,false,,false
00000006291,,,,,,false,false,,false
00000006292,,,,,,false,false,,false
00000006293,,,,,,false,false,,false
00000006294,,,,,,false,false,,false
00000006295,,,,,,false,false,,false
00000006296,,,,,,false,false,,false
00000006297,,,,,,false,false,,false
00000006298,,,,,,false,false,,false
00000006299,,,,,,false,false,,false
00000006300,,,,,,false,false,,false
00000006301,,,,,,false,false,,false
00000006302,,,,,,false,false,,false
00000006303,,,,,,false,false,,false
00000006304,,,,,,false,false,,false
00000006305,,,,,,false,false,,false
00000006306,,,,,,false,false,,false
00000006307,,,,,,false,false,,false
00000006308,,,,,,false,false,,false
00000006309,,,,,,false,false,,false
00000006310,,,,,,false,false,,false
00000006311,,,,,,false,false,,false
00000006312,,,,,,false,false,,false
00000006313,,,,,,false,false,,false
00000006314,,,,,,false,false,,false
00000006315,,,,,,false,false,,false
00000006316,,,,,,false,false,,false
00000006317,,,,,,false,false,,false
00000006318,,,,,,false,false,,false
00000006319,,,,,,false,false,,false
00000006320,,,,,,false,false,,false
00000006321,,,,,,false,false,,false
00000006322,,,,,,false,false,,false
00000006323,,,,,,false,false,,false
00000006324,,,,,,false,false,,false
00000006325,,,,,,false,false,,false
00000006326,,,,,,false,false,,false
00000006327,,,,,,false,false,,false
00000006328,,,,,,false,false,,false
00000006329,,,,,,false,false,,false
00000006330,,,,,,false,false,,false
00000006331,,,,,,false,false,,false
00000006332,,,,,,false,false,,false
00000006333,,,,,,false,false,,false
00000006334,,,,,,false,false,,false
00000006335,,,,,,false,false,,false
00000006336,,,,,,false,false,,false
00000006337,,,,,,false,false,,false
00000006338,,,,,,false,false,,false
00000006339,,,,,,false,false,,false
00000006340,,,,,,false,false,,false
00000006341,,,,,,false,false,,false
00000006342,,,,,,false,false,,false
00000006343,,,,,,false,false,,false
00000006344,,,,,,false,false,,false
00000006345,,,,,,false,false,,false
00000006346,,,,,,false,false,,false
00000006347,,,,,,false,false,,false
00000006348,,,,,,false,false,,false
00000006349,,,,,,false,false,,false
00000006350,,,,,,false,false,,false
00000006351,,,,,,false,false,,false
00000006352,,,,,,false,false,,false
00000006353,,,,,,false,false,,false
00000006354,,,,,,false,false,,false
00000006355,,,,,,false,false,,false
00000006356,,,,,,false,false,,false
00000006357,,,,,,false,false,,false
00000006358,,,,,,false,false,,false
00000006359,,,,,,false,false,,false
00000006360,,,,,,false,false,,false
00000006361,,,,,,false,false,,false
00000006362,,,,,,false,false,,false
00000006363,,,,,,false,false,,false
00000006364,,,,,,false,false,,false
00000006365,,,,,,false,false,,false
00000006366,,,,,,false,false,,false
00000006367,,,,,,false,false,,false
00000006368,,,,,,false,false,,false
00000006369,,,,,,false,false,,false
00000006370,,,,,,false,false,,false
00000006371,,,,,,false,false,,false
00000006372,,,,,,false,false,,false
00000006373,,,,,,false,false,,false
00000006374,,,,,,false,false,,false
00000006375,,,,,,false,false,,false
00000006376,,,,,,false,false,,false
00000006377,,,,,,false,false,,false
00000006378,,,,,,false,false,,false
00000006379,,,,,,false,false,,false
00000006380,,,,,,false,false,,false
00000006381,,,,,,false,false,,false
00000006382,,,,,,false,false,,false
00000006383,,,,,,false,false,,false
00000006384,,,,,,false,false,,false
00000006385,,,,,,false,false,,false
00000006386,,,,,,false,false,,false
00000006387,,,,,,false,false,,false
00000006388,,,,,,false,false,,false
00000006389,,,,,,false,false,,false
00000006390,,,,,,false,false,,false
00000006391,,,,,,false,false,,false
00000006392,,,,,,false,false,,false
00000006393,,,,,,false,false,,false
00000006394,,,,,,false,false,,false
00000006395,,,,,,false,false,,false
00000006396,,,,,,false,false,,false
00000006397,,,,,,false,false,,false
00000006398,,,,,,false,false,,false
00000006399,,,,,,false,false,,false
00000006400,,,,,,false,false,,false
00000006401,,,,,,false,false,,false
00000006402,,,,,,false,false,,false
00000006403,,,,,,false,false,,false
00000006404,,,,,,false,false,,false
00000006405,,,,,,false,false,,false
00000006406,,,,,,false,false,,false
00000006407,,,,,,false,false,,false
00000006408,,,,,,false,false,,false
00000006409,,,,,,false,false,,false
00000006410,,,,,,false,false,,false
00000006411,,,,,,false,false,,false
00000006412,,,,,,false,false,,false
00000006413,,,,,,false,false,,false
00000006414,,,,,,false,false,,false
00000006415,,,,,,false,false,,false
00000006416,,,,,,false,false,,false
00000006417,,,,,,false,false,,false
00000006418,,,,,,false,false,,false
00000006419,,,,,,false,false,,false
00000006420,,,,,,false,false,,false
00000006421,,,,,,false,false,,false
00000006422,,,,,,false,false,,false
00000006423,,,,,,false,false,,false
00000006424,,,,,,false,false,,false
00000006425,,,,,,false,false,,false
00000006426,,,,,,false,false,,false
00000006427,,,,,,false,false,,false
00000006428,,,,,,false,false,,false
00000006429,,,,,,false,false,,false
00000006430,,,,,,false,false,,false
00000006431,,,,,,false,false,,false
00000006432,,,,,,false,false,,false
00000006433,,,,,,false,false,,false
00000006434,,,,,,false,false,,false
00000006435,,,,,,false,false,,false
00000006436,,,,,,false,false,,false
00000006437,,,,,,false,false,,false
00000006438,,,,,,false,false,,false
00000006439,,,,,,false,false,,false
00000006440,,,,,,false,false,,false
00000006441,,,,,,false,false,,false
00000006442,,,,,,false,false,,false
00000006443,,,,,,false,false,,false
00000006444,,,,,,false,false,,false
00000006445,,,,,,false,false,,false
00000006446,,,,,,false,false,,false
00000006447,,,,,,false,false,,false
00000006448,,,,,,false,false,,false
00000006449,,,,,,false,false,,false
00000006450,,,,,,false,false,,false
00000006451,,,,,,false,false,,false
00000006452,,,,,,false,false,,false
00000006453,,,,,,false,false,,false
00000006454,,,,,,false,false,,false
00000006455,,,,,,false,false,,false
00000006456,,,,,,false,false,,false
00000006457,,,,,,false,false,,false
00000006458,,,,,,false,false,,false
00000006459,,,,,,false,false,,false
00000006460,,,,,,false,false,,false
00000006461,,,,,,false,false,,false
00000006462,,,,,,false,false,,false
00000006463,,,,,,false,false,,false
00000006464,,,,,,false,false,,false
00000006465,,,,,,false,false,,false
00000006466,,,,,,false,false,,false
00000006467,,,,,,false,false,,false
00000006468,,,,,,false,false,,false
00000006469,,,,,,false,false,,false
00000006470,,,,,,false,false,,false
00000006471,,,,,,false,false,,false
00000006472,,,,,,false,false,,false
00000006473,,,,,,false,false,,false
00000006474,,,,,,false,false,,false
00000006475,,,,,,false,false,,false
00000006476,,,,,,false,false,,false
00000006477,,,,,,false,false,,false
00000006478,,,,,,false,false,,false
00000006479,,,,,,false,false,,false
00000006480,,,,,,false,false,,false
00000006481,,,,,,false,false,,false
00000006482,,,,,,false,false,,false
00000006483,,,,,,false,false,,false
00000006484,,,,,,false,false,,false
00000006485,,,,,,false,false,,false
00000006486,,,,,,false,false,,false
00000006487,,,,,,false,false,,false
00000006488,,,,,,false,false,,false
00000006489,,,,,,false,false,,false
00000006490,,,,,,false,false,,false
00000006491,,,,,,false,false,,false
00000006492,,,,,,false,false,,false
00000006493,,,,,,false,false,,false
00000006494,,,,,,false,false,,false
00000006495,,,,,,false,false,,false
00000006496,,,,,,false,false,,false
00000006497,,,,,,false,false,,false
00000006498,,,,,,false,false,,false
00000006499,,,,,,false,false,,false
00000006500,,,,,,false,false,,false
00000006501,,,,,,false,false,,false
00000006502,,,,,,false,false,,false
00000006503,,,,,,false,false,,false
00000006504,,,,,,false,false,,false
00000006505,,,,,,false,false,,false
00000006506,,,,,,false,false,,false
00000006507,,,,,,false,false,,false
00000006508,,,,,,false,false,,false
00000006509,,,,,,false,false,,false
00000006510,,,,,,false,false,,false
00000006511,,,,,,false,false,,false
00000006512,,,,,,false,false,,false
00000006513,,,,,,false,false,,false
00000006514,,,,,,false,false,,false
00000006515,,,,,,false,false,,false
00000006516,,,,,,false,false,,false
00000006517,,,,,,false,false,,false
00000006518,,,,,,false,false,,false
00000006519,,,,,,false,false,,false
00000006520,,,,,,false,false,,false
00000006521,,,,,,false,false,,false
00000006522,,,,,,false,false,,false
00000006523,,,,,,false,false,,false
00000006524,,,,,,false,false,,false
00000006525,,,,,,false,false,,false
00000006526,,,,,,false,false,,false
00000006527,,,,,,false,false,,false
00000006528,,,,,,false,false,,false
00000006529,,,,,,false,false,,false
00000006530,,,,,,false,false,,false
00000006531,,,,,,false,false,,false
00000006532,,,,,,false,false,,false
00000006533,,,,,,false,false,,false
00000006534,,,,,,false,false,,false
00000006535,,,,,,false,false,,false
00000006536,,,,,,false,false,,false
00000006537,,,,,,false,false,,false
00000006538,,,,,,false,false,,false
00000006539,,,,,,false,false,,false
00000006540,,,,,,false,false,,false
00000006541,,,,,,false,false,,false
00000006542,,,,,,false,false,,false
00000006543,,,,,,false,false,,false
00000006544,,,,,,false,false,,false
00000006545,,,,,,false,false,,false
00000006546,,,,,,false,false,,false
00000006547,,,,,,false,false,,false
00000006548,,,,,,false,false,,false
00000006549,,,,,,false,false,,false
00000006550,,,,,,false,false,,false
00000006551,,,,,,false,false,,false
00000006552,,,,,,false,false,,false
00000006553,,,,,,false,false,,false
00000006554,,,,,,false,false,,false
00000006555,,,,,,false,false,,false
00000006556,,,,,,false,false,,false
00000006557,,,,,,false,false,,false
00000006558,,,,,,false,false,,false
00000006559,,,,,,false,false,,false
00000006560,,,,,,false,false,,false
00000006561,,,,,,false,false,,false
00000006562,,,,,,false,false,,false
00000006563,,,,,,false,false,,false
00000006564,,,,,,false,false,,false
00000006565,,,,,,false,false,,false
00000006566,,,,,,false,false,,false
00000006567,,,,,,false,false,,false
00000006568,,,,,,false,false,,false
00000006569,,,,,,false,false,,false
00000006570,,,,,,false,false,,false
00000006571,,,,,,false,false,,false
00000006572,,,,,,false,false,,false
00000006573,,,,,,false,false,,false
00000006574,,,,,,false,false,,false
00000006575,,,,,,false,false,,false
00000006576,,,,,,false,false,,false
00000006577,,,,,,false,false,,false
00000006578,,,,,,false,false,,false
00000006579,,,,,,false,false,,false
00000006580,,,,,,false,false,,false
00000006581,,,,,,false,false,,false
00000006582,,,,,,false,false,,false
00000006583,,,,,,false,false,,false
00000006584,,,,,,false,false,,false
00000006585,,,,,,false,false,,false
00000006586,,,,,,false,false,,false
00000006587,,,,,,false,false,,false
00000006588,,,,,,false,false,,false
00000006589,,,,,,false,false,,false
00000006590,,,,,,false,false,,false
00000006591,,,,,,false,false,,false
00000006592,,,,,,false,false,,false
00000006593,,,,,,false,false,,false
00000006594,,,,,,false,false,,false
00000006595,,,,,,false,false,,false
00000006596,,,,,,false,false,,false
00000006597,,,,,,false,false,,false
00000006598,,,,,,false,false,,false
00000006599,,,,,,false,false,,false
00000006600,,,,,,false,false,,false
00000006601,,,,,,false,false,,false
00000006602,,,,,,false,false,,false
00000006603,,,,,,false,false,,false
00000006604,,,,,,false,false,,false
00000006605,,,,,,false,false,,false
00000006606,,,,,,false,false,,false
00000006607,,,,,,false,false,,false
00000006608,,,,,,false,false,,false
00000006609,,,,,,false,false,,false
00000006610,,,,,,false,false,,false
00000006611,,,,,,false,false,,false
00000006612,,,,,,false,false,,false
00000006613,,,,,,false,false,,false
00000006614,,,,,,false,false,,false
00000006615,,,,,,false,false,,false
00000006616,,,,,,false,false,,false
00000006617,,,,,,false,false,,false
00000006618,,,,,,false,false,,false
00000006619,,,,,,false,false,,false
00000006620,,,,,,false,false,,false
00000006621,,,,,,false,false,,false
00000006622,,,,,,false,false,,false
00000006623,,,,,,false,false,,false
00000006624,,,,,,false,false,,false
00000006625,,,,,,false,false,,false
00000006626,,,,,,false,false,,false
00000006627,,,,,,false,false,,false
00000006628,,,,,,false,false,,false
00000006629,,,,,,false,false,,false
00000006630,,,,,,false,false,,false
00000006631,,,,,,false,false,,false
00000006632,,,,,,false,false,,false
00000006633,,,,,,false,false,,false
00000006634,,,,,,false,false,,false
00000006635,,,,,,false,false,,false
00000006636,,,,,,false,false,,false
00000006637,,,,,,false,false,,false
00000006638,,,,,,false,false,,false
00000006639,,,,,,false,false,,false
00000006640,,,,,,false,false,,false
00000006641,,,,,,false,false,,false
00000006642,,,,,,false,false,,false
00000006643,,,,,,false,false,,false
00000006644,,,,,,false,false,,false
00000006645,,,,,,false,false,,false
00000006646,,,,,,false,false,,false
00000006647,,,,,,false,false,,false
00000006648,,,,,,false,false,,false
00000006649,,,,,,false,false,,false
00000006650,,,,,,false,false,,false
00000006651,,,,,,false,false,,false
00000006652,,,,,,false,false,,false
00000006653,,,,,,false,false,,false
00000006654,,,,,,false,false,,false
00000006655,,,,,,false,false,,false
00000006656,,,,,,false,false,,false
00000006657,,,,,,false,false,,false
00000006658,,,,,,false,false,,false
00000006659,,,,,,false,false,,false
00000006660,,,,,,false,false,,false
00000006661,,,,,,false,false,,false
00000006662,,,,,,false,false,,false
00000006663,,,,,,false,false,,false
00000006664,,,,,,false,false,,false
00000006665,,,,,,false,false,,false
00000006666,,,,,,false,false,,false
00000006667,,,,,,false,false,,false
00000006668,,,,,,false,false,,false
00000006669,,,,,,false,false,,false
00000006670,,,,,,false,false,,false
00000006671,,,,,,false,false,,false
00000006672,,,,,,false,false,,false
00000006673,,,,,,false,false,,false
00000006674,,,,,,false,false,,false
00000006675,,,,,,false,false,,false
00000006676,,,,,,false,false,,false
00000006677,,,,,,false,false,,false
00000006678,,,,,,false,false,,false
00000006679,,,,,,false,false,,false
00000006680,,,,,,false,false,,false
00000006681,,,,,,false,false,,false
00000006682,,,,,,false,false,,false
00000006683,,,,,,false,false,,false
00000006684,,,,,,false,false,,false
00000006685,,,,,,false,false,,false
00000006686,,,,,,false,false,,false
00000006687,,,,,,false,false,,false
00000006688,,,,,,false,false,,false
00000006689,,,,,,false,false,,false
00000006690,,,,,,false,false,,false
00000006691,,,,,,false,false,,false
00000006692,,,,,,false,false,,false
00000006693,,,,,,false,false,,false
00000006694,,,,,,false,false,,false
00000006695,,,,,,false,false,,false
00000006696,,,,,,false,false,,false
00000006697,,,,,,false,false,,false
00000006698,,,,,,false,false,,false
00000006699,,,,,,false,false,,false
00000006700,,,,,,false,false,,false
00000006701,,,,,,false,false,,false
00000006702,,,,,,false,false,,false
00000006703,,,,,,false,false,,false
00000006704,,,,,,false,false,,false
00000006705,,,,,,false,false,,false
00000006706,,,,,,false,false,,false
00000006707,,,,,,false,false,,false
00000006708,,,,,,false,false,,false
00000006709,,,,,,false,false,,false
00000006710,,,,,,false,false,,false
00000006711,,,,,,false,false,,false
00000006712,,,,,,false,false,,false
00000006713,,,,,,false,false,,false
00000006714,,,,,,false,false,,false
00000006715,,,,,,false,false,,false
00000006716,,,,,,false,false,,false
00000006717,,,,,,false,false,,false
00000006718,,,,,,false,false,,false
00000006719,,,,,,false,false,,false
00000006720,,,,,,false,false,,false
00000006721,,,,,,false,false,,false
00000006722,,,,,,false,false,,false
00000006723,,,,,,false,false,,false
00000006724,,,,,,false,false,,false
00000006725,,,,,,false,false,,false
00000006726,,,,,,false,false,,false
00000006727,,,,,,false,false,,false
00000006728,,,,,,false,false,,false
00000006729,,,,,,false,false,,false
00000006730,,,,,,false,false,,false
00000006731,,,,,,false,false,,false
00000006732,,,,,,false,false,,false
00000006733,,,,,,false,false,,false
00000006734,,,,,,false,false,,false
00000006735,,,,,,false,false,,false
00000006736,,,,,,false,false,,false
00000006737,,,,,,false,false,,false
00000006738,,,,,,false,false,,false
00000006739,,,,,,false,false,,false
00000006740,,,,,,false,false,,false
00000006741,,,,,,false,false,,false
00000006742,,,,,,false,false,,false
00000006743,,,,,,false,false,,false
00000006744,,,,,,false,false,,false
00000006745,,,,,,false,false,,false
00000006746,,,,,,false,false,,false
00000006747,,,,,,false,false,,false
00000006748,,,,,,false,false,,false
00000006749,,,,,,false,false,,false
00000006750,,,,,,false,false,,false
00000006751,,,,,,false,false,,false
00000006752,,,,,,false,false,,false
00000006753,,,,,,false,false,,false
00000006754,,,,,,false,false,,false
00000006755,,,,,,false,false,,false
00000006756,,,,,,false,false,,false
00000006757,,,,,,false,false,,false
00000006758,,,,,,false,false,,false
00000006759,,,,,,false,false,,false
00000006760,,,,,,false,false,,false
00000006761,,,,,,false,false,,false
00000006762,,,,,,false,false,,false
00000006763,,,,,,false,false,,false
00000006764,,,,,,false,false,,false
00000006765,,,,,,false,false,,false
00000006766,,,,,,false,false,,false
00000006767,,,,,,false,false,,false
00000006768,,,,,,false,false,,false
00000006769,,,,,,false,false,,false
00000006770,,,,,,false,false,,false
00000006771,,,,,,false,false,,false
00000006772,,,,,,false,false,,false
00000006773,,,,,,false,false,,false
00000006774,,,,,,false,false,,false
00000006775,,,,,,false,false,,false
00000006776,,,,,,false,false,,false
00000006777,,,,,,false,false,,false
00000006778,,,,,,false,false,,false
00000006779,,,,,,false,false,,false
00000006780,,,,,,false,false,,false
00000006781,,,,,,false,false,,false
00000006782,,,,,,false,false,,false
00000006783,,,,,,false,false,,false
00000006784,,,,,,false,false,,false
00000006785,,,,,,false,false,,false
00000006786,,,,,,false,false,,false
00000006787,,,,,,false,false,,false
00000006788,,,,,,false,false,,false
00000006789,,,,,,false,false,,false
00000006790,,,,,,false,false,,false
00000006791,,,,,,false,false,,false
00000006792,,,,,,false,false,,false
00000006793,,,,,,false,false,,false
00000006794,,,,,,false,false,,false
00000006795,,,,,,false,false,,false
00000006796,,,,,,false,false,,false
00000006797,,,,,,false,false,,false
00000006798,,,,,,false,false,,false
00000006799,,,,,,false,false,,false
00000006800,,,,,,false,false,,false
00000006801,,,,,,false,false,,false
00000006802,,,,,,false,false,,false
00000006803,,,,,,false,false,,false
00000006804,,,,,,false,false,,false
00000006805,,,,,,false,false,,false
00000006806,,,,,,false,false,,false
00000006807,,,,,,false,false,,false
00000006808,,,,,,false,false,,false
00000006809,,,,,,false,false,,false
00000006810,,,,,,false,false,,false
00000006811,,,,,,false,false,,false
00000006812,,,,,,false,false,,false
00000006813,,,,,,false,false,,false
00000006814,,,,,,false,false,,false
00000006815,,,,,,false,false,,false
00000006816,,,,,,false,false,,false
00000006817,,,,,,false,false,,false
00000006818,,,,,,false,false,,false
00000006819,,,,,,false,false,,false
00000006820,,,,,,false,false,,false
00000006821,,,,,,false,false,,false
00000006822,,,,,,false,false,,false
00000006823,,,,,,false,false,,false
00000006824,,,,,,false,false,,false
00000006825,,,,,,false,false,,false
00000006826,,,,,,false,false,,false
00000006827,,,,,,false,false,,false
00000006828,,,,,,false,false,,false
00000006829,,,,,,false,false,,false
00000006830,,,,,,false,false,,false
00000006831,,,,,,false,false,,false
00000006832,,,,,,false,false,,false
00000006833,,,,,,false,false,,false
00000006834,,,,,,false,false,,false
00000006835,,,,,,false,false,,false
00000006836,,,,,,false,false,,false
00000006837,,,,,,false,false,,false
00000006838,,,,,,false,false,,false
00000006839,,,,,,false,false,,false
00000006840,,,,,,false,false,,false
00000006841,,,,,,false,false,,false
00000006842,,,,,,false,false,,false
00000006843,,,,,,false,false,,false
00000006844,,,,,,false,false,,false
00000006845,,,,,,false,false,,false
00000006846,,,,,,false,false,,false
00000006847,,,,,,false,false,,false
00000006848,,,,,,false,false,,false
00000006849,,,,,,false,false,,false
00000006850,,,,,,false,false,,false
00000006851,,,,,,false,false,,false
00000006852,,,,,,false,false,,false
00000006853,,,,,,false,false,,false
00000006854,,,,,,false,false,,false
00000006855,,,,,,false,false,,false
00000006856,,,,,,false,false,,false
00000006857,,,,,,false,false,,false
00000006858,,,,,,false,false,,false
00000006859,,,,,,false,false,,false
00000006860,,,,,,false,false,,false
00000006861,,,,,,false,false,,false
00000006862,,,,,,false,false,,false
00000006863,,,,,,false,false,,false
00000006864,,,,,,false,false,,false
00000006865,,,,,,false,false,,false
00000006866,,,,,,false,false,,false
00000006867,,,,,,false,false,,false
00000006868,,,,,,false,false,,false
00000006869,,,,,,false,false,,false
00000006870,,,,,,false,false,,false
00000006871,,,,,,false,false,,false
00000006872,,,,,,false,false,,false
00000006873,,,,,,false,false,,false
00000006874,,,,,,false,false,,false
00000006875,,,,,,false,false,,false
00000006876,,,,,,false,false,,false
00000006877,,,,,,false,false,,false
00000006878,,,,,,false,false,,false
00000006879,,,,,,false,false,,false
00000006880,,,,,,false,false,,false
00000006881,,,,,,false,false,,false
00000006882,,,,,,false,false,,false
00000006883,,,,,,false,false,,false
00000006884,,,,,,false,false,,false
00000006885,,,,,,false,false,,false
00000006886,,,,,,false,false,,false
00000006887,,,,,,false,false,,false
00000006888,,,,,,false,false,,false
00000006889,,,,,,false,false,,false
00000006890,,,,,,false,false,,false
00000006891,,,,,,false,false,,false
00000006892,,,,,,false,false,,false
00000006893,,,,,,false,false,,false
00000006894,,,,,,false,false,,false
00000006895,,,,,,false,false,,false
00000006896,,,,,,false,false,,false
00000006897,,,,,,false,false,,false
00000006898,,,,,,false,false,,false
00000006899,,,,,,false,false,,false
00000006900,,,,,,false,false,,false
00000006901,,,,,,false,false,,false
00000006902,,,,,,false,false,,false
00000006903,,,,,,false,false,,false
00000006904,,,,,,false,false,,false
00000006905,,,,,,false,false,,false
00000006906,,,,,,false,false,,false
00000006907,,,,,,false,false,,false
00000006908,,,,,,false,false,,false
00000006909,,,,,,false,false,,false
00000006910,,,,,,false,false,,false
00000006911,,,,,,false,false,,false
00000006912,,,,,,false,false,,false
00000006913,,,,,,false,false,,false
00000006914,,,,,,false,false,,false
00000006915,,,,,,false,false,,false
00000006916,,,,,,false,false,,false
00000006917,,,,,,false,false,,false
00000006918,,,,,,false,false,,false
00000006919,,,,,,false,false,,false
00000006920,,,,,,false,false,,false
00000006921,,,,,,false,false,,false
00000006922,,,,,,false,false,,false
00000006923,,,,,,false,false,,false
00000006924,,,,,,false,false,,false
00000006925,,,,,,false,false,,false
00000006926,,,,,,false,false,,false
00000006927,,,,,,false,false,,false
00000006928,,,,,,false,false,,false
00000006929,,,,,,false,false,,false
00000006930,,,,,,false,false,,false
00000006931,,,,,,false,false,,false
00000006932,,,,,,false,false,,false
00000006933,,,,,,false,false,,false
00000006934,,,,,,false,false,,false
00000006935,,,,,,false,false,,false
00000006936,,,,,,false,false,,false
00000006937,,,,,,false,false,,false
00000006938,,,,,,false,false,,false
00000006939,,,,,,false,false,,false
00000006940,,,,,,false,false,,false
00000006941,,,,,,false,false,,false
00000006942,,,,,,false,false,,false
00000006943,,,,,,false,false,,false
00000006944,,,,,,false,false,,false
00000006945,,,,,,false,false,,false
00000006946,,,,,,false,false,,false
00000006947,,,,,,false,false,,false
00000006948,,,,,,false,false,,false
00000006949,,,,,,false,false,,false
00000006950,,,,,,false,false,,false
00000006951,,,,,,false,false,,false
00000006952,,,,,,false,false,,false
00000006953,,,,,,false,false,,false
00000006954,,,,,,false,false,,false
00000006955,,,,,,false,false,,false
00000006956,,,,,,false,false,,false
00000006957,,,,,,false,false,,false
00000006958,,,,,,false,false,,false
00000006959,,,,,,false,false,,false
00000006960,,,,,,false,false,,false
00000006961,,,,,,false,false,,false
00000006962,,,,,,false,false,,false
00000006963,,,,,,false,false,,false
00000006964,,,,,,false,false,,false
00000006965,,,,,,false,false,,false
00000006966,,,,,,false,false,,false
00000006967,,,,,,false,false,,false
00000006968,,,,,,false,false,,false
00000006969,,,,,,false,false,,false
00000006970,,,,,,false,false,,false
00000006971,,,,,,false,false,,false
00000006972,,,,,,false,false,,false
00000006973,,,,,,false,false,,false
00000006974,,,,,,false,false,,false
00000006975,,,,,,false,false,,false
00000006976,,,,,,false,false,,false
00000006977,,,,,,false,false,,false
00000006978,,,,,,false,false,,false
00000006979,,,,,,false,false,,false
00000006980,,,,,,false,false,,false
00000006981,,,,,,false,false,,false
00000006982,,,,,,false,false,,false
00000006983,,,,,,false,false,,false
00000006984,,,,,,false,false,,false
00000006985,,,,,,false,false,,false
00000006986,,,,,,false,false,,false
00000006987,,,,,,false,false,,false
00000006988,,,,,,false,false,,false
00000006989,,,,,,false,false,,false
00000006990,,,,,,false,false,,false
00000006991,,,,,,false,false,,false
00000006992,,,,,,false,false,,false
00000006993,,,,,,false,false,,false
00000006994,,,,,,false,false,,false
00000006995,,,,,,false,false,,false
00000006996,,,,,,false,false,,false
00000006997,,,,,,false,false,,false
00000006998,,,,,,false,false,,false
00000006999,,,,,,false,false,,false
00000007000,,,,,,false,false,,false
00000007001,,,,,,false,false,,false
00000007002,,,,,,false,false,,false
00000007003,,,,,,false,false,,false
00000007004,,,,,,false,false,,false
00000007005,,,,,,false,false,,false
00000007006,,,,,,false,false,,false
00000007007,,,,,,false,false,,false
00000007008,,,,,,false,false,,false
00000007009,,,,,,false,false,,false
00000007010,,,,,,false,false,,false
00000007011,,,,,,false,false,,false
00000007012,,,,,,false,false,,false
00000007013,,,,,,false,false,,false
00000007014,,,,,,false,false,,false
00000007015,,,,,,false,false,,false
00000007016,,,,,,false,false,,false
00000007017,,,,,,false,false,,false
00000007018,,,,,,false,false,,false
00000007019,,,,,,false,false,,false
00000007020,,,,,,false,false,,false
00000007021,,,,,,false,false,,false
00000007022,,,,,,false,false,,false
00000007023,,,,,,false,false,,false
00000007024,,,,,,false,false,,false
00000007025,,,,,,false,false,,false
00000007026,,,,,,false,false,,false
00000007027,,,,,,false,false,,false
00000007028,,,,,,false,false,,false
00000007029,,,,,,false,false,,false
00000007030,,,,,,false,false,,false
00000007031,,,,,,false,false,,false
00000007032,,,,,,false,false,,false
00000007033,,,,,,false,false,,false
00000007034,,,,,,false,false,,false
00000007035,,,,,,false,false,,false
00000007036,,,,,,false,false,,false
00000007037,,,,,,false,false,,false
00000007038,,,,,,false,false,,false
00000007039,,,,,,false,false,,false
00000007040,,,,,,false,false,,false
00000007041,,,,,,false,false,,false
00000007042,,,,,,false,false,,false
00000007043,,,,,,false,false,,false
00000007044,,,,,,false,false,,false
00000007045,,,,,,false,false,,false
00000007046,,,,,,false,false,,false
00000007047,,,,,,false,false,,false
00000007048,,,,,,false,false,,false
00000007049,,,,,,false,false,,false
00000007050,,,,,,false,false,,false
00000007051,,,,,,false,false,,false
00000007052,,,,,,false,false,,false
00000007053,,,,,,false,false,,false
00000007054,,,,,,false,false,,false
00000007055,,,,,,false,false,,false
00000007056,,,,,,false,false,,false
00000007057,,,,,,false,false,,false
00000007058,,,,,,false,false,,false
00000007059,,,,,,false,false,,false
00000007060,,,,,,false,false,,false
00000007061,,,,,,false,false,,false
00000007062,,,,,,false,false,,false
00000007063,,,,,,false,false,,false
00000007064,,,,,,false,false,,false
00000007065,,,,,,false,false,,false
00000007066,,,,,,false,false,,false
00000007067,,,,,,false,false,,false
00000007068,,,,,,false,false,,false
00000007069,,,,,,false,false,,false
00000007070,,,,,,false,false,,false
00000007071,,,,,,false,false,,false
00000007072,,,,,,false,false,,false
00000007073,,,,,,false,false,,false
00000007074,,,,,,false,false,,false
00000007075,,,,,,false,false,,false
00000007076,,,,,,false,false,,false
00000007077,,,,,,false,false,,false
00000007078,,,,,,false,false,,false
00000007079,,,,,,false,false,,false
00000007080,,,,,,false,false,,false
00000007081,,,,,,false,false,,false
00000007082,,,,,,false,false,,false
00000007083,,,,,,false,false,,false
00000007084,,,,,,false,false,,false
00000007085,,,,,,false,false,,false
00000007086,,,,,,false,false,,false
00000007087,,,,,,false,false,,false
00000007088,,,,,,false,false,,false
00000007089,,,,,,false,false,,false
00000007090,,,,,,false,false,,false
00000007091,,,,,,false,false,,false
00000007092,,,,,,false,false,,false
00000007093,,,,,,false,false,,false
00000007094,,,,,,false,false,,false
00000007095,,,,,,false,false,,false
00000007096,,,,,,false,false,,false
00000007097,,,,,,false,false,,false
00000007098,,,,,,false,false,,false
00000007099,,,,,,false,false,,false
00000007100,,,,,,false,false,,false
00000007101,,,,,,false,false,,false
00000007102,,,,,,false,false,,false
00000007103,,,,,,false,false,,false
00000007104,,,,,,false,false,,false
00000007105,,,,,,false,false,,false
00000007106,,,,,,false,false,,false
00000007107,,,,,,false,false,,false
00000007108,,,,,,false,false,,false
00000007109,,,,,,false,false,,false
00000007110,,,,,,false,false,,false
00000007111,,,,,,false,false,,false
00000007112,,,,,,false,false,,false
00000007113,,,,,,false,false,,false
00000007114,,,,,,false,false,,false
00000007115,,,,,,false,false,,false
00000007116,,,,,,false,false,,false
00000007117,,,,,,false,false,,false
00000007118,,,,,,false,false,,false
00000007119,,,,,,false,false,,false
00000007120,,,,,,false,false,,false
00000007121,,,,,,false,false,,false
00000007122,,,,,,false,false,,false
00000007123,,,,,,false,false,,false
00000007124,,,,,,false,false,,false
00000007125,,,,,,false,false,,false
00000007126,,,,,,false,false,,false
00000007127,,,,,,false,false,,false
00000007128,,,,,,false,false,,false
00000007129,,,,,,false,false,,false
00000007130,,,,,,false,false,,false
00000007131,,,,,,false,false,,false
00000007132,,,,,,false,false,,false
00000007133,,,,,,false,false,,false
00000007134,,,,,,false,false,,false
00000007135,,,,,,false,false,,false
00000007136,,,,,,false,false,,false
00000007137,,,,,,false,false,,false
00000007138,,,,,,false,false,,false
00000007139,,,,,,false,false,,false
00000007140,,,,,,false,false,,false
00000007141,,,,,,false,false,,false
00000007142,,,,,,false,false,,false
00000007143,,,,,,false,false,,false
00000007144,,,,,,false,false,,false
00000007145,,,,,,false,false,,false
00000007146,,,,,,false,false,,false
00000007147,,,,,,false,false,,false
00000007148,,,,,,false,false,,false
00000007149,,,,,,false,false,,false
00000007150,,,,,,false,false,,false
00000007151,,,,,,false,false,,false
00000007152,,,,,,false,false,,false
00000007153,,,,,,false,false,,false
00000007154,,,,,,false,false,,false
00000007155,,,,,,false,false,,false
00000007156,,,,,,false,false,,false
00000007157,,,,,,false,false,,false
00000007158,,,,,,false,false,,false
00000007159,,,,,,false,false,,false
00000007160,,,,,,false,false,,false
00000007161,,,,,,false,false,,false
00000007162,,,,,,false,false,,false
00000007163,,,,,,false,false,,false
00000007164,,,,,,false,false,,false
00000007165,,,,,,false,false,,false
00000007166,,,,,,false,false,,false
00000007167,,,,,,false,false,,false
00000007168,,,,,,false,false,,false
00000007169,,,,,,false,false,,false
00000007170,,,,,,false,false,,false
00000007171,,,,,,false,false,,false
00000007172,,,,,,false,false,,false
00000007173,,,,,,false,false,,false
00000007174,,,,,,false,false,,false
00000007175,,,,,,false,false,,false
00000007176,,,,,,false,false,,false
00000007177,,,,,,false,false,,false
00000007178,,,,,,false,false,,false
00000007179,,,,,,false,false,,false
00000007180,,,,,,false,false,,false
00000007181,,,,,,false,false,,false
00000007182,,,,,,false,false,,false
00000007183,,,,,,false,false,,false
00000007184,,,,,,false,false,,false
00000007185,,,,,,false,false,,false
00000007186,,,,,,false,false,,false
00000007187,,,,,,false,false,,false
00000007188,,,,,,false,false,,false
00000007189,,,,,,false,false,,false
00000007190,,,,,,false,false,,false
00000007191,,,,,,false,false,,false
00000007192,,,,,,false,false,,false
00000007193,,,,,,false,false,,false
00000007194,,,,,,false,false,,false
00000007195,,,,,,false,false,,false
00000007196,,,,,,false,false,,false
00000007197,,,,,,false,false,,false
00000007198,,,,,,false,false,,false
00000007199,,,,,,false,false,,false
00000007200,,,,,,false,false,,false
00000007201,,,,,,false,false,,false
00000007202,,,,,,false,false,,false
00000007203,,,,,,false,false,,false
00000007204,,,,,,false,false,,false
00000007205,,,,,,false,false,,false
00000007206,,,,,,false,false,,false
00000007207,,,,,,false,false,,false
00000007208,,,,,,false,false,,false
00000007209,,,,,,false,false,,false
00000007210,,,,,,false,false,,false
00000007211,,,,,,false,false,,false
00000007212,,,,,,false,false,,false
00000007213,,,,,,false,false,,false
00000007214,,,,,,false,false,,false
00000007215,,,,,,false,false,,false
00000007216,,,,,,false,false,,false
00000007217,,,,,,false,false,,false
00000007218,,,,,,false,false,,false
00000007219,,,,,,false,false,,false
00000007220,,,,,,false,false,,false
00000007221,,,,,,false,false,,false
00000007222,,,,,,false,false,,false
00000007223,,,,,,false,false,,false
00000007224,,,,,,false,false,,false
00000007225,,,,,,false,false,,false
00000007226,,,,,,false,false,,false
00000007227,,,,,,false,false,,false
00000007228,,,,,,false,false,,false
00000007229,,,,,,false,false,,false
00000007230,,,,,,false,false,,false
00000007231,,,,,,false,false,,false
00000007232,,,,,,false,false,,false
00000007233,,,,,,false,false,,false
00000007234,,,,,,false,false,,false
00000007235,,,,,,false,false,,false
00000007236,,,,,,false,false,,false
00000007237,,,,,,false,false,,false
00000007238,,,,,,false,false,,false
00000007239,,,,,,false,false,,false
00000007240,,,,,,false,false,,false
00000007241,,,,,,false,false,,false
00000007242,,,,,,false,false,,false
00000007243,,,,,,false,false,,false
00000007244,,,,,,false,false,,false
00000007245,,,,,,false,false,,false
00000007246,,,,,,false,false,,false
00000007247,,,,,,false,false,,false
00000007248,,,,,,false,false,,false
00000007249,,,,,,false,false,,false
00000007250,,,,,,false,false,,false
00000007251,,,,,,false,false,,false
00000007252,,,,,,false,false,,false
00000007253,,,,,,false,false,,false
00000007254,,,,,,false,false,,false
00000007255,,,,,,false,false,,false
00000007256,,,,,,false,false,,false
00000007257,,,,,,false,false,,false
00000007258,,,,,,false,false,,false
00000007259,,,,,,false,false,,false
00000007260,,,,,,false,false,,false
00000007261,,,,,,false,false,,false
00000007262,,,,,,false,false,,false
00000007263,,,,,,false,false,,false
00000007264,,,,,,false,false,,false
00000007265,,,,,,false,false,,false
00000007266,,,,,,false,false,,false
00000007267,,,,,,false,false,,false
00000007268,,,,,,false,false,,false
00000007269,,,,,,false,false,,false
00000007270,,,,,,false,false,,false
00000007271,,,,,,false,false,,false
00000007272,,,,,,false,false,,false
00000007273,,,,,,false,false,,false
00000007274,,,,,,false,false,,false
00000007275,,,,,,false,false,,false
00000007276,,,,,,false,false,,false
00000007277,,,,,,false,false,,false
00000007278,,,,,,false,false,,false
00000007279,,,,,,false,false,,false
00000007280,,,,,,false,false,,false
00000007281,,,,,,false,false,,false
00000007282,,,,,,false,false,,false
00000007283,,,,,,false,false,,false
00000007284,,,,,,false,false,,false
00000007285,,,,,,false,false,,false
00000007286,,,,,,false,false,,false
00000007287,,,,,,false,false,,false
00000007288,,,,,,false,false,,false
00000007289,,,,,,false,false,,false
00000007290,,,,,,false,false,,false
00000007291,,,,,,false,false,,false
00000007292,,,,,,false,false,,false
00000007293,,,,,,false,false,,false
00000007294,,,,,,false,false,,false
00000007295,,,,,,false,false,,false
00000007296,,,,,,false,false,,false
00000007297,,,,,,false,false,,false
00000007298,,,,,,false,false,,false
00000007299,,,,,,false,false,,false
00000007300,,,,,,false,false,,false
00000007301,,,,,,false,false,,false
00000007302,,,,,,false,false,,false
00000007303,,,,,,false,false,,false
00000007304,,,,,,false,false,,false
00000007305,,,,,,false,false,,false
00000007306,,,,,,false,false,,false
00000007307,,,,,,false,false,,false
00000007308,,,,,,false,false,,false
00000007309,,,,,,false,false,,false
00000007310,,,,,,false,false,,false
00000007311,,,,,,false,false,,false
00000007312,,,,,,false,false,,false
00000007313,,,,,,false,false,,false
00000007314,,,,,,false,false,,false
00000007315,,,,,,false,false,,false
00000007316,,,,,,false,false,,false
00000007317,,,,,,false,false,,false
00000007318,,,,,,false,false,,false
00000007319,,,,,,false,false,,false
00000007320,,,,,,false,false,,false
00000007321,,,,,,false,false,,false
00000007322,,,,,,false,false,,false
00000007323,,,,,,false,false,,false
00000007324,,,,,,false,false,,false
00000007325,,,,,,false,false,,false
00000007326,,,,,,false,false,,false
00000007327,,,,,,false,false,,false
00000007328,,,,,,false,false,,false
00000007329,,,,,,false,false,,false
00000007330,,,,,,false,false,,false
00000007331,,,,,,false,false,,false
00000007332,,,,,,false,false,,false
00000007333,,,,,,false,false,,false
00000007334,,,,,,false,false,,false
00000007335,,,,,,false,false,,false
00000007336,,,,,,false,false,,false
00000007337,,,,,,false,false,,false
00000007338,,,,,,false,false,,false
00000007339,,,,,,false,false,,false
00000007340,,,,,,false,false,,false
00000007341,,,,,,false,false,,false
00000007342,,,,,,false,false,,false
00000007343,,,,,,false,false,,false
00000007344,,,,,,false,false,,false
00000007345,,,,,,false,false,,false
00000007346,,,,,,false,false,,false
00000007347,,,,,,false,false,,false
00000007348,,,,,,false,false,,false
00000007349,,,,,,false,false,,false
00000007350,,,,,,false,false,,false
00000007351,,,,,,false,false,,false
00000007352,,,,,,false,false,,false
00000007353,,,,,,false,false,,false
00000007354,,,,,,false,false,,false
00000007355,,,,,,false,false,,false
00000007356,,,,,,false,false,,false
00000007357,,,,,,false,false,,false
00000007358,,,,,,false,false,,false
00000007359,,,,,,false,false,,false
00000007360,,,,,,false,false,,false
00000007361,,,,,,false,false,,false
00000007362,,,,,,false,false,,false
00000007363,,,,,,false,false,,false
00000007364,,,,,,false,false,,false
00000007365,,,,,,false,false,,false
00000007366,,,,,,false,false,,false
00000007367,,,,,,false,false,,false
00000007368,,,,,,false,false,,false
00000007369,,,,,,false,false,,false
00000007370,,,,,,false,false,,false
00000007371,,,,,,false,false,,false
00000007372,,,,,,false,false,,false
00000007373,,,,,,false,false,,false
00000007374,,,,,,false,false,,false
00000007375,,,,,,false,false,,false
00000007376,,,,,,false,false,,false
00000007377,,,,,,false,false,,false
00000007378,,,,,,false,false,,false
00000007379,,,,,,false,false,,false
00000007380,,,,,,false,false,,false
00000007381,,,,,,false,false,,false
00000007382,,,,,,false,false,,false
00000007383,,,,,,false,false,,false
00000007384,,,,,,false,false,,false
00000007385,,,,,,false,false,,false
00000007386,,,,,,false,false,,false
00000007387,,,,,,false,false,,false
00000007388,,,,,,false,false,,false
00000007389,,,,,,false,false,,false
00000007390,,,,,,false,false,,false
00000007391,,,,,,false,false,,false
00000007392,,,,,,false,false,,false
00000007393,,,,,,false,false,,false
00000007394,,,,,,false,false,,false
00000007395,,,,,,false,false,,false
00000007396,,,,,,false,false,,false
00000007397,,,,,,false,false,,false
00000007398,,,,,,false,false,,false
00000007399,,,,,,false,false,,false
00000007400,,,,,,false,false,,false
00000007401,,,,,,false,false,,false
00000007402,,,,,,false,false,,false
00000007403,,,,,,false,false,,false
00000007404,,,,,,false,false,,false
00000007405,,,,,,false,false,,false
00000007406,,,,,,false,false,,false
00000007407,,,,,,false,false,,false
00000007408,,,,,,false,false,,false
00000007409,,,,,,false,false,,false
00000007410,,,,,,false,false,,false
00000007411,,,,,,false,false,,false
00000007412,,,,,,false,false,,false
00000007413,,,,,,false,false,,false
00000007414,,,,,,false,false,,false
00000007415,,,,,,false,false,,false
00000007416,,,,,,false,false,,false
00000007417,,,,,,false,false,,false
00000007418,,,,,,false,false,,false
00000007419,,,,,,false,false,,false
00000007420,,,,,,false,false,,false
00000007421,,,,,,false,false,,false
00000007422,,,,,,false,false,,false
00000007423,,,,,,false,false,,false
00000007424,,,,,,false,false,,false
00000007425,,,,,,false,false,,false
00000007426,,,,,,false,false,,false
00000007427,,,,,,false,false,,false
00000007428,,,,,,false,false,,false
00000007429,,,,,,false,false,,false
00000007430,,,,,,false,false,,false
00000007431,,,,,,false,false,,false
00000007432,,,,,,false,false,,false
00000007433,,,,,,false,false,,false
00000007434,,,,,,false,false,,false
00000007435,,,,,,false,false,,false
00000007436,,,,,,false,false,,false
00000007437,,,,,,false,false,,false
00000007438,,,,,,false,false,,false
00000007439,,,,,,false,false,,false
00000007440,,,,,,false,false,,false
00000007441,,,,,,false,false,,false
00000007442,,,,,,false,false,,false
00000007443,,,,,,false,false,,false
00000007444,,,,,,false,false,,false
00000007445,,,,,,false,false,,false
00000007446,,,,,,false,false,,false
00000007447,,,,,,false,false,,false
00000007448,,,,,,false,false,,false
00000007449,,,,,,false,false,,false
00000007450,,,,,,false,false,,false
00000007451,,,,,,false,false,,false
00000007452,,,,,,false,false,,false
00000007453,,,,,,false,false,,false
00000007454,,,,,,false,false,,false
00000007455,,,,,,false,false,,false
00000007456,,,,,,false,false,,false
00000007457,,,,,,false,false,,false
00000007458,,,,,,false,false,,false
00000007459,,,,,,false,false,,false
00000007460,,,,,,false,false,,false
00000007461,,,,,,false,false,,false
00000007462,,,,,,false,false,,false
00000007463,,,,,,false,false,,false
00000007464,,,,,,false,false,,false
00000007465,,,,,,false,false,,false
00000007466,,,,,,false,false,,false
00000007467,,,,,,false,false,,false
00000007468,,,,,,false,false,,false
00000007469,,,,,,false,false,,false
00000007470,,,,,,false,false,,false
00000007471,,,,,,false,false,,false
00000007472,,,,,,false,false,,false
00000007473,,,,,,false,false,,false
00000007474,,,,,,false,false,,false
00000007475,,,,,,false,false,,false
00000007476,,,,,,false,false,,false
00000007477,,,,,,false,false,,false
00000007478,,,,,,false,false,,false
00000007479,,,,,,false,false,,false
00000007480,,,,,,false,false,,false
00000007481,,,,,,false,false,,false
00000007482,,,,,,false,false,,false
00000007483,,,,,,false,false,,false
00000007484,,,,,,false,false,,false
00000007485,,,,,,false,false,,false
00000007486,,,,,,false,false,,false
00000007487,,,,,,false,false,,false
00000007488,,,,,,false,false,,false
00000007489,,,,,,false,false,,false
00000007490,,,,,,false,false,,false
00000007491,,,,,,false,false,,false
00000007492,,,,,,false,false,,false
00000007493,,,,,,false,false,,false
00000007494,,,,,,false,false,,false
00000007495,,,,,,false,false,,false
00000007496,,,,,,false,false,,false
00000007497,,,,,,false,false,,false
00000007498,,,,,,false,false,,false
00000007499,,,,,,false,false,,false
00000007500,,,,,,false,false,,false
00000007501,,,,,,false,false,,false
00000007502,,,,,,false,false,,false
00000007503,,,,,,false,false,,false
00000007504,,,,,,false,false,,false
00000007505,,,,,,false,false,,false
00000007506,,,,,,false,false,,false
00000007507,,,,,,false,false,,false
00000007508,,,,,,false,false,,false
00000007509,,,,,,false,false,,false
00000007510,,,,,,false,false,,false
00000007511,,,,,,false,false,,false
00000007512,,,,,,false,false,,false
00000007513,,,,,,false,false,,false
00000007514,,,,,,false,false,,false
00000007515,,,,,,false,false,,false
00000007516,,,,,,false,false,,false
00000007517,,,,,,false,false,,false
00000007518,,,,,,false,false,,false
00000007519,,,,,,false,false,,false
00000007520,,,,,,false,false,,false
00000007521,,,,,,false,false,,false
00000007522,,,,,,false,false,,false
00000007523,,,,,,false,false,,false
00000007524,,,,,,false,false,,false
00000007525,,,,,,false,false,,false
00000007526,,,,,,false,false,,false
00000007527,,,,,,false,false,,false
00000007528,,,,,,false,false,,false
00000007529,,,,,,false,false,,false
00000007530,,,,,,false,false,,false
00000007531,,,,,,false,false,,false
00000007532,,,,,,false,false,,false
00000007533,,,,,,false,false,,false
00000007534,,,,,,false,false,,false
00000007535,,,,,,false,false,,false
00000007536,,,,,,false,false,,false
00000007537,,,,,,false,false,,false
00000007538,,,,,,false,false,,false
00000007539,,,,,,false,false,,false
00000007540,,,,,,false,false,,false
00000007541,,,,,,false,false,,false
00000007542,,,,,,false,false,,false
00000007543,,,,,,false,false,,false
00000007544,,,,,,false,false,,false
00000007545,,,,,,false,false,,false
00000007546,,,,,,false,false,,false
00000007547,,,,,,false,false,,false
00000007548,,,,,,false,false,,false
00000007549,,,,,,false,false,,false
00000007550,,,,,,false,false,,false
00000007551,,,,,,false,false,,false
00000007552,,,,,,false,false,,false
00000007553,,,,,,false,false,,false
00000007554,,,,,,false,false,,false
00000007555,,,,,,false,false,,false
00000007556,,,,,,false,false,,false
00000007557,,,,,,false,false,,false
00000007558,,,,,,false,false,,false
00000007559,,,,,,false,false,,false
00000007560,,,,,,false,false,,false
00000007561,,,,,,false,false,,false
00000007562,,,,,,false,false,,false
00000007563,,,,,,false,false,,false
00000007564,,,,,,false,false,,false
00000007565,,,,,,false,false,,false
00000007566,,,,,,false,false,,false
00000007567,,,,,,false,false,,false
00000007568,,,,,,false,false,,false
00000007569,,,,,,false,false,,false
00000007570,,,,,,false,false,,false
00000007571,,,,,,false,false,,false
00000007572,,,,,,false,false,,false
00000007573,,,,,,false,false,,false
00000007574,,,,,,false,false,,false
00000007575,,,,,,false,false,,false
00000007576,,,,,,false,false,,false
00000007577,,,,,,false,false,,false
00000007578,,,,,,false,false,,false
00000007579,,,,,,false,false,,false
00000007580,,,,,,false,false,,false
00000007581,,,,,,false,false,,false
00000007582,,,,,,false,false,,false
00000007583,,,,,,false,false,,false
00000007584,,,,,,false,false,,false
00000007585,,,,,,false,false,,false
00000007586,,,,,,false,false,,false
00000007587,,,,,,false,false,,false
00000007588,,,,,,false,false,,false
00000007589,,,,,,false,false,,false
00000007590,,,,,,false,false,,false
00000007591,,,,,,false,false,,false
00000007592,,,,,,false,false,,false
00000007593,,,,,,false,false,,false
00000007594,,,,,,false,false,,false
00000007595,,,,,,false,false,,false
00000007596,,,,,,false,false,,false
00000007597,,,,,,false,false,,false
00000007598,,,,,,false,false,,false
00000007599,,,,,,false,false,,false
00000007600,,,,,,false,false,,false
00000007601,,,,,,false,false,,false
00000007602,,,,,,false,false,,false
00000007603,,,,,,false,false,,false
00000007604,,,,,,false,false,,false
00000007605,,,,,,false,false,,false
00000007606,,,,,,false,false,,false
00000007607,,,,,,false,false,,false
00000007608,,,,,,false,false,,false
00000007609,,,,,,false,false,,false
00000007610,,,,,,false,false,,false
00000007611,,,,,,false,false,,false
00000007612,,,,,,false,false,,false
00000007613,,,,,,false,false,,false
00000007614,,,,,,false,false,,false
00000007615,,,,,,false,false,,false
00000007616,,,,,,false,false,,false
00000007617,,,,,,false,false,,false
00000007618,,,,,,false,false,,false
00000007619,,,,,,false,false,,false
00000007620,,,,,,false,false,,false
00000007621,,,,,,false,false,,false
00000007622,,,,,,false,false,,false
00000007623,,,,,,false,false,,false
00000007624,,,,,,false,false,,false
00000007625,,,,,,false,false,,false
00000007626,,,,,,false,false,,false
00000007627,,,,,,false,false,,false
00000007628,,,,,,false,false,,false
00000007629,,,,,,false,false,,false
00000007630,,,,,,false,false,,false
00000007631,,,,,,false,false,,false
00000007632,,,,,,false,false,,false
00000007633,,,,,,false,false,,false
00000007634,,,,,,false,false,,false
00000007635,,,,,,false,false,,false
00000007636,,,,,,false,false,,false
00000007637,,,,,,false,false,,false
00000007638,,,,,,false,false,,false
00000007639,,,,,,false,false,,false
00000007640,,,,,,false,false,,false
00000007641,,,,,,false,false,,false
00000007642,,,,,,false,false,,false
00000007643,,,,,,false,false,,false
00000007644,,,,,,false,false,,false
00000007645,,,,,,false,false,,false
00000007646,,,,,,false,false,,false
00000007647,,,,,,false,false,,false
00000007648,,,,,,false,false,,false
00000007649,,,,,,false,false,,false
00000007650,,,,,,false,false,,false
00000007651,,,,,,false,false,,false
00000007652,,,,,,false,false,,false
00000007653,,,,,,false,false,,false
00000007654,,,,,,false,false,,false
00000007655,,,,,,false,false,,false
00000007656,,,,,,false,false,,false
00000007657,,,,,,false,false,,false
00000007658,,,,,,false,false,,false
00000007659,,,,,,false,false,,false
00000007660,,,,,,false,false,,false
00000007661,,,,,,false,false,,false
00000007662,,,,,,false,false,,false
00000007663,,,,,,false,false,,false
00000007664,,,,,,false,false,,false
00000007665,,,,,,false,false,,false
00000007666,,,,,,false,false,,false
00000007667,,,,,,false,false,,false
00000007668,,,,,,false,false,,false
00000007669,,,,,,false,false,,false
00000007670,,,,,,false,false,,false
00000007671,,,,,,false,false,,false
00000007672,,,,,,false,false,,false
00000007673,,,,,,false,false,,false
00000007674,,,,,,false,false,,false
00000007675,,,,,,false,false,,false
00000007676,,,,,,false,false,,false
00000007677,,,,,,false,false,,false
00000007678,,,,,,false,false,,false
00000007679,,,,,,false,false,,false
00000007680,,,,,,false,false,,false
00000007681,,,,,,false,false,,false
00000007682,,,,,,false,false,,false
00000007683,,,,,,false,false,,false
00000007684,,,,,,false,false,,false
00000007685,,,,,,false,false,,false
00000007686,,,,,,false,false,,false
00000007687,,,,,,false,false,,false
00000007688,,,,,,false,false,,false
00000007689,,,,,,false,false,,false
00000007690,,,,,,false,false,,false
00000007691,,,,,,false,false,,false
00000007692,,,,,,false,false,,false
00000007693,,,,,,false,false,,false
00000007694,,,,,,false,false,,false
00000007695,,,,,,false,false,,false
00000007696,,,,,,false,false,,false
00000007697,,,,,,false,false,,false
00000007698,,,,,,false,false,,false
00000007699,,,,,,false,false,,false
00000007700,,,,,,false,false,,false
00000007701,,,,,,false,false,,false
00000007702,,,,,,false,false,,false
00000007703,,,,,,false,false,,false
00000007704,,,,,,false,false,,false
00000007705,,,,,,false,false,,false
00000007706,,,,,,false,false,,false
00000007707,,,,,,false,false,,false
00000007708,,,,,,false,false,,false
00000007709,,,,,,false,false,,false
00000007710,,,,,,false,false,,false
00000007711,,,,,,false,false,,false
00000007712,,,,,,false,false,,false
00000007713,,,,,,false,false,,false
00000007714,,,,,,false,false,,false
00000007715,,,,,,false,false,,false
00000007716,,,,,,false,false,,false
00000007717,,,,,,false,false,,false
00000007718,,,,,,false,false,,false
00000007719,,,,,,false,false,,false
00000007720,,,,,,false,false,,false
00000007721,,,,,,false,false,,false
00000007722,,,,,,false,false,,false
00000007723,,,,,,false,false,,false
00000007724,,,,,,false,false,,false
00000007725,,,,,,false,false,,false
00000007726,,,,,,false,false,,false
00000007727,,,,,,false,false,,false
00000007728,,,,,,false,false,,false
00000007729,,,,,,false,false,,false
00000007730,,,,,,false,false,,false
00000007731,,,,,,false,false,,false
00000007732,,,,,,false,false,,false
00000007733,,,,,,false,false,,false
00000007734,,,,,,false,false,,false
00000007735,,,,,,false,false,,false
00000007736,,,,,,false,false,,false
00000007737,,,,,,false,false,,false
00000007738,,,,,,false,false,,false
00000007739,,,,,,false,false,,false
00000007740,,,,,,false,false,,false
00000007741,,,,,,false,false,,false
00000007742,,,,,,false,false,,false
00000007743,,,,,,false,false,,false
00000007744,,,,,,false,false,,false
00000007745,,,,,,false,false,,false
00000007746,,,,,,false,false,,false
00000007747,,,,,,false,false,,false
00000007748,,,,,,false,false,,false
00000007749,,,,,,false,false,,false
00000007750,,,,,,false,false,,false
00000007751,,,,,,false,false,,false
00000007752,,,,,,false,false,,false
00000007753,,,,,,false,false,,false
00000007754,,,,,,false,false,,false
00000007755,,,,,,false,false,,false
00000007756,,,,,,false,false,,false
00000007757,,,,,,false,false,,false
00000007758,,,,,,false,false,,false
00000007759,,,,,,false,false,,false
00000007760,,,,,,false,false,,false
00000007761,,,,,,false,false,,false
00000007762,,,,,,false,false,,false
00000007763,,,,,,false,false,,false
00000007764,,,,,,false,false,,false
00000007765,,,,,,false,false,,false
00000007766,,,,,,false,false,,false
00000007767,,,,,,false,false,,false
00000007768,,,,,,false,false,,false
00000007769,,,,,,false,false,,false
00000007770,,,,,,false,false,,false
00000007771,,,,,,false,false,,false
00000007772,,,,,,false,false,,false
00000007773,,,,,,false,false,,false
00000007774,,,,,,false,false,,false
00000007775,,,,,,false,false,,false
00000007776,,,,,,false,false,,false
00000007777,,,,,,false,false,,false
00000007778,,,,,,false,false,,false
00000007779,,,,,,false,false,,false
00000007780,,,,,,false,false,,false
00000007781,,,,,,false,false,,false
00000007782,,,,,,false,false,,false
00000007783,,,,,,false,false,,false
00000007784,,,,,,false,false,,false
00000007785,,,,,,false,false,,false
00000007786,,,,,,false,false,,false
00000007787,,,,,,false,false,,false
00000007788,,,,,,false,false,,false
00000007789,,,,,,false,false,,false
00000007790,,,,,,false,false,,false
00000007791,,,,,,false,false,,false
00000007792,,,,,,false,false,,false
00000007793,,,,,,false,false,,false
00000007794,,,,,,false,false,,false
00000007795,,,,,,false,false,,false
00000007796,,,,,,false,false,,false
00000007797,,,,,,false,false,,false
00000007798,,,,,,false,false,,false
00000007799,,,,,,false,false,,false
00000007800,,,,,,false,false,,false
00000007801,,,,,,false,false,,false
00000007802,,,,,,false,false,,false
00000007803,,,,,,false,false,,false
00000007804,,,,,,false,false,,false
00000007805,,,,,,false,false,,false
00000007806,,,,,,false,false,,false
00000007807,,,,,,false,false,,false
00000007808,,,,,,false,false,,false
00000007809,,,,,,false,false,,false
00000007810,,,,,,false,false,,false
00000007811,,,,,,false,false,,false
00000007812,,,,,,false,false,,false
00000007813,,,,,,false,false,,false
00000007814,,,,,,false,false,,false
00000007815,,,,,,false,false,,false
00000007816,,,,,,false,false,,false
00000007817,,,,,,false,false,,false
00000007818,,,,,,false,false,,false
00000007819,,,,,,false,false,,false
00000007820,,,,,,false,false,,false
00000007821,,,,,,false,false,,false
00000007822,,,,,,false,false,,false
00000007823,,,,,,false,false,,false
00000007824,,,,,,false,false,,false
00000007825,,,,,,false,false,,false
00000007826,,,,,,false,false,,false
00000007827,,,,,,false,false,,false
00000007828,,,,,,false,false,,false
00000007829,,,,,,false,false,,false
00000007830,,,,,,false,false,,false
00000007831,,,,,,false,false,,false
00000007832,,,,,,false,false,,false
00000007833,,,,,,false,false,,false
00000007834,,,,,,false,false,,false
00000007835,,,,,,false,false,,false
00000007836,,,,,,false,false,,false
00000007837,,,,,,false,false,,false
00000007838,,,,,,false,false,,false
00000007839,,,,,,false,false,,false
00000007840,,,,,,false,false,,false
00000007841,,,,,,false,false,,false
00000007842,,,,,,false,false,,false
00000007843,,,,,,false,false,,false
00000007844,,,,,,false,false,,false
00000007845,,,,,,false,false,,false
00000007846,,,,,,false,false,,false
00000007847,,,,,,false,false,,false
00000007848,,,,,,false,false,,false
00000007849,,,,,,false,false,,false
00000007850,,,,,,false,false,,false
00000007851,,,,,,false,false,,false
00000007852,,,,,,false,false,,false
00000007853,,,,,,false,false,,false
00000007854,,,,,,false,false,,false
00000007855,,,,,,false,false,,false
00000007856,,,,,,false,false,,false
00000007857,,,,,,false,false,,false
00000007858,,,,,,false,false,,false
00000007859,,,,,,false,false,,false
00000007860,,,,,,false,false,,false
00000007861,,,,,,false,false,,false
00000007862,,,,,,false,false,,false
00000007863,,,,,,false,false,,false
00000007864,,,,,,false,false,,false
00000007865,,,,,,false,false,,false
00000007866,,,,,,false,false,,false
00000007867,,,,,,false,false,,false
00000007868,,,,,,false,false,,false
00000007869,,,,,,false,false,,false
00000007870,,,,,,false,false,,false
00000007871,,,,,,false,false,,false
00000007872,,,,,,false,false,,false
00000007873,,,,,,false,false,,false
00000007874,,,,,,false,false,,false
00000007875,,,,,,false,false,,false
00000007876,,,,,,false,false,,false
00000007877,,,,,,false,false,,false
00000007878,,,,,,false,false,,false
00000007879,,,,,,false,false,,false
00000007880,,,,,,false,false,,false
00000007881,,,,,,false,false,,false
00000007882,,,,,,false,false,,false
00000007883,,,,,,false,false,,false
00000007884,,,,,,false,false,,false
00000007885,,,,,,false,false,,false
00000007886,,,,,,false,false,,false
00000007887,,,,,,false,false,,false
00000007888,,,,,,false,false,,false
00000007889,,,,,,false,false,,false
00000007890,,,,,,false,false,,false
00000007891,,,,,,false,false,,false
00000007892,,,,,,false,false,,false
00000007893,,,,,,false,false,,false
00000007894,,,,,,false,false,,false
00000007895,,,,,,false,false,,false
00000007896,,,,,,false,false,,false
00000007897,,,,,,false,false,,false
00000007898,,,,,,false,false,,false
00000007899,,,,,,false,false,,false
00000007900,,,,,,false,false,,false
00000007901,,,,,,false,false,,false
00000007902,,,,,,false,false,,false
00000007903,,,,,,false,false,,false
00000007904,,,,,,false,false,,false
00000007905,,,,,,false,false,,false
00000007906,,,,,,false,false,,false
00000007907,,,,,,false,false,,false
00000007908,,,,,,false,false,,false
00000007909,,,,,,false,false,,false
00000007910,,,,,,false,false,,false
00000007911,,,,,,false,false,,false
00000007912,,,,,,false,false,,false
00000007913,,,,,,false,false,,false
00000007914,,,,,,false,false,,false
00000007915,,,,,,false,false,,false
00000007916,,,,,,false,false,,false
00000007917,,,,,,false,false,,false
00000007918,,,,,,false,false,,false
00000007919,,,,,,false,false,,false
00000007920,,,,,,false,false,,false
00000007921,,,,,,false,false,,false
00000007922,,,,,,false,false,,false
00000007923,,,,,,false,false,,false
00000007924,,,,,,false,false,,false
00000007925,,,,,,false,false,,false
00000007926,,,,,,false,false,,false
00000007927,,,,,,false,false,,false
00000007928,,,,,,false,false,,false
00000007929,,,,,,false,false,,false
00000007930,,,,,,false,false,,false
00000007931,,,,,,false,false,,false
00000007932,,,,,,false,false,,false
00000007933,,,,,,false,false,,false
00000007934,,,,,,false,false,,false
00000007935,,,,,,false,false,,false
00000007936,,,,,,false,false,,false
00000007937,,,,,,false,false,,false
00000007938,,,,,,false,false,,false
00000007939,,,,,,false,false,,false
00000007940,,,,,,false,false,,false
00000007941,,,,,,false,false,,false
00000007942,,,,,,false,false,,false
00000007943,,,,,,false,false,,false
00000007944,,,,,,false,false,,false
00000007945,,,,,,false,false,,false
00000007946,,,,,,false,false,,false
00000007947,,,,,,false,false,,false
00000007948,,,,,,false,false,,false
00000007949,,,,,,false,false,,false
00000007950,,,,,,false,false,,false
00000007951,,,,,,false,false,,false
00000007952,,,,,,false,false,,false
00000007953,,,,,,false,false,,false
00000007954,,,,,,false,false,,false
00000007955,,,,,,false,false,,false
00000007956,,,,,,false,false,,false
00000007957,,,,,,false,false,,false
00000007958,,,,,,false,false,,false
00000007959,,,,,,false,false,,false
00000007960,,,,,,false,false,,false
00000007961,,,,,,false,false,,false
00000007962,,,,,,false,false,,false
00000007963,,,,,,false,false,,false
00000007964,,,,,,false,false,,false
00000007965,,,,,,false,false,,false
00000007966,,,,,,false,false,,false
00000007967,,,,,,false,false,,false
00000007968,,,,,,false,false,,false
00000007969,,,,,,false,false,,false
00000007970,,,,,,false,false,,false
00000007971,,,,,,false,false,,false
00000007972,,,,,,false,false,,false
00000007973,,,,,,false,false,,false
00000007974,,,,,,false,false,,false
00000007975,,,,,,false,false,,false
00000007976,,,,,,false,false,,false
00000007977,,,,,,false,false,,false
00000007978,,,,,,false,false,,false
00000007979,,,,,,false,false,,false
00000007980,,,,,,false,false,,false
00000007981,,,,,,false,false,,false
00000007982,,,,,,false,false,,false
00000007983,,,,,,false,false,,false
00000007984,,,,,,false,false,,false
00000007985,,,,,,false,false,,false
00000007986,,,,,,false,false,,false
00000007987,,,,,,false,false,,false
00000007988,,,,,,false,false,,false
00000007989,,,,,,false,false,,false
00000007990,,,,,,false,false,,false
00000007991,,,,,,false,false,,false
00000007992,,,,,,false,false,,false
00000007993,,,,,,false,false,,false
00000007994,,,,,,false,false,,false
00000007995,,,,,,false,false,,false
00000007996,,,,,,false,false,,false
00000007997,,,,,,false,false,,false
00000007998,,,,,,false,false,,false
00000007999,,,,,,false,false,,false
00000008000,,,,,,false,false,,false
00000008001,,,,,,false,false,,false
00000008002,,,,,,false,false,,false
00000008003,,,,,,false,false,,false
00000008004,,,,,,false,false,,false
00000008005,,,,,,false,false,,false
00000008006,,,,,,false,false,,false
00000008007,,,,,,false,false,,false
00000008008,,,,,,false,false,,false
00000008009,,,,,,false,false,,false
00000008010,,,,,,false,false,,false
00000008011,,,,,,false,false,,false
00000008012,,,,,,false,false,,false
00000008013,,,,,,false,false,,false
00000008014,,,,,,false,false,,false
00000008015,,,,,,false,false,,false
00000008016,,,,,,false,false,,false
00000008017,,,,,,false,false,,false
00000008018,,,,,,false,false,,false
00000008019,,,,,,false,false,,false
00000008020,,,,,,false,false,,false
00000008021,,,,,,false,false,,false
00000008022,,,,,,false,false,,false
00000008023,,,,,,false,false,,false
00000008024,,,,,,false,false,,false
00000008025,,,,,,false,false,,false
00000008026,,,,,,false,false,,false
00000008027,,,,,,false,false,,false
00000008028,,,,,,false,false,,false
00000008029,,,,,,false,false,,false
00000008030,,,,,,false,false,,false
00000008031,,,,,,false,false,,false
00000008032,,,,,,false,false,,false
00000008033,,,,,,false,false,,false
00000008034,,,,,,false,false,,false
00000008035,,,,,,false,false,,false
00000008036,,,,,,false,false,,false
00000008037,,,,,,false,false,,false
00000008038,,,,,,false,false,,false
00000008039,,,,,,false,false,,false
00000008040,,,,,,false,false,,false
00000008041,,,,,,false,false,,false
00000008042,,,,,,false,false,,false
00000008043,,,,,,false,false,,false
00000008044,,,,,,false,false,,false
00000008045,,,,,,false,false,,false
00000008046,,,,,,false,false,,false
00000008047,,,,,,false,false,,false
00000008048,,,,,,false,false,,false
00000008049,,,,,,false,false,,false
00000008050,,,,,,false,false,,false
00000008051,,,,,,false,false,,false
00000008052,,,,,,false,false,,false
00000008053,,,,,,false,false,,false
00000008054,,,,,,false,false,,false
00000008055,,,,,,false,false,,false
00000008056,,,,,,false,false,,false
00000008057,,,,,,false,false,,false
00000008058,,,,,,false,false,,false
00000008059,,,,,,false,false,,false
00000008060,,,,,,false,false,,false
00000008061,,,,,,false,false,,false
00000008062,,,,,,false,false,,false
00000008063,,,,,,false,false,,false
00000008064,,,,,,false,false,,false
00000008065,,,,,,false,false,,false
00000008066,,,,,,false,false,,false
00000008067,,,,,,false,false,,false
00000008068,,,,,,false,false,,false
00000008069,,,,,,false,false,,false
00000008070,,,,,,false,false,,false
00000008071,,,,,,false,false,,false
00000008072,,,,,,false,false,,false
00000008073,,,,,,false,false,,false
00000008074,,,,,,false,false,,false
00000008075,,,,,,false,false,,false
00000008076,,,,,,false,false,,false
00000008077,,,,,,false,false,,false
00000008078,,,,,,false,false,,false
00000008079,,,,,,false,false,,false
00000008080,,,,,,false,false,,false
00000008081,,,,,,false,false,,false
00000008082,,,,,,false,false,,false
00000008083,,,,,,false,false,,false
00000008084,,,,,,false,false,,false
00000008085,,,,,,false,false,,false
00000008086,,,,,,false,false,,false
00000008087,,,,,,false,false,,false
00000008088,,,,,,false,false,,false
00000008089,,,,,,false,false,,false
00000008090,,,,,,false,false,,false
00000008091,,,,,,false,false,,false
00000008092,,,,,,false,false,,false
00000008093,,,,,,false,false,,false
00000008094,,,,,,false,false,,false
00000008095,,,,,,false,false,,false
00000008096,,,,,,false,false,,false
00000008097,,,,,,false,false,,false
00000008098,,,,,,false,false,,false
00000008099,,,,,,false,false,,false
00000008100,,,,,,false,false,,false
00000008101,,,,,,false,false,,false
00000008102,,,,,,false,false,,false
00000008103,,,,,,false,false,,false
00000008104,,,,,,false,false,,false
00000008105,,,,,,false,false,,false
00000008106,,,,,,false,false,,false
00000008107,,,,,,false,false,,false
00000008108,,,,,,false,false,,false
00000008109,,,,,,false,false,,false
00000008110,,,,,,false,false,,false
00000008111,,,,,,false,false,,false
00000008112,,,,,,false,false,,false
00000008113,,,,,,false,false,,false
00000008114,,,,,,false,false,,false
00000008115,,,,,,false,false,,false
00000008116,,,,,,false,false,,false
00000008117,,,,,,false,false,,false
00000008118,,,,,,false,false,,false
00000008119,,,,,,false,false,,false
00000008120,,,,,,false,false,,false
00000008121,,,,,,false,false,,false
00000008122,,,,,,false,false,,false
00000008123,,,,,,false,false,,false
00000008124,,,,,,false,false,,false
00000008125,,,,,,false,false,,false
00000008126,,,,,,false,false,,false
00000008127,,,,,,false,false,,false
00000008128,,,,,,false,false,,false
00000008129,,,,,,false,false,,false
00000008130,,,,,,false,false,,false
00000008131,,,,,,false,false,,false
00000008132,,,,,,false,false,,false
00000008133,,,,,,false,false,,false
00000008134,,,,,,false,false,,false
00000008135,,,,,,false,false,,false
00000008136,,,,,,false,false,,false
00000008137,,,,,,false,false,,false
00000008138,,,,,,false,false,,false
00000008139,,,,,,false,false,,false
00000008140,,,,,,false,false,,false
00000008141,,,,,,false,false,,false
00000008142,,,,,,false,false,,false
00000008143,,,,,,false,false,,false
00000008144,,,,,,false,false,,false
00000008145,,,,,,false,false,,false
00000008146,,,,,,false,false,,false
00000008147,,,,,,false,false,,false
00000008148,,,,,,false,false,,false
00000008149,,,,,,false,false,,false
00000008150,,,,,,false,false,,false
00000008151,,,,,,false,false,,false
00000008152,,,,,,false,false,,false
00000008153,,,,,,false,false,,false
00000008154,,,,,,false,false,,false
00000008155,,,,,,false,false,,false
00000008156,,,,,,false,false,,false
00000008157,,,,,,false,false,,false
00000008158,,,,,,false,false,,false
00000008159,,,,,,false,false,,false
00000008160,,,,,,false,false,,false
00000008161,,,,,,false,false,,false
00000008162,,,,,,false,false,,false
00000008163,,,,,,false,false,,false
00000008164,,,,,,false,false,,false
00000008165,,,,,,false,false,,false
00000008166,,,,,,false,false,,false
00000008167,,,,,,false,false,,false
00000008168,,,,,,false,false,,false
00000008169,,,,,,false,false,,false
00000008170,,,,,,false,false,,false
00000008171,,,,,,false,false,,false
00000008172,,,,,,false,false,,false
00000008173,,,,,,false,false,,false
00000008174,,,,,,false,false,,false
00000008175,,,,,,false,false,,false
00000008176,,,,,,false,false,,false
00000008177,,,,,,false,false,,false
00000008178,,,,,,false,false,,false
00000008179,,,,,,false,false,,false
00000008180,,,,,,false,false,,false
00000008181,,,,,,false,false,,false
00000008182,,,,,,false,false,,false
00000008183,,,,,,false,false,,false
00000008184,,,,,,false,false,,false
00000008185,,,,,,false,false,,false
00000008186,,,,,,false,false,,false
00000008187,,,,,,false,false,,false
00000008188,,,,,,false,false,,false
00000008189,,,,,,false,false,,false
00000008190,,,,,,false,false,,false
00000008191,,,,,,false,false,,false
00000008192,,,,,,false,false,,false
00000008193,,,,,,false,false,,false
00000008194,,,,,,false,false,,false
00000008195,,,,,,false,false,,false
00000008196,,,,,,false,false,,false
00000008197,,,,,,false,false,,false
00000008198,,,,,,false,false,,false
00000008199,,,,,,false,false,,false
00000008200,,,,,,false,false,,false
00000008201,,,,,,false,false,,false
00000008202,,,,,,false,false,,false
00000008203,,,,,,false,false,,false
00000008204,,,,,,false,false,,false
00000008205,,,,,,false,false,,false
00000008206,,,,,,false,false,,false
00000008207,,,,,,false,false,,false
00000008208,,,,,,false,false,,false
00000008209,,,,,,false,false,,false
00000008210,,,,,,false,false,,false
00000008211,,,,,,false,false,,false
00000008212,,,,,,false,false,,false
00000008213,,,,,,false,false,,false
00000008214,,,,,,false,false,,false
00000008215,,,,,,false,false,,false
00000008216,,,,,,false,false,,false
00000008217,,,,,,false,false,,false
00000008218,,,,,,false,false,,false
00000008219,,,,,,false,false,,false
00000008220,,,,,,false,false,,false
00000008221,,,,,,false,false,,false
00000008222,,,,,,false,false,,false
00000008223,,,,,,false,false,,false
00000008224,,,,,,false,false,,false
00000008225,,,,,,false,false,,false
00000008226,,,,,,false,false,,false
00000008227,,,,,,false,false,,false
00000008228,,,,,,false,false,,false
00000008229,,,,,,false,false,,false
00000008230,,,,,,false,false,,false
00000008231,,,,,,false,false,,false
00000008232,,,,,,false,false,,false
00000008233,,,,,,false,false,,false
00000008234,,,,,,false,false,,false
00000008235,,,,,,false,false,,false
00000008236,,,,,,false,false,,false
00000008237,,,,,,false,false,,false
00000008238,,,,,,false,false,,false
00000008239,,,,,,false,false,,false
00000008240,,,,,,false,false,,false
00000008241,,,,,,false,false,,false
00000008242,,,,,,false,false,,false
00000008243,,,,,,false,false,,false
00000008244,,,,,,false,false,,false
00000008245,,,,,,false,false,,false
00000008246,,,,,,false,false,,false
00000008247,,,,,,false,false,,false
00000008248,,,,,,false,false,,false
00000008249,,,,,,false,false,,false
00000008250,,,,,,false,false,,false
00000008251,,,,,,false,false,,false
00000008252,,,,,,false,false,,false
00000008253,,,,,,false,false,,false
00000008254,,,,,,false,false,,false
00000008255,,,,,,false,false,,false
00000008256,,,,,,false,false,,false
00000008257,,,,,,false,false,,false
00000008258,,,,,,false,false,,false
00000008259,,,,,,false,false,,false
00000008260,,,,,,false,false,,false
00000008261,,,,,,false,false,,false
00000008262,,,,,,false,false,,false
00000008263,,,,,,false,false,,false
00000008264,,,,,,false,false,,false
00000008265,,,,,,false,false,,false
00000008266,,,,,,false,false,,false
00000008267,,,,,,false,false,,false
00000008268,,,,,,false,false,,false
00000008269,,,,,,false,false,,false
00000008270,,,,,,false,false,,false
00000008271,,,,,,false,false,,false
00000008272,,,,,,false,false,,false
00000008273,,,,,,false,false,,false
00000008274,,,,,,false,false,,false
00000008275,,,,,,false,false,,false
00000008276,,,,,,false,false,,false
00000008277,,,,,,false,false,,false
00000008278,,,,,,false,false,,false
00000008279,,,,,,false,false,,false
00000008280,,,,,,false,false,,false
00000008281,,,,,,false,false,,false
00000008282,,,,,,false,false,,false
00000008283,,,,,,false,false,,false
00000008284,,,,,,false,false,,false
00000008285,,,,,,false,false,,false
00000008286,,,,,,false,false,,false
00000008287,,,,,,false,false,,false
00000008288,,,,,,false,false,,false
00000008289,,,,,,false,false,,false
00000008290,,,,,,false,false,,false
00000008291,,,,,,false,false,,false
00000008292,,,,,,false,false,,false
00000008293,,,,,,false,false,,false
00000008294,,,,,,false,false,,false
00000008295,,,,,,false,false,,false
00000008296,,,,,,false,false,,false
00000008297,,,,,,false,false,,false
00000008298,,,,,,false,false,,false
00000008299,,,,,,false,false,,false
00000008300,,,,,,false,false,,false
00000008301,,,,,,false,false,,false
00000008302,,,,,,false,false,,false
00000008303,,,,,,false,false,,false
00000008304,,,,,,false,false,,false
00000008305,,,,,,false,false,,false
00000008306,,,,,,false,false,,false
00000008307,,,,,,false,false,,false
00000008308,,,,,,false,false,,false
00000008309,,,,,,false,false,,false
00000008310,,,,,,false,false,,false
00000008311,,,,,,false,false,,false
00000008312,,,,,,false,false,,false
00000008313,,,,,,false,false,,false
00000008314,,,,,,false,false,,false
00000008315,,,,,,false,false,,false
00000008316,,,,,,false,false,,false
00000008317,,,,,,false,false,,false
00000008318,,,,,,false,false,,false
00000008319,,,,,,false,false,,false
00000008320,,,,,,false,false,,false
00000008321,,,,,,false,false,,false
00000008322,,,,,,false,false,,false
00000008323,,,,,,false,false,,false
00000008324,,,,,,false,false,,false
00000008325,,,,,,false,false,,false
00000008326,,,,,,false,false,,false
00000008327,,,,,,false,false,,false
00000008328,,,,,,false,false,,false
00000008329,,,,,,false,false,,false
00000008330,,,,,,false,false,,false
00000008331,,,,,,false,false,,false
00000008332,,,,,,false,false,,false
00000008333,,,,,,false,false,,false
00000008334,,,,,,false,false,,false
00000008335,,,,,,false,false,,false
00000008336,,,,,,false,false,,false
00000008337,,,,,,false,false,,false
00000008338,,,,,,false,false,,false
00000008339,,,,,,false,false,,false
00000008340,,,,,,false,false,,false
00000008341,,,,,,false,false,,false
00000008342,,,,,,false,false,,false
00000008343,,,,,,false,false,,false
00000008344,,,,,,false,false,,false
00000008345,,,,,,false,false,,false
00000008346,,,,,,false,false,,false
00000008347,,,,,,false,false,,false
00000008348,,,,,,false,false,,false
00000008349,,,,,,false,false,,false
00000008350,,,,,,false,false,,false
00000008351,,,,,,false,false,,false
00000008352,,,,,,false,false,,false
00000008353,,,,,,false,false,,false
00000008354,,,,,,false,false,,false
00000008355,,,,,,false,false,,false
00000008356,,,,,,false,false,,false
00000008357,,,,,,false,false,,false
00000008358,,,,,,false,false,,false
00000008359,,,,,,false,false,,false
00000008360,,,,,,false,false,,false
00000008361,,,,,,false,false,,false
00000008362,,,,,,false,false,,false
00000008363,,,,,,false,false,,false
00000008364,,,,,,false,false,,false
00000008365,,,,,,false,false,,false
00000008366,,,,,,false,false,,false
00000008367,,,,,,false,false,,false
00000008368,,,,,,false,false,,false
00000008369,,,,,,false,false,,false
00000008370,,,,,,false,false,,false
00000008371,,,,,,false,false,,false
00000008372,,,,,,false,false,,false
00000008373,,,,,,false,false,,false
00000008374,,,,,,false,false,,false
00000008375,,,,,,false,false,,false
00000008376,,,,,,false,false,,false
00000008377,,,,,,false,false,,false
00000008378,,,,,,false,false,,false
00000008379,,,,,,false,false,,false
00000008380,,,,,,false,false,,false
00000008381,,,,,,false,false,,false
00000008382,,,,,,false,false,,false
00000008383,,,,,,false,false,,false
00000008384,,,,,,false,false,,false
00000008385,,,,,,false,false,,false
00000008386,,,,,,false,false,,false
00000008387,,,,,,false,false,,false
00000008388,,,,,,false,false,,false
00000008389,,,,,,false,false,,false
00000008390,,,,,,false,false,,false
00000008391,,,,,,false,false,,false
00000008392,,,,,,false,false,,false
00000008393,,,,,,false,false,,false
00000008394,,,,,,false,false,,false
00000008395,,,,,,false,false,,false
00000008396,,,,,,false,false,,false
00000008397,,,,,,false,false,,false
00000008398,,,,,,false,false,,false
00000008399,,,,,,false,false,,false
00000008400,,,,,,false,false,,false
00000008401,,,,,,false,false,,false
00000008402,,,,,,false,false,,false
00000008403,,,,,,false,false,,false
00000008404,,,,,,false,false,,false
00000008405,,,,,,false,false,,false
00000008406,,,,,,false,false,,false
00000008407,,,,,,false,false,,false
00000008408,,,,,,false,false,,false
00000008409,,,,,,false,false,,false
00000008410,,,,,,false,false,,false
00000008411,,,,,,false,false,,false
00000008412,,,,,,false,false,,false
00000008413,,,,,,false,false,,false
00000008414,,,,,,false,false,,false
00000008415,,,,,,false,false,,false
00000008416,,,,,,false,false,,false
00000008417,,,,,,false,false,,false
00000008418,,,,,,false,false,,false
00000008419,,,,,,false,false,,false
00000008420,,,,,,false,false,,false
00000008421,,,,,,false,false,,false
00000008422,,,,,,false,false,,false
00000008423,,,,,,false,false,,false
00000008424,,,,,,false,false,,false
00000008425,,,,,,false,false,,false
00000008426,,,,,,false,false,,false
00000008427,,,,,,false,false,,false
00000008428,,,,,,false,false,,false
00000008429,,,,,,false,false,,false
00000008430,,,,,,false,false,,false
00000008431,,,,,,false,false,,false
00000008432,,,,,,false,false,,false
00000008433,,,,,,false,false,,false
00000008434,,,,,,false,false,,false
00000008435,,,,,,false,false,,false
00000008436,,,,,,false,false,,false
00000008437,,,,,,false,false,,false
00000008438,,,,,,false,false,,false
00000008439,,,,,,false,false,,false
00000008440,,,,,,false,false,,false
00000008441,,,,,,false,false,,false
00000008442,,,,,,false,false,,false
00000008443,,,,,,false,false,,false
00000008444,,,,,,false,false,,false
00000008445,,,,,,false,false,,false
00000008446,,,,,,false,false,,false
00000008447,,,,,,false,false,,false
00000008448,,,,,,false,false,,false
00000008449,,,,,,false,false,,false
00000008450,,,,,,false,false,,false
00000008451,,,,,,false,false,,false
00000008452,,,,,,false,false,,false
00000008453,,,,,,false,false,,false
00000008454,,,,,,false,false,,false
00000008455,,,,,,false,false,,false
00000008456,,,,,,false,false,,false
00000008457,,,,,,false,false,,false
00000008458,,,,,,false,false,,false
00000008459,,,,,,false,false,,false
00000008460,,,,,,false,false,,false
00000008461,,,,,,false,false,,false
00000008462,,,,,,false,false,,false
00000008463,,,,,,false,false,,false
00000008464,,,,,,false,false,,false
00000008465,,,,,,false,false,,false
00000008466,,,,,,false,false,,false
00000008467,,,,,,false,false,,false
00000008468,,,,,,false,false,,false
00000008469,,,,,,false,false,,false
00000008470,,,,,,false,false,,false
00000008471,,,,,,false,false,,false
00000008472,,,,,,false,false,,false
00000008473,,,,,,false,false,,false
00000008474,,,,,,false,false,,false
00000008475,,,,,,false,false,,false
00000008476,,,,,,false,false,,false
00000008477,,,,,,false,false,,false
00000008478,,,,,,false,false,,false
00000008479,,,,,,false,false,,false
00000008480,,,,,,false,false,,false
00000008481,,,,,,false,false,,false
00000008482,,,,,,false,false,,false
00000008483,,,,,,false,false,,false
00000008484,,,,,,false,false,,false
00000008485,,,,,,false,false,,false
00000008486,,,,,,false,false,,false
00000008487,,,,,,false,false,,false
00000008488,,,,,,false,false,,false
00000008489,,,,,,false,false,,false
00000008490,,,,,,false,false,,false
00000008491,,,,,,false,false,,false
00000008492,,,,,,false,false,,false
00000008493,,,,,,false,false,,false
00000008494,,,,,,false,false,,false
00000008495,,,,,,false,false,,false
00000008496,,,,,,false,false,,false
00000008497,,,,,,false,false,,false
00000008498,,,,,,false,false,,false
00000008499,,,,,,false,false,,false
00000008500,,,,,,false,false,,false
00000008501,,,,,,false,false,,false
00000008502,,,,,,false,false,,false
00000008503,,,,,,false,false,,false
00000008504,,,,,,false,false,,false
00000008505,,,,,,false,false,,false
00000008506,,,,,,false,false,,false
00000008507,,,,,,false,false,,false
00000008508,,,,,,false,false,,false
00000008509,,,,,,false,false,,false
00000008510,,,,,,false,false,,false
00000008511,,,,,,false,false,,false
00000008512,,,,,,false,false,,false
00000008513,,,,,,false,false,,false
00000008514,,,,,,false,false,,false
00000008515,,,,,,false,false,,false
00000008516,,,,,,false,false,,false
00000008517,,,,,,false,false,,false
00000008518,,,,,,false,false,,false
00000008519,,,,,,false,false,,false
00000008520,,,,,,false,false,,false
00000008521,,,,,,false,false,,false
00000008522,,,,,,false,false,,false
00000008523,,,,,,false,false,,false
00000008524,,,,,,false,false,,false
00000008525,,,,,,false,false,,false
00000008526,,,,,,false,false,,false
00000008527,,,,,,false,false,,false
00000008528,,,,,,false,false,,false
00000008529,,,,,,false,false,,false
00000008530,,,,,,false,false,,false
00000008531,,,,,,false,false,,false
00000008532,,,,,,false,false,,false
00000008533,,,,,,false,false,,false
00000008534,,,,,,false,false,,false
00000008535,,,,,,false,false,,false
00000008536,,,,,,false,false,,false
00000008537,,,,,,false,false,,false
00000008538,,,,,,false,false,,false
00000008539,,,,,,false,false,,false
00000008540,,,,,,false,false,,false
00000008541,,,,,,false,false,,false
00000008542,,,,,,false,false,,false
00000008543,,,,,,false,false,,false
00000008544,,,,,,false,false,,false
00000008545,,,,,,false,false,,false
00000008546,,,,,,false,false,,false
00000008547,,,,,,false,false,,false
00000008548,,,,,,false,false,,false
00000008549,,,,,,false,false,,false
00000008550,,,,,,false,false,,false
00000008551,,,,,,false,false,,false
00000008552,,,,,,false,false,,false
00000008553,,,,,,false,false,,false
00000008554,,,,,,false,false,,false
00000008555,,,,,,false,false,,false
00000008556,,,,,,false,false,,false
00000008557,,,,,,false,false,,false
00000008558,,,,,,false,false,,false
00000008559,,,,,,false,false,,false
00000008560,,,,,,false,false,,false
00000008561,,,,,,false,false,,false
00000008562,,,,,,false,false,,false
00000008563,,,,,,false,false,,false
00000008564,,,,,,false,false,,false
00000008565,,,,,,false,false,,false
00000008566,,,,,,false,false,,false
00000008567,,,,,,false,false,,false
00000008568,,,,,,false,false,,false
00000008569,,,,,,false,false,,false
00000008570,,,,,,false,false,,false
00000008571,,,,,,false,false,,false
00000008572,,,,,,false,false,,false
00000008573,,,,,,false,false,,false
00000008574,,,,,,false,false,,false
00000008575,,,,,,false,false,,false
00000008576,,,,,,false,false,,false
00000008577,,,,,,false,false,,false
00000008578,,,,,,false,false,,false
00000008579,,,,,,false,false,,false
00000008580,,,,,,false,false,,false
00000008581,,,,,,false,false,,false
00000008582,,,,,,false,false,,false
00000008583,,,,,,false,false,,false
00000008584,,,,,,false,false,,false
00000008585,,,,,,false,false,,false
00000008586,,,,,,false,false,,false
00000008587,,,,,,false,false,,false
00000008588,,,,,,false,false,,false
00000008589,,,,,,false,false,,false
00000008590,,,,,,false,false,,false
00000008591,,,,,,false,false,,false
00000008592,,,,,,false,false,,false
00000008593,,,,,,false,false,,false
00000008594,,,,,,false,false,,false
00000008595,,,,,,false,false,,false
00000008596,,,,,,false,false,,false
00000008597,,,,,,false,false,,false
00000008598,,,,,,false,false,,false
00000008599,,,,,,false,false,,false
00000008600,,,,,,false,false,,false
00000008601,,,,,,false,false,,false
00000008602,,,,,,false,false,,false
00000008603,,,,,,false,false,,false
00000008604,,,,,,false,false,,false
00000008605,,,,,,false,false,,false
00000008606,,,,,,false,false,,false
00000008607,,,,,,false,false,,false
00000008608,,,,,,false,false,,false
00000008609,,,,,,false,false,,false
00000008610,,,,,,false,false,,false
00000008611,,,,,,false,false,,false
00000008612,,,,,,false,false,,false
00000008613,,,,,,false,false,,false
00000008614,,,,,,false,false,,false
00000008615,,,,,,false,false,,false
00000008616,,,,,,false,false,,false
00000008617,,,,,,false,false,,false
00000008618,,,,,,false,false,,false
00000008619,,,,,,false,false,,false
00000008620,,,,,,false,false,,false
00000008621,,,,,,false,false,,false
00000008622,,,,,,false,false,,false
00000008623,,,,,,false,false,,false
00000008624,,,,,,false,false,,false
00000008625,,,,,,false,false,,false
00000008626,,,,,,false,false,,false
00000008627,,,,,,false,false,,false
00000008628,,,,,,false,false,,false
00000008629,,,,,,false,false,,false
00000008630,,,,,,false,false,,false
00000008631,,,,,,false,false,,false
00000008632,,,,,,false,false,,false
00000008633,,,,,,false,false,,false
00000008634,,,,,,false,false,,false
00000008635,,,,,,false,false,,false
00000008636,,,,,,false,false,,false
00000008637,,,,,,false,false,,false
00000008638,,,,,,false,false,,false
00000008639,,,,,,false,false,,false
00000008640,,,,,,false,false,,false
00000008641,,,,,,false,false,,false
00000008642,,,,,,false,false,,false
00000008643,,,,,,false,false,,false
00000008644,,,,,,false,false,,false
00000008645,,,,,,false,false,,false
00000008646,,,,,,false,false,,false
00000008647,,,,,,false,false,,false
00000008648,,,,,,false,false,,false
00000008649,,,,,,false,false,,false
00000008650,,,,,,false,false,,false
00000008651,,,,,,false,false,,false
00000008652,,,,,,false,false,,false
00000008653,,,,,,false,false,,false
00000008654,,,,,,false,false,,false
00000008655,,,,,,false,false,,false
00000008656,,,,,,false,false,,false
00000008657,,,,,,false,false,,false
00000008658,,,,,,false,false,,false
00000008659,,,,,,false,false,,false
00000008660,,,,,,false,false,,false
00000008661,,,,,,false,false,,false
00000008662,,,,,,false,false,,false
00000008663,,,,,,false,false,,false
00000008664,,,,,,false,false,,false
00000008665,,,,,,false,false,,false
00000008666,,,,,,false,false,,false
00000008667,,,,,,false,false,,false
00000008668,,,,,,false,false,,false
00000008669,,,,,,false,false,,false
00000008670,,,,,,false,false,,false
00000008671,,,,,,false,false,,false
00000008672,,,,,,false,false,,false
00000008673,,,,,,false,false,,false
00000008674,,,,,,false,false,,false
00000008675,,,,,,false,false,,false
00000008676,,,,,,false,false,,false
00000008677,,,,,,false,false,,false
00000008678,,,,,,false,false,,false
00000008679,,,,,,false,false,,false
00000008680,,,,,,false,false,,false
00000008681,,,,,,false,false,,false
00000008682,,,,,,false,false,,false
00000008683,,,,,,false,false,,false
00000008684,,,,,,false,false,,false
00000008685,,,,,,false,false,,false
00000008686,,,,,,false,false,,false
00000008687,,,,,,false,false,,false
00000008688,,,,,,false,false,,false
00000008689,,,,,,false,false,,false
00000008690,,,,,,false,false,,false
00000008691,,,,,,false,false,,false
00000008692,,,,,,false,false,,false
00000008693,,,,,,false,false,,false
00000008694,,,,,,false,false,,false
00000008695,,,,,,false,false,,false
00000008696,,,,,,false,false,,false
00000008697,,,,,,false,false,,false
00000008698,,,,,,false,false,,false
00000008699,,,,,,false,false,,false
00000008700,,,,,,false,false,,false
00000008701,,,,,,false,false,,false
00000008702,,,,,,false,false,,false
00000008703,,,,,,false,false,,false
00000008704,,,,,,false,false,,false
00000008705,,,,,,false,false,,false
00000008706,,,,,,false,false,,false
00000008707,,,,,,false,false,,false
00000008708,,,,,,false,false,,false
00000008709,,,,,,false,false,,false
00000008710,,,,,,false,false,,false
00000008711,,,,,,false,false,,false
00000008712,,,,,,false,false,,false
00000008713,,,,,,false,false,,false
00000008714,,,,,,false,false,,false
00000008715,,,,,,false,false,,false
00000008716,,,,,,false,false,,false
00000008717,,,,,,false,false,,false
00000008718,,,,,,false,false,,false
00000008719,,,,,,false,false,,false
00000008720,,,,,,false,false,,false
00000008721,,,,,,false,false,,false
00000008722,,,,,,false,false,,false
00000008723,,,,,,false,false,,false
00000008724,,,,,,false,false,,false
00000008725,,,,,,false,false,,false
00000008726,,,,,,false,false,,false
00000008727,,,,,,false,false,,false
00000008728,,,,,,false,false,,false
00000008729,,,,,,false,false,,false
00000008730,,,,,,false,false,,false
00000008731,,,,,,false,false,,false
00000008732,,,,,,false,false,,false
00000008733,,,,,,false,false,,false
00000008734,,,,,,false,false,,false
00000008735,,,,,,false,false,,false
00000008736,,,,,,false,false,,false
00000008737,,,,,,false,false,,false
00000008738,,,,,,false,false,,false
00000008739,,,,,,false,false,,false
00000008740,,,,,,false,false,,false
00000008741,,,,,,false,false,,false
00000008742,,,,,,false,false,,false
00000008743,,,,,,false,false,,false
00000008744,,,,,,false,false,,false
00000008745,,,,,,false,false,,false
00000008746,,,,,,false,false,,false
00000008747,,,,,,false,false,,false
00000008748,,,,,,false,false,,false
00000008749,,,,,,false,false,,false
00000008750,,,,,,false,false,,false
00000008751,,,,,,false,false,,false
00000008752,,,,,,false,false,,false
00000008753,,,,,,false,false,,false
00000008754,,,,,,false,false,,false
00000008755,,,,,,false,false,,false
00000008756,,,,,,false,false,,false
00000008757,,,,,,false,false,,false
00000008758,,,,,,false,false,,false
00000008759,,,,,,false,false,,false
00000008760,,,,,,false,false,,false
00000008761,,,,,,false,false,,false
00000008762,,,,,,false,false,,false
00000008763,,,,,,false,false,,false
00000008764,,,,,,false,false,,false
00000008765,,,,,,false,false,,false
00000008766,,,,,,false,false,,false
00000008767,,,,,,false,false,,false
00000008768,,,,,,false,false,,false
00000008769,,,,,,false,false,,false
00000008770,,,,,,false,false,,false
00000008771,,,,,,false,false,,false
00000008772,,,,,,false,false,,false
00000008773,,,,,,false,false,,false
00000008774,,,,,,false,false,,false
00000008775,,,,,,false,false,,false
00000008776,,,,,,false,false,,false
00000008777,,,,,,false,false,,false
00000008778,,,,,,false,false,,false
00000008779,,,,,,false,false,,false
00000008780,,,,,,false,false,,false
00000008781,,,,,,false,false,,false
00000008782,,,,,,false,false,,false
00000008783,,,,,,false,false,,false
00000008784,,,,,,false,false,,false
00000008785,,,,,,false,false,,false
00000008786,,,,,,false,false,,false
00000008787,,,,,,false,false,,false
00000008788,,,,,,false,false,,false
00000008789,,,,,,false,false,,false
00000008790,,,,,,false,false,,false
00000008791,,,,,,false,false,,false
00000008792,,,,,,false,false,,false
00000008793,,,,,,false,false,,false
00000008794,,,,,,false,false,,false
00000008795,,,,,,false,false,,false
00000008796,,,,,,false,false,,false
00000008797,,,,,,false,false,,false
00000008798,,,,,,false,false,,false
00000008799,,,,,,false,false,,false
00000008800,,,,,,false,false,,false
00000008801,,,,,,false,false,,false
00000008802,,,,,,false,false,,false
00000008803,,,,,,false,false,,false
00000008804,,,,,,false,false,,false
00000008805,,,,,,false,false,,false
00000008806,,,,,,false,false,,false
00000008807,,,,,,false,false,,false
00000008808,,,,,,false,false,,false
00000008809,,,,,,false,false,,false
00000008810,,,,,,false,false,,false
00000008811,,,,,,false,false,,false
00000008812,,,,,,false,false,,false
00000008813,,,,,,false,false,,false
00000008814,,,,,,false,false,,false
00000008815,,,,,,false,false,,false
00000008816,,,,,,false,false,,false
00000008817,,,,,,false,false,,false
00000008818,,,,,,false,false,,false
00000008819,,,,,,false,false,,false
00000008820,,,,,,false,false,,false
00000008821,,,,,,false,false,,false
00000008822,,,,,,false,false,,false
00000008823,,,,,,false,false,,false
00000008824,,,,,,false,false,,false
00000008825,,,,,,false,false,,false
00000008826,,,,,,false,false,,false
00000008827,,,,,,false,false,,false
00000008828,,,,,,false,false,,false
00000008829,,,,,,false,false,,false
00000008830,,,,,,false,false,,false
00000008831,,,,,,false,false,,false
00000008832,,,,,,false,false,,false
00000008833,,,,,,false,false,,false
00000008834,,,,,,false,false,,false
00000008835,,,,,,false,false,,false
00000008836,,,,,,false,false,,false
00000008837,,,,,,false,false,,false
00000008838,,,,,,false,false,,false
00000008839,,,,,,false,false,,false
00000008840,,,,,,false,false,,false
00000008841,,,,,,false,false,,false
00000008842,,,,,,false,false,,false
00000008843,,,,,,false,false,,false
00000008844,,,,,,false,false,,false
00000008845,,,,,,false,false,,false
00000008846,,,,,,false,false,,false
00000008847,,,,,,false,false,,false
00000008848,,,,,,false,false,,false
00000008849,,,,,,false,false,,false
00000008850,,,,,,false,false,,false
00000008851,,,,,,false,false,,false
00000008852,,,,,,false,false,,false
00000008853,,,,,,false,false,,false
00000008854,,,,,,false,false,,false
00000008855,,,,,,false,false,,false
00000008856,,,,,,false,false,,false
00000008857,,,,,,false,false,,false
00000008858,,,,,,false,false,,false
00000008859,,,,,,false,false,,false
00000008860,,,,,,false,false,,false
00000008861,,,,,,false,false,,false
00000008862,,,,,,false,false,,false
00000008863,,,,,,false,false,,false
00000008864,,,,,,false,false,,false
00000008865,,,,,,false,false,,false
00000008866,,,,,,false,false,,false
00000008867,,,,,,false,false,,false
00000008868,,,,,,false,false,,false
00000008869,,,,,,false,false,,false
00000008870,,,,,,false,false,,false
00000008871,,,,,,false,false,,false
00000008872,,,,,,false,false,,false
00000008873,,,,,,false,false,,false
00000008874,,,,,,false,false,,false
00000008875,,,,,,false,false,,false
00000008876,,,,,,false,false,,false
00000008877,,,,,,false,false,,false
00000008878,,,,,,false,false,,false
00000008879,,,,,,false,false,,false
00000008880,,,,,,false,false,,false
00000008881,,,,,,false,false,,false
00000008882,,,,,,false,false,,false
00000008883,,,,,,false,false,,false
00000008884,,,,,,false,false,,false
00000008885,,,,,,false,false,,false
00000008886,,,,,,false,false,,false
00000008887,,,,,,false,false,,false
00000008888,,,,,,false,false,,false
00000008889,,,,,,false,false,,false
00000008890,,,,,,false,false,,false
00000008891,,,,,,false,false,,false
00000008892,,,,,,false,false,,false
00000008893,,,,,,false,false,,false
00000008894,,,,,,false,false,,false
00000008895,,,,,,false,false,,false
00000008896,,,,,,false,false,,false
00000008897,,,,,,false,false,,false
00000008898,,,,,,false,false,,false
00000008899,,,,,,false,false,,false
00000008900,,,,,,false,false,,false
00000008901,,,,,,false,false,,false
00000008902,,,,,,false,false,,false
00000008903,,,,,,false,false,,false
00000008904,,,,,,false,false,,false
00000008905,,,,,,false,false,,false
00000008906,,,,,,false,false,,false
00000008907,,,,,,false,false,,false
00000008908,,,,,,false,false,,false
00000008909,,,,,,false,false,,false
00000008910,,,,,,false,false,,false
00000008911,,,,,,false,false,,false
00000008912,,,,,,false,false,,false
00000008913,,,,,,false,false,,false
00000008914,,,,,,false,false,,false
00000008915,,,,,,false,false,,false
00000008916,,,,,,false,false,,false
00000008917,,,,,,false,false,,false
00000008918,,,,,,false,false,,false
00000008919,,,,,,false,false,,false
00000008920,,,,,,false,false,,false
00000008921,,,,,,false,false,,false
00000008922,,,,,,false,false,,false
00000008923,,,,,,false,false,,false
00000008924,,,,,,false,false,,false
00000008925,,,,,,false,false,,false
00000008926,,,,,,false,false,,false
00000008927,,,,,,false,false,,false
00000008928,,,,,,false,false,,false
00000008929,,,,,,false,false,,false
00000008930,,,,,,false,false,,false
00000008931,,,,,,false,false,,false
00000008932,,,,,,false,false,,false
00000008933,,,,,,false,false,,false
00000008934,,,,,,false,false,,false
00000008935,,,,,,false,false,,false
00000008936,,,,,,false,false,,false
00000008937,,,,,,false,false,,false
00000008938,,,,,,false,false,,false
00000008939,,,,,,false,false,,false
00000008940,,,,,,false,false,,false
00000008941,,,,,,false,false,,false
00000008942,,,,,,false,false,,false
00000008943,,,,,,false,false,,false
00000008944,,,,,,false,false,,false
00000008945,,,,,,false,false,,false
00000008946,,,,,,false,false,,false
00000008947,,,,,,false,false,,false
00000008948,,,,,,false,false,,false
00000008949,,,,,,false,false,,false
00000008950,,,,,,false,false,,false
00000008951,,,,,,false,false,,false
00000008952,,,,,,false,false,,false
00000008953,,,,,,false,false,,false
00000008954,,,,,,false,false,,false
00000008955,,,,,,false,false,,false
00000008956,,,,,,false,false,,false
00000008957,,,,,,false,false,,false
00000008958,,,,,,false,false,,false
00000008959,,,,,,false,false,,false
00000008960,,,,,,false,false,,false
00000008961,,,,,,false,false,,false
00000008962,,,,,,false,false,,false
00000008963,,,,,,false,false,,false
00000008964,,,,,,false,false,,false
00000008965,,,,,,false,false,,false
00000008966,,,,,,false,false,,false
00000008967,,,,,,false,false,,false
00000008968,,,,,,false,false,,false
00000008969,,,,,,false,false,,false
00000008970,,,,,,false,false,,false
00000008971,,,,,,false,false,,false
00000008972,,,,,,false,false,,false
00000008973,,,,,,false,false,,false
00000008974,,,,,,false,false,,false
00000008975,,,,,,false,false,,false
00000008976,,,,,,false,false,,false
00000008977,,,,,,false,false,,false
00000008978,,,,,,false,false,,false
00000008979,,,,,,false,false,,false
00000008980,,,,,,false,false,,false
00000008981,,,,,,false,false,,false
00000008982,,,,,,false,false,,false
00000008983,,,,,,false,false,,false
00000008984,,,,,,false,false,,false
00000008985,,,,,,false,false,,false
00000008986,,,,,,false,false,,false
00000008987,,,,,,false,false,,false
00000008988,,,,,,false,false,,false
00000008989,,,,,,false,false,,false
00000008990,,,,,,false,false,,false
00000008991,,,,,,false,false,,false
00000008992,,,,,,false,false,,false
00000008993,,,,,,false,false,,false
00000008994,,,,,,false,false,,false
00000008995,,,,,,false,false,,false
00000008996,,,,,,false,false,,false
00000008997,,,,,,false,false,,false
00000008998,,,,,,false,false,,false
00000008999,,,,,,false,false,,false
00000009000,,,,,,false,false,,false
00000009001,,,,,,false,false,,false
00000009002,,,,,,false,false,,false
00000009003,,,,,,false,false,,false
00000009004,,,,,,false,false,,false
00000009005,,,,,,false,false,,false
00000009006,,,,,,false,false,,false
00000009007,,,,,,false,false,,false
00000009008,,,,,,false,false,,false
00000009009,,,,,,false,false,,false
00000009010,,,,,,false,false,,false
00000009011,,,,,,false,false,,false
00000009012,,,,,,false,false,,false
00000009013,,,,,,false,false,,false
00000009014,,,,,,false,false,,false
00000009015,,,,,,false,false,,false
00000009016,,,,,,false,false,,false
00000009017,,,,,,false,false,,false
00000009018,,,,,,false,false,,false
00000009019,,,,,,false,false,,false
00000009020,,,,,,false,false,,false
00000009021,,,,,,false,false,,false
00000009022,,,,,,false,false,,false
00000009023,,,,,,false,false,,false
00000009024,,,,,,false,false,,false
00000009025,,,,,,false,false,,false
00000009026,,,,,,false,false,,false
00000009027,,,,,,false,false,,false
00000009028,,,,,,false,false,,false
00000009029,,,,,,false,false,,false
00000009030,,,,,,false,false,,false
00000009031,,,,,,false,false,,false
00000009032,,,,,,false,false,,false
00000009033,,,,,,false,false,,false
00000009034,,,,,,false,false,,false
00000009035,,,,,,false,false,,false
00000009036,,,,,,false,false,,false
00000009037,,,,,,false,false,,false
00000009038,,,,,,false,false,,false
00000009039,,,,,,false,false,,false
00000009040,,,,,,false,false,,false
00000009041,,,,,,false,false,,false
00000009042,,,,,,false,false,,false
00000009043,,,,,,false,false,,false
00000009044,,,,,,false,false,,false
00000009045,,,,,,false,false,,false
00000009046,,,,,,false,false,,false
00000009047,,,,,,false,false,,false
00000009048,,,,,,false,false,,false
00000009049,,,,,,false,false,,false
00000009050,,,,,,false,false,,false
00000009051,,,,,,false,false,,false
00000009052,,,,,,false,false,,false
00000009053,,,,,,false,false,,false
00000009054,,,,,,false,false,,false
00000009055,,,,,,false,false,,false
00000009056,,,,,,false,false,,false
00000009057,,,,,,false,false,,false
00000009058,,,,,,false,false,,false
00000009059,,,,,,false,false,,false
00000009060,,,,,,false,false,,false
00000009061,,,,,,false,false,,false
00000009062,,,,,,false,false,,false
00000009063,,,,,,false,false,,false
00000009064,,,,,,false,false,,false
00000009065,,,,,,false,false,,false
00000009066,,,,,,false,false,,false
00000009067,,,,,,false,false,,false
00000009068,,,,,,false,false,,false
00000009069,,,,,,false,false,,false
00000009070,,,,,,false,false,,false
00000009071,,,,,,false,false,,false
00000009072,,,,,,false,false,,false
00000009073,,,,,,false,false,,false
00000009074,,,,,,false,false,,false
00000009075,,,,,,false,false,,false
00000009076,,,,,,false,false,,false
00000009077,,,,,,false,false,,false
00000009078,,,,,,false,false,,false
00000009079,,,,,,false,false,,false
00000009080,,,,,,false,false,,false
00000009081,,,,,,false,false,,false
00000009082,,,,,,false,false,,false
00000009083,,,,,,false,false,,false
00000009084,,,,,,false,false,,false
00000009085,,,,,,false,false,,false
00000009086,,,,,,false,false,,false
00000009087,,,,,,false,false,,false
00000009088,,,,,,false,false,,false
00000009089,,,,,,false,false,,false
00000009090,,,,,,false,false,,false
00000009091,,,,,,false,false,,false
00000009092,,,,,,false,false,,false
00000009093,,,,,,false,false,,false
00000009094,,,,,,false,false,,false
00000009095,,,,,,false,false,,false
00000009096,,,,,,false,false,,false
00000009097,,,,,,false,false,,false
00000009098,,,,,,false,false,,false
00000009099,,,,,,false,false,,false
00000009100,,,,,,false,false,,false
00000009101,,,,,,false,false,,false
00000009102,,,,,,false,false,,false
00000009103,,,,,,false,false,,false
00000009104,,,,,,false,false,,false
00000009105,,,,,,false,false,,false
00000009106,,,,,,false,false,,false
00000009107,,,,,,false,false,,false
00000009108,,,,,,false,false,,false
00000009109,,,,,,false,false,,false
00000009110,,,,,,false,false,,false
00000009111,,,,,,false,false,,false
00000009112,,,,,,false,false,,false
00000009113,,,,,,false,false,,false
00000009114,,,,,,false,false,,false
00000009115,,,,,,false,false,,false
00000009116,,,,,,false,false,,false
00000009117,,,,,,false,false,,false
00000009118,,,,,,false,false,,false
00000009119,,,,,,false,false,,false
00000009120,,,,,,false,false,,false
00000009121,,,,,,false,false,,false
00000009122,,,,,,false,false,,false
00000009123,,,,,,false,false,,false
00000009124,,,,,,false,false,,false
00000009125,,,,,,false,false,,false
00000009126,,,,,,false,false,,false
00000009127,,,,,,false,false,,false
00000009128,,,,,,false,false,,false
00000009129,,,,,,false,false,,false
00000009130,,,,,,false,false,,false
00000009131,,,,,,false,false,,false
00000009132,,,,,,false,false,,false
00000009133,,,,,,false,false,,false
00000009134,,,,,,false,false,,false
00000009135,,,,,,false,false,,false
00000009136,,,,,,false,false,,false
00000009137,,,,,,false,false,,false
00000009138,,,,,,false,false,,false
00000009139,,,,,,false,false,,false
00000009140,,,,,,false,false,,false
00000009141,,,,,,false,false,,false
00000009142,,,,,,false,false,,false
00000009143,,,,,,false,false,,false
00000009144,,,,,,false,false,,false
00000009145,,,,,,false,false,,false
00000009146,,,,,,false,false,,false
00000009147,,,,,,false,false,,false
00000009148,,,,,,false,false,,false
00000009149,,,,,,false,false,,false
00000009150,,,,,,false,false,,false
00000009151,,,,,,false,false,,false
00000009152,,,,,,false,false,,false
00000009153,,,,,,false,false,,false
00000009154,,,,,,false,false,,false
00000009155,,,,,,false,false,,false
00000009156,,,,,,false,false,,false
00000009157,,,,,,false,false,,false
00000009158,,,,,,false,false,,false
00000009159,,,,,,false,false,,false
00000009160,,,,,,false,false,,false
00000009161,,,,,,false,false,,false
00000009162,,,,,,false,false,,false
00000009163,,,,,,false,false,,false
00000009164,,,,,,false,false,,false
00000009165,,,,,,false,false,,false
00000009166,,,,,,false,false,,false
00000009167,,,,,,false,false,,false
00000009168,,,,,,false,false,,false
00000009169,,,,,,false,false,,false
00000009170,,,,,,false,false,,false
00000009171,,,,,,false,false,,false
00000009172,,,,,,false,false,,false
00000009173,,,,,,false,false,,false
00000009174,,,,,,false,false,,false
00000009175,,,,,,false,false,,false
00000009176,,,,,,false,false,,false
00000009177,,,,,,false,false,,false
00000009178,,,,,,false,false,,false
00000009179,,,,,,false,false,,false
00000009180,,,,,,false,false,,false
00000009181,,,,,,false,false,,false
00000009182,,,,,,false,false,,false
00000009183,,,,,,false,false,,false
00000009184,,,,,,false,false,,false
00000009185,,,,,,false,false,,false
00000009186,,,,,,false,false,,false
00000009187,,,,,,false,false,,false
00000009188,,,,,,false,false,,false
00000009189,,,,,,false,false,,false
00000009190,,,,,,false,false,,false
00000009191,,,,,,false,false,,false
00000009192,,,,,,false,false,,false
00000009193,,,,,,false,false,,false
00000009194,,,,,,false,false,,false
00000009195,,,,,,false,false,,false
00000009196,,,,,,false,false,,false
00000009197,,,,,,false,false,,false
00000009198,,,,,,false,false,,false
00000009199,,,,,,false,false,,false
00000009200,,,,,,false,false,,false
00000009201,,,,,,false,false,,false
00000009202,,,,,,false,false,,false
00000009203,,,,,,false,false,,false
00000009204,,,,,,false,false,,false
00000009205,,,,,,false,false,,false
00000009206,,,,,,false,false,,false
00000009207,,,,,,false,false,,false
00000009208,,,,,,false,false,,false
00000009209,,,,,,false,false,,false
00000009210,,,,,,false,false,,false
00000009211,,,,,,false,false,,false
00000009212,,,,,,false,false,,false
00000009213,,,,,,false,false,,false
00000009214,,,,,,false,false,,false
00000009215,,,,,,false,false,,false
00000009216,,,,,,false,false,,false
00000009217,,,,,,false,false,,false
00000009218,,,,,,false,false,,false
00000009219,,,,,,false,false,,false
00000009220,,,,,,false,false,,false
00000009221,,,,,,false,false,,false
00000009222,,,,,,false,false,,false
00000009223,,,,,,false,false,,false
00000009224,,,,,,false,false,,false
00000009225,,,,,,false,false,,false
00000009226,,,,,,false,false,,false
00000009227,,,,,,false,false,,false
00000009228,,,,,,false,false,,false
00000009229,,,,,,false,false,,false
00000009230,,,,,,false,false,,false
00000009231,,,,,,false,false,,false
00000009232,,,,,,false,false,,false
00000009233,,,,,,false,false,,false
00000009234,,,,,,false,false,,false
00000009235,,,,,,false,false,,false
00000009236,,,,,,false,false,,false
00000009237,,,,,,false,false,,false
00000009238,,,,,,false,false,,false
00000009239,,,,,,false,false,,false
00000009240,,,,,,false,false,,false
00000009241,,,,,,false,false,,false
00000009242,,,,,,false,false,,false
00000009243,,,,,,false,false,,false
00000009244,,,,,,false,false,,false
00000009245,,,,,,false,false,,false
00000009246,,,,,,false,false,,false
00000009247,,,,,,false,false,,false
00000009248,,,,,,false,false,,false
00000009249,,,,,,false,false,,false
00000009250,,,,,,false,false,,false
00000009251,,,,,,false,false,,false
00000009252,,,,,,false,false,,false
00000009253,,,,,,false,false,,false
00000009254,,,,,,false,false,,false
00000009255,,,,,,false,false,,false
00000009256,,,,,,false,false,,false
00000009257,,,,,,false,false,,false
00000009258,,,,,,false,false,,false
00000009259,,,,,,false,false,,false
00000009260,,,,,,false,false,,false
00000009261,,,,,,false,false,,false
00000009262,,,,,,false,false,,false
00000009263,,,,,,false,false,,false
00000009264,,,,,,false,false,,false
00000009265,,,,,,false,false,,false
00000009266,,,,,,false,false,,false
00000009267,,,,,,false,false,,false
00000009268,,,,,,false,false,,false
00000009269,,,,,,false,false,,false
00000009270,,,,,,false,false,,false
00000009271,,,,,,false,false,,false
00000009272,,,,,,false,false,,false
00000009273,,,,,,false,false,,false
00000009274,,,,,,false,false,,false
00000009275,,,,,,false,false,,false
00000009276,,,,,,false,false,,false
00000009277,,,,,,false,false,,false
00000009278,,,,,,false,false,,false
00000009279,,,,,,false,false,,false
00000009280,,,,,,false,false,,false
00000009281,,,,,,false,false,,false
00000009282,,,,,,false,false,,false
00000009283,,,,,,false,false,,false
00000009284,,,,,,false,false,,false
00000009285,,,,,,false,false,,false
00000009286,,,,,,false,false,,false
00000009287,,,,,,false,false,,false
00000009288,,,,,,false,false,,false
00000009289,,,,,,false,false,,false
00000009290,,,,,,false,false,,false
00000009291,,,,,,false,false,,false
00000009292,,,,,,false,false,,false
00000009293,,,,,,false,false,,false
00000009294,,,,,,false,false,,false
00000009295,,,,,,false,false,,false
00000009296,,,,,,false,false,,false
00000009297,,,,,,false,false,,false
00000009298,,,,,,false,false,,false
00000009299,,,,,,false,false,,false
00000009300,,,,,,false,false,,false
00000009301,,,,,,false,false,,false
00000009302,,,,,,false,false,,false
00000009303,,,,,,false,false,,false
00000009304,,,,,,false,false,,false
00000009305,,,,,,false,false,,false
00000009306,,,,,,false,false,,false
00000009307,,,,,,false,false,,false
00000009308,,,,,,false,false,,false
00000009309,,,,,,false,false,,false
00000009310,,,,,,false,false,,false
00000009311,,,,,,false,false,,false
00000009312,,,,,,false,false,,false
00000009313,,,,,,false,false,,false
00000009314,,,,,,false,false,,false
00000009315,,,,,,false,false,,false
00000009316,,,,,,false,false,,false
00000009317,,,,,,false,false,,false
00000009318,,,,,,false,false,,false
00000009319,,,,,,false,false,,false
00000009320,,,,,,false,false,,false
00000009321,,,,,,false,false,,false
00000009322,,,,,,false,false,,false
00000009323,,,,,,false,false,,false
00000009324,,,,,,false,false,,false
00000009325,,,,,,false,false,,false
00000009326,,,,,,false,false,,false
00000009327,,,,,,false,false,,false
00000009328,,,,,,false,false,,false
00000009329,,,,,,false,false,,false
00000009330,,,,,,false,false,,false
00000009331,,,,,,false,false,,false
00000009332,,,,,,false,false,,false
00000009333,,,,,,false,false,,false
00000009334,,,,,,false,false,,false
00000009335,,,,,,false,false,,false
00000009336,,,,,,false,false,,false
00000009337,,,,,,false,false,,false
00000009338,,,,,,false,false,,false
00000009339,,,,,,false,false,,false
00000009340,,,,,,false,false,,false
00000009341,,,,,,false,false,,false
00000009342,,,,,,false,false,,false
00000009343,,,,,,false,false,,false
00000009344,,,,,,false,false,,false
00000009345,,,,,,false,false,,false
00000009346,,,,,,false,false,,false
00000009347,,,,,,false,false,,false
00000009348,,,,,,false,false,,false
00000009349,,,,,,false,false,,false
00000009350,,,,,,false,false,,false
00000009351,,,,,,false,false,,false
00000009352,,,,,,false,false,,false
00000009353,,,,,,false,false,,false
00000009354,,,,,,false,false,,false
00000009355,,,,,,false,false,,false
00000009356,,,,,,false,false,,false
00000009357,,,,,,false,false,,false
00000009358,,,,,,false,false,,false
00000009359,,,,,,false,false,,false
00000009360,,,,,,false,false,,false
00000009361,,,,,,false,false,,false
00000009362,,,,,,false,false,,false
00000009363,,,,,,false,false,,false
00000009364,,,,,,false,false,,false
00000009365,,,,,,false,false,,false
00000009366,,,,,,false,false,,false
00000009367,,,,,,false,false,,false
00000009368,,,,,,false,false,,false
00000009369,,,,,,false,false,,false
00000009370,,,,,,false,false,,false
00000009371,,,,,,false,false,,false
00000009372,,,,,,false,false,,false
00000009373,,,,,,false,false,,false
00000009374,,,,,,false,false,,false
00000009375,,,,,,false,false,,false
00000009376,,,,,,false,false,,false
00000009377,,,,,,false,false,,false
00000009378,,,,,,false,false,,false
00000009379,,,,,,false,false,,false
00000009380,,,,,,false,false,,false
00000009381,,,,,,false,false,,false
00000009382,,,,,,false,false,,false
00000009383,,,,,,false,false,,false
00000009384,,,,,,false,false,,false
00000009385,,,,,,false,false,,false
00000009386,,,,,,false,false,,false
00000009387,,,,,,false,false,,false
00000009388,,,,,,false,false,,false
00000009389,,,,,,false,false,,false
00000009390,,,,,,false,false,,false
00000009391,,,,,,false,false,,false
00000009392,,,,,,false,false,,false
00000009393,,,,,,false,false,,false
00000009394,,,,,,false,false,,false
00000009395,,,,,,false,false,,false
00000009396,,,,,,false,false,,false
00000009397,,,,,,false,false,,false
00000009398,,,,,,false,false,,false
00000009399,,,,,,false,false,,false
00000009400,,,,,,false,false,,false
00000009401,,,,,,false,false,,false
00000009402,,,,,,false,false,,false
00000009403,,,,,,false,false,,false
00000009404,,,,,,false,false,,false
00000009405,,,,,,false,false,,false
00000009406,,,,,,false,false,,false
00000009407,,,,,,false,false,,false
00000009408,,,,,,false,false,,false
00000009409,,,,,,false,false,,false
00000009410,,,,,,false,false,,false
00000009411,,,,,,false,false,,false
00000009412,,,,,,false,false,,false
00000009413,,,,,,false,false,,false
00000009414,,,,,,false,false,,false
00000009415,,,,,,false,false,,false
00000009416,,,,,,false,false,,false
00000009417,,,,,,false,false,,false
00000009418,,,,,,false,false,,false
00000009419,,,,,,false,false,,false
00000009420,,,,,,false,false,,false
00000009421,,,,,,false,false,,false
00000009422,,,,,,false,false,,false
00000009423,,,,,,false,false,,false
00000009424,,,,,,false,false,,false
00000009425,,,,,,false,false,,false
00000009426,,,,,,false,false,,false
00000009427,,,,,,false,false,,false
00000009428,,,,,,false,false,,false
00000009429,,,,,,false,false,,false
00000009430,,,,,,false,false,,false
00000009431,,,,,,false,false,,false
00000009432,,,,,,false,false,,false
00000009433,,,,,,false,false,,false
00000009434,,,,,,false,false,,false
00000009435,,,,,,false,false,,false
00000009436,,,,,,false,false,,false
00000009437,,,,,,false,false,,false
00000009438,,,,,,false,false,,false
00000009439,,,,,,false,false,,false
00000009440,,,,,,false,false,,false
00000009441,,,,,,false,false,,false
00000009442,,,,,,false,false,,false
00000009443,,,,,,false,false,,false
00000009444,,,,,,false,false,,false
00000009445,,,,,,false,false,,false
00000009446,,,,,,false,false,,false
00000009447,,,,,,false,false,,false
00000009448,,,,,,false,false,,false
00000009449,,,,,,false,false,,false
00000009450,,,,,,false,false,,false
00000009451,,,,,,false,false,,false
00000009452,,,,,,false,false,,false
00000009453,,,,,,false,false,,false
00000009454,,,,,,false,false,,false
00000009455,,,,,,false,false,,false
00000009456,,,,,,false,false,,false
00000009457,,,,,,false,false,,false
00000009458,,,,,,false,false,,false
00000009459,,,,,,false,false,,false
00000009460,,,,,,false,false,,false
00000009461,,,,,,false,false,,false
00000009462,,,,,,false,false,,false
00000009463,,,,,,false,false,,false
00000009464,,,,,,false,false,,false
00000009465,,,,,,false,false,,false
00000009466,,,,,,false,false,,false
00000009467,,,,,,false,false,,false
00000009468,,,,,,false,false,,false
00000009469,,,,,,false,false,,false
00000009470,,,,,,false,false,,false
00000009471,,,,,,false,false,,false
00000009472,,,,,,false,false,,false
00000009473,,,,,,false,false,,false
00000009474,,,,,,false,false,,false
00000009475,,,,,,false,false,,false
00000009476,,,,,,false,false,,false
00000009477,,,,,,false,false,,false
00000009478,,,,,,false,false,,false
00000009479,,,,,,false,false,,false
00000009480,,,,,,false,false,,false
00000009481,,,,,,false,false,,false
00000009482,,,,,,false,false,,false
00000009483,,,,,,false,false,,false
00000009484,,,,,,false,false,,false
00000009485,,,,,,false,false,,false
00000009486,,,,,,false,false,,false
00000009487,,,,,,false,false,,false
00000009488,,,,,,false,false,,false
00000009489,,,,,,false,false,,false
00000009490,,,,,,false,false,,false
00000009491,,,,,,false,false,,false
00000009492,,,,,,false,false,,false
00000009493,,,,,,false,false,,false
00000009494,,,,,,false,false,,false
00000009495,,,,,,false,false,,false
00000009496,,,,,,false,false,,false
00000009497,,,,,,false,false,,false
00000009498,,,,,,false,false,,false
00000009499,,,,,,false,false,,false
00000009500,,,,,,false,false,,false
00000009501,,,,,,false,false,,false
00000009502,,,,,,false,false,,false
00000009503,,,,,,false,false,,false
00000009504,,,,,,false,false,,false
00000009505,,,,,,false,false,,false
00000009506,,,,,,false,false,,false
00000009507,,,,,,false,false,,false
00000009508,,,,,,false,false,,false
00000009509,,,,,,false,false,,false
00000009510,,,,,,false,false,,false
00000009511,,,,,,false,false,,false
00000009512,,,,,,false,false,,false
00000009513,,,,,,false,false,,false
00000009514,,,,,,false,false,,false
00000009515,,,,,,false,false,,false
00000009516,,,,,,false,false,,false
00000009517,,,,,,false,false,,false
00000009518,,,,,,false,false,,false
00000009519,,,,,,false,false,,false
00000009520,,,,,,false,false,,false
00000009521,,,,,,false,false,,false
00000009522,,,,,,false,false,,false
00000009523,,,,,,false,false,,false
00000009524,,,,,,false,false,,false
00000009525,,,,,,false,false,,false
00000009526,,,,,,false,false,,false
00000009527,,,,,,false,false,,false
00000009528,,,,,,false,false,,false
00000009529,,,,,,false,false,,false
00000009530,,,,,,false,false,,false
00000009531,,,,,,false,false,,false
00000009532,,,,,,false,false,,false
00000009533,,,,,,false,false,,false
00000009534,,,,,,false,false,,false
00000009535,,,,,,false,false,,false
00000009536,,,,,,false,false,,false
00000009537,,,,,,false,false,,false
00000009538,,,,,,false,false,,false
00000009539,,,,,,false,false,,false
00000009540,,,,,,false,false,,false
00000009541,,,,,,false,false,,false
00000009542,,,,,,false,false,,false
00000009543,,,,,,false,false,,false
00000009544,,,,,,false,false,,false
00000009545,,,,,,false,false,,false
00000009546,,,,,,false,false,,false
00000009547,,,,,,false,false,,false
00000009548,,,,,,false,false,,false
00000009549,,,,,,false,false,,false
00000009550,,,,,,false,false,,false
00000009551,,,,,,false,false,,false
00000009552,,,,,,false,false,,false
00000009553,,,,,,false,false,,false
00000009554,,,,,,false,false,,false
00000009555,,,,,,false,false,,false
00000009556,,,,,,false,false,,false
00000009557,,,,,,false,false,,false
00000009558,,,,,,false,false,,false
00000009559,,,,,,false,false,,false
00000009560,,,,,,false,false,,false
00000009561,,,,,,false,false,,false
00000009562,,,,,,false,false,,false
00000009563,,,,,,false,false,,false
00000009564,,,,,,false,false,,false
00000009565,,,,,,false,false,,false
00000009566,,,,,,false,false,,false
00000009567,,,,,,false,false,,false
00000009568,,,,,,false,false,,false
00000009569,,,,,,false,false,,false
00000009570,,,,,,false,false,,false
00000009571,,,,,,false,false,,false
00000009572,,,,,,false,false,,false
00000009573,,,,,,false,false,,false
00000009574,,,,,,false,false,,false
00000009575,,,,,,false,false,,false
00000009576,,,,,,false,false,,false
00000009577,,,,,,false,false,,false
00000009578,,,,,,false,false,,false
00000009579,,,,,,false,false,,false
00000009580,,,,,,false,false,,false
00000009581,,,,,,false,false,,false
00000009582,,,,,,false,false,,false
00000009583,,,,,,false,false,,false
00000009584,,,,,,false,false,,false
00000009585,,,,,,false,false,,false
00000009586,,,,,,false,false,,false
00000009587,,,,,,false,false,,false
00000009588,,,,,,false,false,,false
00000009589,,,,,,false,false,,false
00000009590,,,,,,false,false,,false
00000009591,,,,,,false,false,,false
00000009592,,,,,,false,false,,false
00000009593,,,,,,false,false,,false
00000009594,,,,,,false,false,,false
00000009595,,,,,,false,false,,false
00000009596,,,,,,false,false,,false
00000009597,,,,,,false,false,,false
00000009598,,,,,,false,false,,false
00000009599,,,,,,false,false,,false
00000009600,,,,,,false,false,,false
00000009601,,,,,,false,false,,false
00000009602,,,,,,false,false,,false
00000009603,,,,,,false,false,,false
00000009604,,,,,,false,false,,false
00000009605,,,,,,false,false,,false
00000009606,,,,,,false,false,,false
00000009607,,,,,,false,false,,false
00000009608,,,,,,false,false,,false
00000009609,,,,,,false,false,,false
00000009610,,,,,,false,false,,false
00000009611,,,,,,false,false,,false
00000009612,,,,,,false,false,,false
00000009613,,,,,,false,false,,false
00000009614,,,,,,false,false,,false
00000009615,,,,,,false,false,,false
00000009616,,,,,,false,false,,false
00000009617,,,,,,false,false,,false
00000009618,,,,,,false,false,,false
00000009619,,,,,,false,false,,false
00000009620,,,,,,false,false,,false
00000009621,,,,,,false,false,,false
00000009622,,,,,,false,false,,false
00000009623,,,,,,false,false,,false
00000009624,,,,,,false,false,,false
00000009625,,,,,,false,false,,false
00000009626,,,,,,false,false,,false
00000009627,,,,,,false,false,,false
00000009628,,,,,,false,false,,false
00000009629,,,,,,false,false,,false
00000009630,,,,,,false,false,,false
00000009631,,,,,,false,false,,false
00000009632,,,,,,false,false,,false
00000009633,,,,,,false,false,,false
00000009634,,,,,,false,false,,false
00000009635,,,,,,false,false,,false
00000009636,,,,,,false,false,,false
00000009637,,,,,,false,false,,false
00000009638,,,,,,false,false,,false
00000009639,,,,,,false,false,,false
00000009640,,,,,,false,false,,false
00000009641,,,,,,false,false,,false
00000009642,,,,,,false,false,,false
00000009643,,,,,,false,false,,false
00000009644,,,,,,false,false,,false
00000009645,,,,,,false,false,,false
00000009646,,,,,,false,false,,false
00000009647,,,,,,false,false,,false
00000009648,,,,,,false,false,,false
00000009649,,,,,,false,false,,false
00000009650,,,,,,false,false,,false
00000009651,,,,,,false,false,,false
00000009652,,,,,,false,false,,false
00000009653,,,,,,false,false,,false
00000009654,,,,,,false,false,,false
00000009655,,,,,,false,false,,false
00000009656,,,,,,false,false,,false
00000009657,,,,,,false,false,,false
00000009658,,,,,,false,false,,false
00000009659,,,,,,false,false,,false
00000009660,,,,,,false,false,,false
00000009661,,,,,,false,false,,false
00000009662,,,,,,false,false,,false
00000009663,,,,,,false,false,,false
00000009664,,,,,,false,false,,false
00000009665,,,,,,false,false,,false
00000009666,,,,,,false,false,,false
00000009667,,,,,,false,false,,false
00000009668,,,,,,false,false,,false
00000009669,,,,,,false,false,,false
00000009670,,,,,,false,false,,false
00000009671,,,,,,false,false,,false
00000009672,,,,,,false,false,,false
00000009673,,,,,,false,false,,false
00000009674,,,,,,false,false,,false
00000009675,,,,,,false,false,,false
00000009676,,,,,,false,false,,false
00000009677,,,,,,false,false,,false
00000009678,,,,,,false,false,,false
00000009679,,,,,,false,false,,false
00000009680,,,,,,false,false,,false
00000009681,,,,,,false,false,,false
00000009682,,,,,,false,false,,false
00000009683,,,,,,false,false,,false
00000009684,,,,,,false,false,,false
00000009685,,,,,,false,false,,false
00000009686,,,,,,false,false,,false
00000009687,,,,,,false,false,,false
00000009688,,,,,,false,false,,false
00000009689,,,,,,false,false,,false
00000009690,,,,,,false,false,,false
00000009691,,,,,,false,false,,false
00000009692,,,,,,false,false,,false
00000009693,,,,,,false,false,,false
00000009694,,,,,,false,false,,false
00000009695,,,,,,false,false,,false
00000009696,,,,,,false,false,,false
00000009697,,,,,,false,false,,false
00000009698,,,,,,false,false,,false
00000009699,,,,,,false,false,,false
00000009700,,,,,,false,false,,false
00000009701,,,,,,false,false,,false
00000009702,,,,,,false,false,,false
00000009703,,,,,,false,false,,false
00000009704,,,,,,false,false,,false
00000009705,,,,,,false,false,,false
00000009706,,,,,,false,false,,false
00000009707,,,,,,false,false,,false
00000009708,,,,,,false,false,,false
00000009709,,,,,,false,false,,false
00000009710,,,,,,false,false,,false
00000009711,,,,,,false,false,,false
00000009712,,,,,,false,false,,false
00000009713,,,,,,false,false,,false
00000009714,,,,,,false,false,,false
00000009715,,,,,,false,false,,false
00000009716,,,,,,false,false,,false
00000009717,,,,,,false,false,,false
00000009718,,,,,,false,false,,false
00000009719,,,,,,false,false,,false
00000009720,,,,,,false,false,,false
00000009721,,,,,,false,false,,false
00000009722,,,,,,false,false,,false
00000009723,,,,,,false,false,,false
00000009724,,,,,,false,false,,false
00000009725,,,,,,false,false,,false
00000009726,,,,,,false,false,,false
00000009727,,,,,,false,false,,false
00000009728,,,,,,false,false,,false
00000009729,,,,,,false,false,,false
00000009730,,,,,,false,false,,false
00000009731,,,,,,false,false,,false
00000009732,,,,,,false,false,,false
00000009733,,,,,,false,false,,false
00000009734,,,,,,false,false,,false
00000009735,,,,,,false,false,,false
00000009736,,,,,,false,false,,false
00000009737,,,,,,false,false,,false
00000009738,,,,,,false,false,,false
00000009739,,,,,,false,false,,false
00000009740,,,,,,false,false,,false
00000009741,,,,,,false,false,,false
00000009742,,,,,,false,false,,false
00000009743,,,,,,false,false,,false
00000009744,,,,,,false,false,,false
00000009745,,,,,,false,false,,false
00000009746,,,,,,false,false,,false
00000009747,,,,,,false,false,,false
00000009748,,,,,,false,false,,false
00000009749,,,,,,false,false,,false
00000009750,,,,,,false,false,,false
00000009751,,,,,,false,false,,false
00000009752,,,,,,false,false,,false
00000009753,,,,,,false,false,,false
00000009754,,,,,,false,false,,false
00000009755,,,,,,false,false,,false
00000009756,,,,,,false,false,,false
00000009757,,,,,,false,false,,false
00000009758,,,,,,false,false,,false
00000009759,,,,,,false,false,,false
00000009760,,,,,,false,false,,false
00000009761,,,,,,false,false,,false
00000009762,,,,,,false,false,,false
00000009763,,,,,,false,false,,false
00000009764,,,,,,false,false,,false
00000009765,,,,,,false,false,,false
00000009766,,,,,,false,false,,false
00000009767,,,,,,false,false,,false
00000009768,,,,,,false,false,,false
00000009769,,,,,,false,false,,false
00000009770,,,,,,false,false,,false
00000009771,,,,,,false,false,,false
00000009772,,,,,,false,false,,false
00000009773,,,,,,false,false,,false
00000009774,,,,,,false,false,,false
00000009775,,,,,,false,false,,false
00000009776,,,,,,false,false,,false
00000009777,,,,,,false,false,,false
00000009778,,,,,,false,false,,false
00000009779,,,,,,false,false,,false
00000009780,,,,,,false,false,,false
00000009781,,,,,,false,false,,false
00000009782,,,,,,false,false,,false
00000009783,,,,,,false,false,,false
00000009784,,,,,,false,false,,false
00000009785,,,,,,false,false,,false
00000009786,,,,,,false,false,,false
00000009787,,,,,,false,false,,false
00000009788,,,,,,false,false,,false
00000009789,,,,,,false,false,,false
00000009790,,,,,,false,false,,false
00000009791,,,,,,false,false,,false
00000009792,,,,,,false,false,,false
00000009793,,,,,,false,false,,false
00000009794,,,,,,false,false,,false
00000009795,,,,,,false,false,,false
00000009796,,,,,,false,false,,false
00000009797,,,,,,false,false,,false
00000009798,,,,,,false,false,,false
00000009799,,,,,,false,false,,false
00000009800,,,,,,false,false,,false
00000009801,,,,,,false,false,,false
00000009802,,,,,,false,false,,false
00000009803,,,,,,false,false,,false
00000009804,,,,,,false,false,,false
00000009805,,,,,,false,false,,false
00000009806,,,,,,false,false,,false
00000009807,,,,,,false,false,,false
00000009808,,,,,,false,false,,false
00000009809,,,,,,false,false,,false
00000009810,,,,,,false,false,,false
00000009811,,,,,,false,false,,false
00000009812,,,,,,false,false,,false
00000009813,,,,,,false,false,,false
00000009814,,,,,,false,false,,false
00000009815,,,,,,false,false,,false
00000009816,,,,,,false,false,,false
00000009817,,,,,,false,false,,false
00000009818,,,,,,false,false,,false
00000009819,,,,,,false,false,,false
00000009820,,,,,,false,false,,false
00000009821,,,,,,false,false,,false
00000009822,,,,,,false,false,,false
00000009823,,,,,,false,false,,false
00000009824,,,,,,false,false,,false
00000009825,,,,,,false,false,,false
00000009826,,,,,,false,false,,false
00000009827,,,,,,false,false,,false
00000009828,,,,,,false,false,,false
00000009829,,,,,,false,false,,false
00000009830,,,,,,false,false,,false
00000009831,,,,,,false,false,,false
00000009832,,,,,,false,false,,false
00000009833,,,,,,false,false,,false
00000009834,,,,,,false,false,,false
00000009835,,,,,,false,false,,false
00000009836,,,,,,false,false,,false
00000009837,,,,,,false,false,,false
00000009838,,,,,,false,false,,false
00000009839,,,,,,false,false,,false
00000009840,,,,,,false,false,,false
00000009841,,,,,,false,false,,false
00000009842,,,,,,false,false,,false
00000009843,,,,,,false,false,,false
00000009844,,,,,,false,false,,false
00000009845,,,,,,false,false,,false
00000009846,,,,,,false,false,,false
00000009847,,,,,,false,false,,false
00000009848,,,,,,false,false,,false
00000009849,,,,,,false,false,,false
00000009850,,,,,,false,false,,false
00000009851,,,,,,false,false,,false
00000009852,,,,,,false,false,,false
00000009853,,,,,,false,false,,false
00000009854,,,,,,false,false,,false
00000009855,,,,,,false,false,,false
00000009856,,,,,,false,false,,false
00000009857,,,,,,false,false,,false
00000009858,,,,,,false,false,,false
00000009859,,,,,,false,false,,false
00000009860,,,,,,false,false,,false
00000009861,,,,,,false,false,,false
00000009862,,,,,,false,false,,false
00000009863,,,,,,false,false,,false
00000009864,,,,,,false,false,,false
00000009865,,,,,,false,false,,false
00000009866,,,,,,false,false,,false
00000009867,,,,,,false,false,,false
00000009868,,,,,,false,false,,false
00000009869,,,,,,false,false,,false
00000009870,,,,,,false,false,,false
00000009871,,,,,,false,false,,false
00000009872,,,,,,false,false,,false
00000009873,,,,,,false,false,,false
00000009874,,,,,,false,false,,false
00000009875,,,,,,false,false,,false
00000009876,,,,,,false,false,,false
00000009877,,,,,,false,false,,false
00000009878,,,,,,false,false,,false
00000009879,,,,,,false,false,,false
00000009880,,,,,,false,false,,false
00000009881,,,,,,false,false,,false
00000009882,,,,,,false,false,,false
00000009883,,,,,,false,false,,false
00000009884,,,,,,false,false,,false
00000009885,,,,,,false,false,,false
00000009886,,,,,,false,false,,false
00000009887,,,,,,false,false,,false
00000009888,,,,,,false,false,,false
00000009889,,,,,,false,false,,false
00000009890,,,,,,false,false,,false
00000009891,,,,,,false,false,,false
00000009892,,,,,,false,false,,false
00000009893,,,,,,false,false,,false
00000009894,,,,,,false,false,,false
00000009895,,,,,,false,false,,false
00000009896,,,,,,false,false,,false
00000009897,,,,,,false,false,,false
00000009898,,,,,,false,false,,false
00000009899,,,,,,false,false,,false
00000009900,,,,,,false,false,,false
00000009901,,,,,,false,false,,false
00000009902,,,,,,false,false,,false
00000009903,,,,,,false,false,,false
00000009904,,,,,,false,false,,false
00000009905,,,,,,false,false,,false
00000009906,,,,,,false,false,,false
00000009907,,,,,,false,false,,false
00000009908,,,,,,false,false,,false
00000009909,,,,,,false,false,,false
00000009910,,,,,,false,false,,false
00000009911,,,,,,false,false,,false
00000009912,,,,,,false,false,,false
00000009913,,,,,,false,false,,false
00000009914,,,,,,false,false,,false
00000009915,,,,,,false,false,,false
00000009916,,,,,,false,false,,false
00000009917,,,,,,false,false,,false
00000009918,,,,,,false,false,,false
00000009919,,,,,,false,false,,false
00000009920,,,,,,false,false,,false
00000009921,,,,,,false,false,,false
00000009922,,,,,,false,false,,false
00000009923,,,,,,false,false,,false
00000009924,,,,,,false,false,,false
00000009925,,,,,,false,false,,false
00000009926,,,,,,false,false,,false
00000009927,,,,,,false,false,,false
00000009928,,,,,,false,false,,false
00000009929,,,,,,false,false,,false
00000009930,,,,,,false,false,,false
00000009931,,,,,,false,false,,false
00000009932,,,,,,false,false,,false
00000009933,,,,,,false,false,,false
00000009934,,,,,,false,false,,false
00000009935,,,,,,false,false,,false
00000009936,,,,,,false,false,,false
00000009937,,,,,,false,false,,false
00000009938,,,,,,false,false,,false
00000009939,,,,,,false,false,,false
00000009940,,,,,,false,false,,false
00000009941,,,,,,false,false,,false
00000009942,,,,,,false,false,,false
00000009943,,,,,,false,false,,false
00000009944,,,,,,false,false,,false
00000009945,,,,,,false,false,,false
00000009946,,,,,,false,false,,false
00000009947,,,,,,false,false,,false
00000009948,,,,,,false,false,,false
00000009949,,,,,,false,false,,false
00000009950,,,,,,false,false,,false
00000009951,,,,,,false,false,,false
00000009952,,,,,,false,false,,false
00000009953,,,,,,false,false,,false
00000009954,,,,,,false,false,,false
00000009955,,,,,,false,false,,false
00000009956,,,,,,false,false,,false
00000009957,,,,,,false,false,,false
00000009958,,,,,,false,false,,false
00000009959,,,,,,false,false,,false
00000009960,,,,,,false,false,,false
00000009961,,,,,,false,false,,false
00000009962,,,,,,false,false,,false
00000009963,,,,,,false,false,,false
00000009964,,,,,,false,false,,false
00000009965,,,,,,false,false,,false
00000009966,,,,,,false,false,,false
00000009967,,,,,,false,false,,false
00000009968,,,,,,false,false,,false
00000009969,,,,,,false,false,,false
00000009970,,,,,,false,false,,false
00000009971,,,,,,false,false,,false
00000009972,,,,,,false,false,,false
00000009973,,,,,,false,false,,false
00000009974,,,,,,false,false,,false
00000009975,,,,,,false,false,,false
00000009976,,,,,,false,false,,false
00000009977,,,,,,false,false,,false
00000009978,,,,,,false,false,,false
00000009979,,,,,,false,false,,false
00000009980,,,,,,false,false,,false
00000009981,,,,,,false,false,,false
00000009982,,,,,,false,false,,false
00000009983,,,,,,false,false,,false
00000009984,,,,,,false,false,,false
00000009985,,,,,,false,false,,false
00000009986,,,,,,false,false,,false
00000009987,,,,,,false,false,,false
00000009988,,,,,,false,false,,false
00000009989,,,,,,false,false,,false
00000009990,,,,,,false,false,,false
00000009991,,,,,,false,false,,false
00000009992,,,,,,false,false,,false
00000009993,,,,,,false,false,,false
00000009994,,,,,,false,false,,false
00000009995,,,,,,false,false,,false
00000009996,,,,,,false,false,,false
00000009997,,,,,,false,false,,false
00000009998,,,,,,false,false,,false
00000009999,,,,,,false,false,,false
00000010000,,,,,,false,false,,false
