id,confidence,band,topic,wd,imp,nov,pr,dp,chars,flags
00000002378,0.15,low,general / other,0,1,1,2,3,351,meta|bare_latex|vague_x3|no_quant
00000000108,0.35,low,number theory,2,2,1,2,2,232,meta|no_def|short
00000001474,0.35,low,general / other,1,1,1,2,4,386,meta|vague_x3|no_quant
00000001709,0.35,low,general / other,1,1,1,2,4,493,meta|vague_x3|no_quant
00000002186,0.35,low,combinatorics / discrete,2,2,1,2,3,415,meta|no_def|vague_x3
00000000859,0.4,low,general / other,1,1,1,2,3,346,meta|no_def|no_quant
00000001002,0.4,low,general / other,1,1,1,2,4,315,meta|no_def|no_quant
00000001389,0.4,low,general / other,1,2,1,2,4,333,meta|no_def|no_quant
00000001907,0.4,low,general / other,3,3,1,3,4,304,meta|no_def
00000002214,0.4,low,general / other,2,2,1,2,2,362,meta|no_def
00000000954,0.45,low,analysis / PDE / dynamics,1,2,1,2,3,609,meta|vague_x3|no_quant
00000002279,0.45,low,algebra / representation theory,1,2,1,2,4,415,meta|vague_x3|no_quant
00000004806,0.45,low,number theory,1,2,1,2,3,654,meta|vague_x3|no_quant
00000004911,0.45,low,analysis / PDE / dynamics,1,3,1,3,5,483,meta|vague_x3|no_quant
00000005037,0.45,low,combinatorics / discrete,1,2,1,2,5,427,meta|vague_x3|no_quant
00000005069,0.45,low,analysis / PDE / dynamics,1,2,1,2,5,441,meta|vague_x3|no_quant
00000007797,0.45,low,probability,3,3,1,3,5,701,meta|vague_x3
00000008024,0.45,low,algebraic geometry,1,2,1,2,3,1028,meta|vague_x3|no_quant
00000008182,0.45,low,number theory,1,3,1,3,4,733,meta|vague_x3|no_quant
00000008185,0.45,low,algebra / representation theory,1,2,1,2,3,1067,meta|vague_x3|no_quant
00000008193,0.45,low,combinatorics / discrete,3,3,1,3,5,980,meta|vague_x3
00000008237,0.45,low,number theory,3,3,1,2,4,919,meta|vague_x3
00000009568,0.45,low,number theory,3,4,1,4,5,677,meta|vague_x3
00000009590,0.45,low,topology / geometry,3,2,1,2,2,676,meta|vague_x3
00000009597,0.45,low,algebra / representation theory,1,3,1,3,5,636,meta|vague_x3|no_quant
00000009862,0.45,low,algebra / representation theory,2,3,1,2,4,529,meta|vague_x3
00000009880,0.45,low,probability,1,2,1,2,4,555,meta|vague_x3|no_quant
00000000028,0.5,medium,general / other,1,1,3,2,4,141,no_def|short|no_quant
00000000031,0.5,medium,general / other,1,1,3,2,5,186,no_def|short|no_quant
00000000040,0.5,medium,general / other,3,2,3,3,4,184,no_def|short
00000000043,0.5,medium,general / other,3,2,3,3,4,236,no_def|short
00000000073,0.5,medium,general / other,1,1,3,2,3,223,no_def|short|no_quant
00000000099,0.5,medium,number theory,3,3,1,3,3,348,meta|no_def
00000000100,0.5,medium,algebraic geometry,3,3,1,1,1,328,meta|no_def
00000000113,0.5,medium,number theory,2,3,1,2,2,265,meta|no_def
00000000178,0.5,medium,general / other,3,1,3,2,2,207,no_def|short
00000000183,0.5,medium,general / other,2,2,1,2,3,403,meta|no_quant
00000000190,0.5,medium,general / other,3,2,3,2,2,207,no_def|short
00000000253,0.5,medium,general / other,2,2,1,2,4,383,meta|no_quant
00000000271,0.5,medium,general / other,4,2,1,1,1,349,meta
00000000387,0.5,medium,general / other,4,2,1,2,3,306,meta
00000000393,0.5,medium,general / other,4,2,1,2,3,387,meta
00000000403,0.5,medium,general / other,1,1,3,2,4,230,no_def|short|no_quant
00000000615,0.5,medium,topology / geometry,1,4,1,4,3,290,meta|no_def|no_quant
00000000747,0.5,medium,general / other,3,2,3,2,2,211,no_def|short
00000000807,0.5,medium,general / other,2,2,1,2,2,344,meta|no_quant
00000000912,0.5,medium,general / other,3,2,3,2,4,233,no_def|short
00000000939,0.5,medium,general / other,3,1,3,2,4,246,no_def|short
00000000975,0.5,medium,number theory,3,3,1,2,2,330,meta|no_def
00000001064,0.5,medium,general / other,1,1,3,2,3,214,no_def|short|no_quant
00000001086,0.5,medium,general / other,1,1,3,2,3,205,no_def|short|no_quant
00000001185,0.5,medium,general / other,1,1,3,2,3,200,no_def|short|no_quant
00000001188,0.5,medium,general / other,1,1,3,2,3,235,no_def|short|no_quant
00000001207,0.5,medium,general / other,3,1,3,2,4,236,no_def|short
00000001214,0.5,medium,general / other,3,2,3,2,3,215,no_def|short
00000001235,0.5,medium,general / other,1,1,3,2,4,224,no_def|short|no_quant
00000001241,0.5,medium,general / other,1,1,3,2,4,247,no_def|short|no_quant
00000001252,0.5,medium,general / other,1,1,3,2,4,220,no_def|short|no_quant
00000001254,0.5,medium,general / other,1,1,3,2,3,209,no_def|short|no_quant
00000001261,0.5,medium,general / other,1,1,3,2,4,223,no_def|short|no_quant
00000001282,0.5,medium,general / other,1,1,3,2,3,200,no_def|short|no_quant
00000001290,0.5,medium,general / other,1,1,3,2,4,234,no_def|short|no_quant
00000001291,0.5,medium,general / other,1,1,3,2,3,215,no_def|short|no_quant
00000001294,0.5,medium,general / other,1,1,3,2,4,227,no_def|short|no_quant
00000001336,0.5,medium,general / other,2,2,1,2,2,477,meta|no_quant
00000001430,0.5,medium,general / other,2,2,1,2,4,473,meta|no_quant
00000001447,0.5,medium,general / other,2,2,1,2,3,547,meta|no_quant
00000001461,0.5,medium,analysis / PDE / dynamics,0,3,1,3,3,296,meta|no_def|no_quant
00000001521,0.5,medium,general / other,1,1,3,2,4,220,no_def|short|no_quant
00000001558,0.5,medium,general / other,4,3,1,3,4,454,meta
00000001570,0.5,medium,general / other,2,2,1,2,4,346,meta|no_quant
00000001764,0.5,medium,general / other,2,2,1,2,4,458,meta|no_quant
00000001880,0.5,medium,general / other,3,4,2,5,4,232,no_def|short|grand
00000001913,0.5,medium,general / other,1,1,3,2,4,303,no_def|vague_x3|no_quant
00000001927,0.5,medium,general / other,1,1,3,2,4,219,no_def|short|no_quant
00000001938,0.5,medium,topology / geometry,3,2,3,2,3,455,bare_latex|vague_x3
00000001943,0.5,medium,number theory,1,2,3,2,2,469,bare_latex|vague_x3|no_quant
00000001964,0.5,medium,general / other,1,1,3,2,3,247,no_def|short|no_quant
00000002179,0.5,medium,general / other,1,1,3,2,4,246,no_def|short|no_quant
00000002180,0.5,medium,general / other,1,1,2,2,4,248,no_def|short|no_quant
00000002202,0.5,medium,general / other,2,2,1,2,3,337,meta|no_quant
00000002227,0.5,medium,number theory,2,3,1,2,2,379,meta|no_def
00000002272,0.5,medium,probability,1,2,1,2,3,354,meta|no_def|no_quant
00000002274,0.5,medium,general / other,1,1,3,2,3,261,no_def|vague_x3|no_quant
00000002300,0.5,medium,general / other,1,1,3,2,3,194,no_def|short|no_quant
00000004199,0.5,medium,general / other,2,2,1,2,3,496,meta|no_quant
00000004427,0.5,medium,general / other,2,2,1,2,5,471,meta|no_quant
00000008022,0.5,medium,general / other,2,2,1,2,3,1028,meta|no_quant
00000008867,0.5,medium,general / other,4,2,1,2,4,698,meta
00000009533,0.5,medium,general / other,4,3,1,3,3,760,meta
00000009911,0.5,medium,general / other,2,2,1,2,5,682,meta|no_quant
00000002140,0.55,medium,analysis / PDE / dynamics,1,2,3,2,4,313,bare_latex|no_def|no_quant
00000002189,0.55,medium,general / other,2,2,3,2,3,364,bare_latex|no_quant
00000002404,0.55,medium,analysis / PDE / dynamics,1,3,3,3,3,345,bare_latex|no_def|no_quant
00000002415,0.55,medium,number theory,2,3,3,2,2,348,bare_latex|no_def
00000000004,0.6,medium,number theory,3,2,3,2,2,187,no_def|short
00000000005,0.6,medium,number theory,3,2,3,2,2,190,no_def|short
00000000009,0.6,medium,number theory,1,1,3,2,3,208,no_def|short|no_quant
00000000013,0.6,medium,number theory,3,2,3,2,2,234,no_def|short
00000000014,0.6,medium,number theory,3,2,3,2,2,213,no_def|short
00000000015,0.6,medium,number theory,1,1,3,2,4,194,no_def|short|no_quant
00000000019,0.6,medium,number theory,3,2,3,2,2,203,no_def|short
00000000026,0.6,medium,number theory,3,2,3,2,2,160,no_def|short
00000000027,0.6,medium,number theory,1,1,3,2,5,226,no_def|short|no_quant
00000000033,0.6,medium,number theory,3,2,3,2,2,200,no_def|short
00000000034,0.6,medium,number theory,3,2,3,2,2,214,no_def|short
00000000035,0.6,medium,number theory,3,2,3,2,3,243,no_def|short
00000000037,0.6,medium,number theory,3,2,3,2,4,165,no_def|short
00000000039,0.6,medium,number theory,2,2,3,2,2,171,no_def|short
00000000045,0.6,medium,number theory,2,3,3,3,5,241,no_def|short
00000000046,0.6,medium,combinatorics / discrete,1,1,3,2,4,178,no_def|short|no_quant
00000000047,0.6,medium,number theory,2,2,3,2,3,239,no_def|short
00000000049,0.6,medium,number theory,3,2,3,2,3,220,no_def|short
00000000050,0.6,medium,number theory,3,2,3,2,2,195,no_def|short
00000000051,0.6,medium,number theory,3,2,3,2,3,224,no_def|short
00000000054,0.6,medium,combinatorics / discrete,1,1,3,2,3,211,no_def|short|no_quant
00000000057,0.6,medium,number theory,3,2,3,2,2,226,no_def|short
00000000058,0.6,medium,number theory,3,2,3,2,2,185,no_def|short
00000000062,0.6,medium,number theory,1,1,3,2,2,162,no_def|short|no_quant
00000000063,0.6,medium,number theory,1,1,3,2,3,219,no_def|short|no_quant
00000000064,0.6,medium,number theory,1,2,3,3,2,144,no_def|short|no_quant
00000000067,0.6,medium,analysis / PDE / dynamics,3,3,3,3,2,224,no_def|short
00000000068,0.6,medium,analysis / PDE / dynamics,1,1,3,2,4,240,no_def|short|no_quant
00000000078,0.6,medium,number theory,1,1,3,2,3,245,no_def|short|no_quant
00000000080,0.6,medium,combinatorics / discrete,1,2,3,3,2,247,no_def|short|no_quant
00000000081,0.6,medium,number theory,1,1,3,1,2,205,no_def|short|no_quant
00000000087,0.6,medium,number theory,3,2,3,2,3,226,no_def|short
00000000091,0.6,medium,number theory,3,2,3,2,2,219,no_def|short
00000000095,0.6,medium,number theory,3,2,3,2,4,196,no_def|short
00000000101,0.6,medium,number theory,3,2,3,2,2,206,no_def|short
00000000102,0.6,medium,number theory,1,1,3,2,4,159,no_def|short|no_quant
00000000103,0.6,medium,number theory,3,2,3,2,4,241,no_def|short
00000000105,0.6,medium,number theory,3,3,3,2,4,238,no_def|short
00000000107,0.6,medium,number theory,3,2,3,2,4,225,no_def|short
00000000110,0.6,medium,number theory,3,2,3,2,2,239,no_def|short
00000000115,0.6,medium,number theory,3,2,3,2,2,249,no_def|short
00000000116,0.6,medium,number theory,3,2,3,2,3,222,no_def|short
00000000117,0.6,medium,number theory,3,2,3,2,2,245,no_def|short
00000000118,0.6,medium,number theory,3,2,3,2,3,235,no_def|short
00000000119,0.6,medium,number theory,3,2,3,2,3,223,no_def|short
00000000120,0.6,medium,number theory,3,2,3,2,3,236,no_def|short
00000000121,0.6,medium,number theory,3,2,3,2,3,192,no_def|short
00000000128,0.6,medium,number theory,3,2,3,2,3,172,no_def|short
00000000130,0.6,medium,number theory,3,2,3,2,2,199,no_def|short
00000000131,0.6,medium,number theory,1,1,3,2,3,230,no_def|short|no_quant
00000000132,0.6,medium,number theory,3,2,3,2,2,236,no_def|short
00000000144,0.6,medium,number theory,1,1,3,2,3,205,no_def|short|no_quant
00000000147,0.6,medium,number theory,3,2,3,2,3,240,no_def|short
00000000150,0.6,medium,number theory,1,1,3,2,3,161,no_def|short|no_quant
00000000151,0.6,medium,combinatorics / discrete,1,1,3,2,3,244,no_def|short|no_quant
00000000154,0.6,medium,number theory,3,2,3,2,3,232,no_def|short
00000000156,0.6,medium,probability,1,1,3,2,4,225,no_def|short|no_quant
00000000158,0.6,medium,number theory,3,3,3,3,3,248,no_def|short
00000000166,0.6,medium,number theory,1,2,3,2,2,521,no_def|vague_x3|no_quant
00000000167,0.6,medium,analysis / PDE / dynamics,2,2,1,2,3,560,meta|no_quant
00000000201,0.6,medium,number theory,3,2,1,1,1,696,meta
00000000202,0.6,medium,number theory,1,2,3,2,2,214,no_def|short|no_quant
00000000209,0.6,medium,number theory,2,2,1,2,3,434,meta|no_quant
00000000240,0.6,medium,analysis / PDE / dynamics,4,3,1,2,2,411,meta
00000000241,0.6,medium,algebra / representation theory,4,3,1,1,1,438,meta
00000000246,0.6,medium,combinatorics / discrete,3,2,3,2,2,199,no_def|short
00000000247,0.6,medium,combinatorics / discrete,4,3,1,3,4,460,meta
00000000256,0.6,medium,number theory,4,5,1,5,3,420,meta|grand
00000000267,0.6,medium,algebra / representation theory,1,1,3,2,3,227,no_def|short|no_quant
00000000276,0.6,medium,number theory,2,2,1,2,3,617,meta|no_quant
00000000277,0.6,medium,number theory,4,4,1,3,2,518,meta
00000000296,0.6,medium,logic / complexity,3,3,1,2,2,605,meta
00000000325,0.6,medium,general / other,2,1,3,2,2,233,short|no_quant
00000000341,0.6,medium,probability,1,1,3,1,2,249,no_def|short|no_quant
00000000344,0.6,medium,general / other,4,2,3,2,4,430,vague_x3
00000000346,0.6,medium,general / other,4,2,3,3,4,234,short
00000000352,0.6,medium,general / other,4,2,3,1,1,359,vague_x3
00000000364,0.6,medium,general / other,2,2,3,2,5,405,vague_x3|no_quant
00000000389,0.6,medium,analysis / PDE / dynamics,2,2,1,2,4,261,meta|no_quant
00000000392,0.6,medium,number theory,1,2,2,2,3,232,no_def|short|no_quant
00000000471,0.6,medium,combinatorics / discrete,3,3,1,1,1,534,meta
00000000478,0.6,medium,number theory,2,3,1,2,4,308,meta|no_quant
00000000509,0.6,medium,number theory,2,3,1,2,4,289,meta|no_quant
00000000537,0.6,medium,combinatorics / discrete,2,3,1,2,2,418,meta|no_quant
00000000565,0.6,medium,algebra / representation theory,2,4,1,3,4,397,meta|no_quant
00000000607,0.6,medium,number theory,3,3,3,3,3,234,no_def|short
00000000609,0.6,medium,topology / geometry,1,3,1,3,4,474,meta|no_quant
00000000622,0.6,medium,topology / geometry,3,3,3,3,3,220,no_def|short
00000000641,0.6,medium,probability,1,1,3,2,3,246,no_def|short|no_quant
00000000688,0.6,medium,topology / geometry,1,2,3,3,5,247,no_def|short|no_quant
00000000693,0.6,medium,topology / geometry,2,2,1,2,2,560,meta|no_quant
00000000704,0.6,medium,number theory,3,3,3,4,3,236,no_def|short
00000000714,0.6,medium,number theory,1,3,3,4,2,216,no_def|short|no_quant
00000000716,0.6,medium,number theory,1,3,3,4,3,230,no_def|short|no_quant
00000000720,0.6,medium,number theory,1,3,3,4,4,217,no_def|short|no_quant
00000000724,0.6,medium,number theory,1,3,3,3,2,222,no_def|short|no_quant
00000000754,0.6,medium,number theory,1,3,3,4,3,249,no_def|short|no_quant
00000000767,0.6,medium,algebraic geometry,1,1,3,2,4,236,no_def|short|no_quant
00000000794,0.6,medium,number theory,1,1,3,2,3,231,no_def|short|no_quant
00000000811,0.6,medium,analysis / PDE / dynamics,4,3,1,3,3,528,meta
00000000813,0.6,medium,topology / geometry,2,4,1,3,1,385,meta|no_quant
00000000829,0.6,medium,number theory,3,3,1,2,3,413,meta
00000000861,0.6,medium,topology / geometry,2,3,1,3,2,344,meta|no_quant
00000000869,0.6,medium,analysis / PDE / dynamics,1,1,3,2,4,215,no_def|short|no_quant
00000000887,0.6,medium,general / other,2,2,3,2,4,432,vague_x3|no_quant
00000000893,0.6,medium,number theory,1,2,3,2,4,331,no_def|vague_x3|no_quant
00000000902,0.6,medium,topology / geometry,3,3,1,2,3,570,meta
00000000936,0.6,medium,analysis / PDE / dynamics,1,1,3,2,3,232,no_def|short|no_quant
00000000951,0.6,medium,analysis / PDE / dynamics,3,3,3,2,1,231,no_def|short
00000000960,0.6,medium,analysis / PDE / dynamics,3,2,3,2,3,243,no_def|short
00000000972,0.6,medium,number theory,2,3,3,2,3,242,no_def|short
00000000989,0.6,medium,combinatorics / discrete,2,2,3,2,3,241,no_def|short
00000001032,0.6,medium,number theory,3,2,3,2,3,249,no_def|short
00000001038,0.6,medium,combinatorics / discrete,2,2,3,2,2,225,no_def|short
00000001042,0.6,medium,probability,1,1,3,2,3,242,no_def|short|no_quant
00000001060,0.6,medium,number theory,1,3,3,3,2,268,no_def|vague_x3|no_quant
00000001083,0.6,medium,combinatorics / discrete,1,1,3,2,3,210,no_def|short|no_quant
00000001095,0.6,medium,combinatorics / discrete,1,1,3,2,4,235,no_def|short|no_quant
00000001104,0.6,medium,number theory,4,3,1,2,2,572,meta
00000001110,0.6,medium,number theory,1,1,3,2,3,241,no_def|short|no_quant
00000001142,0.6,medium,algebra / representation theory,1,1,3,2,3,205,no_def|short|no_quant
00000001144,0.6,medium,algebra / representation theory,1,3,3,4,3,195,no_def|short|no_quant
00000001151,0.6,medium,algebra / representation theory,1,1,3,2,3,221,no_def|short|no_quant
00000001156,0.6,medium,probability,0,1,3,2,3,222,no_def|short|no_quant
00000001160,0.6,medium,algebra / representation theory,1,1,3,2,4,249,no_def|short|no_quant
00000001173,0.6,medium,algebra / representation theory,1,1,3,2,3,236,no_def|short|no_quant
00000001182,0.6,medium,combinatorics / discrete,1,1,3,2,3,231,no_def|short|no_quant
00000001191,0.6,medium,probability,0,1,3,2,3,205,no_def|short|no_quant
00000001220,0.6,medium,logic / complexity,1,1,3,2,2,232,no_def|short|no_quant
00000001222,0.6,medium,combinatorics / discrete,1,1,3,1,3,200,no_def|short|no_quant
00000001224,0.6,medium,combinatorics / discrete,1,1,3,2,3,210,no_def|short|no_quant
00000001226,0.6,medium,probability,0,1,3,2,3,220,no_def|short|no_quant
00000001249,0.6,medium,analysis / PDE / dynamics,1,1,3,2,4,236,no_def|short|no_quant
00000001250,0.6,medium,analysis / PDE / dynamics,1,1,3,2,4,230,no_def|short|no_quant
00000001265,0.6,medium,analysis / PDE / dynamics,1,1,3,2,3,238,no_def|short|no_quant
00000001285,0.6,medium,number theory,1,1,3,2,3,228,no_def|short|no_quant
00000001286,0.6,medium,number theory,1,2,3,3,3,204,no_def|short|no_quant
00000001319,0.6,medium,topology / geometry,4,3,1,2,2,485,meta
00000001322,0.6,medium,algebra / representation theory,1,1,3,2,4,222,no_def|short|no_quant
00000001334,0.6,medium,general / other,4,2,3,2,2,435,vague_x3
00000001345,0.6,medium,number theory,2,4,1,3,2,302,meta|no_quant
00000001383,0.6,medium,logic / complexity,1,1,3,2,4,236,no_def|short|no_quant
00000001426,0.6,medium,combinatorics / discrete,0,1,3,2,5,247,no_def|short|no_quant
00000001442,0.6,medium,combinatorics / discrete,1,1,3,2,3,238,no_def|short|no_quant
00000001443,0.6,medium,analysis / PDE / dynamics,2,2,1,2,4,545,meta|no_quant
00000001455,0.6,medium,analysis / PDE / dynamics,2,2,1,2,4,342,meta|no_quant
00000001457,0.6,medium,analysis / PDE / dynamics,2,2,1,2,3,451,meta|no_quant
00000001471,0.6,medium,general / other,2,2,3,2,3,412,vague_x3|no_quant
00000001476,0.6,medium,analysis / PDE / dynamics,3,2,3,1,1,230,no_def|short
00000001523,0.6,medium,topology / geometry,1,1,3,2,3,247,no_def|short|no_quant
00000001531,0.6,medium,number theory,4,4,1,3,2,531,meta
00000001540,0.6,medium,topology / geometry,3,4,1,4,3,534,meta
00000001546,0.6,medium,number theory,4,2,1,2,4,449,meta
00000001547,0.6,medium,analysis / PDE / dynamics,2,2,1,2,4,298,meta|no_quant
00000001556,0.6,medium,combinatorics / discrete,1,1,3,2,3,245,no_def|short|no_quant
00000001566,0.6,medium,analysis / PDE / dynamics,2,2,1,2,2,441,meta|no_quant
00000001577,0.6,medium,algebra / representation theory,3,3,1,2,2,495,meta
00000001582,0.6,medium,number theory,3,2,1,2,3,589,meta
00000001592,0.6,medium,topology / geometry,1,1,3,1,2,189,no_def|short|no_quant
00000001593,0.6,medium,algebra / representation theory,2,4,1,4,3,601,meta|no_quant
00000001600,0.6,medium,combinatorics / discrete,1,2,2,2,4,248,no_def|short|no_quant
00000001602,0.6,medium,analysis / PDE / dynamics,2,2,1,1,1,422,meta|no_quant
00000001603,0.6,medium,analysis / PDE / dynamics,2,3,1,3,3,643,meta|no_quant
00000001623,0.6,medium,analysis / PDE / dynamics,2,3,1,3,3,587,meta|no_quant
00000001628,0.6,medium,analysis / PDE / dynamics,1,2,3,2,4,350,no_def|vague_x3|no_quant
00000001634,0.6,medium,algebra / representation theory,2,2,1,2,3,433,meta|no_quant
00000001646,0.6,medium,algebraic geometry,2,3,1,3,2,480,meta|no_quant
00000001655,0.6,medium,algebraic geometry,2,4,1,3,3,544,meta|no_quant
00000001671,0.6,medium,combinatorics / discrete,2,2,1,2,4,406,meta|no_quant
00000001682,0.6,medium,combinatorics / discrete,3,2,3,2,2,247,no_def|short
00000001686,0.6,medium,combinatorics / discrete,2,2,1,2,3,462,meta|no_quant
00000001702,0.6,medium,number theory,1,1,3,2,3,247,no_def|short|no_quant
00000001723,0.6,medium,general / other,2,2,3,2,4,539,vague_x3|no_quant
00000001728,0.6,medium,probability,1,1,3,2,3,237,no_def|short|no_quant
00000001739,0.6,medium,number theory,1,2,3,3,3,229,no_def|short|no_quant
00000001740,0.6,medium,number theory,2,4,1,4,2,316,meta|no_quant
00000001785,0.6,medium,general / other,2,2,3,2,3,440,vague_x3|no_quant
00000001786,0.6,medium,general / other,2,2,3,2,3,467,vague_x3|no_quant
00000001800,0.6,medium,number theory,1,1,3,2,3,244,no_def|short|no_quant
00000001812,0.6,medium,algebra / representation theory,2,2,1,1,2,434,meta|no_quant
00000001821,0.6,medium,number theory,2,2,1,2,3,390,meta|no_quant
00000001828,0.6,medium,general / other,2,2,3,2,2,495,vague_x3|no_quant
00000001862,0.6,medium,analysis / PDE / dynamics,1,3,3,3,4,305,no_def|vague_x3|no_quant
00000001866,0.6,medium,probability,2,3,1,3,3,509,meta|no_quant
00000001868,0.6,medium,number theory,2,4,1,4,3,421,meta|no_quant
00000001870,0.6,medium,probability,2,2,1,2,3,384,meta|no_quant
00000001910,0.6,medium,general / other,2,2,3,2,4,357,vague_x3|no_quant
00000001914,0.6,medium,general / other,1,1,3,2,3,358,vague_x3|no_quant
00000001915,0.6,medium,algebra / representation theory,3,3,3,3,4,239,no_def|short
00000001925,0.6,medium,number theory,1,2,3,3,5,239,no_def|short|no_quant
00000001935,0.6,medium,topology / geometry,4,3,1,2,3,469,meta
00000001948,0.6,medium,topology / geometry,1,2,3,3,2,245,no_def|short|no_quant
00000001950,0.6,medium,number theory,3,3,3,3,5,234,no_def|short
00000001958,0.6,medium,analysis / PDE / dynamics,1,1,3,2,3,228,no_def|short|no_quant
00000001997,0.6,medium,algebra / representation theory,3,2,3,2,3,244,no_def|short
00000001999,0.6,medium,general / other,2,2,3,2,5,518,vague_x3|no_quant
00000002004,0.6,medium,general / other,2,2,3,2,4,467,vague_x3|no_quant
00000002021,0.6,medium,number theory,3,3,1,3,4,444,meta
00000002026,0.6,medium,number theory,1,1,3,2,5,215,no_def|short|no_quant
00000002065,0.6,medium,algebraic geometry,2,2,1,2,3,440,meta|no_quant
00000002148,0.6,medium,combinatorics / discrete,2,2,1,2,4,358,meta|no_quant
00000002184,0.6,medium,combinatorics / discrete,1,2,3,2,4,211,no_def|short|no_quant
00000002207,0.6,medium,algebra / representation theory,1,1,3,2,3,228,no_def|short|no_quant
00000002216,0.6,medium,number theory,1,1,3,2,4,244,no_def|short|no_quant
00000002257,0.6,medium,analysis / PDE / dynamics,2,3,1,2,3,428,meta|no_quant
00000002262,0.6,medium,analysis / PDE / dynamics,4,4,1,3,4,327,meta
00000002267,0.6,medium,number theory,1,3,3,3,3,327,no_def|vague_x3|no_quant
00000002289,0.6,medium,probability,4,4,1,4,3,332,meta
00000002432,0.6,medium,algebraic geometry,1,3,3,3,2,265,no_def|vague_x3|no_quant
00000002518,0.6,medium,general / other,2,2,3,2,4,413,vague_x3|no_quant
00000002562,0.6,medium,general / other,4,2,3,2,3,456,vague_x3
00000002564,0.6,medium,general / other,4,2,3,2,2,434,vague_x3
00000002593,0.6,medium,probability,2,2,1,2,3,597,meta
00000002742,0.6,medium,general / other,1,2,3,2,3,536,vague_x3|no_quant
00000002773,0.6,medium,general / other,4,3,3,2,3,670,vague_x3
00000003068,0.6,medium,general / other,4,2,3,2,4,546,vague_x3
00000003445,0.6,medium,general / other,2,2,3,2,5,403,vague_x3|no_quant
00000003633,0.6,medium,general / other,2,2,3,2,5,420,vague_x3|no_quant
00000003816,0.6,medium,general / other,2,2,3,2,4,451,vague_x3|no_quant
00000003977,0.6,medium,general / other,2,2,3,2,2,438,vague_x3|no_quant
00000003984,0.6,medium,probability,3,3,1,2,2,552,meta
00000003988,0.6,medium,general / other,4,3,3,2,3,406,vague_x3
00000003995,0.6,medium,general / other,2,2,3,2,2,443,vague_x3|no_quant
00000003999,0.6,medium,general / other,4,3,3,2,2,480,vague_x3
00000004012,0.6,medium,general / other,2,2,3,2,3,460,vague_x3|no_quant
00000004035,0.6,medium,algebra / representation theory,2,3,1,3,3,550,meta|no_quant
00000004154,0.6,medium,general / other,4,2,3,2,2,444,vague_x3
00000004208,0.6,medium,general / other,2,2,3,2,4,432,vague_x3|no_quant
00000004236,0.6,medium,general / other,2,2,3,2,2,442,vague_x3|no_quant
00000004257,0.6,medium,general / other,2,2,3,2,5,492,vague_x3|no_quant
00000004321,0.6,medium,general / other,2,2,3,2,3,444,vague_x3|no_quant
00000004374,0.6,medium,number theory,4,3,1,2,2,566,meta
00000004436,0.6,medium,probability,2,2,1,2,4,464,meta|no_quant
00000004441,0.6,medium,general / other,2,2,3,2,3,466,vague_x3|no_quant
00000004583,0.6,medium,general / other,2,2,3,2,4,455,vague_x3|no_quant
00000004615,0.6,medium,number theory,3,3,1,2,3,539,meta
00000004642,0.6,medium,algebra / representation theory,2,2,1,2,4,461,meta|no_quant
00000004668,0.6,medium,general / other,2,2,2,2,5,480,vague_x3|no_quant
00000004805,0.6,medium,algebraic geometry,3,3,1,2,4,436,meta
00000004838,0.6,medium,general / other,2,2,3,2,4,423,vague_x3|no_quant
00000004908,0.6,medium,general / other,2,2,3,2,5,494,vague_x3|no_quant
00000004910,0.6,medium,general / other,4,2,3,2,3,486,vague_x3
00000004918,0.6,medium,general / other,2,2,3,2,4,413,vague_x3|no_quant
00000004945,0.6,medium,general / other,2,2,3,1,2,706,vague_x3|no_quant
00000004955,0.6,medium,topology / geometry,4,3,1,1,1,724,meta
00000004978,0.6,medium,general / other,2,2,3,2,4,455,vague_x3|no_quant
00000004993,0.6,medium,topology / geometry,2,2,1,2,3,737,meta|no_quant
00000005047,0.6,medium,combinatorics / discrete,2,2,1,2,5,411,meta|no_quant
00000005116,0.6,medium,general / other,2,2,3,2,4,448,vague_x3|no_quant
00000005136,0.6,medium,general / other,2,2,3,2,5,388,vague_x3|no_quant
00000005172,0.6,medium,general / other,2,2,3,2,3,434,vague_x3|no_quant
00000005184,0.6,medium,general / other,2,2,3,2,4,395,vague_x3|no_quant
00000005277,0.6,medium,general / other,2,2,3,2,4,435,vague_x3|no_quant
00000005374,0.6,medium,combinatorics / discrete,2,3,1,2,4,576,meta|no_quant
00000005457,0.6,medium,general / other,2,2,3,1,2,418,vague_x3|no_quant
00000005486,0.6,medium,general / other,2,2,3,2,5,442,vague_x3|no_quant
00000005624,0.6,medium,analysis / PDE / dynamics,3,3,1,2,4,448,meta
00000005712,0.6,medium,general / other,2,2,3,2,4,439,vague_x3|no_quant
00000005729,0.6,medium,general / other,4,2,3,2,3,650,vague_x3
00000005868,0.6,medium,general / other,2,2,2,2,4,387,vague_x3|no_quant
00000005872,0.6,medium,general / other,2,2,3,2,4,416,vague_x3|no_quant
00000005875,0.6,medium,general / other,2,2,2,2,5,410,vague_x3|no_quant
00000005876,0.6,medium,general / other,2,2,2,2,4,627,vague_x3|no_quant
00000005877,0.6,medium,general / other,2,2,3,2,5,421,vague_x3|no_quant
00000005879,0.6,medium,general / other,2,2,3,2,5,390,vague_x3|no_quant
00000005882,0.6,medium,general / other,1,2,2,2,4,415,vague_x3|no_quant
00000005889,0.6,medium,general / other,2,2,3,2,4,443,vague_x3|no_quant
00000005948,0.6,medium,general / other,2,2,3,2,3,583,vague_x3|no_quant
00000005949,0.6,medium,general / other,2,2,3,2,4,400,vague_x3|no_quant
00000006024,0.6,medium,general / other,1,1,3,2,5,408,vague_x3|no_quant
00000006039,0.6,medium,general / other,2,2,3,2,4,463,vague_x3|no_quant
00000006084,0.6,medium,general / other,2,2,3,2,4,410,vague_x3|no_quant
00000006189,0.6,medium,combinatorics / discrete,4,3,1,3,4,498,meta
00000006315,0.6,medium,general / other,2,3,3,3,5,401,vague_x3|no_quant
00000006375,0.6,medium,general / other,2,2,3,2,5,555,vague_x3|no_quant
00000006431,0.6,medium,number theory,2,4,1,4,4,458,meta|no_quant
00000006467,0.6,medium,general / other,2,2,2,2,4,559,vague_x3|no_quant
00000006553,0.6,medium,general / other,2,2,3,2,5,524,vague_x3|no_quant
00000006638,0.6,medium,general / other,2,2,3,2,3,486,vague_x3|no_quant
00000006680,0.6,medium,general / other,4,2,3,2,3,435,vague_x3
00000006758,0.6,medium,general / other,2,2,3,1,2,393,vague_x3|no_quant
00000006901,0.6,medium,general / other,4,2,3,2,4,460,vague_x3
00000006903,0.6,medium,general / other,4,2,3,2,4,463,vague_x3
00000006904,0.6,medium,general / other,2,2,3,2,5,455,vague_x3|no_quant
00000006957,0.6,medium,general / other,2,2,3,2,4,312,vague_x3|no_quant
00000007633,0.6,medium,general / other,2,2,3,2,4,477,vague_x3|no_quant
00000007728,0.6,medium,number theory,2,2,1,2,3,724,meta|no_quant
00000007738,0.6,medium,analysis / PDE / dynamics,2,3,1,3,3,810,meta|no_quant
00000007749,0.6,medium,algebra / representation theory,4,3,1,2,2,750,meta
00000007763,0.6,medium,number theory,3,4,1,3,2,855,meta
00000007783,0.6,medium,analysis / PDE / dynamics,4,3,1,3,5,737,meta
00000007791,0.6,medium,analysis / PDE / dynamics,3,4,1,4,5,725,meta
00000007819,0.6,medium,number theory,4,3,1,2,2,1046,meta
00000007902,0.6,medium,number theory,4,4,1,4,3,789,meta
00000007932,0.6,medium,analysis / PDE / dynamics,4,4,1,2,1,1027,meta
00000007964,0.6,medium,algebra / representation theory,4,2,1,1,1,957,meta
00000007978,0.6,medium,number theory,4,2,1,2,4,866,meta
00000007990,0.6,medium,number theory,3,2,1,2,3,978,meta
00000007998,0.6,medium,combinatorics / discrete,2,4,1,3,3,1065,meta|no_quant
00000008051,0.6,medium,algebra / representation theory,3,3,1,3,4,1109,meta
00000008077,0.6,medium,logic / complexity,2,2,1,2,3,1033,meta|no_quant
00000008081,0.6,medium,algebra / representation theory,4,3,1,2,2,1049,meta
00000008196,0.6,medium,number theory,1,2,1,2,3,994,meta|no_quant
00000008329,0.6,medium,analysis / PDE / dynamics,4,2,1,2,3,1007,meta
00000008330,0.6,medium,number theory,2,2,1,2,3,870,meta|no_quant
00000008411,0.6,medium,algebra / representation theory,4,3,1,1,1,698,meta
00000008418,0.6,medium,number theory,3,3,1,2,2,657,meta
00000008420,0.6,medium,number theory,4,3,1,2,1,600,meta
00000008601,0.6,medium,general / other,2,2,3,2,4,429,vague_x3|no_quant
00000008602,0.6,medium,general / other,2,2,3,2,4,334,vague_x3|no_quant
00000008609,0.6,medium,general / other,2,2,3,2,3,361,vague_x3|no_quant
00000008613,0.6,medium,general / other,2,2,3,2,3,418,vague_x3|no_quant
00000008632,0.6,medium,probability,2,2,1,2,4,359,meta|no_quant
00000008666,0.6,medium,algebra / representation theory,4,3,1,1,2,777,meta
00000008821,0.6,medium,general / other,2,2,3,2,5,537,vague_x3|no_quant
00000008860,0.6,medium,general / other,2,2,3,2,3,343,vague_x3|no_quant
00000008878,0.6,medium,combinatorics / discrete,4,3,1,3,3,1025,meta
00000008884,0.6,medium,general / other,2,2,3,2,4,384,vague_x3|no_quant
00000009070,0.6,medium,general / other,1,2,3,2,4,390,vague_x3|no_quant
00000009364,0.6,medium,general / other,2,2,3,2,4,303,vague_x3|no_quant
00000009554,0.6,medium,algebraic geometry,3,4,1,2,1,823,meta
00000009556,0.6,medium,algebraic geometry,3,4,1,3,2,768,meta
00000009618,0.6,medium,combinatorics / discrete,4,3,1,2,4,786,meta
00000009631,0.6,medium,analysis / PDE / dynamics,1,2,1,2,3,706,meta|no_quant
00000009673,0.6,medium,number theory,3,3,1,2,4,706,meta
00000009690,0.6,medium,general / other,4,3,3,3,4,614,vague_x3
00000009698,0.6,medium,number theory,4,3,1,2,2,582,meta
00000009702,0.6,medium,analysis / PDE / dynamics,3,3,1,2,3,773,meta
00000009703,0.6,medium,algebra / representation theory,2,3,1,2,2,636,meta|no_quant
00000009706,0.6,medium,general / other,2,2,3,2,3,667,vague_x3|no_quant
00000009743,0.6,medium,number theory,3,3,1,2,3,563,meta
00000009809,0.6,medium,analysis / PDE / dynamics,2,3,1,2,4,632,meta|no_quant
00000009888,0.6,medium,number theory,3,2,1,2,3,652,meta
00000009891,0.6,medium,number theory,2,2,1,2,3,670,meta|no_quant
00000009938,0.6,medium,general / other,2,2,3,2,3,522,vague_x3|no_quant
00000009965,0.6,medium,analysis / PDE / dynamics,2,2,1,2,4,623,meta|no_quant
00000009998,0.6,medium,number theory,4,2,1,2,2,572,meta
00000000020,0.65,medium,general / other,3,2,3,2,3,251,no_def
00000000030,0.65,medium,general / other,4,3,3,3,3,356,no_def
00000000038,0.65,medium,general / other,3,3,3,3,3,280,no_def
00000000315,0.65,medium,general / other,2,2,3,2,4,323,no_def|no_quant
00000000407,0.65,medium,general / other,4,3,3,3,5,322,no_def
00000000840,0.65,medium,general / other,3,2,3,2,3,305,no_def
00000000848,0.65,medium,general / other,2,2,3,2,3,263,no_def|no_quant
00000000880,0.65,medium,general / other,2,2,3,2,3,263,no_def|no_quant
00000000903,0.65,medium,general / other,4,2,3,2,4,304,no_def
00000000934,0.65,medium,general / other,4,3,3,3,5,310,no_def
00000000943,0.65,medium,general / other,2,2,3,2,3,322,no_def|no_quant
00000000983,0.65,medium,general / other,2,2,3,2,3,303,no_def|no_quant
00000001007,0.65,medium,general / other,4,2,3,2,3,301,no_def
00000001046,0.65,medium,general / other,1,1,3,2,3,256,no_def|no_quant
00000001078,0.65,medium,general / other,2,2,3,2,4,262,no_def|no_quant
00000001209,0.65,medium,general / other,3,3,3,3,4,282,no_def
00000001273,0.65,medium,general / other,3,3,3,3,5,288,no_def
00000001302,0.65,medium,analysis / PDE / dynamics,3,3,3,2,3,491,bare_latex
00000001358,0.65,medium,general / other,2,2,3,2,2,312,no_def|no_quant
00000001364,0.65,medium,general / other,3,2,3,1,2,296,no_def
00000001377,0.65,medium,general / other,2,2,3,2,2,285,no_def|no_quant
00000001380,0.65,medium,general / other,2,2,3,2,4,294,no_def|no_quant
00000001382,0.65,medium,general / other,4,2,2,2,2,339,no_def
00000001419,0.65,medium,general / other,3,2,3,2,3,278,no_def
00000001445,0.65,medium,general / other,2,2,3,2,5,352,no_def|no_quant
00000001463,0.65,medium,general / other,2,2,3,2,4,338,no_def|no_quant
00000001480,0.65,medium,general / other,2,2,3,2,4,287,no_def|no_quant
00000001515,0.65,medium,general / other,1,1,3,2,3,275,no_def|no_quant
00000001539,0.65,medium,general / other,2,5,2,5,3,311,no_def|grand|no_quant
00000001578,0.65,medium,general / other,2,2,3,2,3,258,no_def|no_quant
00000001583,0.65,medium,general / other,2,2,3,2,4,270,no_def|no_quant
00000001629,0.65,medium,general / other,3,2,3,2,3,283,no_def
00000001658,0.65,medium,general / other,2,2,3,2,3,355,no_def|no_quant
00000001659,0.65,medium,general / other,2,2,3,2,3,384,no_def|no_quant
00000001711,0.65,medium,algebra / representation theory,2,2,3,2,3,511,bare_latex|no_quant
00000001732,0.65,medium,algebraic geometry,2,4,3,3,2,565,bare_latex|no_quant
00000001787,0.65,medium,general / other,2,2,3,2,2,312,no_def|no_quant
00000001855,0.65,medium,probability,2,2,3,2,2,410,bare_latex|no_quant
00000001857,0.65,medium,combinatorics / discrete,2,2,3,2,4,447,bare_latex|no_quant
00000001893,0.65,medium,general / other,4,2,3,2,4,370,no_def
00000001919,0.65,medium,general / other,0,1,3,2,3,260,no_def|no_quant
00000001944,0.65,medium,analysis / PDE / dynamics,2,2,3,2,3,377,bare_latex|no_quant
00000001952,0.65,medium,algebra / representation theory,4,3,3,2,3,365,bare_latex
00000001955,0.65,medium,number theory,2,2,3,2,4,451,bare_latex|no_quant
00000001957,0.65,medium,algebraic geometry,2,3,3,3,4,393,bare_latex|no_quant
00000002003,0.65,medium,general / other,2,2,3,2,3,345,no_def|no_quant
00000002006,0.65,medium,general / other,2,2,3,2,5,441,no_def|no_quant
00000002009,0.65,medium,general / other,2,2,3,2,4,428,no_def|no_quant
00000002018,0.65,medium,general / other,2,2,3,2,2,440,no_def|no_quant
00000002036,0.65,medium,combinatorics / discrete,4,3,3,3,4,459,bare_latex
00000002041,0.65,medium,algebra / representation theory,3,3,3,3,4,340,bare_latex
00000002047,0.65,medium,number theory,2,3,3,3,5,428,bare_latex|no_quant
00000002048,0.65,medium,number theory,3,3,3,2,2,410,bare_latex
00000002083,0.65,medium,general / other,1,1,3,2,2,250,no_def|no_quant
00000002116,0.65,medium,analysis / PDE / dynamics,2,3,3,3,4,460,bare_latex|no_quant
00000002199,0.65,medium,general / other,1,1,3,2,2,278,no_def|no_quant
00000002250,0.65,medium,general / other,3,2,3,2,3,293,no_def
00000002252,0.65,medium,general / other,2,2,3,2,4,263,no_def|no_quant
00000002280,0.65,medium,general / other,2,2,3,2,5,311,no_def|no_quant
00000002282,0.65,medium,general / other,1,1,3,2,4,288,no_def|no_quant
00000002286,0.65,medium,general / other,2,2,3,2,4,379,no_def|no_quant
00000002290,0.65,medium,general / other,1,1,3,2,4,297,no_def|no_quant
00000002298,0.65,medium,general / other,4,2,3,2,2,393,no_def
00000002305,0.65,medium,general / other,2,2,3,2,2,346,no_def|no_quant
00000002316,0.65,medium,algebra / representation theory,3,3,3,2,2,443,bare_latex
00000002338,0.65,medium,general / other,2,2,3,2,2,356,no_def|no_quant
00000002346,0.65,medium,number theory,2,2,3,2,4,329,bare_latex|no_quant
00000002347,0.65,medium,probability,2,3,3,2,3,434,bare_latex|no_quant
00000002396,0.65,medium,analysis / PDE / dynamics,2,3,2,2,3,446,bare_latex|no_quant
00000002402,0.65,medium,general / other,2,2,3,1,2,269,no_def|no_quant
00000002416,0.65,medium,general / other,3,3,3,3,5,345,no_def
00000002420,0.65,medium,general / other,4,2,3,2,3,390,no_def
00000002442,0.65,medium,general / other,3,2,3,1,1,282,no_def
00000002450,0.65,medium,general / other,3,2,3,2,3,263,no_def
00000002453,0.65,medium,general / other,3,2,3,2,4,303,no_def
00000002459,0.65,medium,general / other,3,2,3,2,3,434,no_def
00000000010,0.7,medium,number theory,4,4,3,4,3,822,vague_x3
00000000199,0.7,medium,number theory,2,2,3,2,2,541,vague_x3|no_quant
00000000222,0.7,medium,number theory,4,3,3,3,4,580,vague_x3
00000000226,0.7,medium,number theory,2,2,3,2,4,596,vague_x3|no_quant
00000000228,0.7,medium,analysis / PDE / dynamics,2,2,3,2,4,583,vague_x3|no_quant
00000000338,0.7,medium,number theory,2,2,3,2,4,516,vague_x3|no_quant
00000000349,0.7,medium,algebra / representation theory,2,2,3,2,5,434,vague_x3|no_quant
00000000351,0.7,medium,algebra / representation theory,2,2,3,2,3,474,vague_x3|no_quant
00000000405,0.7,medium,algebra / representation theory,2,2,3,2,3,212,short|no_quant
00000000463,0.7,medium,number theory,2,2,3,1,2,230,short|no_quant
00000000510,0.7,medium,analysis / PDE / dynamics,2,2,3,2,2,467,vague_x3|no_quant
00000000705,0.7,medium,number theory,2,3,3,4,3,241,short|no_quant
00000000722,0.7,medium,number theory,2,4,3,4,3,339,vague_x3|no_quant
00000000801,0.7,medium,analysis / PDE / dynamics,2,3,3,2,3,442,vague_x3|no_quant
00000000815,0.7,medium,topology / geometry,4,4,3,4,3,549,vague_x3
00000000827,0.7,medium,analysis / PDE / dynamics,2,4,3,4,2,534,vague_x3|no_quant
00000000833,0.7,medium,analysis / PDE / dynamics,2,4,3,3,4,457,vague_x3|no_quant
00000000834,0.7,medium,analysis / PDE / dynamics,2,4,3,3,3,657,vague_x3|no_quant
00000000839,0.7,medium,number theory,2,2,3,2,3,361,vague_x3|no_quant
00000000846,0.7,medium,analysis / PDE / dynamics,2,2,3,2,4,562,vague_x3|no_quant
00000000847,0.7,medium,analysis / PDE / dynamics,2,2,3,2,3,460,vague_x3|no_quant
00000000871,0.7,medium,analysis / PDE / dynamics,2,2,3,2,4,460,vague_x3|no_quant
00000000940,0.7,medium,analysis / PDE / dynamics,2,2,3,2,5,407,vague_x3|no_quant
00000000947,0.7,medium,analysis / PDE / dynamics,2,2,3,2,5,589,vague_x3|no_quant
00000000949,0.7,medium,analysis / PDE / dynamics,2,2,3,2,3,403,vague_x3|no_quant
00000000958,0.7,medium,analysis / PDE / dynamics,2,2,3,2,5,509,vague_x3|no_quant
00000000969,0.7,medium,analysis / PDE / dynamics,2,4,3,3,4,375,vague_x3|no_quant
00000001014,0.7,medium,number theory,2,3,3,2,2,400,vague_x3|no_quant
00000001020,0.7,medium,combinatorics / discrete,2,2,3,2,4,411,vague_x3|no_quant
00000001055,0.7,medium,number theory,3,2,3,2,3,246,short
00000001061,0.7,medium,number theory,2,2,3,2,4,476,vague_x3|no_quant
00000001070,0.7,medium,combinatorics / discrete,2,2,3,2,3,235,short|no_quant
00000001073,0.7,medium,combinatorics / discrete,2,2,3,2,4,375,vague_x3|no_quant
00000001099,0.7,medium,number theory,2,2,3,2,4,377,vague_x3|no_quant
00000001152,0.7,medium,algebraic geometry,2,2,3,2,4,537,vague_x3|no_quant
00000001164,0.7,medium,analysis / PDE / dynamics,2,2,3,2,3,461,vague_x3|no_quant
00000001230,0.7,medium,algebraic geometry,2,2,3,2,4,512,vague_x3|no_quant
00000001397,0.7,medium,topology / geometry,2,2,3,2,2,283,vague_x3|no_quant
00000001444,0.7,medium,number theory,3,4,3,3,2,575,vague_x3
00000001451,0.7,medium,analysis / PDE / dynamics,2,2,3,2,2,439,vague_x3|no_quant
00000001466,0.7,medium,analysis / PDE / dynamics,2,3,3,2,3,422,vague_x3|no_quant
00000001469,0.7,medium,combinatorics / discrete,4,5,2,5,4,616,vague_x3|grand
00000001473,0.7,medium,number theory,4,2,3,2,2,548,vague_x3
00000001544,0.7,medium,combinatorics / discrete,2,3,3,3,3,565,vague_x3|no_quant
00000001573,0.7,medium,algebraic geometry,2,2,3,2,4,363,vague_x3|no_quant
00000001594,0.7,medium,analysis / PDE / dynamics,2,2,3,2,3,565,vague_x3|no_quant
00000001635,0.7,medium,number theory,4,3,3,2,4,603,vague_x3
00000001642,0.7,medium,algebra / representation theory,2,2,3,2,3,605,vague_x3|no_quant
00000001653,0.7,medium,number theory,2,2,3,2,3,498,vague_x3|no_quant
00000001712,0.7,medium,number theory,2,2,3,2,3,484,vague_x3|no_quant
00000001726,0.7,medium,combinatorics / discrete,4,3,3,2,2,491,vague_x3
00000001736,0.7,medium,topology / geometry,2,2,3,2,3,316,vague_x3|no_quant
00000001748,0.7,medium,probability,2,3,3,2,4,484,vague_x3|no_quant
00000001784,0.7,medium,analysis / PDE / dynamics,4,3,3,2,4,438,vague_x3
00000001802,0.7,medium,number theory,2,3,3,3,2,450,vague_x3|no_quant
00000001830,0.7,medium,algebraic geometry,2,4,3,4,4,471,vague_x3|no_quant
00000001843,0.7,medium,analysis / PDE / dynamics,2,3,3,3,2,543,vague_x3|no_quant
00000001848,0.7,medium,topology / geometry,2,2,3,2,4,546,vague_x3|no_quant
00000001859,0.7,medium,probability,4,3,3,2,4,471,vague_x3
00000001905,0.7,medium,analysis / PDE / dynamics,2,2,3,2,2,354,vague_x3|no_quant
00000002142,0.7,medium,combinatorics / discrete,2,2,3,2,3,413,vague_x3|no_quant
00000002261,0.7,medium,number theory,2,4,3,3,4,393,vague_x3|no_quant
00000002263,0.7,medium,probability,2,2,3,2,4,432,vague_x3|no_quant
00000002266,0.7,medium,number theory,2,3,3,3,4,336,vague_x3|no_quant
00000002326,0.7,medium,combinatorics / discrete,2,2,3,2,4,438,vague_x3|no_quant
00000002563,0.7,medium,analysis / PDE / dynamics,1,2,3,2,3,494,vague_x3|no_quant
00000002571,0.7,medium,number theory,2,2,3,2,2,373,vague_x3|no_quant
00000002681,0.7,medium,algebra / representation theory,2,3,3,2,3,647,vague_x3|no_quant
00000002700,0.7,medium,number theory,2,2,3,2,5,536,vague_x3|no_quant
00000002705,0.7,medium,analysis / PDE / dynamics,2,2,3,2,4,523,vague_x3|no_quant
00000002806,0.7,medium,analysis / PDE / dynamics,2,2,3,2,5,697,vague_x3|no_quant
00000002858,0.7,medium,number theory,2,2,3,2,5,489,vague_x3|no_quant
00000003057,0.7,medium,analysis / PDE / dynamics,4,3,3,2,3,501,vague_x3
00000003162,0.7,medium,algebra / representation theory,2,3,2,2,4,462,vague_x3|no_quant
00000003173,0.7,medium,probability,2,2,3,2,4,451,vague_x3|no_quant
00000003346,0.7,medium,number theory,2,3,3,2,5,453,vague_x3|no_quant
00000003421,0.7,medium,number theory,2,3,3,3,4,439,vague_x3|no_quant
00000003439,0.7,medium,number theory,2,4,3,3,5,396,vague_x3|no_quant
00000003448,0.7,medium,number theory,2,3,3,2,4,385,vague_x3|no_quant
00000003491,0.7,medium,algebraic geometry,2,3,3,2,4,433,vague_x3|no_quant
00000003608,0.7,medium,algebra / representation theory,2,2,3,2,4,391,vague_x3|no_quant
00000003616,0.7,medium,number theory,2,2,3,2,5,404,vague_x3|no_quant
00000003639,0.7,medium,analysis / PDE / dynamics,2,2,3,2,4,451,vague_x3|no_quant
00000003654,0.7,medium,probability,2,2,3,2,4,444,vague_x3|no_quant
00000003667,0.7,medium,analysis / PDE / dynamics,2,2,3,2,4,441,vague_x3|no_quant
00000003675,0.7,medium,analysis / PDE / dynamics,4,2,3,2,3,422,vague_x3
00000003701,0.7,medium,analysis / PDE / dynamics,2,3,3,2,4,474,vague_x3|no_quant
00000003704,0.7,medium,analysis / PDE / dynamics,2,2,3,2,5,406,vague_x3|no_quant
00000003714,0.7,medium,number theory,2,2,3,2,4,393,vague_x3|no_quant
00000003854,0.7,medium,analysis / PDE / dynamics,2,3,3,3,3,486,vague_x3|no_quant
00000003899,0.7,medium,number theory,4,4,3,3,2,420,vague_x3
00000003912,0.7,medium,analysis / PDE / dynamics,2,3,2,2,2,517,vague_x3|no_quant
00000003938,0.7,medium,algebra / representation theory,2,2,3,2,3,513,vague_x3|no_quant
00000003955,0.7,medium,combinatorics / discrete,4,3,3,2,2,549,vague_x3
00000003966,0.7,medium,algebra / representation theory,4,3,3,2,2,463,vague_x3
00000004004,0.7,medium,number theory,1,3,3,3,5,515,vague_x3|no_quant
00000004007,0.7,medium,number theory,2,4,3,3,2,498,vague_x3|no_quant
00000004013,0.7,medium,number theory,2,2,3,2,2,438,vague_x3|no_quant
00000004021,0.7,medium,analysis / PDE / dynamics,4,3,3,3,4,525,vague_x3
00000004028,0.7,medium,analysis / PDE / dynamics,4,3,3,3,4,459,vague_x3
00000004036,0.7,medium,algebra / representation theory,4,4,3,3,4,486,vague_x3
00000004129,0.7,medium,analysis / PDE / dynamics,2,3,3,2,5,422,vague_x3|no_quant
00000004157,0.7,medium,number theory,2,2,3,2,3,502,vague_x3|no_quant
00000004158,0.7,medium,number theory,4,4,3,4,3,502,vague_x3
00000004171,0.7,medium,algebra / representation theory,2,2,3,2,4,486,vague_x3|no_quant
00000004221,0.7,medium,topology / geometry,2,3,2,2,5,520,vague_x3|no_quant
00000004226,0.7,medium,analysis / PDE / dynamics,2,3,3,3,4,466,vague_x3|no_quant
00000004271,0.7,medium,number theory,4,3,3,2,4,537,vague_x3
00000004286,0.7,medium,combinatorics / discrete,2,2,3,2,4,469,vague_x3|no_quant
00000004302,0.7,medium,number theory,2,2,3,2,3,540,vague_x3|no_quant
00000004304,0.7,medium,probability,2,2,3,2,3,434,vague_x3|no_quant
00000004305,0.7,medium,number theory,1,3,3,3,3,466,vague_x3|no_quant
00000004313,0.7,medium,number theory,4,3,3,3,5,453,vague_x3
00000004323,0.7,medium,analysis / PDE / dynamics,2,2,3,2,3,469,vague_x3|no_quant
00000004324,0.7,medium,number theory,2,2,3,2,2,480,vague_x3|no_quant
00000004327,0.7,medium,number theory,2,3,3,3,3,472,vague_x3|no_quant
00000004329,0.7,medium,number theory,2,2,3,2,4,471,vague_x3|no_quant
00000004339,0.7,medium,topology / geometry,2,2,3,2,4,512,vague_x3|no_quant
00000004341,0.7,medium,analysis / PDE / dynamics,2,2,3,2,4,476,vague_x3|no_quant
00000004342,0.7,medium,algebra / representation theory,2,2,3,2,3,470,vague_x3|no_quant
00000004343,0.7,medium,analysis / PDE / dynamics,2,4,3,3,4,551,vague_x3|no_quant
00000004346,0.7,medium,analysis / PDE / dynamics,2,4,3,3,2,779,vague_x3|no_quant
00000004348,0.7,medium,analysis / PDE / dynamics,2,3,3,3,5,502,vague_x3|no_quant
00000004358,0.7,medium,algebra / representation theory,2,3,3,3,4,499,vague_x3|no_quant
00000004381,0.7,medium,number theory,2,4,3,4,4,500,vague_x3|no_quant
00000004383,0.7,medium,topology / geometry,2,2,3,1,2,470,vague_x3|no_quant
00000004384,0.7,medium,analysis / PDE / dynamics,2,3,2,2,4,471,vague_x3|no_quant
00000004385,0.7,medium,algebra / representation theory,2,2,3,2,5,398,vague_x3|no_quant
00000004386,0.7,medium,number theory,2,2,3,2,4,439,vague_x3|no_quant
00000004387,0.7,medium,algebraic geometry,2,2,3,2,3,414,vague_x3|no_quant
00000004394,0.7,medium,analysis / PDE / dynamics,2,2,3,2,5,546,vague_x3|no_quant
00000004403,0.7,medium,combinatorics / discrete,4,3,3,3,5,408,vague_x3
00000004409,0.7,medium,combinatorics / discrete,1,2,3,2,4,459,vague_x3|no_quant
00000004411,0.7,medium,analysis / PDE / dynamics,2,3,2,2,5,486,vague_x3|no_quant
00000004413,0.7,medium,combinatorics / discrete,2,2,3,1,3,497,vague_x3|no_quant
00000004416,0.7,medium,probability,2,2,3,2,5,511,vague_x3|no_quant
00000004447,0.7,medium,probability,2,2,3,2,4,412,vague_x3|no_quant
00000004512,0.7,medium,probability,4,2,3,2,3,454,vague_x3
00000004513,0.7,medium,combinatorics / discrete,4,3,3,2,2,494,vague_x3
00000004518,0.7,medium,combinatorics / discrete,1,2,3,2,5,486,vague_x3|no_quant
00000004519,0.7,medium,number theory,2,3,3,3,3,415,vague_x3|no_quant
00000004520,0.7,medium,analysis / PDE / dynamics,4,2,3,2,4,483,vague_x3
00000004531,0.7,medium,analysis / PDE / dynamics,2,2,3,2,4,500,vague_x3|no_quant
00000004537,0.7,medium,number theory,4,3,3,3,5,507,vague_x3
00000004543,0.7,medium,number theory,2,2,3,2,3,493,vague_x3|no_quant
00000004548,0.7,medium,number theory,1,3,3,4,4,488,vague_x3|no_quant
00000004567,0.7,medium,number theory,2,3,3,3,4,491,vague_x3|no_quant
00000004569,0.7,medium,analysis / PDE / dynamics,2,2,3,2,5,456,vague_x3|no_quant
00000004572,0.7,medium,number theory,2,4,2,3,4,503,vague_x3|no_quant
00000004574,0.7,medium,topology / geometry,2,2,3,2,4,421,vague_x3|no_quant
00000004575,0.7,medium,algebraic geometry,2,2,3,2,5,433,vague_x3|no_quant
00000004604,0.7,medium,number theory,2,3,3,3,5,517,vague_x3|no_quant
00000004629,0.7,medium,combinatorics / discrete,2,2,3,2,3,460,vague_x3|no_quant
00000004631,0.7,medium,algebra / representation theory,2,2,3,2,3,495,vague_x3|no_quant
00000004654,0.7,medium,number theory,2,2,3,2,5,476,vague_x3|no_quant
00000004663,0.7,medium,algebraic geometry,4,3,2,2,2,798,vague_x3
00000004666,0.7,medium,analysis / PDE / dynamics,2,3,2,2,5,443,vague_x3|no_quant
00000004691,0.7,medium,analysis / PDE / dynamics,2,2,3,2,4,511,vague_x3|no_quant
00000004700,0.7,medium,algebra / representation theory,4,3,2,2,3,465,vague_x3
00000004702,0.7,medium,probability,2,2,3,2,4,463,vague_x3|no_quant
00000004704,0.7,medium,number theory,2,2,3,2,5,438,vague_x3|no_quant
00000004705,0.7,medium,analysis / PDE / dynamics,2,3,3,3,5,413,vague_x3|no_quant
00000004708,0.7,medium,number theory,2,2,3,2,4,447,vague_x3|no_quant
00000004715,0.7,medium,analysis / PDE / dynamics,2,4,2,3,4,477,vague_x3|no_quant
00000004721,0.7,medium,number theory,2,3,3,3,4,548,vague_x3|no_quant
00000004722,0.7,medium,algebraic geometry,2,3,3,3,5,534,vague_x3|no_quant
00000004743,0.7,medium,algebraic geometry,2,3,3,3,4,462,vague_x3|no_quant
00000004747,0.7,medium,number theory,2,4,2,3,4,510,vague_x3|no_quant
00000004754,0.7,medium,probability,2,2,3,2,5,495,vague_x3|no_quant
00000004756,0.7,medium,analysis / PDE / dynamics,1,3,2,2,4,463,vague_x3|no_quant
00000004771,0.7,medium,analysis / PDE / dynamics,2,3,2,2,4,494,vague_x3|no_quant
00000004779,0.7,medium,analysis / PDE / dynamics,4,4,2,2,2,610,vague_x3
00000004782,0.7,medium,number theory,2,2,3,2,4,424,vague_x3|no_quant
00000004787,0.7,medium,algebraic geometry,4,3,3,3,4,666,vague_x3
00000004811,0.7,medium,number theory,2,4,3,4,5,465,vague_x3|no_quant
00000004812,0.7,medium,number theory,2,4,3,4,5,434,vague_x3|no_quant
00000004813,0.7,medium,number theory,2,4,3,3,5,468,vague_x3|no_quant
00000004816,0.7,medium,number theory,4,5,2,5,5,683,vague_x3|grand
00000004817,0.7,medium,number theory,2,5,2,5,4,400,vague_x3|grand|no_quant
00000004818,0.7,medium,number theory,2,2,3,2,5,432,vague_x3|no_quant
00000004819,0.7,medium,algebra / representation theory,2,2,3,2,4,455,vague_x3|no_quant
00000004824,0.7,medium,number theory,2,4,3,4,4,417,vague_x3|no_quant
00000004831,0.7,medium,number theory,2,4,3,4,4,453,vague_x3|no_quant
00000004834,0.7,medium,number theory,2,4,3,4,4,417,vague_x3|no_quant
00000004848,0.7,medium,topology / geometry,2,3,3,3,4,445,vague_x3|no_quant
00000004852,0.7,medium,number theory,2,2,3,2,4,389,vague_x3|no_quant
00000004853,0.7,medium,number theory,2,3,3,3,4,453,vague_x3|no_quant
00000004856,0.7,medium,topology / geometry,4,4,3,3,3,506,vague_x3
00000004858,0.7,medium,number theory,2,3,3,3,5,496,vague_x3|no_quant
00000004901,0.7,medium,probability,2,2,3,2,4,499,vague_x3|no_quant
00000004902,0.7,medium,analysis / PDE / dynamics,2,2,3,2,5,470,vague_x3|no_quant
00000004903,0.7,medium,number theory,4,3,3,3,5,457,vague_x3
00000004906,0.7,medium,number theory,2,2,3,1,3,663,vague_x3|no_quant
00000004912,0.7,medium,analysis / PDE / dynamics,4,4,3,4,5,463,vague_x3
00000004914,0.7,medium,number theory,4,3,3,3,5,457,vague_x3
00000004919,0.7,medium,number theory,2,4,2,3,3,653,vague_x3|no_quant
00000004923,0.7,medium,analysis / PDE / dynamics,2,2,3,2,4,455,vague_x3|no_quant
00000004929,0.7,medium,logic / complexity,2,2,3,2,4,510,vague_x3|no_quant
00000004930,0.7,medium,analysis / PDE / dynamics,4,3,3,2,3,477,vague_x3
00000004935,0.7,medium,topology / geometry,1,3,2,3,2,645,vague_x3|no_quant
00000004946,0.7,medium,number theory,2,2,3,2,4,422,vague_x3|no_quant
00000004962,0.7,medium,number theory,2,2,3,2,4,536,vague_x3|no_quant
00000004969,0.7,medium,algebraic geometry,3,3,3,2,3,755,vague_x3
00000004971,0.7,medium,topology / geometry,2,2,3,2,5,483,vague_x3|no_quant
00000004974,0.7,medium,algebraic geometry,2,2,3,2,5,464,vague_x3|no_quant
00000004976,0.7,medium,probability,2,3,2,2,4,432,vague_x3|no_quant
00000004977,0.7,medium,combinatorics / discrete,2,2,3,2,5,445,vague_x3|no_quant
00000004984,0.7,medium,analysis / PDE / dynamics,2,2,3,2,5,479,vague_x3|no_quant
00000004986,0.7,medium,probability,2,2,3,2,5,446,vague_x3|no_quant
00000004988,0.7,medium,number theory,2,2,3,2,3,453,vague_x3|no_quant
00000004989,0.7,medium,topology / geometry,2,2,3,2,5,444,vague_x3|no_quant
00000005003,0.7,medium,topology / geometry,2,2,3,2,4,469,vague_x3|no_quant
00000005017,0.7,medium,analysis / PDE / dynamics,2,3,3,2,4,422,vague_x3|no_quant
00000005021,0.7,medium,number theory,2,2,3,2,4,521,vague_x3|no_quant
00000005026,0.7,medium,number theory,2,3,2,2,5,472,vague_x3|no_quant
00000005034,0.7,medium,probability,2,2,3,2,5,422,vague_x3|no_quant
00000005036,0.7,medium,logic / complexity,2,2,3,2,4,408,vague_x3|no_quant
00000005043,0.7,medium,combinatorics / discrete,2,2,3,2,5,457,vague_x3|no_quant
00000005057,0.7,medium,analysis / PDE / dynamics,4,3,3,2,4,400,vague_x3
00000005059,0.7,medium,analysis / PDE / dynamics,2,4,3,4,4,378,vague_x3|no_quant
00000005065,0.7,medium,analysis / PDE / dynamics,2,3,3,2,5,478,vague_x3|no_quant
00000005073,0.7,medium,analysis / PDE / dynamics,2,2,3,2,4,461,vague_x3|no_quant
00000005081,0.7,medium,number theory,2,4,3,4,4,467,vague_x3|no_quant
00000005085,0.7,medium,combinatorics / discrete,2,3,2,2,4,647,vague_x3|no_quant
00000005111,0.7,medium,combinatorics / discrete,2,2,3,2,5,631,vague_x3|no_quant
00000005115,0.7,medium,algebraic geometry,2,4,2,3,4,615,vague_x3|no_quant
00000005125,0.7,medium,analysis / PDE / dynamics,2,2,3,2,4,467,vague_x3|no_quant
00000005126,0.7,medium,combinatorics / discrete,2,2,3,2,5,522,vague_x3|no_quant
00000005128,0.7,medium,analysis / PDE / dynamics,2,3,3,3,4,438,vague_x3|no_quant
00000005132,0.7,medium,analysis / PDE / dynamics,2,2,3,2,4,489,vague_x3|no_quant
00000005133,0.7,medium,analysis / PDE / dynamics,2,2,3,2,5,424,vague_x3|no_quant
00000005143,0.7,medium,algebraic geometry,2,3,3,2,3,426,vague_x3|no_quant
00000005215,0.7,medium,topology / geometry,2,2,3,2,4,423,vague_x3|no_quant
00000005217,0.7,medium,algebra / representation theory,4,4,3,2,2,611,vague_x3
00000005264,0.7,medium,number theory,4,3,3,2,4,455,vague_x3
00000005271,0.7,medium,analysis / PDE / dynamics,4,3,3,3,4,497,vague_x3
00000005274,0.7,medium,analysis / PDE / dynamics,2,2,3,2,4,468,vague_x3|no_quant
00000005292,0.7,medium,algebra / representation theory,2,2,3,2,4,457,vague_x3|no_quant
00000005302,0.7,medium,number theory,2,3,3,3,4,440,vague_x3|no_quant
00000005311,0.7,medium,analysis / PDE / dynamics,2,2,3,2,4,438,vague_x3|no_quant
00000005312,0.7,medium,number theory,2,2,3,1,3,412,vague_x3|no_quant
00000005321,0.7,medium,topology / geometry,2,4,2,4,4,660,vague_x3|no_quant
00000005324,0.7,medium,algebra / representation theory,2,2,3,2,4,583,vague_x3|no_quant
00000005356,0.7,medium,combinatorics / discrete,2,2,3,2,4,451,vague_x3|no_quant
00000005362,0.7,medium,algebraic geometry,2,2,3,2,4,404,vague_x3|no_quant
00000005364,0.7,medium,topology / geometry,2,2,3,1,2,465,vague_x3|no_quant
00000005368,0.7,medium,analysis / PDE / dynamics,2,3,3,2,5,460,vague_x3|no_quant
00000005423,0.7,medium,algebra / representation theory,4,2,3,2,3,418,vague_x3
00000005428,0.7,medium,analysis / PDE / dynamics,2,2,3,2,4,444,vague_x3|no_quant
00000005433,0.7,medium,analysis / PDE / dynamics,4,3,3,2,4,521,vague_x3
00000005436,0.7,medium,number theory,2,3,3,3,4,426,vague_x3|no_quant
00000005443,0.7,medium,number theory,2,2,3,2,4,404,vague_x3|no_quant
00000005448,0.7,medium,number theory,2,2,3,2,4,438,vague_x3|no_quant
00000005454,0.7,medium,number theory,2,2,3,2,5,417,vague_x3|no_quant
00000005463,0.7,medium,number theory,2,3,3,2,3,728,vague_x3|no_quant
00000005464,0.7,medium,algebra / representation theory,2,2,3,2,4,404,vague_x3|no_quant
00000005465,0.7,medium,number theory,2,2,3,2,4,390,vague_x3|no_quant
00000005593,0.7,medium,number theory,2,2,3,2,5,439,vague_x3|no_quant
00000005597,0.7,medium,combinatorics / discrete,2,2,3,2,4,377,vague_x3|no_quant
00000005609,0.7,medium,algebra / representation theory,2,2,3,2,4,616,vague_x3|no_quant
00000005611,0.7,medium,number theory,2,2,3,2,4,397,vague_x3|no_quant
00000005618,0.7,medium,number theory,2,2,3,2,4,378,vague_x3|no_quant
00000005623,0.7,medium,number theory,2,2,3,2,3,575,vague_x3|no_quant
00000005631,0.7,medium,number theory,2,3,3,2,4,694,vague_x3|no_quant
00000005632,0.7,medium,number theory,2,3,3,2,5,436,vague_x3|no_quant
00000005666,0.7,medium,number theory,2,2,3,2,5,712,vague_x3|no_quant
00000005711,0.7,medium,number theory,1,3,3,3,4,702,vague_x3|no_quant
00000005718,0.7,medium,analysis / PDE / dynamics,2,2,3,2,4,665,vague_x3|no_quant
00000005719,0.7,medium,analysis / PDE / dynamics,2,2,3,2,4,426,vague_x3|no_quant
00000005723,0.7,medium,topology / geometry,2,2,3,2,4,385,vague_x3|no_quant
00000005724,0.7,medium,number theory,2,2,3,2,4,413,vague_x3|no_quant
00000005771,0.7,medium,topology / geometry,2,2,3,2,4,714,vague_x3|no_quant
00000005799,0.7,medium,probability,2,2,3,2,4,403,vague_x3|no_quant
00000005802,0.7,medium,analysis / PDE / dynamics,2,2,3,2,5,427,vague_x3|no_quant
00000005811,0.7,medium,analysis / PDE / dynamics,2,2,3,2,4,441,vague_x3|no_quant
00000005863,0.7,medium,analysis / PDE / dynamics,2,3,3,2,4,399,vague_x3|no_quant
00000005867,0.7,medium,analysis / PDE / dynamics,2,2,3,1,2,642,vague_x3|no_quant
00000005895,0.7,medium,algebra / representation theory,2,2,3,2,3,584,vague_x3|no_quant
00000005914,0.7,medium,topology / geometry,2,3,3,2,4,621,vague_x3|no_quant
00000005921,0.7,medium,topology / geometry,2,2,3,2,5,519,vague_x3|no_quant
00000006025,0.7,medium,analysis / PDE / dynamics,2,2,3,2,4,454,vague_x3|no_quant
00000006086,0.7,medium,analysis / PDE / dynamics,2,2,3,2,4,412,vague_x3|no_quant
00000006103,0.7,medium,topology / geometry,2,3,3,3,4,404,vague_x3|no_quant
00000006111,0.7,medium,analysis / PDE / dynamics,2,2,3,2,4,385,vague_x3|no_quant
00000006124,0.7,medium,topology / geometry,2,3,2,2,3,590,vague_x3|no_quant
00000006162,0.7,medium,analysis / PDE / dynamics,1,2,3,2,4,684,vague_x3|no_quant
00000006169,0.7,medium,analysis / PDE / dynamics,2,2,3,2,5,671,vague_x3|no_quant
00000006202,0.7,medium,analysis / PDE / dynamics,2,3,3,3,5,631,vague_x3|no_quant
00000006266,0.7,medium,algebraic geometry,2,2,3,2,4,605,vague_x3|no_quant
00000006272,0.7,medium,analysis / PDE / dynamics,2,2,3,2,5,577,vague_x3|no_quant
00000006339,0.7,medium,algebra / representation theory,2,2,3,2,3,401,vague_x3|no_quant
00000006373,0.7,medium,algebraic geometry,2,2,3,2,5,639,vague_x3|no_quant
00000006404,0.7,medium,analysis / PDE / dynamics,2,3,2,2,5,463,vague_x3|no_quant
00000006408,0.7,medium,analysis / PDE / dynamics,2,3,3,2,4,443,vague_x3|no_quant
00000006415,0.7,medium,analysis / PDE / dynamics,2,2,3,2,4,357,vague_x3|no_quant
00000006416,0.7,medium,analysis / PDE / dynamics,2,2,3,2,3,581,vague_x3|no_quant
00000006421,0.7,medium,number theory,2,3,3,2,5,407,vague_x3|no_quant
00000006435,0.7,medium,number theory,4,5,3,5,5,536,vague_x3
00000006441,0.7,medium,number theory,2,3,3,3,3,506,vague_x3|no_quant
00000006444,0.7,medium,analysis / PDE / dynamics,2,2,3,2,3,584,vague_x3|no_quant
00000006448,0.7,medium,analysis / PDE / dynamics,2,2,3,2,4,517,vague_x3|no_quant
00000006465,0.7,medium,analysis / PDE / dynamics,2,2,3,2,4,469,vague_x3|no_quant
00000006482,0.7,medium,topology / geometry,1,2,3,2,4,479,vague_x3|no_quant
00000006587,0.7,medium,algebraic geometry,2,3,3,3,5,584,vague_x3|no_quant
00000006696,0.7,medium,analysis / PDE / dynamics,2,2,3,2,5,527,vague_x3|no_quant
00000006698,0.7,medium,analysis / PDE / dynamics,2,2,3,2,5,512,vague_x3|no_quant
00000006734,0.7,medium,algebra / representation theory,2,2,3,2,4,504,vague_x3|no_quant
00000006799,0.7,medium,analysis / PDE / dynamics,2,2,3,2,4,314,vague_x3|no_quant
00000006802,0.7,medium,analysis / PDE / dynamics,2,2,3,2,4,346,vague_x3|no_quant
00000006824,0.7,medium,analysis / PDE / dynamics,2,4,2,3,4,397,vague_x3|no_quant
00000006887,0.7,medium,algebra / representation theory,2,2,3,2,5,563,vague_x3|no_quant
00000006898,0.7,medium,logic / complexity,2,2,3,2,5,495,vague_x3|no_quant
00000006906,0.7,medium,algebra / representation theory,2,2,3,2,4,421,vague_x3|no_quant
00000006951,0.7,medium,probability,2,2,3,2,4,332,vague_x3|no_quant
00000006953,0.7,medium,number theory,2,3,3,3,4,310,vague_x3|no_quant
00000006958,0.7,medium,probability,2,2,3,2,4,331,vague_x3|no_quant
00000006973,0.7,medium,number theory,2,2,3,2,3,522,vague_x3|no_quant
00000007052,0.7,medium,number theory,2,2,3,2,4,301,vague_x3|no_quant
00000007166,0.7,medium,analysis / PDE / dynamics,2,3,3,2,4,384,vague_x3|no_quant
00000007187,0.7,medium,algebraic geometry,2,2,3,2,4,321,vague_x3|no_quant
00000007221,0.7,medium,analysis / PDE / dynamics,2,2,3,2,4,332,vague_x3|no_quant
00000007255,0.7,medium,topology / geometry,2,2,3,2,4,386,vague_x3|no_quant
00000007317,0.7,medium,number theory,1,2,3,2,4,366,vague_x3|no_quant
00000007319,0.7,medium,analysis / PDE / dynamics,2,2,3,2,4,342,vague_x3|no_quant
00000007327,0.7,medium,algebra / representation theory,2,2,3,2,4,360,vague_x3|no_quant
00000007698,0.7,medium,algebra / representation theory,4,3,3,3,4,601,vague_x3
00000007727,0.7,medium,number theory,4,2,3,2,4,819,vague_x3
00000007760,0.7,medium,number theory,2,2,3,2,4,656,vague_x3|no_quant
00000007774,0.7,medium,analysis / PDE / dynamics,2,2,3,2,3,762,vague_x3|no_quant
00000007781,0.7,medium,combinatorics / discrete,4,4,3,4,5,737,vague_x3
00000007786,0.7,medium,combinatorics / discrete,4,5,3,4,4,708,vague_x3
00000007792,0.7,medium,analysis / PDE / dynamics,4,3,3,3,3,754,vague_x3
00000007794,0.7,medium,number theory,4,3,3,3,4,786,vague_x3
00000007801,0.7,medium,topology / geometry,2,3,2,2,3,898,vague_x3|no_quant
00000007805,0.7,medium,combinatorics / discrete,2,2,3,2,3,759,vague_x3|no_quant
00000007841,0.7,medium,combinatorics / discrete,4,3,3,3,4,870,vague_x3
00000007848,0.7,medium,analysis / PDE / dynamics,4,3,3,2,3,923,vague_x3
00000007851,0.7,medium,probability,4,3,3,3,4,851,vague_x3
00000007855,0.7,medium,number theory,2,2,3,2,3,896,vague_x3|no_quant
00000007867,0.7,medium,probability,2,2,3,2,2,908,vague_x3|no_quant
00000007869,0.7,medium,probability,4,3,3,3,4,777,vague_x3
00000007928,0.7,medium,number theory,2,3,3,3,3,869,vague_x3|no_quant
00000007961,0.7,medium,number theory,2,3,3,2,3,908,vague_x3|no_quant
00000007962,0.7,medium,combinatorics / discrete,2,2,3,2,3,897,vague_x3|no_quant
00000007984,0.7,medium,combinatorics / discrete,4,4,3,3,3,1009,vague_x3
00000007985,0.7,medium,combinatorics / discrete,2,2,3,2,4,1017,vague_x3|no_quant
00000007988,0.7,medium,analysis / PDE / dynamics,2,2,3,1,3,1048,vague_x3|no_quant
00000007991,0.7,medium,analysis / PDE / dynamics,2,3,3,3,2,854,vague_x3|no_quant
00000007995,0.7,medium,analysis / PDE / dynamics,2,3,3,2,2,951,vague_x3|no_quant
00000007997,0.7,medium,analysis / PDE / dynamics,2,2,3,2,2,926,vague_x3|no_quant
00000008004,0.7,medium,analysis / PDE / dynamics,2,2,3,2,2,878,vague_x3|no_quant
00000008005,0.7,medium,number theory,2,2,3,2,4,1017,vague_x3|no_quant
00000008008,0.7,medium,analysis / PDE / dynamics,2,2,3,2,4,947,vague_x3|no_quant
00000008012,0.7,medium,analysis / PDE / dynamics,2,3,3,2,4,1048,vague_x3|no_quant
00000008014,0.7,medium,analysis / PDE / dynamics,2,3,3,3,4,1114,vague_x3|no_quant
00000008015,0.7,medium,number theory,4,3,3,2,3,1014,vague_x3
00000008017,0.7,medium,number theory,2,3,3,3,2,1059,vague_x3|no_quant
00000008021,0.7,medium,number theory,4,3,3,2,3,1110,vague_x3
00000008026,0.7,medium,number theory,2,4,3,3,3,973,vague_x3|no_quant
00000008043,0.7,medium,number theory,2,3,3,3,3,947,vague_x3|no_quant
00000008065,0.7,medium,combinatorics / discrete,2,3,3,2,4,1020,vague_x3|no_quant
00000008076,0.7,medium,number theory,2,3,3,2,3,961,vague_x3|no_quant
00000008172,0.7,medium,number theory,2,3,3,3,3,936,vague_x3|no_quant
00000008173,0.7,medium,number theory,2,2,3,2,2,1057,vague_x3|no_quant
00000008175,0.7,medium,number theory,2,2,3,2,4,1033,vague_x3|no_quant
00000008176,0.7,medium,number theory,4,4,3,4,5,1191,vague_x3
00000008179,0.7,medium,algebra / representation theory,2,3,3,3,3,977,vague_x3|no_quant
00000008198,0.7,medium,logic / complexity,2,2,3,2,4,1011,vague_x3|no_quant
00000008203,0.7,medium,algebra / representation theory,2,4,2,4,3,1013,vague_x3|no_quant
00000008216,0.7,medium,algebra / representation theory,2,3,2,2,2,1041,vague_x3|no_quant
00000008235,0.7,medium,number theory,1,2,3,2,4,1101,vague_x3|no_quant
00000008240,0.7,medium,algebra / representation theory,4,3,3,2,3,1038,vague_x3
00000008251,0.7,medium,number theory,2,3,3,3,5,987,vague_x3|no_quant
00000008252,0.7,medium,probability,2,2,3,2,3,930,vague_x3|no_quant
00000008257,0.7,medium,number theory,2,2,3,2,4,891,vague_x3|no_quant
00000008258,0.7,medium,probability,2,2,3,2,3,883,vague_x3|no_quant
00000008259,0.7,medium,number theory,2,2,3,2,4,878,vague_x3|no_quant
00000008263,0.7,medium,probability,2,2,3,2,4,909,vague_x3|no_quant
00000008267,0.7,medium,number theory,1,2,3,2,4,853,vague_x3|no_quant
00000008275,0.7,medium,probability,4,3,3,3,5,923,vague_x3
00000008276,0.7,medium,probability,4,3,3,3,4,1050,vague_x3
00000008281,0.7,medium,algebra / representation theory,2,3,3,3,4,867,vague_x3|no_quant
00000008282,0.7,medium,algebra / representation theory,2,2,3,2,4,1156,vague_x3|no_quant
00000008283,0.7,medium,algebra / representation theory,2,3,3,3,4,952,vague_x3|no_quant
00000008289,0.7,medium,algebra / representation theory,2,3,3,3,3,953,vague_x3|no_quant
00000008290,0.7,medium,algebra / representation theory,2,2,3,2,5,1020,vague_x3|no_quant
00000008298,0.7,medium,number theory,2,3,2,2,2,985,vague_x3|no_quant
00000008324,0.7,medium,combinatorics / discrete,2,3,3,2,4,919,vague_x3|no_quant
00000008331,0.7,medium,number theory,4,4,3,3,3,1078,vague_x3
00000008332,0.7,medium,number theory,2,3,3,2,4,918,vague_x3|no_quant
00000008338,0.7,medium,probability,2,3,3,2,4,956,vague_x3|no_quant
00000008349,0.7,medium,number theory,2,2,3,2,2,1077,vague_x3|no_quant
00000008353,0.7,medium,algebraic geometry,2,3,2,2,4,998,vague_x3|no_quant
00000008366,0.7,medium,number theory,2,3,3,3,3,1040,vague_x3|no_quant
00000008417,0.7,medium,combinatorics / discrete,4,4,3,4,3,587,vague_x3
00000008436,0.7,medium,number theory,2,2,3,2,4,484,vague_x3|no_quant
00000008452,0.7,medium,topology / geometry,2,2,3,2,3,410,vague_x3|no_quant
00000008473,0.7,medium,analysis / PDE / dynamics,2,3,2,2,3,925,vague_x3|no_quant
00000008474,0.7,medium,number theory,4,4,3,3,3,785,vague_x3
00000008476,0.7,medium,analysis / PDE / dynamics,3,4,2,3,3,936,vague_x3
00000008481,0.7,medium,number theory,2,2,3,2,3,652,vague_x3|no_quant
00000008496,0.7,medium,probability,2,3,3,2,4,815,vague_x3|no_quant
00000008498,0.7,medium,analysis / PDE / dynamics,2,3,3,3,4,754,vague_x3|no_quant
00000008500,0.7,medium,number theory,2,3,2,2,5,847,vague_x3|no_quant
00000008515,0.7,medium,number theory,2,2,3,2,5,454,vague_x3|no_quant
00000008533,0.7,medium,number theory,4,3,3,2,4,458,vague_x3
00000008578,0.7,medium,analysis / PDE / dynamics,2,3,3,3,4,749,vague_x3|no_quant
00000008592,0.7,medium,analysis / PDE / dynamics,4,4,3,4,4,488,vague_x3
00000008596,0.7,medium,number theory,2,2,3,2,5,397,vague_x3|no_quant
00000008604,0.7,medium,probability,2,2,3,2,3,399,vague_x3|no_quant
00000008614,0.7,medium,analysis / PDE / dynamics,2,3,3,3,4,391,vague_x3|no_quant
00000008618,0.7,medium,probability,2,2,3,2,4,377,vague_x3|no_quant
00000008668,0.7,medium,number theory,2,3,2,2,5,951,vague_x3|no_quant
00000008674,0.7,medium,number theory,4,2,3,2,2,768,vague_x3
00000008683,0.7,medium,analysis / PDE / dynamics,1,2,3,2,4,783,vague_x3|no_quant
00000008690,0.7,medium,topology / geometry,2,2,3,2,4,621,vague_x3|no_quant
00000008707,0.7,medium,analysis / PDE / dynamics,2,2,3,2,4,444,vague_x3|no_quant
00000008718,0.7,medium,probability,2,2,3,2,3,745,vague_x3|no_quant
00000008737,0.7,medium,analysis / PDE / dynamics,2,2,3,2,5,606,vague_x3|no_quant
00000008741,0.7,medium,number theory,4,2,3,2,3,768,vague_x3
00000008762,0.7,medium,number theory,4,5,2,5,3,539,vague_x3|grand
00000008771,0.7,medium,probability,2,2,3,2,4,750,vague_x3|no_quant
00000008772,0.7,medium,number theory,2,3,3,3,4,703,vague_x3|no_quant
00000008774,0.7,medium,probability,2,2,3,2,4,604,vague_x3|no_quant
00000008776,0.7,medium,probability,2,3,3,3,3,953,vague_x3|no_quant
00000008778,0.7,medium,probability,2,2,3,2,4,584,vague_x3|no_quant
00000008785,0.7,medium,analysis / PDE / dynamics,4,4,3,4,4,861,vague_x3
00000008792,0.7,medium,probability,2,2,3,2,3,526,vague_x3|no_quant
00000008802,0.7,medium,analysis / PDE / dynamics,2,2,3,2,3,751,vague_x3|no_quant
00000008807,0.7,medium,probability,2,2,3,2,5,367,vague_x3|no_quant
00000008819,0.7,medium,analysis / PDE / dynamics,4,3,3,3,4,932,vague_x3
00000008820,0.7,medium,number theory,2,2,3,2,3,1132,vague_x3|no_quant
00000008828,0.7,medium,analysis / PDE / dynamics,2,2,3,2,5,409,vague_x3|no_quant
00000008830,0.7,medium,number theory,1,2,3,2,4,377,vague_x3|no_quant
00000008859,0.7,medium,algebraic geometry,3,2,3,2,3,1003,vague_x3
00000008880,0.7,medium,algebraic geometry,2,2,3,2,4,375,vague_x3|no_quant
00000008881,0.7,medium,number theory,2,4,2,3,4,380,vague_x3|no_quant
00000008917,0.7,medium,number theory,2,2,3,2,4,399,vague_x3|no_quant
00000009043,0.7,medium,analysis / PDE / dynamics,2,3,3,2,4,491,vague_x3|no_quant
00000009051,0.7,medium,number theory,2,4,3,3,4,346,vague_x3|no_quant
00000009052,0.7,medium,number theory,2,3,3,2,4,352,vague_x3|no_quant
00000009053,0.7,medium,analysis / PDE / dynamics,2,4,3,3,4,325,vague_x3|no_quant
00000009132,0.7,medium,number theory,2,3,3,3,4,392,vague_x3|no_quant
00000009179,0.7,medium,combinatorics / discrete,2,2,3,2,4,348,vague_x3|no_quant
00000009257,0.7,medium,analysis / PDE / dynamics,2,2,3,2,4,320,vague_x3|no_quant
00000009277,0.7,medium,combinatorics / discrete,2,2,3,2,4,370,vague_x3|no_quant
00000009435,0.7,medium,number theory,2,2,3,2,4,361,vague_x3|no_quant
00000009516,0.7,medium,number theory,2,2,3,2,4,384,vague_x3|no_quant
00000009535,0.7,medium,probability,4,4,3,4,3,798,vague_x3
00000009536,0.7,medium,analysis / PDE / dynamics,2,2,3,2,4,828,vague_x3|no_quant
00000009537,0.7,medium,probability,2,2,3,2,2,892,vague_x3|no_quant
00000009541,0.7,medium,probability,4,3,3,2,4,738,vague_x3
00000009549,0.7,medium,analysis / PDE / dynamics,4,3,3,3,3,763,vague_x3
00000009551,0.7,medium,analysis / PDE / dynamics,4,4,3,4,4,902,vague_x3
00000009552,0.7,medium,combinatorics / discrete,4,3,3,3,5,789,vague_x3
00000009566,0.7,medium,analysis / PDE / dynamics,4,5,3,5,5,726,vague_x3
00000009579,0.7,medium,probability,2,4,3,3,5,798,vague_x3|no_quant
00000009606,0.7,medium,analysis / PDE / dynamics,2,3,3,2,3,702,vague_x3|no_quant
00000009614,0.7,medium,analysis / PDE / dynamics,2,4,2,3,4,685,vague_x3|no_quant
00000009619,0.7,medium,number theory,2,2,3,1,1,757,vague_x3|no_quant
00000009622,0.7,medium,analysis / PDE / dynamics,2,2,3,2,3,723,vague_x3|no_quant
00000009630,0.7,medium,analysis / PDE / dynamics,4,3,3,3,2,722,vague_x3
00000009639,0.7,medium,number theory,2,3,2,2,3,676,vague_x3|no_quant
00000009642,0.7,medium,analysis / PDE / dynamics,4,4,3,3,3,726,vague_x3
00000009644,0.7,medium,analysis / PDE / dynamics,2,3,3,3,5,709,vague_x3|no_quant
00000009645,0.7,medium,probability,2,3,3,3,5,720,vague_x3|no_quant
00000009647,0.7,medium,analysis / PDE / dynamics,2,3,3,2,4,589,vague_x3|no_quant
00000009650,0.7,medium,combinatorics / discrete,4,4,3,4,4,701,vague_x3
00000009654,0.7,medium,analysis / PDE / dynamics,2,2,3,2,5,560,vague_x3|no_quant
00000009657,0.7,medium,number theory,4,4,3,3,3,680,vague_x3
00000009659,0.7,medium,probability,2,4,3,3,4,616,vague_x3|no_quant
00000009666,0.7,medium,analysis / PDE / dynamics,2,3,3,3,5,668,vague_x3|no_quant
00000009668,0.7,medium,analysis / PDE / dynamics,2,3,3,3,5,605,vague_x3|no_quant
00000009670,0.7,medium,probability,2,2,3,2,3,570,vague_x3|no_quant
00000009671,0.7,medium,number theory,2,4,2,3,4,753,vague_x3|no_quant
00000009672,0.7,medium,algebraic geometry,2,3,2,2,5,585,vague_x3|no_quant
00000009676,0.7,medium,number theory,2,3,3,3,5,565,vague_x3|no_quant
00000009678,0.7,medium,number theory,1,2,3,2,3,663,vague_x3|no_quant
00000009686,0.7,medium,analysis / PDE / dynamics,2,2,3,2,3,631,vague_x3|no_quant
00000009688,0.7,medium,number theory,4,3,3,2,3,543,vague_x3
00000009692,0.7,medium,number theory,4,3,3,2,2,561,vague_x3
00000009694,0.7,medium,number theory,4,4,3,4,4,688,vague_x3
00000009701,0.7,medium,number theory,2,3,3,3,4,735,vague_x3|no_quant
00000009707,0.7,medium,algebra / representation theory,2,2,3,2,5,569,vague_x3|no_quant
00000009733,0.7,medium,combinatorics / discrete,4,2,3,2,3,558,vague_x3
00000009734,0.7,medium,analysis / PDE / dynamics,2,2,3,2,4,479,vague_x3|no_quant
00000009757,0.7,medium,logic / complexity,4,3,3,2,4,507,vague_x3
00000009761,0.7,medium,analysis / PDE / dynamics,2,5,2,4,2,753,vague_x3|no_quant
00000009762,0.7,medium,analysis / PDE / dynamics,2,4,3,4,4,673,vague_x3|no_quant
00000009767,0.7,medium,analysis / PDE / dynamics,1,2,3,2,4,577,vague_x3|no_quant
00000009771,0.7,medium,analysis / PDE / dynamics,4,3,3,2,3,606,vague_x3
00000009776,0.7,medium,analysis / PDE / dynamics,2,4,3,3,4,571,vague_x3|no_quant
00000009777,0.7,medium,analysis / PDE / dynamics,1,3,3,3,3,548,vague_x3|no_quant
00000009779,0.7,medium,analysis / PDE / dynamics,2,4,3,4,2,596,vague_x3|no_quant
00000009782,0.7,medium,analysis / PDE / dynamics,2,3,3,3,4,571,vague_x3|no_quant
00000009787,0.7,medium,analysis / PDE / dynamics,2,5,2,4,3,584,vague_x3|no_quant
00000009788,0.7,medium,analysis / PDE / dynamics,2,4,3,3,3,555,vague_x3|no_quant
00000009802,0.7,medium,analysis / PDE / dynamics,1,2,3,2,4,589,vague_x3|no_quant
00000009822,0.7,medium,combinatorics / discrete,2,3,3,2,3,658,vague_x3|no_quant
00000009825,0.7,medium,analysis / PDE / dynamics,2,3,3,2,3,549,vague_x3|no_quant
00000009832,0.7,medium,analysis / PDE / dynamics,2,3,3,2,3,537,vague_x3|no_quant
00000009842,0.7,medium,probability,2,2,3,2,4,586,vague_x3|no_quant
00000009848,0.7,medium,analysis / PDE / dynamics,2,4,3,3,4,538,vague_x3|no_quant
00000009850,0.7,medium,analysis / PDE / dynamics,2,2,3,2,4,568,vague_x3|no_quant
00000009871,0.7,medium,probability,2,2,3,2,5,546,vague_x3|no_quant
00000009875,0.7,medium,analysis / PDE / dynamics,4,4,2,3,5,561,vague_x3
00000009899,0.7,medium,number theory,2,3,3,2,4,596,vague_x3|no_quant
00000009913,0.7,medium,topology / geometry,2,2,3,2,3,597,vague_x3|no_quant
00000009916,0.7,medium,topology / geometry,2,3,3,3,4,488,vague_x3|no_quant
00000009925,0.7,medium,topology / geometry,2,2,3,2,5,479,vague_x3|no_quant
00000009929,0.7,medium,analysis / PDE / dynamics,2,2,3,2,5,579,vague_x3|no_quant
00000009942,0.7,medium,number theory,2,4,2,3,4,642,vague_x3|no_quant
00000009946,0.7,medium,analysis / PDE / dynamics,2,3,2,2,4,598,vague_x3|no_quant
00000009949,0.7,medium,topology / geometry,2,2,3,1,1,624,vague_x3|no_quant
00000009955,0.7,medium,analysis / PDE / dynamics,2,2,3,2,4,629,vague_x3|no_quant
00000009959,0.7,medium,algebra / representation theory,2,2,3,2,5,597,vague_x3|no_quant
00000009970,0.7,medium,topology / geometry,2,4,3,4,5,664,vague_x3|no_quant
00000009972,0.7,medium,number theory,2,4,3,4,3,578,vague_x3|no_quant
00000009989,0.7,medium,algebra / representation theory,2,2,3,2,4,627,vague_x3|no_quant
00000009994,0.7,medium,algebra / representation theory,2,3,3,3,4,588,vague_x3|no_quant
00000000003,0.75,high,number theory,2,3,3,2,2,292,no_def
00000000006,0.75,high,number theory,4,3,3,3,4,318,no_def
00000000011,0.75,high,number theory,2,5,2,5,4,269,no_def|grand|no_quant
00000000012,0.75,high,general / other,4,3,3,3,4,450,
00000000016,0.75,high,number theory,2,2,3,2,4,262,no_def|no_quant
00000000017,0.75,high,number theory,4,3,3,3,4,353,no_def
00000000018,0.75,high,number theory,2,3,3,3,3,263,no_def|no_quant
00000000021,0.75,high,number theory,2,2,3,2,3,295,no_def|no_quant
00000000023,0.75,high,number theory,3,2,3,2,2,268,no_def
00000000024,0.75,high,number theory,2,2,3,2,4,292,no_def|no_quant
00000000032,0.75,high,number theory,4,3,3,3,5,327,no_def
00000000036,0.75,high,number theory,4,3,3,2,2,307,no_def
00000000041,0.75,high,number theory,1,5,2,5,4,310,no_def|grand|no_quant
00000000042,0.75,high,number theory,1,4,2,2,2,277,no_def|no_quant
00000000044,0.75,high,number theory,4,3,3,2,4,333,no_def
00000000048,0.75,high,number theory,3,3,3,2,3,292,no_def
00000000056,0.75,high,combinatorics / discrete,2,2,3,2,4,251,no_def|no_quant
00000000059,0.75,high,number theory,4,3,3,2,3,338,no_def
00000000060,0.75,high,number theory,3,4,3,3,5,255,no_def
00000000061,0.75,high,number theory,3,2,3,2,3,288,no_def
00000000065,0.75,high,number theory,3,3,3,2,2,347,no_def
00000000066,0.75,high,number theory,3,3,3,3,4,274,no_def
00000000069,0.75,high,number theory,2,2,3,2,4,324,no_def|no_quant
00000000070,0.75,high,analysis / PDE / dynamics,3,3,3,2,3,274,no_def
00000000071,0.75,high,number theory,2,2,3,2,2,339,no_def|no_quant
00000000072,0.75,high,probability,3,2,3,2,4,324,no_def
00000000074,0.75,high,number theory,3,2,3,2,3,287,no_def
00000000075,0.75,high,number theory,2,2,3,2,4,411,no_def|no_quant
00000000079,0.75,high,number theory,3,3,3,2,2,282,no_def
00000000083,0.75,high,number theory,3,3,3,2,2,278,no_def
00000000084,0.75,high,number theory,3,3,3,2,3,342,no_def
00000000085,0.75,high,number theory,3,2,3,2,3,284,no_def
00000000086,0.75,high,general / other,3,2,3,2,3,388,no_quant
00000000088,0.75,high,number theory,3,3,3,2,2,250,no_def
00000000090,0.75,high,number theory,3,3,3,2,2,259,no_def
00000000092,0.75,high,algebra / representation theory,3,3,2,2,3,279,no_def
00000000093,0.75,high,number theory,3,3,3,2,3,253,no_def
00000000096,0.75,high,number theory,4,3,3,2,2,306,no_def
00000000098,0.75,high,number theory,4,4,3,3,2,366,no_def
00000000104,0.75,high,number theory,2,4,3,4,3,265,no_def|no_quant
00000000106,0.75,high,number theory,3,3,3,2,2,299,no_def
00000000109,0.75,high,topology / geometry,3,3,3,3,4,288,no_def
00000000111,0.75,high,number theory,4,3,3,1,1,332,no_def
00000000112,0.75,high,number theory,4,4,3,3,2,370,no_def
00000000114,0.75,high,number theory,4,3,3,3,4,348,no_def
00000000122,0.75,high,number theory,3,4,3,3,2,256,no_def
00000000123,0.75,high,number theory,3,3,3,2,2,268,no_def
00000000124,0.75,high,number theory,2,2,3,2,4,272,no_def|no_quant
00000000125,0.75,high,number theory,1,2,3,2,5,296,no_def|no_quant
00000000126,0.75,high,number theory,3,3,3,2,2,269,no_def
00000000127,0.75,high,number theory,3,3,3,2,2,268,no_def
00000000129,0.75,high,number theory,3,3,3,2,2,292,no_def
00000000134,0.75,high,number theory,2,3,3,3,3,285,no_def|no_quant
00000000135,0.75,high,number theory,3,5,2,5,4,271,no_def|grand
00000000137,0.75,high,number theory,4,3,3,3,5,360,no_def
00000000140,0.75,high,number theory,1,2,3,2,5,396,no_def|no_quant
00000000141,0.75,high,number theory,2,3,3,3,5,527,no_def
00000000142,0.75,high,number theory,2,2,3,2,3,334,no_def|no_quant
00000000143,0.75,high,number theory,2,2,3,2,4,413,no_def|no_quant
00000000145,0.75,high,number theory,2,2,3,2,3,273,no_def|no_quant
00000000146,0.75,high,probability,2,2,3,1,2,346,no_def|no_quant
00000000149,0.75,high,number theory,4,3,2,2,4,382,no_def
00000000152,0.75,high,number theory,4,4,3,3,3,346,no_def
00000000153,0.75,high,number theory,3,3,3,2,2,276,no_def
00000000155,0.75,high,number theory,2,2,3,2,4,259,no_def|no_quant
00000000157,0.75,high,number theory,4,3,3,2,3,318,no_def
00000000159,0.75,high,number theory,3,3,3,2,2,283,no_def
00000000160,0.75,high,number theory,3,3,3,2,2,268,no_def
00000000161,0.75,high,probability,2,2,3,2,2,330,no_def|no_quant
00000000162,0.75,high,number theory,4,3,3,2,2,340,no_def
00000000163,0.75,high,number theory,2,2,3,2,2,285,no_def|no_quant
00000000164,0.75,high,number theory,2,4,3,3,4,312,no_def|no_quant
00000000165,0.75,high,number theory,2,2,3,2,3,378,no_def|no_quant
00000000170,0.75,high,general / other,5,3,3,3,5,583,
00000000172,0.75,high,general / other,3,2,3,2,4,459,no_quant
00000000182,0.75,high,general / other,3,2,3,2,3,485,no_quant
00000000184,0.75,high,general / other,3,2,3,2,4,315,no_quant
00000000187,0.75,high,general / other,3,3,3,3,2,542,no_quant
00000000196,0.75,high,general / other,3,2,3,2,3,517,no_quant
00000000197,0.75,high,general / other,3,2,3,2,2,475,no_quant
00000000205,0.75,high,general / other,5,3,3,3,4,354,
00000000207,0.75,high,general / other,3,2,3,2,5,373,no_quant
00000000208,0.75,high,general / other,5,2,3,2,4,478,
00000000235,0.75,high,general / other,3,2,3,2,3,286,no_quant
00000000236,0.75,high,general / other,5,2,3,2,3,333,
00000000237,0.75,high,general / other,3,2,3,2,4,434,no_quant
00000000239,0.75,high,general / other,3,2,3,2,5,356,no_quant
00000000251,0.75,high,general / other,5,2,3,2,3,451,
00000000265,0.75,high,general / other,5,2,3,2,2,454,
00000000278,0.75,high,general / other,5,3,3,3,4,781,
00000000285,0.75,high,general / other,3,2,3,2,2,399,no_quant
00000000286,0.75,high,general / other,3,2,3,2,3,289,no_quant
00000000289,0.75,high,general / other,5,2,3,2,4,393,
00000000301,0.75,high,general / other,5,2,3,1,2,503,
00000000302,0.75,high,general / other,3,2,3,2,2,290,no_quant
00000000303,0.75,high,general / other,3,2,3,2,2,254,no_quant
00000000304,0.75,high,general / other,5,3,2,2,2,323,
00000000305,0.75,high,general / other,4,2,3,1,1,655,
00000000306,0.75,high,general / other,5,2,3,2,2,431,
00000000310,0.75,high,general / other,5,2,3,1,1,537,
00000000318,0.75,high,general / other,3,2,3,2,3,492,no_quant
00000000319,0.75,high,general / other,5,2,3,2,4,471,
00000000321,0.75,high,general / other,5,2,3,2,3,501,
00000000322,0.75,high,general / other,4,2,3,2,2,296,
00000000326,0.75,high,general / other,5,3,3,3,4,391,
00000000328,0.75,high,general / other,2,2,3,2,4,469,no_quant
00000000331,0.75,high,general / other,5,3,3,2,2,460,
00000000334,0.75,high,number theory,4,4,3,4,4,318,no_def
00000000337,0.75,high,analysis / PDE / dynamics,2,2,3,2,2,265,no_def|no_quant
00000000340,0.75,high,general / other,4,2,3,2,2,285,
00000000342,0.75,high,general / other,2,2,3,2,4,285,no_quant
00000000347,0.75,high,logic / complexity,3,2,3,2,3,283,no_def
00000000350,0.75,high,general / other,3,2,3,2,2,452,no_quant
00000000353,0.75,high,general / other,4,2,3,2,4,395,
00000000354,0.75,high,general / other,3,2,3,2,4,426,no_quant
00000000356,0.75,high,general / other,3,2,3,2,2,403,no_quant
00000000358,0.75,high,general / other,3,2,3,3,3,308,no_quant
00000000362,0.75,high,general / other,3,2,3,1,1,379,no_quant
00000000371,0.75,high,general / other,4,2,3,2,4,263,
00000000374,0.75,high,general / other,5,2,3,2,2,431,
00000000382,0.75,high,general / other,3,2,3,2,3,399,no_quant
00000000384,0.75,high,general / other,2,2,3,2,3,274,no_quant
00000000388,0.75,high,general / other,5,2,3,2,3,475,
00000000395,0.75,high,analysis / PDE / dynamics,2,2,3,2,2,259,no_def|no_quant
00000000396,0.75,high,general / other,5,3,3,3,4,391,
00000000397,0.75,high,general / other,3,2,3,2,5,401,no_quant
00000000398,0.75,high,combinatorics / discrete,3,2,3,2,3,281,no_def
00000000404,0.75,high,general / other,5,2,3,2,3,313,
00000000408,0.75,high,general / other,5,2,3,1,1,334,
00000000409,0.75,high,general / other,3,2,3,2,2,269,no_quant
00000000411,0.75,high,general / other,3,2,3,2,2,430,no_quant
00000000417,0.75,high,general / other,3,2,2,2,4,606,no_quant
00000000437,0.75,high,general / other,3,2,3,1,2,455,no_quant
00000000448,0.75,high,general / other,3,2,3,2,4,421,no_quant
00000000449,0.75,high,general / other,3,3,2,3,3,477,no_quant
00000000450,0.75,high,general / other,5,2,3,1,2,344,
00000000452,0.75,high,general / other,3,3,3,3,4,372,no_quant
00000000456,0.75,high,general / other,5,2,2,2,3,310,
00000000459,0.75,high,general / other,5,2,3,2,3,351,
00000000462,0.75,high,general / other,3,2,3,2,4,369,no_quant
00000000465,0.75,high,general / other,3,2,2,2,2,401,no_quant
00000000480,0.75,high,general / other,3,2,3,2,4,352,no_quant
00000000482,0.75,high,general / other,3,2,3,2,3,328,no_quant
00000000485,0.75,high,general / other,3,2,3,2,3,338,no_quant
00000000486,0.75,high,general / other,2,2,3,2,4,533,no_quant
00000000489,0.75,high,general / other,3,2,3,2,4,433,no_quant
00000000497,0.75,high,general / other,3,2,3,1,3,484,no_quant
00000000503,0.75,high,general / other,3,2,2,2,2,466,no_quant
00000000507,0.75,high,general / other,4,2,3,2,3,253,
00000000514,0.75,high,general / other,3,2,3,2,4,449,no_quant
00000000525,0.75,high,general / other,3,2,3,2,2,388,no_quant
00000000529,0.75,high,general / other,3,2,2,2,3,343,no_quant
00000000547,0.75,high,general / other,3,2,3,2,4,416,no_quant
00000000552,0.75,high,general / other,3,2,3,2,4,422,no_quant
00000000558,0.75,high,general / other,3,2,3,2,3,475,no_quant
00000000560,0.75,high,general / other,3,2,3,2,4,372,no_quant
00000000570,0.75,high,general / other,5,3,2,2,2,313,
00000000599,0.75,high,general / other,5,2,3,2,3,385,
00000000604,0.75,high,number theory,3,3,3,3,3,317,no_def
00000000627,0.75,high,topology / geometry,4,3,3,3,2,303,no_def
00000000633,0.75,high,topology / geometry,4,4,3,3,3,360,no_def
00000000637,0.75,high,general / other,5,2,3,2,2,335,
00000000643,0.75,high,number theory,2,2,3,2,4,273,no_def|no_quant
00000000649,0.75,high,general / other,3,2,3,2,4,303,no_quant
00000000660,0.75,high,number theory,2,3,2,2,3,336,no_def|no_quant
00000000670,0.75,high,topology / geometry,1,2,3,2,5,297,no_def|no_quant
00000000672,0.75,high,number theory,3,3,3,3,3,297,no_def
00000000676,0.75,high,general / other,3,2,3,2,4,347,no_quant
00000000692,0.75,high,general / other,3,2,3,2,3,266,no_quant
00000000695,0.75,high,topology / geometry,4,3,3,2,2,356,no_def
00000000699,0.75,high,topology / geometry,1,2,3,2,3,283,no_def|no_quant
00000000706,0.75,high,number theory,2,4,3,4,3,282,no_def|no_quant
00000000721,0.75,high,general / other,4,2,3,2,2,493,
00000000726,0.75,high,general / other,3,2,2,2,4,363,no_quant
00000000727,0.75,high,number theory,3,3,3,2,3,267,no_def
00000000742,0.75,high,analysis / PDE / dynamics,1,2,3,2,3,285,no_def|no_quant
00000000745,0.75,high,analysis / PDE / dynamics,2,3,3,2,2,259,no_def|no_quant
00000000752,0.75,high,number theory,2,4,3,4,4,331,no_def|no_quant
00000000761,0.75,high,algebra / representation theory,2,3,3,2,3,273,no_def|no_quant
00000000770,0.75,high,general / other,3,2,2,2,3,336,no_quant
00000000774,0.75,high,general / other,3,2,3,2,2,335,no_quant
00000000775,0.75,high,general / other,3,2,3,2,3,388,no_quant
00000000776,0.75,high,number theory,4,2,3,2,2,300,no_def
00000000777,0.75,high,general / other,3,2,3,2,4,354,no_quant
00000000778,0.75,high,number theory,1,3,2,3,4,276,no_def|no_quant
00000000783,0.75,high,general / other,5,2,3,2,4,465,
00000000785,0.75,high,number theory,2,3,3,3,2,267,no_def|no_quant
00000000799,0.75,high,number theory,2,2,3,2,3,253,no_def|no_quant
00000000804,0.75,high,general / other,4,2,3,2,2,512,
00000000808,0.75,high,number theory,1,2,3,2,4,299,no_def|no_quant
00000000831,0.75,high,combinatorics / discrete,2,3,3,2,4,303,no_def|no_quant
00000000836,0.75,high,analysis / PDE / dynamics,2,4,3,3,4,392,no_def|no_quant
00000000843,0.75,high,topology / geometry,1,2,3,2,3,299,no_def|no_quant
00000000849,0.75,high,general / other,3,2,3,2,3,552,no_quant
00000000851,0.75,high,general / other,3,2,3,2,3,417,no_quant
00000000854,0.75,high,topology / geometry,3,2,3,2,4,254,no_def
00000000855,0.75,high,general / other,3,2,3,2,4,336,no_quant
00000000860,0.75,high,general / other,5,2,3,2,3,332,
00000000863,0.75,high,topology / geometry,3,4,3,3,2,284,no_def
00000000865,0.75,high,topology / geometry,2,2,3,2,2,275,no_def|no_quant
00000000867,0.75,high,algebraic geometry,2,2,3,2,4,257,no_def|no_quant
00000000875,0.75,high,general / other,3,2,3,2,4,400,no_quant
00000000876,0.75,high,analysis / PDE / dynamics,3,2,3,2,3,312,no_def
00000000878,0.75,high,general / other,3,2,3,2,3,624,no_quant
00000000882,0.75,high,topology / geometry,2,2,3,2,3,354,no_def|no_quant
00000000883,0.75,high,general / other,3,2,3,2,4,376,no_quant
00000000886,0.75,high,general / other,5,2,3,2,3,343,
00000000888,0.75,high,number theory,1,2,3,2,4,252,no_def|no_quant
00000000895,0.75,high,number theory,2,4,3,4,2,301,no_def|no_quant
00000000896,0.75,high,general / other,3,2,3,2,5,479,no_quant
00000000897,0.75,high,analysis / PDE / dynamics,3,2,3,2,3,262,no_def
00000000899,0.75,high,number theory,2,2,3,2,3,308,no_def|no_quant
00000000900,0.75,high,general / other,4,2,3,2,3,318,
00000000901,0.75,high,general / other,5,3,2,2,3,309,
00000000904,0.75,high,general / other,3,2,3,2,2,375,no_quant
00000000906,0.75,high,number theory,3,3,3,2,4,293,no_def
00000000908,0.75,high,number theory,2,2,3,2,4,317,no_def|no_quant
00000000916,0.75,high,general / other,4,3,3,2,4,573,
00000000919,0.75,high,number theory,2,2,3,2,3,298,no_def|no_quant
00000000928,0.75,high,analysis / PDE / dynamics,4,5,2,5,4,338,no_def|grand
00000000930,0.75,high,general / other,5,2,3,2,4,350,
00000000945,0.75,high,analysis / PDE / dynamics,3,2,3,2,4,287,no_def
00000000948,0.75,high,analysis / PDE / dynamics,1,2,3,2,3,279,no_def|no_quant
00000000966,0.75,high,probability,1,2,3,2,4,293,no_def|no_quant
00000000974,0.75,high,general / other,3,2,3,2,2,438,no_quant
00000000981,0.75,high,analysis / PDE / dynamics,3,5,2,5,5,263,no_def
00000000982,0.75,high,general / other,3,2,3,2,2,305,no_quant
00000000994,0.75,high,analysis / PDE / dynamics,4,3,3,2,3,300,no_def
00000001000,0.75,high,general / other,5,2,3,2,3,500,
00000001001,0.75,high,general / other,3,2,3,2,4,559,no_quant
00000001003,0.75,high,general / other,4,2,3,2,3,402,
00000001004,0.75,high,general / other,4,3,3,3,4,447,
00000001006,0.75,high,general / other,4,2,3,2,2,285,
00000001009,0.75,high,combinatorics / discrete,1,2,3,2,3,283,no_def|no_quant
00000001010,0.75,high,general / other,3,2,3,2,3,363,no_quant
00000001011,0.75,high,number theory,2,2,3,2,3,260,no_def|no_quant
00000001015,0.75,high,combinatorics / discrete,2,3,3,2,1,267,no_def|no_quant
00000001022,0.75,high,logic / complexity,4,3,3,3,5,326,no_def
00000001023,0.75,high,general / other,3,2,3,2,3,351,no_quant
00000001024,0.75,high,general / other,3,2,3,2,3,288,no_quant
00000001025,0.75,high,number theory,2,2,3,2,3,350,no_def|no_quant
00000001026,0.75,high,general / other,3,2,3,2,3,326,no_quant
00000001030,0.75,high,combinatorics / discrete,2,2,3,2,3,253,no_def|no_quant
00000001037,0.75,high,general / other,4,2,3,2,3,282,
00000001040,0.75,high,number theory,2,2,3,2,3,277,no_def|no_quant
00000001041,0.75,high,general / other,2,2,3,2,4,268,no_quant
00000001048,0.75,high,number theory,2,2,3,2,4,252,no_def|no_quant
00000001050,0.75,high,number theory,4,3,3,2,4,330,no_def
00000001053,0.75,high,combinatorics / discrete,2,2,3,2,4,259,no_def|no_quant
00000001058,0.75,high,algebraic geometry,1,2,3,1,3,259,no_def|no_quant
00000001063,0.75,high,general / other,4,3,3,3,4,456,
00000001065,0.75,high,general / other,5,2,3,2,2,344,
00000001067,0.75,high,general / other,3,2,3,2,3,284,no_quant
00000001068,0.75,high,general / other,3,2,3,2,2,373,no_quant
00000001069,0.75,high,number theory,2,2,3,2,3,307,no_def|no_quant
00000001074,0.75,high,probability,2,2,3,2,5,283,no_def|no_quant
00000001077,0.75,high,general / other,3,2,3,2,4,405,no_quant
00000001080,0.75,high,general / other,4,2,3,2,3,474,
00000001081,0.75,high,algebra / representation theory,2,3,3,2,4,293,no_def|no_quant
00000001084,0.75,high,number theory,2,2,3,2,3,277,no_def|no_quant
00000001091,0.75,high,general / other,3,2,3,2,3,298,no_quant
00000001092,0.75,high,general / other,3,2,3,2,2,350,no_quant
00000001094,0.75,high,general / other,4,3,3,4,4,348,
00000001098,0.75,high,general / other,3,2,3,2,3,319,no_quant
00000001100,0.75,high,general / other,3,2,3,2,4,451,no_quant
00000001112,0.75,high,number theory,2,4,3,4,3,297,no_def|no_quant
00000001123,0.75,high,algebra / representation theory,2,2,3,2,4,268,no_def|no_quant
00000001131,0.75,high,algebraic geometry,1,3,3,4,4,274,no_def|no_quant
00000001132,0.75,high,algebraic geometry,2,2,3,2,4,278,no_def|no_quant
00000001134,0.75,high,algebraic geometry,2,2,3,2,3,317,no_def|no_quant
00000001137,0.75,high,algebraic geometry,2,3,3,3,4,292,no_def|no_quant
00000001154,0.75,high,general / other,3,2,3,2,3,299,no_quant
00000001162,0.75,high,number theory,1,3,3,2,1,283,no_def|no_quant
00000001171,0.75,high,number theory,2,3,3,3,3,498,no_def|no_quant
00000001175,0.75,high,general / other,5,2,3,1,2,403,
00000001177,0.75,high,algebra / representation theory,2,2,3,2,4,256,no_def|no_quant
00000001179,0.75,high,number theory,3,3,3,2,4,251,no_def
00000001181,0.75,high,number theory,2,2,3,2,3,261,no_def|no_quant
00000001183,0.75,high,general / other,3,2,3,2,4,434,no_quant
00000001194,0.75,high,number theory,2,2,3,2,3,374,no_def|no_quant
00000001196,0.75,high,general / other,3,2,3,2,2,467,no_quant
00000001197,0.75,high,number theory,2,3,3,3,2,261,no_def|no_quant
00000001199,0.75,high,number theory,2,2,3,2,3,295,no_def|no_quant
00000001200,0.75,high,analysis / PDE / dynamics,2,3,3,3,4,316,no_def|no_quant
00000001201,0.75,high,general / other,3,2,3,2,2,467,no_quant
00000001202,0.75,high,general / other,5,2,3,2,2,380,
00000001203,0.75,high,general / other,3,2,3,2,2,469,no_quant
00000001204,0.75,high,general / other,5,2,3,2,3,376,
00000001206,0.75,high,general / other,3,2,3,2,4,310,no_quant
00000001216,0.75,high,general / other,4,2,3,2,2,467,
00000001219,0.75,high,general / other,3,2,3,2,3,262,no_quant
00000001225,0.75,high,general / other,3,2,3,2,2,314,no_quant
00000001228,0.75,high,combinatorics / discrete,4,3,3,3,5,305,no_def
00000001234,0.75,high,general / other,3,2,3,2,3,360,no_quant
00000001240,0.75,high,general / other,3,2,3,2,4,387,no_quant
00000001245,0.75,high,combinatorics / discrete,2,2,3,2,4,286,no_def|no_quant
00000001246,0.75,high,analysis / PDE / dynamics,2,2,3,2,4,286,no_def|no_quant
00000001251,0.75,high,general / other,3,2,3,2,3,424,no_quant
00000001256,0.75,high,general / other,3,2,3,2,3,293,no_quant
00000001258,0.75,high,number theory,1,2,3,2,4,280,no_def|no_quant
00000001267,0.75,high,topology / geometry,2,2,3,2,4,269,no_def|no_quant
00000001268,0.75,high,general / other,5,2,3,2,3,424,
00000001269,0.75,high,analysis / PDE / dynamics,2,3,3,3,3,254,no_def|no_quant
00000001275,0.75,high,general / other,3,2,3,2,3,443,no_quant
00000001276,0.75,high,general / other,3,2,3,1,2,268,no_quant
00000001281,0.75,high,general / other,3,2,3,2,2,282,no_quant
00000001284,0.75,high,general / other,3,2,3,2,5,417,no_quant
00000001287,0.75,high,general / other,3,2,3,2,2,336,no_quant
00000001288,0.75,high,number theory,2,2,3,2,4,252,no_def|no_quant
00000001299,0.75,high,general / other,5,2,3,2,3,437,
00000001303,0.75,high,general / other,3,2,3,2,3,438,no_quant
00000001306,0.75,high,algebra / representation theory,2,2,3,2,4,365,no_def|no_quant
00000001316,0.75,high,topology / geometry,3,3,3,2,3,254,no_def
00000001318,0.75,high,algebra / representation theory,3,3,3,2,2,279,no_def
00000001321,0.75,high,general / other,3,3,2,2,3,431,no_quant
00000001324,0.75,high,general / other,3,2,3,2,4,466,no_quant
00000001330,0.75,high,number theory,2,3,3,3,5,325,no_def|no_quant
00000001335,0.75,high,number theory,2,2,3,2,4,291,no_def|no_quant
00000001337,0.75,high,general / other,3,2,3,2,3,470,no_quant
00000001343,0.75,high,topology / geometry,2,4,3,4,2,330,no_def|no_quant
00000001346,0.75,high,analysis / PDE / dynamics,2,2,3,2,5,284,no_def|no_quant
00000001350,0.75,high,number theory,2,2,3,2,4,265,no_def|no_quant
00000001351,0.75,high,general / other,3,2,2,2,4,422,no_quant
00000001352,0.75,high,number theory,3,3,3,2,2,373,no_def
00000001353,0.75,high,number theory,2,3,3,2,2,258,no_def|no_quant
00000001356,0.75,high,number theory,2,3,3,3,3,326,no_def|no_quant
00000001360,0.75,high,probability,4,4,3,4,3,361,no_def
00000001362,0.75,high,general / other,3,2,2,2,3,352,no_quant
00000001365,0.75,high,general / other,3,2,3,2,2,424,no_quant
00000001368,0.75,high,combinatorics / discrete,3,2,3,2,3,327,no_def
00000001369,0.75,high,general / other,3,2,2,2,4,608,no_quant
00000001370,0.75,high,logic / complexity,4,3,3,2,3,312,no_def
00000001373,0.75,high,algebra / representation theory,2,3,3,2,4,281,no_def|no_quant
00000001374,0.75,high,general / other,4,2,3,2,2,640,
00000001375,0.75,high,algebra / representation theory,2,2,3,2,5,253,no_def|no_quant
00000001378,0.75,high,general / other,5,2,3,2,3,309,
00000001387,0.75,high,number theory,3,3,3,3,3,292,no_def
00000001393,0.75,high,general / other,4,2,3,1,1,499,
00000001411,0.75,high,number theory,2,3,2,2,3,311,no_def|no_quant
00000001423,0.75,high,analysis / PDE / dynamics,2,4,3,4,4,323,no_def|no_quant
00000001424,0.75,high,general / other,2,2,3,2,4,338,no_quant
00000001429,0.75,high,general / other,2,2,3,1,1,467,no_quant
00000001433,0.75,high,general / other,4,3,3,3,4,485,
00000001434,0.75,high,general / other,3,2,3,2,5,322,no_quant
00000001435,0.75,high,general / other,3,2,3,2,3,298,no_quant
00000001436,0.75,high,general / other,2,2,3,2,3,293,no_quant
00000001437,0.75,high,general / other,3,2,3,2,5,412,no_quant
00000001438,0.75,high,probability,2,2,3,2,4,318,no_def|no_quant
00000001440,0.75,high,probability,2,2,3,2,4,384,no_def|no_quant
00000001448,0.75,high,general / other,3,2,3,2,4,426,no_quant
00000001450,0.75,high,probability,1,2,3,2,4,279,no_def|no_quant
00000001458,0.75,high,general / other,3,2,3,2,4,544,no_quant
00000001484,0.75,high,general / other,4,3,3,3,5,473,
00000001487,0.75,high,topology / geometry,2,2,3,2,3,281,no_def|no_quant
00000001491,0.75,high,general / other,3,2,3,2,2,562,no_quant
00000001496,0.75,high,general / other,5,3,3,2,4,434,
00000001498,0.75,high,topology / geometry,2,2,3,2,4,339,no_def|no_quant
00000001502,0.75,high,general / other,4,2,3,2,4,497,
00000001509,0.75,high,probability,1,2,3,2,4,255,no_def|no_quant
00000001525,0.75,high,general / other,2,2,3,2,3,294,no_quant
00000001526,0.75,high,topology / geometry,1,2,3,2,3,275,no_def|no_quant
00000001527,0.75,high,general / other,3,2,3,2,3,450,no_quant
00000001530,0.75,high,algebraic geometry,2,3,3,3,4,301,no_def|no_quant
00000001536,0.75,high,algebraic geometry,3,4,3,3,4,298,no_def
00000001542,0.75,high,general / other,4,2,3,2,2,348,
00000001543,0.75,high,general / other,4,2,3,2,2,295,
00000001549,0.75,high,general / other,3,2,3,2,3,341,no_quant
00000001550,0.75,high,algebra / representation theory,1,2,3,2,4,257,no_def|no_quant
00000001551,0.75,high,general / other,3,2,3,2,2,272,no_quant
00000001567,0.75,high,general / other,5,3,3,3,4,317,
00000001571,0.75,high,general / other,3,2,3,2,3,441,no_quant
00000001572,0.75,high,general / other,3,2,3,2,4,488,no_quant
00000001575,0.75,high,algebraic geometry,2,2,3,2,3,288,no_def|no_quant
00000001580,0.75,high,general / other,3,2,3,1,3,374,no_quant
00000001585,0.75,high,general / other,3,2,3,2,3,475,no_quant
00000001590,0.75,high,general / other,3,2,3,2,4,354,no_quant
00000001597,0.75,high,general / other,3,2,3,2,4,381,no_quant
00000001608,0.75,high,analysis / PDE / dynamics,2,2,3,2,3,289,no_def|no_quant
00000001613,0.75,high,algebra / representation theory,2,3,3,3,4,277,no_def|no_quant
00000001614,0.75,high,general / other,3,2,3,2,2,383,no_quant
00000001624,0.75,high,analysis / PDE / dynamics,3,2,3,2,3,293,no_def
00000001631,0.75,high,general / other,3,2,3,2,3,415,no_quant
00000001652,0.75,high,algebra / representation theory,1,2,3,2,4,278,no_def|no_quant
00000001654,0.75,high,number theory,2,2,3,2,4,342,no_def|no_quant
00000001660,0.75,high,general / other,3,2,3,2,3,376,no_quant
00000001666,0.75,high,general / other,3,2,3,2,4,358,no_quant
00000001672,0.75,high,general / other,3,2,3,2,2,399,no_quant
00000001676,0.75,high,general / other,5,2,3,2,2,396,
00000001678,0.75,high,combinatorics / discrete,2,2,3,2,2,431,no_def|no_quant
00000001680,0.75,high,combinatorics / discrete,2,2,3,2,4,267,no_def|no_quant
00000001690,0.75,high,algebra / representation theory,2,2,3,2,4,252,no_def|no_quant
00000001701,0.75,high,general / other,3,2,3,2,4,359,no_quant
00000001704,0.75,high,general / other,3,2,3,2,3,495,no_quant
00000001708,0.75,high,analysis / PDE / dynamics,2,3,3,3,3,320,no_def|no_quant
00000001710,0.75,high,analysis / PDE / dynamics,1,2,3,2,2,273,no_def|no_quant
00000001717,0.75,high,general / other,3,2,3,2,4,380,no_quant
00000001718,0.75,high,number theory,2,2,3,2,4,339,no_def|no_quant
00000001730,0.75,high,algebraic geometry,4,3,3,3,4,305,no_def
00000001735,0.75,high,general / other,3,2,3,1,2,366,no_quant
00000001737,0.75,high,number theory,2,2,3,2,3,321,no_def|no_quant
00000001743,0.75,high,general / other,5,4,3,4,5,476,
00000001744,0.75,high,topology / geometry,2,2,3,2,3,308,no_def|no_quant
00000001746,0.75,high,general / other,3,2,3,2,2,429,no_quant
00000001749,0.75,high,general / other,3,2,3,2,2,431,no_quant
00000001753,0.75,high,general / other,3,2,3,2,2,471,no_quant
00000001758,0.75,high,general / other,5,2,3,2,3,544,
00000001774,0.75,high,general / other,3,2,3,2,3,514,no_quant
00000001788,0.75,high,general / other,3,2,3,2,4,357,no_quant
00000001793,0.75,high,general / other,3,2,3,2,3,442,no_quant
00000001795,0.75,high,number theory,2,2,3,2,5,323,no_def|no_quant
00000001796,0.75,high,general / other,5,2,3,2,2,530,
00000001803,0.75,high,general / other,3,2,3,2,3,399,no_quant
00000001805,0.75,high,algebra / representation theory,2,2,3,2,2,293,no_def|no_quant
00000001814,0.75,high,general / other,5,2,3,2,2,387,
00000001818,0.75,high,general / other,4,2,3,1,1,478,
00000001838,0.75,high,general / other,3,2,3,2,4,529,no_quant
00000001850,0.75,high,general / other,3,2,3,2,4,409,no_quant
00000001852,0.75,high,general / other,3,2,3,2,3,358,no_quant
00000001864,0.75,high,probability,2,2,3,2,3,327,no_def|no_quant
00000001865,0.75,high,general / other,3,3,3,3,3,372,no_quant
00000001871,0.75,high,general / other,2,2,3,2,4,556,no_quant
00000001872,0.75,high,general / other,5,2,3,2,4,545,
00000001873,0.75,high,general / other,5,2,3,2,2,425,
00000001875,0.75,high,number theory,3,3,2,2,4,359,no_def
00000001876,0.75,high,general / other,5,2,3,2,2,430,
00000001878,0.75,high,algebra / representation theory,3,3,3,2,3,292,no_def
00000001883,0.75,high,general / other,5,2,3,2,3,448,
00000001887,0.75,high,general / other,3,2,3,2,3,392,no_quant
00000001890,0.75,high,general / other,3,2,3,1,2,495,no_quant
00000001891,0.75,high,number theory,4,3,2,2,3,392,no_def
00000001894,0.75,high,number theory,2,2,3,2,2,379,no_def|no_quant
00000001896,0.75,high,general / other,3,2,3,2,2,359,no_quant
00000001897,0.75,high,number theory,2,3,3,3,4,265,no_def|no_quant
00000001899,0.75,high,combinatorics / discrete,2,2,3,2,4,428,no_def|no_quant
00000001902,0.75,high,general / other,5,2,3,2,4,423,
00000001904,0.75,high,probability,2,2,3,2,3,274,no_def|no_quant
00000001909,0.75,high,probability,2,2,3,2,4,290,no_def|no_quant
00000001917,0.75,high,probability,1,2,3,2,3,261,no_def|no_quant
00000001922,0.75,high,general / other,3,2,3,2,5,391,no_quant
00000001923,0.75,high,number theory,1,2,3,2,4,262,no_def|no_quant
00000001930,0.75,high,number theory,1,2,3,2,3,255,no_def|no_quant
00000001941,0.75,high,general / other,4,2,3,2,3,506,
00000001960,0.75,high,general / other,4,3,3,4,3,421,
00000001961,0.75,high,general / other,2,5,2,5,4,400,grand|no_quant
00000001963,0.75,high,general / other,5,2,3,2,3,371,
00000001966,0.75,high,topology / geometry,2,2,3,2,2,256,no_def|no_quant
00000001969,0.75,high,analysis / PDE / dynamics,2,2,3,2,3,359,no_def|no_quant
00000001973,0.75,high,general / other,3,2,3,2,3,486,no_quant
00000001975,0.75,high,general / other,3,2,2,2,5,493,no_quant
00000001978,0.75,high,number theory,2,2,3,2,4,263,no_def|no_quant
00000001980,0.75,high,analysis / PDE / dynamics,4,5,2,5,4,337,no_def|grand
00000001989,0.75,high,general / other,5,3,2,3,3,459,
00000001990,0.75,high,general / other,5,2,3,2,3,439,
00000001992,0.75,high,general / other,3,2,3,2,3,276,no_quant
00000001998,0.75,high,general / other,5,2,3,2,2,451,
00000002007,0.75,high,general / other,3,2,3,2,4,511,no_quant
00000002010,0.75,high,general / other,3,2,3,2,2,384,no_quant
00000002012,0.75,high,probability,2,2,3,2,4,393,no_def|no_quant
00000002016,0.75,high,analysis / PDE / dynamics,2,2,3,2,2,389,no_def|no_quant
00000002019,0.75,high,analysis / PDE / dynamics,2,2,3,2,5,361,no_def|no_quant
00000002020,0.75,high,analysis / PDE / dynamics,2,3,3,3,3,384,no_def|no_quant
00000002033,0.75,high,probability,2,2,3,2,4,361,no_def|no_quant
00000002035,0.75,high,number theory,2,2,3,2,5,342,no_def|no_quant
00000002038,0.75,high,number theory,2,3,3,3,4,320,no_def|no_quant
00000002044,0.75,high,number theory,2,3,3,3,4,331,no_def|no_quant
00000002046,0.75,high,general / other,3,2,3,2,3,450,no_quant
00000002059,0.75,high,analysis / PDE / dynamics,2,2,3,1,2,438,no_def|no_quant
00000002062,0.75,high,number theory,4,3,3,2,2,391,no_def
00000002066,0.75,high,general / other,3,2,3,2,4,415,no_quant
00000002076,0.75,high,number theory,2,2,3,2,4,291,no_def|no_quant
00000002078,0.75,high,number theory,2,2,3,2,4,453,no_def|no_quant
00000002084,0.75,high,general / other,3,2,3,2,4,459,no_quant
00000002085,0.75,high,general / other,4,2,3,1,1,473,
00000002086,0.75,high,general / other,3,2,3,2,4,402,no_quant
00000002089,0.75,high,topology / geometry,4,2,3,2,3,334,no_def
00000002090,0.75,high,topology / geometry,4,3,3,2,3,321,no_def
00000002092,0.75,high,algebra / representation theory,2,2,3,1,2,406,no_def|no_quant
00000002098,0.75,high,general / other,3,2,3,2,3,375,no_quant
00000002106,0.75,high,general / other,3,2,2,2,4,385,no_quant
00000002109,0.75,high,general / other,3,2,3,2,4,391,no_quant
00000002118,0.75,high,general / other,2,2,3,2,3,308,no_quant
00000002119,0.75,high,general / other,3,2,3,2,5,332,no_quant
00000002120,0.75,high,number theory,2,2,3,2,2,257,no_def|no_quant
00000002122,0.75,high,general / other,3,2,3,2,3,397,no_quant
00000002123,0.75,high,general / other,3,2,3,2,4,422,no_quant
00000002125,0.75,high,general / other,3,2,3,2,4,445,no_quant
00000002127,0.75,high,combinatorics / discrete,2,2,3,2,4,311,no_def|no_quant
00000002130,0.75,high,number theory,2,2,3,2,4,334,no_def|no_quant
00000002131,0.75,high,general / other,3,2,3,2,4,332,no_quant
00000002136,0.75,high,number theory,2,3,3,3,3,309,no_def|no_quant
00000002174,0.75,high,general / other,3,2,3,2,3,456,no_quant
00000002177,0.75,high,combinatorics / discrete,1,2,3,2,3,294,no_def|no_quant
00000002182,0.75,high,general / other,3,2,2,2,3,313,no_quant
00000002188,0.75,high,combinatorics / discrete,3,2,3,2,4,342,no_def
00000002196,0.75,high,general / other,3,2,3,2,4,406,no_quant
00000002197,0.75,high,number theory,3,4,2,3,2,295,no_def
00000002200,0.75,high,combinatorics / discrete,2,2,3,2,3,335,no_def|no_quant
00000002204,0.75,high,number theory,1,2,3,2,4,263,no_def|no_quant
00000002208,0.75,high,general / other,3,2,3,2,3,347,no_quant
00000002210,0.75,high,algebra / representation theory,4,3,3,2,3,300,no_def
00000002215,0.75,high,general / other,3,2,3,2,3,344,no_quant
00000002218,0.75,high,number theory,4,3,3,2,3,361,no_def
00000002220,0.75,high,combinatorics / discrete,3,2,3,2,3,268,no_def
00000002221,0.75,high,general / other,3,2,3,2,2,371,no_quant
00000002222,0.75,high,combinatorics / discrete,3,3,3,1,1,263,no_def
00000002225,0.75,high,algebra / representation theory,4,3,3,2,4,334,no_def
00000002229,0.75,high,algebra / representation theory,1,2,3,2,3,252,no_def|no_quant
00000002230,0.75,high,algebra / representation theory,2,2,3,2,4,291,no_def|no_quant
00000002231,0.75,high,general / other,4,2,3,2,2,413,
00000002233,0.75,high,number theory,1,2,2,2,4,292,no_def|no_quant
00000002236,0.75,high,number theory,3,3,3,2,4,328,no_def
00000002238,0.75,high,algebraic geometry,2,2,3,2,4,346,no_def|no_quant
00000002240,0.75,high,number theory,2,3,3,3,2,317,no_def|no_quant
00000002241,0.75,high,general / other,3,2,3,2,4,362,no_quant
00000002243,0.75,high,analysis / PDE / dynamics,1,2,3,1,2,271,no_def|no_quant
00000002245,0.75,high,number theory,2,3,3,2,4,384,no_def|no_quant
00000002246,0.75,high,general / other,3,2,3,2,2,359,no_quant
00000002247,0.75,high,algebra / representation theory,3,2,3,2,3,287,no_def
00000002249,0.75,high,general / other,3,2,3,2,4,321,no_quant
00000002256,0.75,high,number theory,2,2,3,2,3,315,no_def|no_quant
00000002258,0.75,high,number theory,2,2,3,2,4,397,no_def|no_quant
00000002260,0.75,high,analysis / PDE / dynamics,1,3,3,3,2,297,no_def|no_quant
00000002265,0.75,high,probability,2,2,3,2,4,306,no_def|no_quant
00000002270,0.75,high,analysis / PDE / dynamics,2,4,3,3,2,321,no_def|no_quant
00000002273,0.75,high,general / other,4,2,3,2,3,382,
00000002276,0.75,high,probability,1,2,3,2,3,275,no_def|no_quant
00000002278,0.75,high,analysis / PDE / dynamics,2,2,3,2,4,316,no_def|no_quant
00000002283,0.75,high,general / other,3,2,3,2,4,341,no_quant
00000002284,0.75,high,algebra / representation theory,1,2,3,2,5,277,no_def|no_quant
00000002288,0.75,high,probability,2,4,3,3,4,320,no_def|no_quant
00000002294,0.75,high,general / other,4,3,2,1,2,451,
00000002301,0.75,high,general / other,5,2,3,1,2,420,
00000002302,0.75,high,general / other,3,2,3,2,3,598,no_quant
00000002303,0.75,high,general / other,4,2,3,2,2,430,
00000002308,0.75,high,general / other,3,2,3,2,3,341,no_quant
00000002310,0.75,high,general / other,5,2,3,2,2,405,
00000002311,0.75,high,general / other,3,2,3,2,4,396,no_quant
00000002315,0.75,high,general / other,4,2,3,2,2,421,
00000002318,0.75,high,algebra / representation theory,2,2,3,2,4,311,no_def|no_quant
00000002320,0.75,high,probability,3,3,3,2,3,347,no_def
00000002329,0.75,high,probability,2,2,3,2,3,374,no_def|no_quant
00000002330,0.75,high,probability,2,2,3,2,4,463,no_def|no_quant
00000002336,0.75,high,number theory,2,2,3,2,4,351,no_def|no_quant
00000002340,0.75,high,probability,2,2,3,2,3,321,no_def|no_quant
00000002342,0.75,high,analysis / PDE / dynamics,2,3,3,3,4,418,no_def|no_quant
00000002343,0.75,high,probability,2,3,3,3,3,397,no_def|no_quant
00000002348,0.75,high,probability,2,2,3,2,3,366,no_def|no_quant
00000002350,0.75,high,topology / geometry,2,2,3,2,5,385,no_def|no_quant
00000002358,0.75,high,general / other,3,2,3,2,3,371,no_quant
00000002359,0.75,high,general / other,3,2,3,2,2,418,no_quant
00000002360,0.75,high,number theory,3,2,3,2,3,277,no_def
00000002365,0.75,high,general / other,3,2,3,2,4,340,no_quant
00000002366,0.75,high,algebra / representation theory,2,3,3,2,2,371,no_def|no_quant
00000002367,0.75,high,general / other,3,2,3,2,4,354,no_quant
00000002371,0.75,high,general / other,3,2,2,2,4,376,no_quant
00000002380,0.75,high,analysis / PDE / dynamics,4,3,3,2,3,320,no_def
00000002382,0.75,high,general / other,3,2,3,2,4,418,no_quant
00000002385,0.75,high,general / other,3,2,3,2,2,402,no_quant
00000002386,0.75,high,general / other,3,2,3,2,4,406,no_quant
00000002388,0.75,high,general / other,3,2,2,2,3,397,no_quant
00000002389,0.75,high,general / other,3,2,3,2,5,411,no_quant
00000002390,0.75,high,analysis / PDE / dynamics,4,3,3,2,2,373,no_def
00000002397,0.75,high,analysis / PDE / dynamics,2,3,3,2,5,331,no_def|no_quant
00000002398,0.75,high,general / other,4,2,3,2,3,423,
00000002400,0.75,high,analysis / PDE / dynamics,4,2,3,2,2,346,no_def
00000002403,0.75,high,general / other,5,3,3,3,5,410,
00000002410,0.75,high,analysis / PDE / dynamics,4,3,2,2,3,348,no_def
00000002414,0.75,high,general / other,3,2,3,2,4,389,no_quant
00000002430,0.75,high,number theory,3,2,3,2,2,346,no_def
00000002434,0.75,high,algebra / representation theory,1,2,3,2,4,285,no_def|no_quant
00000002435,0.75,high,general / other,3,2,2,2,5,382,no_quant
00000002440,0.75,high,algebraic geometry,3,2,3,2,3,295,no_def
00000002445,0.75,high,general / other,4,2,2,2,3,461,
00000002446,0.75,high,general / other,3,2,3,2,4,392,no_quant
00000002449,0.75,high,analysis / PDE / dynamics,3,3,3,2,4,403,no_def
00000002451,0.75,high,algebra / representation theory,2,2,3,2,2,308,no_def|no_quant
00000002452,0.75,high,general / other,4,2,3,2,3,350,
00000002456,0.75,high,general / other,3,2,3,2,4,321,no_quant
00000002462,0.75,high,general / other,3,2,3,2,4,412,no_quant
00000002464,0.75,high,general / other,3,2,2,2,5,402,no_quant
00000002466,0.75,high,general / other,3,2,3,2,5,417,no_quant
00000002476,0.75,high,general / other,3,2,3,2,4,443,no_quant
00000002488,0.75,high,general / other,3,2,2,2,4,498,no_quant
00000002489,0.75,high,general / other,3,2,3,2,4,465,no_quant
00000002492,0.75,high,general / other,3,2,3,2,4,482,no_quant
00000002496,0.75,high,general / other,3,2,3,2,4,425,no_quant
00000002501,0.75,high,general / other,3,2,3,2,4,448,no_quant
00000002504,0.75,high,general / other,3,2,3,2,3,469,no_quant
00000002505,0.75,high,general / other,3,2,3,2,5,467,no_quant
00000002506,0.75,high,general / other,3,2,3,2,4,462,no_quant
00000002508,0.75,high,general / other,3,2,3,2,4,472,no_quant
00000002510,0.75,high,general / other,5,2,3,2,3,442,
00000002513,0.75,high,general / other,3,2,3,2,4,427,no_quant
00000002517,0.75,high,general / other,3,2,3,2,3,451,no_quant
00000002524,0.75,high,general / other,3,2,3,2,4,361,no_quant
00000002526,0.75,high,general / other,3,2,3,2,4,354,no_quant
00000002528,0.75,high,general / other,3,2,3,2,4,378,no_quant
00000002529,0.75,high,general / other,3,2,3,2,4,441,no_quant
00000002533,0.75,high,general / other,5,3,3,1,2,668,
00000002536,0.75,high,general / other,3,2,3,2,4,564,no_quant
00000002553,0.75,high,general / other,3,2,3,2,4,522,no_quant
00000002554,0.75,high,general / other,3,2,3,2,4,540,no_quant
00000002555,0.75,high,general / other,5,2,3,2,3,501,
00000002556,0.75,high,general / other,3,2,3,2,3,530,no_quant
00000002559,0.75,high,general / other,3,2,3,2,4,516,
00000002566,0.75,high,combinatorics / discrete,2,2,3,2,4,275,no_def|no_quant
00000002568,0.75,high,number theory,2,2,3,2,4,350,no_def|no_quant
00000002574,0.75,high,combinatorics / discrete,2,3,3,3,3,319,no_def|no_quant
00000002578,0.75,high,general / other,3,2,3,2,3,345,no_quant
00000002580,0.75,high,algebra / representation theory,4,5,2,5,5,352,no_def|grand
00000002590,0.75,high,algebra / representation theory,4,3,3,3,4,414,no_def
00000002601,0.75,high,general / other,3,2,3,2,3,621,no_quant
00000002606,0.75,high,general / other,3,2,3,2,3,491,no_quant
00000002647,0.75,high,general / other,3,2,3,2,5,572,no_quant
00000002648,0.75,high,general / other,4,2,3,2,3,540,
00000002651,0.75,high,general / other,3,2,3,1,2,392,no_quant
00000002660,0.75,high,general / other,3,2,2,2,5,452,no_quant
00000002662,0.75,high,general / other,3,2,3,2,4,345,no_quant
00000002664,0.75,high,general / other,3,2,3,2,4,333,no_quant
00000002665,0.75,high,general / other,3,2,3,2,4,330,no_quant
00000002666,0.75,high,general / other,3,2,3,2,5,302,no_quant
00000002668,0.75,high,general / other,3,2,3,2,4,292,no_quant
00000002670,0.75,high,general / other,3,2,3,2,5,363,no_quant
00000002671,0.75,high,general / other,3,2,3,2,4,294,no_quant
00000002675,0.75,high,general / other,5,2,3,2,3,343,
00000002679,0.75,high,general / other,3,2,3,2,3,292,no_quant
00000002680,0.75,high,general / other,3,2,3,2,5,294,no_quant
00000002691,0.75,high,general / other,3,2,2,2,4,593,no_quant
00000002718,0.75,high,general / other,3,2,3,2,4,510,no_quant
00000002726,0.75,high,general / other,3,2,2,2,4,540,no_quant
00000002729,0.75,high,general / other,5,2,3,2,4,520,
00000002744,0.75,high,general / other,5,3,3,3,5,495,
00000002747,0.75,high,general / other,3,2,3,2,3,476,no_quant
00000002753,0.75,high,general / other,4,2,3,2,3,470,
00000002757,0.75,high,general / other,3,2,3,2,3,499,no_quant
00000002760,0.75,high,general / other,3,2,3,2,4,428,no_quant
00000002763,0.75,high,general / other,3,2,2,2,4,440,no_quant
00000002772,0.75,high,general / other,3,2,3,2,4,499,no_quant
00000002776,0.75,high,general / other,5,3,2,2,4,599,
00000002777,0.75,high,general / other,3,2,3,2,4,563,no_quant
00000002780,0.75,high,general / other,4,3,3,3,5,506,
00000002784,0.75,high,general / other,5,2,3,2,3,472,
00000002794,0.75,high,general / other,3,2,3,2,4,494,no_quant
00000002798,0.75,high,general / other,3,2,3,2,5,447,no_quant
00000002808,0.75,high,general / other,5,2,3,2,4,471,
00000002822,0.75,high,general / other,3,2,3,2,4,437,no_quant
00000002833,0.75,high,general / other,3,2,3,2,2,494,no_quant
00000002850,0.75,high,general / other,3,2,3,2,3,567,no_quant
00000002889,0.75,high,general / other,3,2,3,2,5,507,no_quant
00000002892,0.75,high,general / other,3,2,3,1,3,578,no_quant
00000002900,0.75,high,general / other,3,2,3,2,4,529,no_quant
00000002901,0.75,high,general / other,3,2,3,2,3,509,no_quant
00000002917,0.75,high,general / other,3,2,3,2,3,404,no_quant
00000002923,0.75,high,general / other,5,3,3,2,3,487,
00000002927,0.75,high,general / other,5,3,3,2,3,529,
00000002933,0.75,high,general / other,3,2,3,2,3,495,no_quant
00000002934,0.75,high,general / other,3,2,3,2,4,512,no_quant
00000002943,0.75,high,general / other,3,2,3,2,5,447,no_quant
00000002944,0.75,high,general / other,3,2,3,2,3,385,no_quant
00000002945,0.75,high,general / other,3,2,3,2,4,424,no_quant
00000002948,0.75,high,general / other,3,2,3,2,4,468,no_quant
00000002950,0.75,high,general / other,3,2,3,2,3,395,no_quant
00000002984,0.75,high,general / other,3,2,3,1,2,511,no_quant
00000002989,0.75,high,general / other,3,2,3,2,4,479,no_quant
00000003022,0.75,high,general / other,3,2,3,2,4,386,no_quant
00000003029,0.75,high,general / other,3,2,3,2,4,411,no_quant
00000003031,0.75,high,general / other,3,2,3,2,5,463,no_quant
00000003033,0.75,high,general / other,3,2,3,2,4,509,no_quant
00000003034,0.75,high,general / other,3,2,3,2,4,500,no_quant
00000003036,0.75,high,general / other,3,2,3,2,4,485,no_quant
00000003066,0.75,high,general / other,3,2,2,2,4,493,no_quant
00000003073,0.75,high,general / other,3,2,3,2,4,430,no_quant
00000003074,0.75,high,general / other,3,2,2,2,4,493,no_quant
00000003075,0.75,high,general / other,3,2,3,2,5,442,no_quant
00000003077,0.75,high,general / other,3,2,2,2,4,459,no_quant
00000003081,0.75,high,general / other,5,2,3,2,3,428,
00000003082,0.75,high,general / other,3,2,3,2,5,421,no_quant
00000003085,0.75,high,general / other,3,2,3,2,4,391,no_quant
00000003092,0.75,high,general / other,3,2,3,2,4,348,no_quant
00000003100,0.75,high,general / other,3,2,3,2,4,495,no_quant
00000003103,0.75,high,general / other,3,2,3,2,4,458,no_quant
00000003104,0.75,high,general / other,3,3,3,3,4,470,no_quant
00000003115,0.75,high,general / other,3,2,3,2,4,422,no_quant
00000003117,0.75,high,general / other,3,2,2,2,4,487,no_quant
00000003131,0.75,high,general / other,3,2,3,2,4,423,no_quant
00000003142,0.75,high,general / other,3,2,3,2,4,512,no_quant
00000003189,0.75,high,general / other,3,3,3,3,5,477,no_quant
00000003190,0.75,high,general / other,3,2,3,2,4,417,no_quant
00000003193,0.75,high,general / other,3,2,3,2,4,462,no_quant
00000003195,0.75,high,general / other,3,2,3,2,3,410,no_quant
00000003197,0.75,high,general / other,3,2,3,2,4,430,no_quant
00000003204,0.75,high,general / other,5,2,3,2,4,403,
00000003205,0.75,high,general / other,3,2,3,2,4,493,no_quant
00000003210,0.75,high,general / other,3,2,3,2,4,422,no_quant
00000003212,0.75,high,general / other,3,2,3,2,4,440,no_quant
00000003223,0.75,high,general / other,3,2,3,2,4,391,no_quant
00000003249,0.75,high,general / other,3,2,3,2,5,485,no_quant
00000003252,0.75,high,general / other,3,2,3,2,3,453,no_quant
00000003255,0.75,high,general / other,3,2,2,2,4,430,no_quant
00000003257,0.75,high,general / other,3,2,3,2,4,408,no_quant
00000003259,0.75,high,general / other,3,2,3,2,4,464,no_quant
00000003261,0.75,high,general / other,3,2,2,2,4,432,no_quant
00000003266,0.75,high,general / other,3,2,2,2,4,474,no_quant
00000003273,0.75,high,general / other,3,2,2,2,4,398,no_quant
00000003281,0.75,high,general / other,3,2,3,2,3,517,no_quant
00000003285,0.75,high,general / other,3,2,2,2,4,527,no_quant
00000003286,0.75,high,general / other,3,2,3,2,4,425,no_quant
00000003288,0.75,high,general / other,3,2,3,2,3,447,no_quant
00000003289,0.75,high,general / other,3,2,3,2,4,386,no_quant
00000003292,0.75,high,general / other,3,2,2,2,4,457,no_quant
00000003299,0.75,high,general / other,3,2,3,2,5,423,no_quant
00000003308,0.75,high,general / other,5,2,3,2,4,406,
00000003324,0.75,high,general / other,3,2,3,2,4,434,no_quant
00000003350,0.75,high,general / other,3,2,2,2,4,393,no_quant
00000003354,0.75,high,general / other,3,3,2,2,4,409,no_quant
00000003370,0.75,high,general / other,3,2,3,2,4,458,no_quant
00000003387,0.75,high,general / other,3,2,3,2,4,408,no_quant
00000003406,0.75,high,general / other,3,2,3,2,4,404,no_quant
00000003408,0.75,high,general / other,3,2,3,2,4,378,no_quant
00000003412,0.75,high,general / other,3,2,3,2,4,433,no_quant
00000003419,0.75,high,general / other,3,2,3,2,4,409,no_quant
00000003428,0.75,high,general / other,3,2,3,2,4,432,no_quant
00000003430,0.75,high,general / other,3,2,3,2,4,430,no_quant
00000003432,0.75,high,general / other,3,2,3,2,4,450,no_quant
00000003438,0.75,high,general / other,3,2,3,2,4,419,no_quant
00000003440,0.75,high,general / other,3,2,3,2,4,445,no_quant
00000003442,0.75,high,general / other,3,2,3,2,5,417,no_quant
00000003450,0.75,high,general / other,3,2,3,2,5,402,no_quant
00000003453,0.75,high,general / other,3,2,3,2,5,407,no_quant
00000003455,0.75,high,general / other,3,2,3,2,5,403,no_quant
00000003459,0.75,high,general / other,3,2,3,2,4,444,no_quant
00000003468,0.75,high,general / other,5,2,3,1,1,587,
00000003480,0.75,high,general / other,5,2,3,2,4,618,
00000003497,0.75,high,general / other,5,2,3,2,3,482,
00000003515,0.75,high,general / other,5,2,3,2,3,458,
00000003522,0.75,high,general / other,3,2,3,2,4,403,no_quant
00000003523,0.75,high,general / other,3,2,3,2,4,369,no_quant
00000003524,0.75,high,general / other,3,2,3,2,5,384,no_quant
00000003527,0.75,high,general / other,3,2,3,2,5,421,no_quant
00000003533,0.75,high,general / other,3,2,3,2,4,394,no_quant
00000003535,0.75,high,general / other,3,2,3,2,4,406,no_quant
00000003537,0.75,high,general / other,5,2,3,2,4,360,
00000003542,0.75,high,general / other,3,2,3,2,4,460,no_quant
00000003544,0.75,high,general / other,3,2,3,2,4,427,no_quant
00000003546,0.75,high,general / other,3,2,3,2,4,386,no_quant
00000003548,0.75,high,general / other,3,2,2,2,4,451,no_quant
00000003549,0.75,high,general / other,3,2,2,2,4,429,no_quant
00000003550,0.75,high,general / other,3,2,3,2,4,428,no_quant
00000003555,0.75,high,general / other,3,2,3,2,3,387,no_quant
00000003557,0.75,high,general / other,5,3,3,2,4,444,
00000003559,0.75,high,general / other,3,2,3,2,4,413,no_quant
00000003575,0.75,high,general / other,3,2,3,2,4,394,no_quant
00000003586,0.75,high,general / other,3,2,3,2,4,390,no_quant
00000003589,0.75,high,general / other,3,2,3,2,4,394,no_quant
00000003590,0.75,high,general / other,3,2,3,2,4,420,no_quant
00000003593,0.75,high,general / other,3,2,3,2,4,435,no_quant
00000003595,0.75,high,general / other,5,2,3,2,4,536,
00000003597,0.75,high,general / other,3,2,2,2,4,380,no_quant
00000003601,0.75,high,general / other,3,2,3,2,4,410,no_quant
00000003606,0.75,high,general / other,3,2,3,2,4,423,no_quant
00000003610,0.75,high,general / other,3,2,3,2,4,479,no_quant
00000003613,0.75,high,general / other,3,2,3,2,4,458,no_quant
00000003617,0.75,high,general / other,5,2,3,2,4,403,
00000003627,0.75,high,general / other,3,2,3,2,4,385,no_quant
00000003629,0.75,high,general / other,3,2,3,2,4,383,no_quant
00000003636,0.75,high,general / other,3,2,3,2,4,422,no_quant
00000003638,0.75,high,general / other,3,2,3,2,4,377,no_quant
00000003640,0.75,high,general / other,3,2,3,2,4,460,no_quant
00000003671,0.75,high,general / other,3,2,2,2,4,463,no_quant
00000003672,0.75,high,general / other,3,2,3,2,4,404,no_quant
00000003673,0.75,high,general / other,3,2,3,2,4,408,no_quant
00000003674,0.75,high,general / other,3,2,3,2,4,461,no_quant
00000003676,0.75,high,general / other,3,2,3,2,4,394,no_quant
00000003679,0.75,high,general / other,3,2,3,2,4,396,no_quant
00000003682,0.75,high,general / other,3,2,3,2,5,395,no_quant
00000003683,0.75,high,general / other,3,2,3,2,4,421,no_quant
00000003684,0.75,high,general / other,3,2,3,2,4,427,no_quant
00000003685,0.75,high,general / other,3,2,2,2,4,445,no_quant
00000003688,0.75,high,general / other,3,2,3,2,4,387,no_quant
00000003689,0.75,high,general / other,3,2,3,2,5,395,no_quant
00000003691,0.75,high,general / other,3,2,3,2,4,353,no_quant
00000003696,0.75,high,general / other,3,2,3,2,5,384,no_quant
00000003699,0.75,high,general / other,3,2,2,2,4,453,no_quant
00000003727,0.75,high,general / other,3,2,3,2,4,403,no_quant
00000003732,0.75,high,general / other,3,2,2,2,4,405,no_quant
00000003739,0.75,high,general / other,3,2,3,2,4,455,no_quant
00000003742,0.75,high,general / other,3,2,3,2,4,437,no_quant
00000003743,0.75,high,general / other,3,2,3,2,4,393,no_quant
00000003747,0.75,high,general / other,3,2,3,2,4,386,no_quant
00000003748,0.75,high,general / other,3,2,3,2,4,406,no_quant
00000003751,0.75,high,general / other,3,2,3,2,4,410,no_quant
00000003752,0.75,high,general / other,3,2,3,2,4,431,no_quant
00000003753,0.75,high,general / other,3,2,2,2,4,440,no_quant
00000003754,0.75,high,general / other,3,2,3,2,4,399,no_quant
00000003755,0.75,high,general / other,3,2,3,2,4,407,no_quant
00000003764,0.75,high,general / other,3,2,3,1,2,396,no_quant
00000003767,0.75,high,general / other,3,2,3,2,4,409,no_quant
00000003768,0.75,high,general / other,3,2,2,2,5,443,no_quant
00000003776,0.75,high,general / other,5,2,3,2,3,453,
00000003777,0.75,high,general / other,3,2,3,2,4,413,no_quant
00000003781,0.75,high,general / other,3,2,3,2,4,433,no_quant
00000003783,0.75,high,general / other,3,2,3,2,4,426,no_quant
00000003784,0.75,high,general / other,5,2,3,2,4,496,
00000003785,0.75,high,general / other,3,2,3,2,4,404,no_quant
00000003787,0.75,high,general / other,3,2,3,2,4,409,no_quant
00000003791,0.75,high,general / other,5,2,3,2,3,455,
00000003794,0.75,high,general / other,3,2,3,2,4,439,no_quant
00000003795,0.75,high,general / other,5,2,3,2,3,429,
00000003796,0.75,high,general / other,3,2,3,2,5,385,no_quant
00000003798,0.75,high,general / other,5,2,3,2,3,409,
00000003800,0.75,high,general / other,3,2,3,2,5,419,no_quant
00000003802,0.75,high,general / other,5,2,3,2,3,398,
00000003807,0.75,high,general / other,3,2,2,2,5,411,no_quant
00000003808,0.75,high,general / other,3,2,3,2,4,375,no_quant
00000003810,0.75,high,general / other,5,2,3,2,3,375,
00000003811,0.75,high,general / other,5,2,3,2,3,341,
00000003812,0.75,high,general / other,3,2,3,2,5,419,no_quant
00000003814,0.75,high,general / other,3,2,3,2,4,418,no_quant
00000003815,0.75,high,general / other,3,2,3,2,4,366,no_quant
00000003819,0.75,high,general / other,3,2,3,2,4,402,no_quant
00000003820,0.75,high,general / other,5,2,3,2,3,426,
00000003827,0.75,high,general / other,3,2,3,2,3,413,no_quant
00000003837,0.75,high,general / other,5,2,3,2,2,420,
00000003841,0.75,high,general / other,3,2,3,2,2,507,
00000003847,0.75,high,general / other,5,2,3,2,4,580,
00000003859,0.75,high,general / other,3,2,3,2,3,450,no_quant
00000003860,0.75,high,general / other,5,2,3,2,4,483,
00000003870,0.75,high,general / other,5,2,3,2,4,493,
00000003880,0.75,high,general / other,4,3,3,3,3,556,
00000003887,0.75,high,general / other,3,2,3,2,4,376,no_quant
00000003924,0.75,high,general / other,3,2,3,2,3,459,no_quant
00000003930,0.75,high,general / other,5,2,2,2,3,454,
00000003931,0.75,high,general / other,3,2,3,2,2,633,no_quant
00000003935,0.75,high,general / other,4,2,2,2,4,488,
00000003937,0.75,high,general / other,3,2,2,2,4,547,no_quant
00000003940,0.75,high,general / other,5,3,2,2,2,438,
00000003953,0.75,high,general / other,5,2,3,2,3,549,
00000003971,0.75,high,general / other,3,2,3,2,3,511,no_quant
00000003976,0.75,high,general / other,3,2,3,1,3,483,no_quant
00000003990,0.75,high,general / other,5,2,3,1,2,524,
00000004011,0.75,high,general / other,3,2,3,2,2,479,no_quant
00000004016,0.75,high,general / other,3,2,3,2,3,512,no_quant
00000004019,0.75,high,general / other,3,2,3,2,2,497,no_quant
00000004023,0.75,high,general / other,3,2,3,2,2,403,no_quant
00000004031,0.75,high,general / other,3,2,3,2,3,540,no_quant
00000004059,0.75,high,general / other,5,2,3,2,3,495,
00000004060,0.75,high,general / other,5,2,3,2,3,465,
00000004066,0.75,high,general / other,3,2,2,1,2,536,no_quant
00000004067,0.75,high,general / other,3,2,2,2,5,531,no_quant
00000004068,0.75,high,general / other,3,2,2,2,4,516,no_quant
00000004070,0.75,high,general / other,5,3,2,1,1,456,
00000004073,0.75,high,general / other,3,2,3,2,4,484,no_quant
00000004074,0.75,high,general / other,4,2,3,2,2,441,
00000004078,0.75,high,general / other,3,2,3,2,4,518,no_quant
00000004080,0.75,high,general / other,5,2,3,1,1,498,
00000004084,0.75,high,general / other,3,2,3,2,2,529,no_quant
00000004090,0.75,high,general / other,5,2,3,2,3,515,
00000004116,0.75,high,general / other,3,3,2,3,3,414,no_quant
00000004117,0.75,high,general / other,3,2,3,2,2,437,no_quant
00000004121,0.75,high,general / other,3,2,3,1,2,491,no_quant
00000004122,0.75,high,general / other,3,2,3,2,3,529,no_quant
00000004126,0.75,high,general / other,4,2,3,2,3,506,
00000004127,0.75,high,general / other,5,2,3,2,4,445,
00000004128,0.75,high,general / other,5,3,3,2,4,509,
00000004130,0.75,high,general / other,5,2,3,2,3,444,
00000004136,0.75,high,general / other,5,2,3,2,4,428,
00000004137,0.75,high,general / other,3,2,3,2,4,452,no_quant
00000004138,0.75,high,general / other,3,2,3,2,4,467,no_quant
00000004142,0.75,high,general / other,5,2,3,2,4,475,
00000004145,0.75,high,general / other,3,3,3,3,3,480,no_quant
00000004147,0.75,high,general / other,3,2,3,2,4,434,no_quant
00000004150,0.75,high,general / other,5,2,3,2,3,437,
00000004173,0.75,high,general / other,3,2,3,2,3,471,no_quant
00000004178,0.75,high,general / other,3,2,3,2,3,443,no_quant
00000004185,0.75,high,general / other,3,2,3,2,2,523,no_quant
00000004188,0.75,high,general / other,3,2,3,2,3,507,no_quant
00000004195,0.75,high,general / other,3,2,3,2,3,468,no_quant
00000004198,0.75,high,general / other,3,2,3,1,2,413,no_quant
00000004207,0.75,high,general / other,3,2,3,2,4,416,no_quant
00000004210,0.75,high,general / other,5,2,3,2,4,394,
00000004244,0.75,high,general / other,3,2,2,2,2,471,no_quant
00000004252,0.75,high,general / other,4,3,2,2,4,496,
00000004266,0.75,high,general / other,3,2,3,2,4,451,no_quant
00000004272,0.75,high,general / other,3,2,2,2,3,546,no_quant
00000004273,0.75,high,general / other,3,2,3,2,3,529,no_quant
00000004277,0.75,high,general / other,5,2,3,2,4,435,
00000004279,0.75,high,general / other,3,2,3,2,3,489,no_quant
00000004281,0.75,high,general / other,3,2,3,2,3,469,no_quant
00000004285,0.75,high,general / other,4,2,3,2,2,444,
00000004287,0.75,high,general / other,4,2,3,2,3,475,
00000004297,0.75,high,general / other,3,2,3,2,5,524,no_quant
00000004299,0.75,high,general / other,3,2,3,2,2,458,no_quant
00000004326,0.75,high,general / other,3,2,3,2,3,401,no_quant
00000004359,0.75,high,general / other,3,2,2,2,4,505,no_quant
00000004360,0.75,high,general / other,5,2,3,2,3,487,
00000004377,0.75,high,general / other,3,2,3,2,3,435,no_quant
00000004389,0.75,high,general / other,3,2,3,2,4,539,no_quant
00000004390,0.75,high,general / other,4,2,3,2,3,474,
00000004422,0.75,high,general / other,3,2,3,2,2,450,no_quant
00000004445,0.75,high,general / other,3,2,3,2,3,442,no_quant
00000004448,0.75,high,general / other,3,2,3,2,4,439,no_quant
00000004449,0.75,high,general / other,3,2,3,2,4,480,no_quant
00000004472,0.75,high,general / other,3,2,3,2,3,421,no_quant
00000004476,0.75,high,general / other,3,2,2,2,4,473,no_quant
00000004477,0.75,high,general / other,3,2,3,2,3,480,no_quant
00000004478,0.75,high,general / other,3,2,2,2,3,460,no_quant
00000004479,0.75,high,general / other,3,2,3,2,4,465,no_quant
00000004487,0.75,high,general / other,4,2,3,2,3,507,
00000004490,0.75,high,general / other,5,2,3,2,3,519,
00000004491,0.75,high,general / other,3,2,3,2,3,501,no_quant
00000004492,0.75,high,general / other,4,2,3,2,3,443,
00000004493,0.75,high,general / other,3,2,3,2,4,457,no_quant
00000004494,0.75,high,general / other,4,2,3,2,3,452,
00000004497,0.75,high,general / other,3,2,3,2,5,487,no_quant
00000004499,0.75,high,general / other,3,2,3,2,4,472,no_quant
00000004500,0.75,high,general / other,4,2,3,2,3,501,
00000004503,0.75,high,general / other,3,2,3,2,5,474,no_quant
00000004508,0.75,high,general / other,5,2,3,2,3,542,
00000004509,0.75,high,general / other,3,2,3,2,3,453,no_quant
00000004510,0.75,high,general / other,5,3,2,2,3,569,
00000004514,0.75,high,general / other,3,2,3,2,5,479,no_quant
00000004523,0.75,high,general / other,3,2,3,2,5,427,no_quant
00000004530,0.75,high,general / other,4,2,3,2,4,442,
00000004544,0.75,high,general / other,3,2,3,2,4,481,no_quant
00000004546,0.75,high,general / other,4,3,3,2,4,480,
00000004550,0.75,high,general / other,4,2,3,2,3,485,
00000004553,0.75,high,general / other,3,2,3,2,5,479,no_quant
00000004558,0.75,high,general / other,3,2,3,2,4,518,no_quant
00000004559,0.75,high,general / other,3,2,3,2,4,535,no_quant
00000004577,0.75,high,general / other,3,2,3,1,1,411,no_quant
00000004602,0.75,high,general / other,3,2,2,2,4,492,no_quant
00000004603,0.75,high,general / other,3,2,3,2,4,478,no_quant
00000004610,0.75,high,general / other,5,2,2,2,3,466,
00000004611,0.75,high,general / other,3,2,3,2,3,465,no_quant
00000004612,0.75,high,general / other,3,2,3,2,5,443,no_quant
00000004613,0.75,high,general / other,3,2,3,2,4,432,no_quant
00000004614,0.75,high,general / other,4,3,3,2,3,490,
00000004620,0.75,high,general / other,5,2,3,2,4,492,
00000004634,0.75,high,general / other,3,2,3,2,4,415,no_quant
00000004636,0.75,high,general / other,3,2,3,2,4,434,no_quant
00000004664,0.75,high,general / other,3,2,2,2,3,545,no_quant
00000004670,0.75,high,general / other,4,2,2,2,3,548,
00000004676,0.75,high,general / other,3,2,3,2,4,463,no_quant
00000004679,0.75,high,general / other,3,2,3,2,4,436,no_quant
00000004683,0.75,high,general / other,3,2,3,2,4,468,no_quant
00000004684,0.75,high,general / other,3,2,3,2,3,449,no_quant
00000004685,0.75,high,general / other,2,2,3,2,4,445,no_quant
00000004686,0.75,high,general / other,4,2,3,2,4,469,
00000004701,0.75,high,general / other,3,2,3,2,5,470,no_quant
00000004703,0.75,high,general / other,3,2,3,2,5,422,no_quant
00000004719,0.75,high,general / other,3,2,3,2,3,452,no_quant
00000004720,0.75,high,general / other,4,2,3,2,3,463,
00000004729,0.75,high,general / other,3,2,2,2,3,479,no_quant
00000004748,0.75,high,general / other,5,2,2,2,3,433,
00000004752,0.75,high,general / other,3,2,3,2,5,503,no_quant
00000004765,0.75,high,general / other,3,2,3,2,4,444,no_quant
00000004773,0.75,high,general / other,3,2,3,2,3,459,no_quant
00000004826,0.75,high,general / other,3,2,3,2,5,392,no_quant
00000004855,0.75,high,general / other,4,2,3,2,4,467,
00000004862,0.75,high,general / other,4,2,3,2,4,486,
00000004893,0.75,high,general / other,3,2,2,2,4,455,no_quant
00000004896,0.75,high,general / other,4,2,3,1,2,758,
00000004909,0.75,high,general / other,3,2,3,2,3,613,no_quant
00000004915,0.75,high,general / other,3,2,3,2,5,470,no_quant
00000004948,0.75,high,general / other,5,2,3,1,2,373,
00000004963,0.75,high,general / other,3,2,3,2,3,694,no_quant
00000004967,0.75,high,general / other,3,2,3,2,4,585,no_quant
00000004972,0.75,high,general / other,3,2,3,2,5,475,no_quant
00000004973,0.75,high,general / other,3,2,2,2,3,474,no_quant
00000004980,0.75,high,general / other,4,2,3,2,4,481,
00000005015,0.75,high,general / other,4,2,3,2,3,434,
00000005018,0.75,high,general / other,3,2,3,2,4,467,no_quant
00000005019,0.75,high,general / other,3,2,2,2,4,595,no_quant
00000005035,0.75,high,general / other,4,2,3,2,2,667,
00000005039,0.75,high,general / other,3,2,3,2,4,443,no_quant
00000005041,0.75,high,general / other,4,3,3,3,5,479,
00000005049,0.75,high,general / other,3,2,2,2,3,629,no_quant
00000005050,0.75,high,general / other,4,2,3,2,3,477,
00000005068,0.75,high,general / other,2,2,3,2,4,421,no_quant
00000005074,0.75,high,general / other,3,2,3,2,5,438,no_quant
00000005075,0.75,high,general / other,3,2,3,2,5,487,no_quant
00000005076,0.75,high,general / other,3,2,3,2,4,460,no_quant
00000005079,0.75,high,general / other,3,2,3,2,4,397,no_quant
00000005080,0.75,high,general / other,4,2,3,2,3,478,
00000005083,0.75,high,general / other,3,2,3,2,4,416,no_quant
00000005086,0.75,high,general / other,3,2,3,2,4,420,no_quant
00000005087,0.75,high,general / other,3,2,3,2,2,720,no_quant
00000005089,0.75,high,general / other,3,2,3,2,4,441,no_quant
00000005108,0.75,high,general / other,3,2,3,2,4,459,no_quant
00000005110,0.75,high,general / other,4,2,3,2,3,429,
00000005120,0.75,high,general / other,4,2,3,2,3,460,
00000005137,0.75,high,general / other,3,2,3,2,5,443,no_quant
00000005157,0.75,high,general / other,3,2,3,2,4,480,no_quant
00000005158,0.75,high,general / other,4,2,3,2,4,664,
00000005162,0.75,high,general / other,3,2,3,2,3,466,no_quant
00000005171,0.75,high,general / other,3,2,3,2,5,449,no_quant
00000005173,0.75,high,general / other,3,2,3,2,4,464,no_quant
00000005174,0.75,high,general / other,3,2,3,2,4,480,no_quant
00000005175,0.75,high,general / other,3,2,3,2,4,443,no_quant
00000005176,0.75,high,general / other,3,2,3,2,4,413,no_quant
00000005177,0.75,high,general / other,3,2,3,2,4,428,no_quant
00000005179,0.75,high,general / other,3,2,3,2,4,415,no_quant
00000005180,0.75,high,general / other,4,2,2,2,3,457,
00000005185,0.75,high,general / other,3,2,3,2,4,414,no_quant
00000005190,0.75,high,general / other,4,2,3,2,3,470,
00000005203,0.75,high,general / other,3,2,3,2,4,444,no_quant
00000005204,0.75,high,general / other,5,2,2,2,3,454,
00000005205,0.75,high,general / other,3,2,3,2,4,424,no_quant
00000005212,0.75,high,general / other,3,2,3,2,3,656,no_quant
00000005213,0.75,high,general / other,3,2,3,2,4,405,no_quant
00000005226,0.75,high,general / other,3,2,3,2,5,459,no_quant
00000005265,0.75,high,general / other,3,2,3,2,4,443,no_quant
00000005266,0.75,high,general / other,3,2,3,2,5,461,no_quant
00000005267,0.75,high,general / other,3,2,3,2,4,446,no_quant
00000005276,0.75,high,general / other,3,2,3,2,5,455,no_quant
00000005278,0.75,high,general / other,5,3,2,2,4,399,
00000005279,0.75,high,general / other,3,2,3,2,4,427,no_quant
00000005280,0.75,high,general / other,4,2,3,2,3,474,
00000005283,0.75,high,general / other,3,2,3,2,4,463,no_quant
00000005285,0.75,high,general / other,3,2,3,2,4,390,no_quant
00000005287,0.75,high,general / other,3,2,3,2,4,400,no_quant
00000005289,0.75,high,general / other,3,2,3,2,4,438,no_quant
00000005290,0.75,high,general / other,4,2,3,2,3,502,
00000005309,0.75,high,general / other,3,2,3,1,2,550,no_quant
00000005328,0.75,high,general / other,3,2,2,2,4,682,no_quant
00000005332,0.75,high,general / other,3,2,3,2,4,406,no_quant
00000005344,0.75,high,general / other,3,2,3,2,4,417,no_quant
00000005358,0.75,high,general / other,3,2,3,2,5,438,no_quant
00000005369,0.75,high,general / other,3,2,3,2,4,407,no_quant
00000005382,0.75,high,general / other,3,2,3,2,4,463,no_quant
00000005383,0.75,high,general / other,3,2,3,2,5,430,no_quant
00000005384,0.75,high,general / other,3,2,3,2,4,416,no_quant
00000005385,0.75,high,general / other,3,2,3,2,5,456,no_quant
00000005387,0.75,high,general / other,3,2,3,2,5,421,no_quant
00000005389,0.75,high,general / other,3,2,3,2,5,481,no_quant
00000005390,0.75,high,general / other,4,2,3,2,3,485,
00000005396,0.75,high,general / other,3,2,3,2,4,409,no_quant
00000005434,0.75,high,general / other,3,2,3,2,5,386,no_quant
00000005453,0.75,high,general / other,3,2,3,2,5,417,no_quant
00000005487,0.75,high,general / other,3,2,3,2,4,423,no_quant
00000005490,0.75,high,general / other,4,2,3,2,3,471,
00000005492,0.75,high,general / other,3,2,3,2,4,452,no_quant
00000005493,0.75,high,general / other,3,2,3,2,4,440,no_quant
00000005497,0.75,high,general / other,3,2,3,2,4,491,no_quant
00000005505,0.75,high,general / other,3,2,3,2,3,627,no_quant
00000005507,0.75,high,general / other,3,2,3,2,4,439,no_quant
00000005513,0.75,high,general / other,3,2,3,2,4,579,no_quant
00000005515,0.75,high,general / other,3,2,3,2,4,402,no_quant
00000005516,0.75,high,general / other,3,2,3,2,4,396,no_quant
00000005526,0.75,high,general / other,3,2,3,2,4,422,no_quant
00000005534,0.75,high,general / other,3,2,3,2,4,411,no_quant
00000005539,0.75,high,general / other,3,2,3,2,4,420,no_quant
00000005547,0.75,high,general / other,3,2,3,2,4,416,no_quant
00000005558,0.75,high,general / other,3,2,3,2,4,391,no_quant
00000005559,0.75,high,general / other,3,2,3,2,4,397,no_quant
00000005569,0.75,high,general / other,3,2,3,2,4,452,no_quant
00000005574,0.75,high,general / other,3,2,3,2,4,417,no_quant
00000005576,0.75,high,general / other,3,2,3,2,4,435,no_quant
00000005579,0.75,high,general / other,3,2,3,2,4,377,no_quant
00000005580,0.75,high,general / other,5,2,3,2,3,423,
00000005582,0.75,high,general / other,3,2,3,2,4,451,no_quant
00000005586,0.75,high,general / other,3,2,3,2,4,436,no_quant
00000005587,0.75,high,general / other,3,2,3,2,4,404,no_quant
00000005588,0.75,high,general / other,3,2,3,2,3,443,no_quant
00000005590,0.75,high,general / other,4,2,3,2,3,454,
00000005599,0.75,high,general / other,3,2,3,2,5,386,no_quant
00000005613,0.75,high,general / other,3,2,3,2,4,616,no_quant
00000005627,0.75,high,general / other,4,2,3,2,4,397,
00000005630,0.75,high,general / other,4,2,3,2,3,468,
00000005633,0.75,high,general / other,3,3,2,2,4,709,no_quant
00000005636,0.75,high,general / other,3,3,2,2,4,376,no_quant
00000005641,0.75,high,general / other,5,2,3,2,3,406,
00000005643,0.75,high,general / other,3,2,3,2,4,412,no_quant
00000005646,0.75,high,general / other,3,2,3,2,4,412,no_quant
00000005650,0.75,high,general / other,4,2,3,2,3,416,
00000005657,0.75,high,general / other,3,2,3,2,5,425,no_quant
00000005659,0.75,high,general / other,3,2,3,2,5,388,no_quant
00000005665,0.75,high,general / other,3,2,3,2,4,379,no_quant
00000005675,0.75,high,general / other,3,2,3,2,4,388,no_quant
00000005676,0.75,high,general / other,3,2,3,2,4,388,no_quant
00000005680,0.75,high,general / other,4,2,3,2,3,424,
00000005686,0.75,high,general / other,3,2,3,2,4,391,no_quant
00000005687,0.75,high,general / other,5,2,3,2,2,579,
00000005692,0.75,high,general / other,3,2,3,2,4,388,no_quant
00000005694,0.75,high,general / other,3,2,3,2,4,392,no_quant
00000005698,0.75,high,general / other,3,2,3,2,4,433,no_quant
00000005707,0.75,high,general / other,3,2,3,2,4,454,no_quant
00000005708,0.75,high,general / other,3,2,3,2,4,418,no_quant
00000005716,0.75,high,general / other,3,2,3,2,4,441,no_quant
00000005717,0.75,high,general / other,4,2,3,2,3,444,
00000005728,0.75,high,general / other,3,2,3,2,4,413,no_quant
00000005734,0.75,high,general / other,4,2,3,2,4,392,
00000005735,0.75,high,general / other,3,2,3,2,4,444,no_quant
00000005736,0.75,high,general / other,3,2,3,2,4,410,no_quant
00000005738,0.75,high,general / other,3,2,3,2,4,408,no_quant
00000005740,0.75,high,general / other,4,2,3,2,3,468,
00000005756,0.75,high,general / other,3,2,3,2,4,420,no_quant
00000005776,0.75,high,general / other,3,2,3,2,4,421,no_quant
00000005781,0.75,high,general / other,3,2,3,2,4,453,no_quant
00000005786,0.75,high,general / other,3,2,3,2,4,443,no_quant
00000005787,0.75,high,general / other,3,2,3,2,4,383,no_quant
00000005790,0.75,high,general / other,4,2,3,2,3,453,
00000005795,0.75,high,general / other,3,2,3,2,4,397,no_quant
00000005797,0.75,high,general / other,3,2,3,2,5,449,no_quant
00000005798,0.75,high,general / other,3,2,3,2,4,414,no_quant
00000005800,0.75,high,general / other,4,2,3,2,3,468,
00000005808,0.75,high,general / other,3,2,3,2,4,441,no_quant
00000005810,0.75,high,general / other,4,2,3,2,4,440,
00000005813,0.75,high,general / other,3,2,3,2,4,416,no_quant
00000005814,0.75,high,general / other,3,2,3,2,4,449,no_quant
00000005815,0.75,high,general / other,3,2,3,2,4,415,no_quant
00000005816,0.75,high,general / other,3,2,3,2,3,397,no_quant
00000005820,0.75,high,general / other,4,2,3,2,3,432,
00000005826,0.75,high,general / other,3,2,3,2,4,400,no_quant
00000005829,0.75,high,general / other,3,2,3,2,4,363,no_quant
00000005830,0.75,high,general / other,4,2,3,2,4,432,
00000005837,0.75,high,general / other,3,2,3,1,2,660,no_quant
00000005840,0.75,high,general / other,4,2,3,2,3,442,
00000005842,0.75,high,general / other,3,2,3,2,4,406,no_quant
00000005847,0.75,high,general / other,3,2,3,2,4,380,no_quant
00000005850,0.75,high,general / other,4,2,3,2,3,465,
00000005854,0.75,high,general / other,3,2,2,1,2,620,no_quant
00000005859,0.75,high,general / other,3,2,2,2,4,401,no_quant
00000005860,0.75,high,general / other,4,2,3,2,3,440,
00000005864,0.75,high,general / other,3,2,3,2,4,443,no_quant
00000005870,0.75,high,general / other,4,2,3,2,4,468,
00000005871,0.75,high,general / other,3,2,3,2,5,408,no_quant
00000005880,0.75,high,general / other,4,2,3,2,3,453,
00000005881,0.75,high,general / other,3,2,2,2,5,511,no_quant
00000005893,0.75,high,general / other,3,2,3,2,5,416,no_quant
00000005894,0.75,high,general / other,3,2,3,2,4,400,no_quant
00000005906,0.75,high,general / other,3,2,3,2,3,677,no_quant
00000005916,0.75,high,general / other,3,2,3,2,4,395,no_quant
00000005918,0.75,high,general / other,3,3,3,3,4,416,no_quant
00000005926,0.75,high,general / other,5,2,3,2,3,638,
00000005928,0.75,high,general / other,3,2,3,2,4,387,no_quant
00000005930,0.75,high,general / other,4,2,3,2,3,412,
00000005931,0.75,high,general / other,3,2,3,2,4,481,no_quant
00000005938,0.75,high,general / other,3,2,2,2,4,430,no_quant
00000005939,0.75,high,general / other,2,2,3,2,4,405,no_quant
00000005940,0.75,high,general / other,4,2,3,2,3,450,
00000005943,0.75,high,general / other,3,2,3,2,4,413,no_quant
00000005946,0.75,high,general / other,3,2,3,2,3,434,no_quant
00000005950,0.75,high,general / other,4,2,3,2,3,453,
00000005954,0.75,high,general / other,3,2,3,2,4,402,no_quant
00000005955,0.75,high,general / other,3,2,3,2,4,395,no_quant
00000005964,0.75,high,general / other,3,2,3,2,4,400,no_quant
00000005966,0.75,high,general / other,3,2,3,2,4,404,no_quant
00000005968,0.75,high,general / other,3,3,3,3,4,385,no_quant
00000005970,0.75,high,general / other,4,3,3,3,3,450,
00000005980,0.75,high,general / other,4,3,3,3,3,475,
00000005992,0.75,high,general / other,3,2,3,2,4,651,no_quant
00000005993,0.75,high,general / other,3,2,3,2,4,412,no_quant
00000005995,0.75,high,general / other,5,2,3,2,4,611,
00000005999,0.75,high,general / other,3,2,3,2,5,369,no_quant
00000006005,0.75,high,general / other,3,2,3,2,4,394,no_quant
00000006008,0.75,high,general / other,3,2,3,2,4,420,no_quant
00000006009,0.75,high,general / other,3,2,3,2,4,452,no_quant
00000006012,0.75,high,general / other,3,2,3,2,4,445,no_quant
00000006013,0.75,high,general / other,3,2,3,2,5,492,no_quant
00000006016,0.75,high,general / other,3,2,2,2,4,423,no_quant
00000006021,0.75,high,general / other,3,2,3,2,5,446,no_quant
00000006026,0.75,high,general / other,3,2,2,2,4,574,no_quant
00000006029,0.75,high,general / other,3,2,3,2,4,431,no_quant
00000006030,0.75,high,general / other,4,2,3,2,3,481,
00000006033,0.75,high,general / other,3,2,3,2,4,427,no_quant
00000006040,0.75,high,general / other,4,2,3,2,3,478,
00000006044,0.75,high,general / other,3,2,3,2,4,398,no_quant
00000006049,0.75,high,general / other,3,3,3,3,5,568,no_quant
00000006052,0.75,high,general / other,3,2,3,2,4,327,no_quant
00000006053,0.75,high,general / other,3,2,3,2,4,416,no_quant
00000006056,0.75,high,general / other,3,2,3,2,4,514,no_quant
00000006058,0.75,high,general / other,3,2,3,2,4,395,no_quant
00000006059,0.75,high,general / other,3,2,3,2,5,396,no_quant
00000006070,0.75,high,general / other,4,2,3,2,3,484,
00000006072,0.75,high,general / other,3,2,3,2,4,405,no_quant
00000006079,0.75,high,general / other,3,2,3,2,4,373,no_quant
00000006080,0.75,high,general / other,4,2,3,2,3,432,
00000006090,0.75,high,general / other,4,2,3,2,4,491,
00000006092,0.75,high,general / other,3,2,2,2,5,383,no_quant
00000006114,0.75,high,general / other,3,2,3,2,4,562,no_quant
00000006117,0.75,high,general / other,3,2,3,2,4,383,no_quant
00000006118,0.75,high,general / other,3,2,2,2,4,370,no_quant
00000006119,0.75,high,general / other,3,2,3,2,5,428,no_quant
00000006121,0.75,high,general / other,3,2,3,2,5,401,no_quant
00000006126,0.75,high,general / other,3,2,3,2,4,415,no_quant
00000006137,0.75,high,general / other,3,2,3,2,4,416,no_quant
00000006139,0.75,high,general / other,3,2,3,2,4,398,no_quant
00000006140,0.75,high,general / other,4,2,3,2,3,482,
00000006146,0.75,high,general / other,3,2,3,2,3,703,no_quant
00000006147,0.75,high,general / other,3,2,3,2,3,593,no_quant
00000006159,0.75,high,general / other,3,2,3,2,4,394,no_quant
00000006167,0.75,high,general / other,3,2,3,2,4,418,no_quant
00000006170,0.75,high,general / other,4,2,3,2,4,473,
00000006173,0.75,high,general / other,3,2,3,2,5,374,no_quant
00000006174,0.75,high,general / other,3,2,3,2,4,389,no_quant
00000006193,0.75,high,general / other,3,2,3,2,4,622,no_quant
00000006205,0.75,high,general / other,3,2,3,2,5,416,no_quant
00000006210,0.75,high,general / other,4,2,3,2,3,466,
00000006217,0.75,high,general / other,3,2,3,2,4,545,no_quant
00000006220,0.75,high,general / other,4,2,3,2,3,458,
00000006223,0.75,high,general / other,3,2,3,2,4,601,no_quant
00000006228,0.75,high,general / other,3,2,3,2,4,392,no_quant
00000006229,0.75,high,general / other,3,2,3,2,5,596,no_quant
00000006233,0.75,high,general / other,3,2,3,2,5,390,no_quant
00000006234,0.75,high,general / other,3,2,3,2,4,625,no_quant
00000006237,0.75,high,general / other,3,2,3,2,4,357,no_quant
00000006239,0.75,high,general / other,3,2,3,2,4,421,no_quant
00000006240,0.75,high,general / other,4,2,3,2,3,484,
00000006243,0.75,high,general / other,3,2,3,2,4,401,no_quant
00000006267,0.75,high,general / other,3,2,3,2,3,438,no_quant
00000006268,0.75,high,general / other,3,3,3,4,4,669,no_quant
00000006276,0.75,high,general / other,3,2,3,2,4,414,no_quant
00000006285,0.75,high,general / other,3,2,3,2,4,605,no_quant
00000006296,0.75,high,general / other,3,2,2,2,4,340,no_quant
00000006305,0.75,high,general / other,3,2,3,2,4,447,no_quant
00000006320,0.75,high,general / other,4,2,3,2,4,463,
00000006323,0.75,high,general / other,3,2,3,2,4,440,no_quant
00000006324,0.75,high,general / other,3,2,3,2,4,478,no_quant
00000006325,0.75,high,general / other,3,2,3,2,4,411,no_quant
00000006331,0.75,high,general / other,3,2,3,2,4,441,no_quant
00000006334,0.75,high,general / other,4,2,3,2,4,593,
00000006342,0.75,high,general / other,3,2,3,2,4,450,no_quant
00000006347,0.75,high,general / other,3,2,3,2,4,477,no_quant
00000006348,0.75,high,general / other,3,2,3,2,5,431,no_quant
00000006350,0.75,high,general / other,4,2,3,2,3,447,
00000006356,0.75,high,general / other,3,2,3,2,4,553,no_quant
00000006363,0.75,high,general / other,3,2,3,1,3,411,no_quant
00000006364,0.75,high,general / other,3,2,3,1,2,532,no_quant
00000006367,0.75,high,general / other,3,2,3,2,3,410,no_quant
00000006369,0.75,high,general / other,3,2,2,2,4,404,no_quant
00000006371,0.75,high,general / other,3,2,3,2,4,416,no_quant
00000006372,0.75,high,general / other,3,2,3,2,4,391,no_quant
00000006377,0.75,high,general / other,3,2,3,2,5,550,no_quant
00000006378,0.75,high,general / other,3,2,3,2,5,404,no_quant
00000006382,0.75,high,general / other,3,2,3,2,3,558,no_quant
00000006383,0.75,high,general / other,3,2,3,2,4,351,no_quant
00000006387,0.75,high,general / other,3,2,3,2,4,401,no_quant
00000006388,0.75,high,general / other,3,2,3,2,3,539,no_quant
00000006390,0.75,high,general / other,4,2,3,2,3,466,
00000006393,0.75,high,general / other,3,2,3,2,4,404,no_quant
00000006400,0.75,high,general / other,4,2,3,2,3,435,
00000006402,0.75,high,general / other,3,2,3,2,5,386,no_quant
00000006406,0.75,high,general / other,3,2,3,2,4,442,no_quant
00000006410,0.75,high,general / other,4,2,3,2,3,454,
00000006417,0.75,high,general / other,3,2,3,2,5,407,no_quant
00000006418,0.75,high,general / other,3,2,3,2,4,426,no_quant
00000006420,0.75,high,general / other,4,2,3,2,3,421,
00000006443,0.75,high,general / other,3,2,3,2,5,402,no_quant
00000006450,0.75,high,general / other,4,2,3,2,4,446,
00000006451,0.75,high,general / other,3,2,3,2,4,391,no_quant
00000006466,0.75,high,general / other,3,2,3,2,4,355,no_quant
00000006477,0.75,high,general / other,3,2,3,2,3,476,no_quant
00000006478,0.75,high,general / other,3,2,3,2,5,473,no_quant
00000006500,0.75,high,general / other,3,2,3,2,4,426,no_quant
00000006501,0.75,high,general / other,3,2,3,2,4,397,no_quant
00000006505,0.75,high,general / other,3,2,3,2,4,428,no_quant
00000006508,0.75,high,general / other,3,2,3,2,4,370,no_quant
00000006509,0.75,high,general / other,3,2,2,2,4,363,no_quant
00000006510,0.75,high,general / other,3,2,3,2,4,420,no_quant
00000006513,0.75,high,general / other,3,2,3,2,4,409,no_quant
00000006515,0.75,high,general / other,3,2,3,2,4,373,no_quant
00000006519,0.75,high,general / other,3,2,3,2,4,426,no_quant
00000006520,0.75,high,general / other,3,2,3,2,4,399,no_quant
00000006522,0.75,high,general / other,3,2,3,2,5,418,no_quant
00000006524,0.75,high,general / other,3,2,3,2,5,422,no_quant
00000006529,0.75,high,general / other,3,2,2,2,4,488,no_quant
00000006532,0.75,high,general / other,3,2,2,2,3,600,no_quant
00000006538,0.75,high,general / other,3,2,3,2,4,451,no_quant
00000006550,0.75,high,general / other,4,2,3,2,3,447,
00000006552,0.75,high,general / other,3,2,3,2,4,562,no_quant
00000006554,0.75,high,general / other,3,2,3,2,4,442,no_quant
00000006555,0.75,high,general / other,3,2,3,2,4,527,no_quant
00000006559,0.75,high,general / other,3,2,3,2,4,503,no_quant
00000006560,0.75,high,general / other,4,2,3,2,3,441,
00000006562,0.75,high,general / other,3,2,3,2,5,375,no_quant
00000006568,0.75,high,general / other,3,2,2,2,4,461,no_quant
00000006570,0.75,high,general / other,4,2,3,2,3,423,
00000006572,0.75,high,general / other,3,2,3,2,3,507,no_quant
00000006574,0.75,high,general / other,3,2,3,2,3,516,no_quant
00000006576,0.75,high,general / other,3,2,3,2,4,490,no_quant
00000006580,0.75,high,general / other,4,2,3,2,3,428,
00000006585,0.75,high,general / other,3,2,2,2,4,524,no_quant
00000006586,0.75,high,general / other,5,2,3,2,4,379,
00000006589,0.75,high,general / other,3,2,3,2,4,545,no_quant
00000006592,0.75,high,general / other,3,2,3,2,4,491,no_quant
00000006596,0.75,high,general / other,3,2,3,2,4,563,no_quant
00000006600,0.75,high,general / other,4,2,3,2,3,428,
00000006603,0.75,high,general / other,3,2,3,2,4,374,no_quant
00000006604,0.75,high,general / other,3,2,3,2,3,564,no_quant
00000006613,0.75,high,general / other,3,2,3,2,5,522,no_quant
00000006615,0.75,high,general / other,3,2,3,2,4,500,no_quant
00000006619,0.75,high,general / other,3,2,3,2,4,550,no_quant
00000006620,0.75,high,general / other,4,2,3,2,3,486,
00000006622,0.75,high,general / other,3,2,3,2,4,488,no_quant
00000006624,0.75,high,general / other,3,2,3,2,5,500,no_quant
00000006626,0.75,high,general / other,3,2,3,2,4,527,no_quant
00000006627,0.75,high,general / other,3,2,3,2,4,441,no_quant
00000006633,0.75,high,general / other,3,2,3,2,4,463,no_quant
00000006637,0.75,high,general / other,3,2,3,2,4,369,no_quant
00000006640,0.75,high,general / other,4,2,3,2,3,455,
00000006645,0.75,high,general / other,3,2,2,2,4,372,no_quant
00000006646,0.75,high,general / other,3,2,3,2,4,394,no_quant
00000006648,0.75,high,general / other,3,2,3,2,4,418,no_quant
00000006650,0.75,high,general / other,3,2,3,2,4,360,no_quant
00000006656,0.75,high,general / other,3,2,3,2,4,403,no_quant
00000006659,0.75,high,general / other,3,2,3,2,4,395,no_quant
00000006660,0.75,high,general / other,3,2,3,2,4,393,no_quant
00000006666,0.75,high,general / other,3,2,2,2,4,390,no_quant
00000006668,0.75,high,general / other,3,2,3,2,4,405,no_quant
00000006669,0.75,high,general / other,3,2,3,2,4,379,no_quant
00000006670,0.75,high,general / other,3,2,3,2,4,372,no_quant
00000006671,0.75,high,general / other,3,2,3,2,4,497,no_quant
00000006672,0.75,high,general / other,3,2,3,2,4,417,no_quant
00000006673,0.75,high,general / other,3,2,3,2,4,398,no_quant
00000006683,0.75,high,general / other,3,2,3,2,4,431,no_quant
00000006686,0.75,high,general / other,3,2,3,2,4,453,no_quant
00000006689,0.75,high,general / other,3,3,2,3,4,473,no_quant
00000006691,0.75,high,general / other,3,2,3,2,5,390,no_quant
00000006697,0.75,high,general / other,3,2,3,2,4,421,no_quant
00000006711,0.75,high,general / other,3,2,3,2,4,357,no_quant
00000006712,0.75,high,general / other,3,2,3,2,4,373,no_quant
00000006715,0.75,high,general / other,3,2,3,2,4,320,no_quant
00000006717,0.75,high,general / other,3,2,3,2,4,387,no_quant
00000006718,0.75,high,general / other,3,2,3,2,4,358,no_quant
00000006723,0.75,high,general / other,3,2,2,2,4,388,no_quant
00000006729,0.75,high,general / other,3,2,3,2,4,357,no_quant
00000006730,0.75,high,general / other,3,2,3,2,4,404,no_quant
00000006732,0.75,high,general / other,3,2,3,2,4,474,no_quant
00000006736,0.75,high,general / other,3,2,3,2,4,424,no_quant
00000006738,0.75,high,general / other,3,2,3,2,4,496,no_quant
00000006750,0.75,high,general / other,4,2,3,2,3,432,
00000006751,0.75,high,general / other,3,2,3,2,4,457,no_quant
00000006752,0.75,high,general / other,3,2,3,2,4,423,no_quant
00000006753,0.75,high,general / other,3,2,2,2,4,520,no_quant
00000006754,0.75,high,general / other,3,2,3,2,4,399,no_quant
00000006756,0.75,high,general / other,3,2,2,2,4,491,no_quant
00000006759,0.75,high,general / other,3,2,2,2,4,351,no_quant
00000006764,0.75,high,general / other,3,2,3,2,4,386,no_quant
00000006768,0.75,high,general / other,3,2,3,2,4,320,no_quant
00000006770,0.75,high,general / other,3,2,3,2,4,312,no_quant
00000006771,0.75,high,general / other,3,2,3,2,4,314,no_quant
00000006772,0.75,high,general / other,3,2,3,2,5,321,no_quant
00000006773,0.75,high,general / other,3,2,3,2,5,349,no_quant
00000006777,0.75,high,general / other,3,2,3,2,4,359,no_quant
00000006786,0.75,high,general / other,3,2,3,2,4,345,no_quant
00000006789,0.75,high,general / other,3,2,3,2,4,348,no_quant
00000006792,0.75,high,general / other,3,2,3,2,4,320,no_quant
00000006803,0.75,high,general / other,3,2,3,2,4,346,no_quant
00000006804,0.75,high,general / other,3,2,3,2,4,301,no_quant
00000006810,0.75,high,general / other,3,2,3,2,4,291,no_quant
00000006815,0.75,high,general / other,3,2,2,2,4,341,no_quant
00000006825,0.75,high,general / other,3,3,2,3,4,335,no_quant
00000006827,0.75,high,general / other,3,2,3,2,4,343,no_quant
00000006830,0.75,high,general / other,3,4,2,3,4,354,no_quant
00000006832,0.75,high,general / other,3,2,2,2,4,337,no_quant
00000006833,0.75,high,general / other,3,3,2,3,4,320,no_quant
00000006839,0.75,high,general / other,3,3,2,3,4,327,no_quant
00000006843,0.75,high,general / other,3,2,3,2,4,341,no_quant
00000006849,0.75,high,general / other,3,5,2,5,4,344,grand|no_quant
00000006852,0.75,high,general / other,3,2,3,2,4,377,no_quant
00000006855,0.75,high,general / other,3,2,3,2,4,357,no_quant
00000006858,0.75,high,general / other,3,2,3,2,4,329,no_quant
00000006860,0.75,high,general / other,3,2,3,2,4,339,no_quant
00000006864,0.75,high,general / other,3,2,3,2,4,299,no_quant
00000006871,0.75,high,general / other,3,2,3,2,4,347,no_quant
00000006874,0.75,high,general / other,3,2,3,2,5,374,no_quant
00000006877,0.75,high,general / other,3,2,3,2,4,340,no_quant
00000006893,0.75,high,general / other,3,2,3,2,4,418,no_quant
00000006894,0.75,high,general / other,3,2,3,2,3,428,no_quant
00000006900,0.75,high,general / other,4,2,3,2,3,437,
00000006908,0.75,high,general / other,3,2,3,2,4,389,no_quant
00000006912,0.75,high,general / other,3,2,3,2,4,344,no_quant
00000006915,0.75,high,general / other,3,3,3,4,4,342,no_quant
00000006919,0.75,high,general / other,3,2,2,2,4,334,no_quant
00000006921,0.75,high,general / other,3,2,3,2,4,327,no_quant
00000006924,0.75,high,general / other,3,2,3,2,4,362,no_quant
00000006925,0.75,high,general / other,3,2,2,2,4,367,no_quant
00000006926,0.75,high,general / other,3,2,3,2,4,339,no_quant
00000006930,0.75,high,general / other,3,2,3,2,4,338,no_quant
00000006933,0.75,high,general / other,3,2,3,2,4,343,no_quant
00000006934,0.75,high,general / other,3,2,3,2,4,291,no_quant
00000006935,0.75,high,general / other,3,2,3,2,4,376,no_quant
00000006939,0.75,high,general / other,3,2,3,2,4,282,no_quant
00000006943,0.75,high,general / other,3,2,3,2,4,322,no_quant
00000006960,0.75,high,general / other,3,2,3,2,4,340,no_quant
00000006964,0.75,high,general / other,3,2,3,2,4,293,no_quant
00000006966,0.75,high,general / other,3,2,3,2,4,337,no_quant
00000006967,0.75,high,general / other,3,2,3,2,4,319,no_quant
00000006969,0.75,high,general / other,3,2,2,2,4,320,no_quant
00000006970,0.75,high,general / other,3,2,3,2,5,346,no_quant
00000006978,0.75,high,general / other,3,2,3,2,5,404,no_quant
00000006981,0.75,high,general / other,3,2,3,2,4,398,no_quant
00000006982,0.75,high,general / other,3,2,3,2,4,502,no_quant
00000006983,0.75,high,general / other,3,2,3,2,4,382,no_quant
00000006984,0.75,high,general / other,3,2,3,2,4,382,no_quant
00000006985,0.75,high,general / other,3,2,3,2,5,448,no_quant
00000006987,0.75,high,general / other,3,2,3,2,5,450,no_quant
00000006995,0.75,high,general / other,3,2,3,2,4,408,no_quant
00000006999,0.75,high,general / other,3,2,3,2,4,425,no_quant
00000007005,0.75,high,general / other,3,2,3,2,4,338,no_quant
00000007006,0.75,high,general / other,5,2,3,2,3,359,
00000007011,0.75,high,general / other,3,2,3,2,4,365,no_quant
00000007014,0.75,high,general / other,3,2,3,2,4,331,no_quant
00000007015,0.75,high,general / other,3,2,3,2,4,307,no_quant
00000007016,0.75,high,general / other,3,2,3,2,4,358,no_quant
00000007018,0.75,high,general / other,3,2,3,2,4,377,no_quant
00000007020,0.75,high,general / other,3,2,3,2,5,371,no_quant
00000007022,0.75,high,general / other,3,2,3,2,4,408,no_quant
00000007026,0.75,high,general / other,3,2,3,2,4,311,no_quant
00000007029,0.75,high,general / other,3,2,3,2,4,344,no_quant
00000007030,0.75,high,general / other,3,2,3,2,4,356,no_quant
00000007037,0.75,high,general / other,3,2,3,2,4,328,no_quant
00000007038,0.75,high,general / other,3,2,3,2,5,295,no_quant
00000007040,0.75,high,general / other,3,2,3,2,4,296,no_quant
00000007043,0.75,high,general / other,3,2,3,2,4,333,no_quant
00000007044,0.75,high,general / other,3,2,3,2,4,307,no_quant
00000007045,0.75,high,general / other,3,2,3,2,4,296,no_quant
00000007047,0.75,high,general / other,3,2,3,2,5,291,no_quant
00000007051,0.75,high,general / other,3,2,3,2,4,364,no_quant
00000007054,0.75,high,general / other,3,2,3,2,4,337,no_quant
00000007056,0.75,high,general / other,3,2,3,2,4,322,no_quant
00000007059,0.75,high,general / other,3,2,3,2,4,306,no_quant
00000007071,0.75,high,general / other,3,2,3,2,4,382,no_quant
00000007074,0.75,high,general / other,3,2,3,2,4,433,no_quant
00000007076,0.75,high,general / other,3,2,3,2,4,380,no_quant
00000007082,0.75,high,general / other,3,2,2,2,4,402,no_quant
00000007084,0.75,high,general / other,3,2,3,2,4,384,no_quant
00000007088,0.75,high,general / other,3,2,3,2,4,393,no_quant
00000007091,0.75,high,general / other,3,2,3,2,5,370,no_quant
00000007092,0.75,high,general / other,3,2,3,2,4,352,no_quant
00000007096,0.75,high,general / other,3,2,3,2,5,348,no_quant
00000007097,0.75,high,general / other,3,2,3,2,5,343,no_quant
00000007098,0.75,high,general / other,3,2,3,2,5,338,no_quant
00000007099,0.75,high,general / other,3,2,3,2,4,328,no_quant
00000007100,0.75,high,general / other,3,2,3,2,4,382,no_quant
00000007104,0.75,high,general / other,3,2,3,2,4,333,no_quant
00000007106,0.75,high,general / other,3,2,3,2,5,364,no_quant
00000007107,0.75,high,general / other,3,2,3,2,4,338,no_quant
00000007109,0.75,high,general / other,3,2,3,2,4,347,no_quant
00000007113,0.75,high,general / other,3,2,3,2,4,416,no_quant
00000007114,0.75,high,general / other,3,2,3,2,4,353,no_quant
00000007115,0.75,high,general / other,3,2,3,2,4,371,no_quant
00000007116,0.75,high,general / other,3,2,3,2,4,355,no_quant
00000007118,0.75,high,general / other,3,2,3,2,4,318,no_quant
00000007119,0.75,high,general / other,3,2,3,2,4,370,no_quant
00000007120,0.75,high,general / other,3,2,3,2,4,340,no_quant
00000007122,0.75,high,general / other,3,3,2,2,4,382,no_quant
00000007124,0.75,high,general / other,3,2,3,2,4,404,no_quant
00000007126,0.75,high,general / other,3,2,2,2,4,377,no_quant
00000007127,0.75,high,general / other,3,2,3,2,4,383,no_quant
00000007129,0.75,high,general / other,3,2,3,2,5,376,no_quant
00000007170,0.75,high,general / other,5,2,3,2,3,385,
00000007186,0.75,high,general / other,5,2,3,2,3,359,
00000007197,0.75,high,general / other,3,2,3,2,4,336,no_quant
00000007199,0.75,high,general / other,3,3,2,2,4,365,no_quant
00000007201,0.75,high,general / other,3,2,3,2,4,376,no_quant
00000007203,0.75,high,general / other,3,2,3,2,4,359,no_quant
00000007204,0.75,high,general / other,3,2,3,2,4,345,no_quant
00000007209,0.75,high,general / other,3,2,3,2,4,330,no_quant
00000007232,0.75,high,general / other,3,2,3,2,4,351,no_quant
00000007242,0.75,high,general / other,3,2,3,2,4,376,no_quant
00000007243,0.75,high,general / other,3,2,3,2,4,358,no_quant
00000007244,0.75,high,general / other,3,2,3,2,4,377,no_quant
00000007245,0.75,high,general / other,3,2,3,2,4,386,no_quant
00000007247,0.75,high,general / other,3,2,3,2,4,334,no_quant
00000007248,0.75,high,general / other,3,3,2,2,4,439,no_quant
00000007250,0.75,high,general / other,3,2,3,2,4,342,no_quant
00000007252,0.75,high,general / other,3,2,3,2,5,349,no_quant
00000007253,0.75,high,general / other,3,2,3,2,4,376,no_quant
00000007254,0.75,high,general / other,5,2,3,2,3,369,
00000007257,0.75,high,general / other,5,2,3,2,3,347,
00000007259,0.75,high,general / other,3,2,3,2,4,355,no_quant
00000007262,0.75,high,general / other,3,2,3,2,5,318,no_quant
00000007263,0.75,high,general / other,3,3,3,3,4,373,no_quant
00000007264,0.75,high,general / other,3,2,3,2,4,355,no_quant
00000007268,0.75,high,general / other,3,2,3,2,4,335,no_quant
00000007269,0.75,high,general / other,5,2,3,2,3,461,
00000007274,0.75,high,general / other,3,2,3,2,4,423,no_quant
00000007283,0.75,high,general / other,3,2,3,2,4,404,no_quant
00000007294,0.75,high,general / other,3,2,2,2,4,338,no_quant
00000007298,0.75,high,general / other,3,2,3,2,4,327,no_quant
00000007305,0.75,high,general / other,3,2,3,2,4,410,no_quant
00000007308,0.75,high,general / other,3,2,3,2,5,362,no_quant
00000007309,0.75,high,general / other,3,2,3,2,4,353,no_quant
00000007313,0.75,high,general / other,3,2,3,2,4,346,no_quant
00000007325,0.75,high,general / other,3,2,2,2,4,308,no_quant
00000007329,0.75,high,general / other,3,2,3,2,4,325,no_quant
00000007333,0.75,high,general / other,3,2,3,2,5,376,no_quant
00000007336,0.75,high,general / other,3,2,3,2,4,376,no_quant
00000007337,0.75,high,general / other,3,2,3,1,2,336,no_quant
00000007340,0.75,high,general / other,3,2,3,2,4,322,no_quant
00000007346,0.75,high,general / other,5,2,3,2,3,320,
00000007349,0.75,high,general / other,3,2,3,2,4,327,no_quant
00000007350,0.75,high,general / other,3,2,3,2,5,415,no_quant
00000007352,0.75,high,general / other,3,2,3,2,5,362,no_quant
00000007354,0.75,high,general / other,3,2,3,2,4,324,no_quant
00000007357,0.75,high,general / other,3,2,3,2,4,350,no_quant
00000007358,0.75,high,general / other,3,2,3,2,4,365,no_quant
00000007359,0.75,high,general / other,5,3,3,2,4,340,
00000007361,0.75,high,general / other,3,2,3,2,4,369,no_quant
00000007365,0.75,high,general / other,3,2,3,2,3,342,no_quant
00000007366,0.75,high,general / other,3,2,3,2,4,373,no_quant
00000007376,0.75,high,general / other,3,2,3,2,5,349,no_quant
00000007379,0.75,high,general / other,3,2,3,2,5,316,no_quant
00000007382,0.75,high,general / other,3,2,3,2,5,313,no_quant
00000007386,0.75,high,general / other,3,2,3,2,4,332,no_quant
00000007390,0.75,high,general / other,3,2,3,2,5,352,no_quant
00000007393,0.75,high,general / other,3,2,2,2,4,371,no_quant
00000007396,0.75,high,general / other,3,2,3,2,4,326,no_quant
00000007399,0.75,high,general / other,3,2,3,2,4,324,no_quant
00000007407,0.75,high,general / other,3,3,3,3,4,326,no_quant
00000007408,0.75,high,general / other,3,2,3,2,4,328,no_quant
00000007410,0.75,high,general / other,3,2,3,2,4,348,no_quant
00000007416,0.75,high,general / other,3,2,3,2,4,341,no_quant
00000007418,0.75,high,general / other,3,2,3,2,4,334,no_quant
00000007419,0.75,high,general / other,3,2,3,2,4,311,no_quant
00000007420,0.75,high,general / other,3,2,3,2,4,354,no_quant
00000007427,0.75,high,general / other,3,2,3,2,4,304,no_quant
00000007432,0.75,high,general / other,3,2,3,2,4,362,no_quant
00000007434,0.75,high,general / other,5,2,3,2,3,322,
00000007447,0.75,high,general / other,3,2,2,2,4,335,no_quant
00000007482,0.75,high,general / other,3,3,3,3,4,433,no_quant
00000007501,0.75,high,general / other,3,2,3,2,4,331,no_quant
00000007509,0.75,high,general / other,3,2,3,2,4,306,no_quant
00000007524,0.75,high,general / other,3,2,3,2,3,470,no_quant
00000007525,0.75,high,general / other,3,2,3,2,3,433,no_quant
00000007527,0.75,high,general / other,3,2,3,2,4,396,no_quant
00000007529,0.75,high,general / other,3,2,3,2,4,433,no_quant
00000007530,0.75,high,general / other,4,2,3,2,3,481,
00000007541,0.75,high,general / other,3,2,3,2,4,484,no_quant
00000007544,0.75,high,general / other,3,2,3,2,4,442,no_quant
00000007545,0.75,high,general / other,3,2,3,2,4,446,no_quant
00000007548,0.75,high,general / other,3,2,3,2,4,457,no_quant
00000007553,0.75,high,general / other,3,2,3,2,4,386,no_quant
00000007554,0.75,high,general / other,4,2,3,2,3,494,
00000007555,0.75,high,general / other,3,2,2,2,4,437,no_quant
00000007563,0.75,high,general / other,3,2,2,2,4,386,no_quant
00000007564,0.75,high,general / other,3,2,3,2,3,491,no_quant
00000007571,0.75,high,general / other,3,2,3,2,4,396,no_quant
00000007573,0.75,high,general / other,3,2,3,2,4,432,no_quant
00000007578,0.75,high,general / other,3,2,3,2,5,390,no_quant
00000007584,0.75,high,general / other,3,2,3,2,4,371,no_quant
00000007593,0.75,high,general / other,3,2,3,2,5,414,no_quant
00000007594,0.75,high,general / other,3,2,3,2,4,494,no_quant
00000007602,0.75,high,general / other,3,2,3,2,4,393,no_quant
00000007606,0.75,high,general / other,3,2,3,2,4,352,no_quant
00000007607,0.75,high,general / other,3,2,3,2,4,379,no_quant
00000007608,0.75,high,general / other,3,2,3,2,4,426,no_quant
00000007611,0.75,high,general / other,5,2,3,2,4,417,
00000007617,0.75,high,general / other,3,2,3,2,4,355,no_quant
00000007618,0.75,high,general / other,3,2,3,2,4,416,no_quant
00000007619,0.75,high,general / other,3,2,3,2,4,428,no_quant
00000007620,0.75,high,general / other,4,2,3,2,3,449,
00000007626,0.75,high,general / other,3,2,3,2,4,406,no_quant
00000007629,0.75,high,general / other,3,2,3,2,4,393,no_quant
00000007636,0.75,high,general / other,3,2,3,2,4,423,no_quant
00000007654,0.75,high,general / other,3,2,3,2,5,423,no_quant
00000007660,0.75,high,general / other,4,2,3,2,3,456,
00000007665,0.75,high,general / other,4,3,3,3,4,754,
00000007669,0.75,high,general / other,5,2,3,2,2,674,
00000007677,0.75,high,general / other,5,2,3,2,2,614,
00000007687,0.75,high,general / other,5,3,2,1,1,724,
00000007689,0.75,high,general / other,3,2,3,2,4,832,no_quant
00000007735,0.75,high,general / other,3,3,2,2,2,788,no_quant
00000007736,0.75,high,general / other,3,2,2,2,4,706,no_quant
00000007740,0.75,high,general / other,3,2,3,2,3,818,no_quant
00000007751,0.75,high,general / other,5,3,3,3,4,727,
00000007752,0.75,high,general / other,4,2,3,2,3,720,
00000007846,0.75,high,general / other,3,2,3,2,2,791,no_quant
00000007945,0.75,high,general / other,3,2,3,2,4,962,no_quant
00000007975,0.75,high,general / other,5,3,3,3,4,933,
00000008011,0.75,high,general / other,3,2,3,2,4,1058,no_quant
00000008030,0.75,high,general / other,5,2,3,2,3,923,
00000008040,0.75,high,general / other,3,2,3,2,3,961,no_quant
00000008090,0.75,high,general / other,3,2,2,2,2,944,no_quant
00000008096,0.75,high,general / other,3,2,2,2,3,938,no_quant
00000008149,0.75,high,general / other,5,3,2,3,5,887,
00000008150,0.75,high,general / other,3,2,3,2,4,858,no_quant
00000008151,0.75,high,general / other,3,2,3,2,2,888,no_quant
00000008156,0.75,high,general / other,3,3,2,2,3,1014,no_quant
00000008167,0.75,high,general / other,3,2,3,2,4,890,no_quant
00000008238,0.75,high,general / other,3,2,3,2,3,1063,no_quant
00000008244,0.75,high,general / other,4,3,2,1,1,1105,
00000008254,0.75,high,general / other,5,3,2,3,3,1006,
00000008273,0.75,high,general / other,3,2,3,2,3,1053,no_quant
00000008285,0.75,high,general / other,3,2,3,2,4,1044,no_quant
00000008297,0.75,high,general / other,3,2,3,2,4,937,no_quant
00000008310,0.75,high,general / other,3,2,3,2,4,834,no_quant
00000008322,0.75,high,general / other,5,3,2,2,2,923,
00000008325,0.75,high,general / other,3,2,3,2,4,991,no_quant
00000008339,0.75,high,general / other,3,3,2,2,3,1106,no_quant
00000008346,0.75,high,general / other,3,3,2,2,3,593,no_quant
00000008374,0.75,high,general / other,3,2,3,2,3,1004,no_quant
00000008507,0.75,high,general / other,5,3,3,3,5,485,
00000008508,0.75,high,general / other,3,2,3,2,4,499,no_quant
00000008511,0.75,high,general / other,3,2,3,2,4,560,no_quant
00000008517,0.75,high,general / other,5,2,3,2,3,447,
00000008531,0.75,high,general / other,5,2,3,2,3,638,
00000008541,0.75,high,general / other,3,2,3,1,1,416,no_quant
00000008542,0.75,high,general / other,3,2,3,2,4,417,no_quant
00000008553,0.75,high,general / other,3,2,3,2,4,310,no_quant
00000008558,0.75,high,general / other,3,2,3,2,3,464,no_quant
00000008559,0.75,high,general / other,3,2,3,2,4,470,no_quant
00000008560,0.75,high,general / other,3,2,3,2,3,499,no_quant
00000008570,0.75,high,general / other,5,2,3,2,2,684,
00000008593,0.75,high,general / other,3,2,3,2,4,485,no_quant
00000008597,0.75,high,general / other,3,2,3,2,4,459,no_quant
00000008608,0.75,high,general / other,5,2,3,2,3,390,
00000008615,0.75,high,general / other,3,2,3,2,3,437,no_quant
00000008617,0.75,high,general / other,3,2,3,1,2,375,no_quant
00000008620,0.75,high,general / other,3,2,3,2,3,401,no_quant
00000008622,0.75,high,general / other,3,2,3,2,2,407,no_quant
00000008623,0.75,high,general / other,3,2,3,2,3,379,no_quant
00000008625,0.75,high,general / other,3,2,3,2,5,436,no_quant
00000008627,0.75,high,general / other,3,2,3,2,4,345,no_quant
00000008638,0.75,high,general / other,3,2,3,2,4,411,no_quant
00000008645,0.75,high,general / other,5,3,3,3,5,329,
00000008646,0.75,high,general / other,2,2,3,2,4,369,no_quant
00000008647,0.75,high,general / other,3,2,3,2,4,380,no_quant
00000008670,0.75,high,general / other,3,2,3,1,2,670,no_quant
00000008685,0.75,high,general / other,3,2,3,2,4,441,no_quant
00000008691,0.75,high,general / other,3,2,3,2,4,481,no_quant
00000008697,0.75,high,general / other,5,3,2,2,2,590,
00000008709,0.75,high,general / other,3,2,3,2,4,396,no_quant
00000008724,0.75,high,general / other,3,2,2,2,2,882,no_quant
00000008730,0.75,high,general / other,3,2,3,2,4,565,no_quant
00000008731,0.75,high,general / other,3,2,3,2,4,716,no_quant
00000008733,0.75,high,general / other,3,2,3,2,3,557,no_quant
00000008734,0.75,high,general / other,3,2,3,2,4,646,no_quant
00000008738,0.75,high,general / other,3,2,3,2,5,614,no_quant
00000008748,0.75,high,general / other,5,3,2,2,3,553,
00000008751,0.75,high,general / other,3,2,3,2,3,424,no_quant
00000008775,0.75,high,general / other,3,2,3,2,5,610,no_quant
00000008784,0.75,high,general / other,3,2,3,1,2,413,no_quant
00000008804,0.75,high,general / other,3,2,2,2,4,611,no_quant
00000008812,0.75,high,general / other,3,2,3,2,5,353,no_quant
00000008822,0.75,high,general / other,4,3,3,3,3,943,
00000008824,0.75,high,general / other,3,2,3,2,5,439,no_quant
00000008825,0.75,high,general / other,3,2,3,2,4,402,no_quant
00000008826,0.75,high,general / other,3,2,3,2,4,368,no_quant
00000008829,0.75,high,general / other,3,2,3,2,4,571,no_quant
00000008832,0.75,high,general / other,3,2,3,2,5,432,no_quant
00000008834,0.75,high,general / other,3,2,3,2,5,418,no_quant
00000008836,0.75,high,general / other,3,2,3,2,5,351,no_quant
00000008838,0.75,high,general / other,3,2,3,2,5,395,no_quant
00000008848,0.75,high,general / other,5,2,3,1,2,378,
00000008864,0.75,high,general / other,5,2,3,2,4,360,
00000008873,0.75,high,general / other,3,2,3,2,4,341,no_quant
00000008876,0.75,high,general / other,4,2,3,2,2,640,
00000008882,0.75,high,general / other,3,2,3,2,5,356,no_quant
00000008885,0.75,high,general / other,3,2,3,2,4,624,no_quant
00000008888,0.75,high,general / other,5,3,3,3,4,920,
00000008897,0.75,high,general / other,3,2,3,2,4,311,no_quant
00000008914,0.75,high,general / other,3,2,3,2,4,335,no_quant
00000008920,0.75,high,general / other,3,2,3,2,5,415,no_quant
00000008943,0.75,high,general / other,3,2,3,2,4,342,no_quant
00000008951,0.75,high,general / other,3,2,3,2,4,395,no_quant
00000008958,0.75,high,general / other,3,2,3,2,4,417,no_quant
00000008964,0.75,high,general / other,3,2,3,2,3,333,no_quant
00000008966,0.75,high,general / other,3,2,3,2,4,328,no_quant
00000008967,0.75,high,general / other,3,2,3,2,4,359,no_quant
00000008969,0.75,high,general / other,5,2,3,2,4,360,
00000008970,0.75,high,general / other,3,2,3,2,4,335,no_quant
00000008973,0.75,high,general / other,3,2,3,2,3,325,no_quant
00000008974,0.75,high,general / other,3,2,3,2,4,370,no_quant
00000008977,0.75,high,general / other,3,2,3,2,4,368,no_quant
00000008984,0.75,high,general / other,3,3,2,2,4,364,no_quant
00000008985,0.75,high,general / other,3,2,3,2,4,345,no_quant
00000008986,0.75,high,general / other,3,2,3,2,4,384,no_quant
00000008988,0.75,high,general / other,3,2,3,2,4,373,no_quant
00000008990,0.75,high,general / other,3,2,3,2,4,421,no_quant
00000008991,0.75,high,general / other,3,2,3,2,4,394,no_quant
00000008992,0.75,high,general / other,3,2,3,2,4,410,no_quant
00000008993,0.75,high,general / other,3,2,3,2,4,372,no_quant
00000008994,0.75,high,general / other,3,2,3,2,4,401,no_quant
00000008997,0.75,high,general / other,3,2,3,2,4,354,no_quant
00000009001,0.75,high,general / other,3,2,3,2,4,395,no_quant
00000009003,0.75,high,general / other,3,2,3,2,4,420,no_quant
00000009005,0.75,high,general / other,3,2,3,2,4,402,no_quant
00000009006,0.75,high,general / other,3,2,3,2,4,397,no_quant
00000009007,0.75,high,general / other,3,2,3,2,4,404,no_quant
00000009010,0.75,high,general / other,3,2,3,2,4,446,no_quant
00000009020,0.75,high,general / other,3,2,3,2,3,358,no_quant
00000009037,0.75,high,general / other,3,2,3,2,4,349,no_quant
00000009060,0.75,high,general / other,5,2,3,2,2,434,
00000009067,0.75,high,general / other,3,2,3,2,4,365,no_quant
00000009072,0.75,high,general / other,3,2,3,2,5,308,no_quant
00000009074,0.75,high,general / other,3,2,3,2,4,353,no_quant
00000009075,0.75,high,general / other,3,2,3,1,2,334,no_quant
00000009076,0.75,high,general / other,3,2,3,2,4,347,no_quant
00000009078,0.75,high,general / other,3,2,3,2,4,331,no_quant
00000009080,0.75,high,general / other,3,2,3,2,4,334,no_quant
00000009081,0.75,high,general / other,3,2,3,2,4,310,no_quant
00000009082,0.75,high,general / other,3,2,3,2,4,303,no_quant
00000009083,0.75,high,general / other,3,2,3,2,4,300,no_quant
00000009084,0.75,high,general / other,3,2,3,2,5,321,no_quant
00000009086,0.75,high,general / other,3,2,3,2,4,318,no_quant
00000009087,0.75,high,general / other,3,2,3,2,4,345,no_quant
00000009088,0.75,high,general / other,3,2,3,2,4,340,no_quant
00000009089,0.75,high,general / other,3,2,3,2,4,297,no_quant
00000009090,0.75,high,general / other,3,2,3,2,4,361,no_quant
00000009092,0.75,high,general / other,3,2,2,2,4,357,no_quant
00000009094,0.75,high,general / other,3,2,3,2,4,324,no_quant
00000009095,0.75,high,general / other,3,2,3,2,3,364,no_quant
00000009096,0.75,high,general / other,3,2,3,2,4,355,no_quant
00000009097,0.75,high,general / other,3,2,3,2,4,303,no_quant
00000009098,0.75,high,general / other,5,2,3,2,4,338,
00000009099,0.75,high,general / other,3,2,3,2,4,325,no_quant
00000009100,0.75,high,general / other,5,2,3,2,3,326,
00000009103,0.75,high,general / other,5,2,3,2,4,321,
00000009104,0.75,high,general / other,3,2,3,2,5,324,no_quant
00000009112,0.75,high,general / other,3,2,3,2,4,393,no_quant
00000009117,0.75,high,general / other,3,2,3,2,4,266,no_quant
00000009118,0.75,high,general / other,2,2,2,2,5,285,no_quant
00000009119,0.75,high,general / other,3,3,3,2,2,387,no_quant
00000009121,0.75,high,general / other,3,2,3,2,5,401,no_quant
00000009127,0.75,high,general / other,3,2,3,2,4,412,no_quant
00000009129,0.75,high,general / other,3,2,3,2,5,489,no_quant
00000009140,0.75,high,general / other,3,2,3,2,4,360,no_quant
00000009146,0.75,high,general / other,3,2,3,2,4,322,no_quant
00000009149,0.75,high,general / other,3,2,3,2,4,299,no_quant
00000009154,0.75,high,general / other,3,2,3,2,4,300,no_quant
00000009157,0.75,high,general / other,3,2,3,2,4,332,no_quant
00000009161,0.75,high,general / other,3,2,3,2,4,391,no_quant
00000009163,0.75,high,general / other,3,2,3,2,4,420,no_quant
00000009165,0.75,high,general / other,3,2,3,2,5,351,no_quant
00000009169,0.75,high,general / other,3,2,3,2,4,346,no_quant
00000009171,0.75,high,general / other,3,2,3,2,4,331,no_quant
00000009172,0.75,high,general / other,3,2,3,2,4,342,no_quant
00000009173,0.75,high,general / other,3,2,3,1,2,319,no_quant
00000009176,0.75,high,general / other,3,2,3,2,4,334,no_quant
00000009177,0.75,high,general / other,3,2,3,2,4,392,no_quant
00000009178,0.75,high,general / other,5,2,3,2,3,468,
00000009184,0.75,high,general / other,3,2,3,2,4,332,no_quant
00000009185,0.75,high,general / other,3,2,3,2,4,313,no_quant
00000009186,0.75,high,general / other,3,2,2,2,4,342,no_quant
00000009190,0.75,high,general / other,3,2,3,2,4,337,no_quant
00000009192,0.75,high,general / other,3,2,3,2,5,396,no_quant
00000009201,0.75,high,general / other,3,2,3,2,4,354,no_quant
00000009203,0.75,high,general / other,3,2,3,2,5,372,no_quant
00000009204,0.75,high,general / other,3,2,3,2,4,372,no_quant
00000009207,0.75,high,general / other,3,2,3,2,4,373,no_quant
00000009208,0.75,high,general / other,3,2,3,2,4,352,no_quant
00000009210,0.75,high,general / other,3,2,3,2,4,396,no_quant
00000009214,0.75,high,general / other,3,2,3,2,4,364,no_quant
00000009218,0.75,high,general / other,3,2,3,2,4,405,no_quant
00000009222,0.75,high,general / other,5,2,3,2,3,302,
00000009223,0.75,high,general / other,3,2,3,2,4,311,no_quant
00000009224,0.75,high,general / other,3,2,3,2,4,334,no_quant
00000009226,0.75,high,general / other,3,2,3,2,4,363,no_quant
00000009227,0.75,high,general / other,3,2,3,2,4,346,no_quant
00000009228,0.75,high,general / other,3,2,3,2,4,335,no_quant
00000009233,0.75,high,general / other,3,2,3,2,4,370,no_quant
00000009241,0.75,high,general / other,3,2,3,2,4,319,no_quant
00000009243,0.75,high,general / other,3,2,2,2,4,359,no_quant
00000009244,0.75,high,general / other,3,2,3,2,4,353,no_quant
00000009253,0.75,high,general / other,3,2,3,2,4,373,no_quant
00000009254,0.75,high,general / other,3,2,3,2,4,393,no_quant
00000009259,0.75,high,general / other,3,2,3,2,5,401,no_quant
00000009260,0.75,high,general / other,3,2,3,2,5,338,no_quant
00000009261,0.75,high,general / other,3,2,3,2,5,333,no_quant
00000009265,0.75,high,general / other,3,2,3,2,4,361,no_quant
00000009270,0.75,high,general / other,3,2,2,2,4,363,no_quant
00000009271,0.75,high,general / other,3,2,3,2,5,347,no_quant
00000009272,0.75,high,general / other,3,2,3,2,4,326,no_quant
00000009274,0.75,high,general / other,3,2,3,2,4,377,no_quant
00000009290,0.75,high,general / other,3,2,3,2,4,315,no_quant
00000009292,0.75,high,general / other,3,2,3,2,5,340,no_quant
00000009294,0.75,high,general / other,3,2,3,2,5,333,no_quant
00000009298,0.75,high,general / other,3,2,3,2,4,319,no_quant
00000009299,0.75,high,general / other,3,2,3,2,4,341,no_quant
00000009301,0.75,high,general / other,3,2,3,2,5,379,no_quant
00000009304,0.75,high,general / other,3,2,3,2,5,337,no_quant
00000009307,0.75,high,general / other,3,2,3,2,4,326,no_quant
00000009309,0.75,high,general / other,3,2,3,2,5,366,no_quant
00000009315,0.75,high,general / other,3,2,2,2,4,394,no_quant
00000009317,0.75,high,general / other,3,2,3,2,5,367,no_quant
00000009319,0.75,high,general / other,3,2,2,2,4,345,no_quant
00000009321,0.75,high,general / other,3,2,3,2,4,337,no_quant
00000009330,0.75,high,general / other,3,2,3,2,4,378,no_quant
00000009335,0.75,high,general / other,3,2,2,2,4,322,no_quant
00000009338,0.75,high,general / other,3,2,3,2,4,313,no_quant
00000009343,0.75,high,general / other,3,2,3,2,4,383,no_quant
00000009346,0.75,high,general / other,3,2,3,2,4,320,no_quant
00000009350,0.75,high,general / other,3,2,3,2,4,391,no_quant
00000009354,0.75,high,general / other,3,2,3,2,4,395,no_quant
00000009355,0.75,high,general / other,3,2,3,2,4,357,no_quant
00000009357,0.75,high,general / other,3,2,3,2,4,362,no_quant
00000009365,0.75,high,general / other,3,2,3,2,4,348,no_quant
00000009374,0.75,high,general / other,3,2,3,2,4,340,no_quant
00000009375,0.75,high,general / other,3,2,3,2,4,390,no_quant
00000009383,0.75,high,general / other,3,2,3,2,4,335,no_quant
00000009388,0.75,high,general / other,3,2,3,2,4,371,no_quant
00000009390,0.75,high,general / other,3,2,3,2,4,340,no_quant
00000009391,0.75,high,general / other,3,2,3,2,5,361,no_quant
00000009395,0.75,high,general / other,3,2,3,2,4,383,no_quant
00000009397,0.75,high,general / other,3,2,3,2,4,357,no_quant
00000009402,0.75,high,general / other,3,2,3,2,4,358,no_quant
00000009405,0.75,high,general / other,3,2,3,2,4,356,no_quant
00000009406,0.75,high,general / other,3,2,2,2,4,419,no_quant
00000009408,0.75,high,general / other,3,2,3,2,4,326,no_quant
00000009409,0.75,high,general / other,3,2,3,2,4,440,no_quant
00000009412,0.75,high,general / other,3,2,3,2,4,382,no_quant
00000009414,0.75,high,general / other,3,2,3,2,5,348,no_quant
00000009416,0.75,high,general / other,3,2,3,2,4,332,no_quant
00000009417,0.75,high,general / other,3,2,3,2,3,332,no_quant
00000009419,0.75,high,general / other,3,2,3,2,4,373,no_quant
00000009424,0.75,high,general / other,3,2,3,2,4,335,no_quant
00000009425,0.75,high,general / other,3,2,3,2,4,348,no_quant
00000009428,0.75,high,general / other,3,2,3,2,4,343,no_quant
00000009436,0.75,high,general / other,3,2,3,2,4,335,no_quant
00000009438,0.75,high,general / other,3,2,3,2,4,314,no_quant
00000009441,0.75,high,general / other,3,3,3,3,5,367,no_quant
00000009445,0.75,high,general / other,3,2,3,2,5,350,no_quant
00000009446,0.75,high,general / other,3,2,3,2,4,317,no_quant
00000009449,0.75,high,general / other,3,2,3,2,4,324,no_quant
00000009452,0.75,high,general / other,3,2,2,2,4,369,no_quant
00000009456,0.75,high,general / other,3,2,3,2,4,319,no_quant
00000009460,0.75,high,general / other,3,2,3,2,5,336,no_quant
00000009465,0.75,high,general / other,3,2,3,2,4,357,no_quant
00000009472,0.75,high,general / other,3,2,3,2,4,392,no_quant
00000009474,0.75,high,general / other,3,2,3,2,4,367,no_quant
00000009477,0.75,high,general / other,3,2,3,2,4,366,no_quant
00000009482,0.75,high,general / other,3,2,3,2,4,416,no_quant
00000009483,0.75,high,general / other,3,2,3,2,4,332,no_quant
00000009486,0.75,high,general / other,3,2,3,2,4,354,no_quant
00000009487,0.75,high,general / other,3,2,3,2,4,335,no_quant
00000009495,0.75,high,general / other,3,2,3,2,5,347,no_quant
00000009496,0.75,high,general / other,3,2,3,2,4,363,no_quant
00000009497,0.75,high,general / other,3,2,3,2,5,387,no_quant
00000009499,0.75,high,general / other,3,2,3,2,5,355,no_quant
00000009504,0.75,high,general / other,3,2,3,2,5,357,no_quant
00000009510,0.75,high,general / other,3,2,3,2,5,370,no_quant
00000009523,0.75,high,general / other,5,2,3,2,3,854,
00000009525,0.75,high,general / other,3,2,3,2,3,771,no_quant
00000009527,0.75,high,general / other,4,3,3,3,4,839,
00000009560,0.75,high,general / other,4,3,3,3,4,727,
00000009583,0.75,high,general / other,5,2,3,2,4,674,
00000009613,0.75,high,general / other,3,2,2,2,3,718,no_quant
00000009628,0.75,high,general / other,5,2,3,2,3,652,
00000009632,0.75,high,general / other,5,3,3,3,5,671,
00000009638,0.75,high,general / other,4,3,3,2,3,748,
00000009680,0.75,high,general / other,3,2,3,2,3,618,no_quant
00000009691,0.75,high,general / other,4,2,3,2,2,674,
00000009716,0.75,high,general / other,3,2,3,2,4,517,no_quant
00000009719,0.75,high,general / other,5,2,3,2,3,542,
00000009726,0.75,high,general / other,3,2,3,2,4,562,no_quant
00000009754,0.75,high,general / other,2,2,3,2,3,579,no_quant
00000009755,0.75,high,general / other,3,2,3,2,3,517,no_quant
00000009758,0.75,high,general / other,5,3,3,3,5,498,
00000009785,0.75,high,general / other,3,2,3,2,4,594,no_quant
00000009808,0.75,high,general / other,3,2,3,2,4,499,no_quant
00000009811,0.75,high,general / other,3,2,3,2,4,508,no_quant
00000009816,0.75,high,general / other,3,2,3,2,5,548,no_quant
00000009818,0.75,high,general / other,3,2,3,2,4,607,no_quant
00000009830,0.75,high,general / other,3,2,3,2,4,526,no_quant
00000009841,0.75,high,general / other,3,2,3,2,5,492,no_quant
00000009852,0.75,high,general / other,3,2,3,2,4,632,no_quant
00000009853,0.75,high,general / other,4,3,3,3,3,658,
00000009854,0.75,high,general / other,4,2,3,2,4,622,
00000009856,0.75,high,general / other,3,2,3,2,4,553,no_quant
00000009858,0.75,high,general / other,3,2,3,2,4,560,no_quant
00000009859,0.75,high,general / other,3,2,3,2,3,690,no_quant
00000009870,0.75,high,general / other,3,2,3,2,5,583,no_quant
00000009873,0.75,high,general / other,5,2,3,2,3,548,
00000009877,0.75,high,general / other,5,2,3,2,3,554,
00000009878,0.75,high,general / other,3,2,3,2,3,577,no_quant
00000009890,0.75,high,general / other,3,2,3,2,4,601,no_quant
00000009906,0.75,high,general / other,3,2,3,2,4,587,no_quant
00000009907,0.75,high,general / other,3,2,3,2,3,597,no_quant
00000009921,0.75,high,general / other,3,2,3,2,5,487,no_quant
00000000001,0.85,high,number theory,5,3,3,3,3,414,
00000000002,0.85,high,number theory,5,4,3,4,4,424,
00000000007,0.85,high,number theory,3,2,3,2,4,506,no_quant
00000000008,0.85,high,number theory,3,2,3,2,3,396,
00000000022,0.85,high,number theory,4,2,3,2,3,898,
00000000025,0.85,high,number theory,5,4,3,4,4,966,
00000000029,0.85,high,number theory,5,2,3,2,3,481,
00000000052,0.85,high,combinatorics / discrete,3,2,3,2,3,364,no_quant
00000000053,0.85,high,combinatorics / discrete,3,2,3,1,2,292,no_quant
00000000055,0.85,high,combinatorics / discrete,4,3,3,2,3,384,
00000000076,0.85,high,number theory,3,2,3,2,4,481,no_quant
00000000077,0.85,high,number theory,5,4,3,4,4,459,
00000000082,0.85,high,topology / geometry,5,4,3,3,5,445,
00000000089,0.85,high,number theory,3,2,3,1,2,295,no_quant
00000000094,0.85,high,number theory,3,2,3,2,4,458,no_quant
00000000097,0.85,high,number theory,5,3,3,3,5,318,
00000000133,0.85,high,number theory,3,3,3,2,4,470,no_quant
00000000136,0.85,high,probability,3,2,3,2,4,404,no_quant
00000000138,0.85,high,number theory,3,2,3,2,4,473,no_quant
00000000139,0.85,high,number theory,5,3,3,2,2,454,
00000000148,0.85,high,number theory,3,2,3,2,4,445,no_quant
00000000168,0.85,high,number theory,3,2,3,2,3,532,no_quant
00000000169,0.85,high,number theory,3,2,3,2,3,449,no_quant
00000000171,0.85,high,analysis / PDE / dynamics,3,5,2,5,4,691,grand|no_quant
00000000173,0.85,high,number theory,3,2,3,2,3,518,no_quant
00000000174,0.85,high,number theory,3,2,3,2,3,470,no_quant
00000000175,0.85,high,number theory,3,3,3,3,3,367,no_quant
00000000176,0.85,high,number theory,3,2,3,2,2,586,no_quant
00000000177,0.85,high,number theory,3,4,3,4,3,569,no_quant
00000000179,0.85,high,analysis / PDE / dynamics,3,2,3,2,4,481,no_quant
00000000180,0.85,high,analysis / PDE / dynamics,3,2,3,2,4,288,no_quant
00000000181,0.85,high,number theory,5,4,2,3,5,451,
00000000185,0.85,high,number theory,3,2,3,2,3,349,no_quant
00000000186,0.85,high,analysis / PDE / dynamics,3,3,3,3,3,593,no_quant
00000000188,0.85,high,number theory,5,4,3,3,2,403,
00000000189,0.85,high,algebraic geometry,3,2,3,2,2,328,no_quant
00000000191,0.85,high,number theory,3,2,3,2,4,358,no_quant
00000000192,0.85,high,number theory,3,2,3,2,2,415,no_quant
00000000193,0.85,high,analysis / PDE / dynamics,3,2,3,2,3,380,no_quant
00000000194,0.85,high,analysis / PDE / dynamics,3,3,3,2,2,551,no_quant
00000000195,0.85,high,number theory,4,3,3,2,2,542,
00000000198,0.85,high,number theory,3,2,3,2,3,359,no_quant
00000000200,0.85,high,algebra / representation theory,3,3,3,3,3,538,no_quant
00000000203,0.85,high,combinatorics / discrete,4,3,3,3,3,696,
00000000204,0.85,high,number theory,3,2,3,2,4,377,no_quant
00000000206,0.85,high,number theory,5,3,3,2,4,376,
00000000210,0.85,high,number theory,3,2,3,2,5,339,no_quant
00000000211,0.85,high,number theory,3,3,3,3,5,642,no_quant
00000000212,0.85,high,number theory,4,2,3,2,4,570,
00000000213,0.85,high,number theory,3,3,3,3,3,402,no_quant
00000000214,0.85,high,number theory,3,4,2,3,4,351,no_quant
00000000215,0.85,high,number theory,3,3,3,3,4,740,no_quant
00000000216,0.85,high,number theory,3,2,3,2,3,404,no_quant
00000000217,0.85,high,analysis / PDE / dynamics,3,2,3,2,4,690,no_quant
00000000218,0.85,high,number theory,3,2,3,2,3,369,no_quant
00000000219,0.85,high,number theory,3,3,3,3,4,626,no_quant
00000000220,0.85,high,number theory,5,3,3,2,3,390,
00000000221,0.85,high,number theory,4,3,3,3,5,732,
00000000223,0.85,high,number theory,3,3,3,3,4,617,
00000000224,0.85,high,number theory,5,3,3,2,4,365,
00000000225,0.85,high,number theory,3,4,3,3,3,560,no_quant
00000000227,0.85,high,number theory,4,4,3,4,5,534,
00000000229,0.85,high,number theory,3,3,3,3,4,455,no_quant
00000000230,0.85,high,number theory,3,2,3,2,3,404,no_quant
00000000231,0.85,high,number theory,5,2,3,2,3,404,
00000000232,0.85,high,combinatorics / discrete,5,3,3,3,5,507,
00000000233,0.85,high,combinatorics / discrete,3,2,3,2,2,336,no_quant
00000000234,0.85,high,combinatorics / discrete,5,3,3,2,3,448,
00000000238,0.85,high,topology / geometry,3,2,3,2,4,459,no_quant
00000000242,0.85,high,number theory,3,3,3,3,3,458,no_quant
00000000243,0.85,high,combinatorics / discrete,5,3,3,2,3,445,
00000000244,0.85,high,number theory,5,3,3,2,3,367,
00000000245,0.85,high,combinatorics / discrete,4,3,3,2,3,294,
00000000248,0.85,high,combinatorics / discrete,5,3,3,2,2,454,
00000000249,0.85,high,algebra / representation theory,4,3,3,2,3,278,
00000000250,0.85,high,algebra / representation theory,4,3,3,2,2,286,
00000000252,0.85,high,combinatorics / discrete,5,3,3,2,4,404,
00000000254,0.85,high,number theory,5,4,3,4,2,366,
00000000255,0.85,high,number theory,3,2,3,2,3,386,no_quant
00000000257,0.85,high,number theory,3,3,3,2,2,277,
00000000258,0.85,high,number theory,2,3,3,3,3,382,no_quant
00000000259,0.85,high,number theory,3,2,3,2,3,609,no_quant
00000000260,0.85,high,number theory,3,3,3,2,2,392,no_quant
00000000261,0.85,high,number theory,3,3,3,3,3,296,no_quant
00000000262,0.85,high,number theory,4,3,3,1,2,283,
00000000263,0.85,high,number theory,4,3,3,3,4,340,
00000000264,0.85,high,number theory,5,3,3,1,1,668,
00000000266,0.85,high,number theory,3,3,3,2,4,474,no_quant
00000000268,0.85,high,number theory,5,3,3,2,4,395,
00000000269,0.85,high,number theory,3,3,3,2,3,275,
00000000270,0.85,high,number theory,5,3,3,3,4,448,
00000000272,0.85,high,number theory,3,2,3,2,3,521,no_quant
00000000273,0.85,high,number theory,5,4,2,3,4,449,
00000000274,0.85,high,analysis / PDE / dynamics,3,2,3,2,3,472,no_quant
00000000275,0.85,high,analysis / PDE / dynamics,3,3,2,2,4,450,no_quant
00000000279,0.85,high,analysis / PDE / dynamics,4,3,3,3,4,657,
00000000280,0.85,high,analysis / PDE / dynamics,3,3,3,3,4,783,no_quant
00000000281,0.85,high,topology / geometry,3,2,3,2,4,442,no_quant
00000000282,0.85,high,number theory,3,2,3,2,2,473,no_quant
00000000283,0.85,high,algebra / representation theory,3,2,3,2,3,617,no_quant
00000000284,0.85,high,analysis / PDE / dynamics,3,2,3,2,3,691,no_quant
00000000287,0.85,high,number theory,3,2,3,2,4,475,no_quant
00000000288,0.85,high,topology / geometry,5,3,3,2,3,462,
00000000290,0.85,high,algebra / representation theory,3,3,3,3,4,409,no_quant
00000000291,0.85,high,topology / geometry,3,4,2,3,3,394,no_quant
00000000292,0.85,high,number theory,3,2,3,2,4,308,no_quant
00000000293,0.85,high,algebra / representation theory,3,2,3,2,4,291,no_quant
00000000294,0.85,high,logic / complexity,3,2,3,2,4,358,no_quant
00000000295,0.85,high,number theory,3,5,2,5,4,429,grand|no_quant
00000000297,0.85,high,combinatorics / discrete,5,2,3,2,2,391,
00000000298,0.85,high,number theory,3,2,3,2,4,352,no_quant
00000000299,0.85,high,logic / complexity,3,2,3,2,4,334,no_quant
00000000300,0.85,high,number theory,3,4,2,3,4,380,no_quant
00000000307,0.85,high,analysis / PDE / dynamics,4,3,3,2,2,611,
00000000308,0.85,high,number theory,5,3,3,3,5,555,
00000000309,0.85,high,number theory,5,3,3,2,2,550,
00000000311,0.85,high,number theory,3,2,3,2,2,598,no_quant
00000000312,0.85,high,number theory,3,3,3,3,2,628,no_quant
00000000313,0.85,high,number theory,4,3,3,2,3,486,
00000000314,0.85,high,number theory,3,2,3,2,4,503,no_quant
00000000316,0.85,high,analysis / PDE / dynamics,3,2,3,2,2,519,no_quant
00000000317,0.85,high,number theory,3,3,3,3,2,405,no_quant
00000000320,0.85,high,number theory,3,3,3,3,2,540,no_quant
00000000323,0.85,high,number theory,5,3,3,2,3,410,
00000000324,0.85,high,number theory,5,3,3,3,5,535,
00000000327,0.85,high,number theory,5,3,3,1,2,467,
00000000329,0.85,high,number theory,4,3,3,3,3,441,
00000000330,0.85,high,number theory,5,3,3,3,5,452,
00000000332,0.85,high,number theory,3,2,3,2,3,321,no_quant
00000000333,0.85,high,analysis / PDE / dynamics,5,3,3,3,5,312,
00000000335,0.85,high,probability,4,3,3,2,3,451,
00000000336,0.85,high,analysis / PDE / dynamics,3,3,3,2,3,460,no_quant
00000000339,0.85,high,probability,4,3,3,2,2,290,
00000000343,0.85,high,analysis / PDE / dynamics,4,2,3,2,2,497,
00000000345,0.85,high,number theory,2,2,3,1,1,295,no_quant
00000000348,0.85,high,number theory,4,2,3,2,3,423,
00000000355,0.85,high,probability,3,2,3,2,4,426,no_quant
00000000357,0.85,high,number theory,3,2,3,2,3,355,no_quant
00000000359,0.85,high,topology / geometry,4,3,2,1,2,468,
00000000360,0.85,high,number theory,5,3,3,1,1,543,
00000000361,0.85,high,number theory,3,2,3,2,2,301,no_quant
00000000363,0.85,high,number theory,3,2,3,2,2,369,no_quant
00000000365,0.85,high,number theory,5,3,3,2,4,430,
00000000366,0.85,high,number theory,3,5,3,4,2,584,
00000000367,0.85,high,number theory,3,2,3,2,4,485,no_quant
00000000368,0.85,high,number theory,3,2,3,2,5,421,no_quant
00000000369,0.85,high,number theory,3,2,3,2,5,487,no_quant
00000000370,0.85,high,algebraic geometry,3,2,3,2,4,421,no_quant
00000000372,0.85,high,combinatorics / discrete,4,2,3,2,3,546,
00000000373,0.85,high,probability,3,3,2,2,4,447,no_quant
00000000375,0.85,high,analysis / PDE / dynamics,3,2,3,2,4,448,no_quant
00000000376,0.85,high,probability,3,2,3,2,3,348,no_quant
00000000377,0.85,high,number theory,3,4,3,3,2,741,no_quant
00000000378,0.85,high,number theory,4,4,3,4,4,507,
00000000379,0.85,high,number theory,5,3,3,2,2,336,
00000000380,0.85,high,number theory,3,2,3,2,4,417,no_quant
00000000381,0.85,high,number theory,4,3,3,2,3,566,
00000000383,0.85,high,number theory,3,2,3,2,3,375,no_quant
00000000385,0.85,high,number theory,5,3,3,2,4,387,
00000000386,0.85,high,number theory,5,4,3,4,3,417,
00000000390,0.85,high,analysis / PDE / dynamics,3,2,3,2,2,408,no_quant
00000000391,0.85,high,analysis / PDE / dynamics,3,3,3,3,2,397,no_quant
00000000394,0.85,high,number theory,3,3,3,3,3,408,no_quant
00000000399,0.85,high,number theory,3,2,3,2,4,380,no_quant
00000000400,0.85,high,number theory,3,2,3,1,2,311,no_quant
00000000401,0.85,high,number theory,5,3,3,2,4,429,
00000000402,0.85,high,number theory,4,3,3,2,3,388,
00000000406,0.85,high,number theory,3,2,3,2,3,327,no_quant
00000000410,0.85,high,number theory,3,4,3,3,3,445,no_quant
00000000412,0.85,high,number theory,3,3,2,2,2,325,no_quant
00000000413,0.85,high,number theory,5,3,3,2,4,482,
00000000414,0.85,high,number theory,3,3,3,3,2,336,no_quant
00000000415,0.85,high,probability,3,3,3,2,4,413,no_quant
00000000416,0.85,high,analysis / PDE / dynamics,5,3,3,1,1,455,
00000000418,0.85,high,number theory,5,4,3,2,1,584,
00000000419,0.85,high,combinatorics / discrete,3,2,3,1,3,350,no_quant
00000000420,0.85,high,probability,3,2,3,2,4,618,no_quant
00000000421,0.85,high,probability,3,2,3,2,5,420,no_quant
00000000422,0.85,high,probability,3,2,3,2,5,413,no_quant
00000000423,0.85,high,analysis / PDE / dynamics,3,2,3,2,4,380,no_quant
00000000424,0.85,high,combinatorics / discrete,3,2,3,2,4,452,no_quant
00000000425,0.85,high,number theory,3,4,3,3,4,440,no_quant
00000000426,0.85,high,number theory,5,3,3,2,3,406,
00000000427,0.85,high,number theory,5,4,3,3,2,532,
00000000428,0.85,high,number theory,3,3,3,3,4,353,no_quant
00000000429,0.85,high,number theory,3,2,3,2,3,347,no_quant
00000000430,0.85,high,number theory,5,4,3,4,5,404,
00000000431,0.85,high,number theory,5,4,2,2,2,369,
00000000432,0.85,high,number theory,5,3,3,3,4,477,
00000000433,0.85,high,algebra / representation theory,3,3,3,3,2,539,no_quant
00000000434,0.85,high,number theory,3,3,3,3,5,425,no_quant
00000000435,0.85,high,number theory,5,4,3,2,1,301,
00000000436,0.85,high,topology / geometry,3,4,2,3,5,403,no_quant
00000000438,0.85,high,number theory,5,3,3,1,1,407,
00000000439,0.85,high,number theory,3,2,3,2,2,310,no_quant
00000000440,0.85,high,combinatorics / discrete,4,2,3,2,3,539,
00000000441,0.85,high,algebra / representation theory,3,2,3,2,4,446,no_quant
00000000442,0.85,high,combinatorics / discrete,5,3,3,2,4,404,
00000000443,0.85,high,number theory,5,3,3,2,2,471,
00000000444,0.85,high,number theory,3,4,3,4,4,412,no_quant
00000000445,0.85,high,number theory,4,3,3,1,1,296,
00000000446,0.85,high,number theory,4,3,3,1,1,443,
00000000447,0.85,high,number theory,3,3,3,3,2,359,no_quant
00000000451,0.85,high,number theory,3,4,2,2,2,390,no_quant
00000000453,0.85,high,combinatorics / discrete,5,2,3,2,3,323,
00000000454,0.85,high,probability,3,3,3,3,3,468,no_quant
00000000455,0.85,high,probability,3,2,3,2,5,313,no_quant
00000000457,0.85,high,number theory,3,2,3,2,4,414,no_quant
00000000458,0.85,high,combinatorics / discrete,3,3,3,3,3,307,no_quant
00000000460,0.85,high,probability,5,4,2,3,5,506,
00000000461,0.85,high,combinatorics / discrete,3,2,3,2,3,423,no_quant
00000000464,0.85,high,probability,3,2,3,2,3,444,no_quant
00000000466,0.85,high,number theory,3,2,3,2,3,539,no_quant
00000000467,0.85,high,combinatorics / discrete,3,2,3,2,4,358,no_quant
00000000468,0.85,high,analysis / PDE / dynamics,3,3,3,2,3,291,no_quant
00000000469,0.85,high,number theory,3,2,3,2,4,369,no_quant
00000000470,0.85,high,number theory,3,2,3,2,4,654,no_quant
00000000472,0.85,high,number theory,4,3,3,2,4,405,
00000000473,0.85,high,combinatorics / discrete,3,2,3,2,3,410,no_quant
00000000474,0.85,high,probability,3,2,3,1,3,673,no_quant
00000000475,0.85,high,combinatorics / discrete,4,3,3,1,1,352,
00000000476,0.85,high,combinatorics / discrete,3,2,3,2,3,447,no_quant
00000000477,0.85,high,combinatorics / discrete,3,2,3,2,4,298,no_quant
00000000479,0.85,high,number theory,3,2,3,1,1,569,no_quant
00000000481,0.85,high,combinatorics / discrete,3,2,3,2,3,601,no_quant
00000000483,0.85,high,number theory,3,2,3,2,4,380,no_quant
00000000484,0.85,high,probability,3,2,3,2,5,408,no_quant
00000000487,0.85,high,number theory,3,3,3,3,4,570,no_quant
00000000488,0.85,high,number theory,3,2,3,2,3,538,no_quant
00000000490,0.85,high,analysis / PDE / dynamics,3,2,3,2,3,278,no_quant
00000000491,0.85,high,algebra / representation theory,5,3,3,2,4,387,
00000000492,0.85,high,probability,3,2,3,2,2,376,no_quant
00000000493,0.85,high,number theory,3,3,3,3,4,594,no_quant
00000000494,0.85,high,number theory,3,3,3,2,3,335,no_quant
00000000495,0.85,high,number theory,3,3,3,3,3,400,no_quant
00000000496,0.85,high,number theory,5,3,3,2,4,431,
00000000498,0.85,high,number theory,3,3,3,3,4,507,no_quant
00000000499,0.85,high,probability,4,5,3,5,4,659,
00000000500,0.85,high,combinatorics / discrete,3,3,2,2,4,410,no_quant
00000000501,0.85,high,algebra / representation theory,3,2,3,2,3,335,no_quant
00000000502,0.85,high,combinatorics / discrete,5,3,3,2,3,566,
00000000504,0.85,high,combinatorics / discrete,3,3,2,2,2,352,no_quant
00000000505,0.85,high,algebra / representation theory,4,3,3,2,2,275,
00000000506,0.85,high,algebra / representation theory,3,2,3,2,3,529,no_quant
00000000508,0.85,high,algebra / representation theory,3,2,3,2,4,294,no_quant
00000000511,0.85,high,number theory,5,3,3,1,1,634,
00000000512,0.85,high,algebra / representation theory,2,2,3,2,4,435,no_quant
00000000513,0.85,high,combinatorics / discrete,5,3,3,2,4,450,
00000000515,0.85,high,algebra / representation theory,3,2,3,2,3,455,no_quant
00000000516,0.85,high,algebra / representation theory,3,2,3,2,4,309,no_quant
00000000517,0.85,high,analysis / PDE / dynamics,3,2,3,2,3,449,no_quant
00000000518,0.85,high,algebra / representation theory,3,2,3,2,4,540,no_quant
00000000519,0.85,high,algebra / representation theory,4,3,3,3,2,677,
00000000520,0.85,high,analysis / PDE / dynamics,3,3,3,2,2,269,no_quant
00000000521,0.85,high,algebra / representation theory,5,3,3,2,2,517,
00000000522,0.85,high,number theory,5,2,3,1,1,525,
00000000523,0.85,high,algebra / representation theory,3,3,3,3,3,523,no_quant
00000000524,0.85,high,algebra / representation theory,3,2,3,2,2,505,no_quant
00000000526,0.85,high,analysis / PDE / dynamics,3,2,3,2,3,404,no_quant
00000000527,0.85,high,number theory,3,3,3,3,2,348,no_quant
00000000528,0.85,high,algebra / representation theory,5,2,3,2,4,472,
00000000530,0.85,high,number theory,3,4,2,3,3,510,
00000000531,0.85,high,number theory,3,4,2,3,4,539,no_quant
00000000532,0.85,high,number theory,4,3,3,2,3,358,
00000000533,0.85,high,number theory,3,3,3,3,4,530,no_quant
00000000534,0.85,high,number theory,5,3,3,2,3,347,
00000000535,0.85,high,algebraic geometry,3,3,3,3,3,447,no_quant
00000000536,0.85,high,number theory,3,4,3,4,3,436,no_quant
00000000538,0.85,high,algebra / representation theory,5,3,3,2,3,574,
00000000539,0.85,high,number theory,3,2,3,2,4,466,no_quant
00000000540,0.85,high,number theory,5,3,3,3,5,419,
00000000541,0.85,high,combinatorics / discrete,3,2,3,2,4,472,no_quant
00000000542,0.85,high,algebra / representation theory,3,3,3,2,2,306,no_quant
00000000543,0.85,high,combinatorics / discrete,3,4,2,3,2,336,no_quant
00000000544,0.85,high,algebra / representation theory,5,3,3,3,4,455,
00000000545,0.85,high,algebra / representation theory,3,2,3,1,1,324,no_quant
00000000546,0.85,high,algebra / representation theory,3,2,3,2,2,284,no_quant
00000000548,0.85,high,algebra / representation theory,3,2,3,2,3,456,no_quant
00000000549,0.85,high,number theory,5,4,3,4,4,448,
00000000550,0.85,high,algebra / representation theory,3,2,3,2,2,403,no_quant
00000000551,0.85,high,algebra / representation theory,3,2,3,2,3,323,no_quant
00000000553,0.85,high,algebraic geometry,3,2,3,2,2,379,no_quant
00000000554,0.85,high,algebraic geometry,3,2,3,2,4,347,no_quant
00000000555,0.85,high,algebra / representation theory,3,2,3,2,2,364,no_quant
00000000556,0.85,high,algebra / representation theory,3,3,3,3,3,368,no_quant
00000000557,0.85,high,algebra / representation theory,3,3,3,2,3,408,no_quant
00000000559,0.85,high,number theory,3,2,3,1,1,335,no_quant
00000000561,0.85,high,analysis / PDE / dynamics,3,2,3,2,3,353,no_quant
00000000562,0.85,high,algebra / representation theory,3,2,3,2,4,447,no_quant
00000000563,0.85,high,algebra / representation theory,3,2,3,2,2,336,no_quant
00000000564,0.85,high,number theory,3,3,3,3,3,283,no_quant
00000000566,0.85,high,combinatorics / discrete,5,3,3,3,5,557,
00000000567,0.85,high,algebra / representation theory,3,3,3,3,2,733,no_quant
00000000568,0.85,high,number theory,3,2,3,1,2,567,no_quant
00000000569,0.85,high,number theory,4,3,3,2,3,608,
00000000571,0.85,high,combinatorics / discrete,3,2,3,2,2,318,no_quant
00000000572,0.85,high,algebra / representation theory,5,3,3,3,3,403,
00000000573,0.85,high,combinatorics / discrete,3,3,3,3,4,482,no_quant
00000000574,0.85,high,number theory,3,3,3,3,4,568,no_quant
00000000575,0.85,high,analysis / PDE / dynamics,5,4,2,2,2,391,
00000000576,0.85,high,combinatorics / discrete,3,3,3,3,4,288,no_quant
00000000577,0.85,high,combinatorics / discrete,3,3,3,3,2,526,no_quant
00000000578,0.85,high,number theory,5,4,3,3,2,486,
00000000579,0.85,high,number theory,4,4,3,3,3,621,
00000000580,0.85,high,combinatorics / discrete,3,3,3,3,3,260,no_quant
00000000581,0.85,high,algebra / representation theory,5,3,3,3,3,395,
00000000582,0.85,high,number theory,3,2,3,2,4,357,no_quant
00000000583,0.85,high,algebraic geometry,3,4,3,4,3,440,no_quant
00000000584,0.85,high,algebraic geometry,3,3,3,3,5,323,no_quant
00000000585,0.85,high,number theory,5,3,3,2,2,369,
00000000586,0.85,high,number theory,3,3,3,3,3,362,no_quant
00000000587,0.85,high,algebra / representation theory,3,2,3,1,1,374,no_quant
00000000588,0.85,high,algebra / representation theory,3,2,3,2,3,270,no_quant
00000000589,0.85,high,algebra / representation theory,3,2,3,2,3,309,no_quant
00000000590,0.85,high,number theory,3,2,3,2,2,353,no_quant
00000000591,0.85,high,algebra / representation theory,3,2,3,2,3,422,no_quant
00000000592,0.85,high,algebra / representation theory,2,2,3,1,1,403,no_quant
00000000593,0.85,high,number theory,3,3,2,2,3,345,no_quant
00000000594,0.85,high,number theory,3,4,3,4,2,380,no_quant
00000000595,0.85,high,number theory,3,3,3,3,5,300,no_quant
00000000596,0.85,high,algebra / representation theory,3,2,3,2,2,319,no_quant
00000000597,0.85,high,analysis / PDE / dynamics,3,3,3,3,2,558,no_quant
00000000598,0.85,high,number theory,3,4,2,3,4,554,no_quant
00000000600,0.85,high,number theory,3,3,3,3,4,445,no_quant
00000000601,0.85,high,number theory,5,4,3,4,3,400,
00000000602,0.85,high,number theory,5,4,3,4,3,354,
00000000603,0.85,high,number theory,3,3,3,3,3,465,no_quant
00000000605,0.85,high,topology / geometry,3,3,3,3,5,291,no_quant
00000000606,0.85,high,topology / geometry,5,3,3,3,3,385,
00000000608,0.85,high,topology / geometry,3,4,2,3,4,483,no_quant
00000000610,0.85,high,number theory,5,4,3,4,3,369,
00000000611,0.85,high,probability,3,4,3,4,3,429,no_quant
00000000612,0.85,high,topology / geometry,3,4,2,3,3,324,no_quant
00000000613,0.85,high,topology / geometry,5,4,3,4,4,610,
00000000614,0.85,high,topology / geometry,3,4,2,3,3,287,no_quant
00000000616,0.85,high,topology / geometry,3,4,2,3,4,333,no_quant
00000000617,0.85,high,topology / geometry,3,3,3,3,2,375,no_quant
00000000618,0.85,high,topology / geometry,3,4,3,4,3,368,no_quant
00000000619,0.85,high,algebraic geometry,4,4,2,3,3,462,
00000000620,0.85,high,topology / geometry,5,4,3,4,2,517,
00000000621,0.85,high,topology / geometry,3,4,3,4,4,339,no_quant
00000000623,0.85,high,topology / geometry,2,3,3,3,5,366,no_quant
00000000624,0.85,high,topology / geometry,5,4,3,3,1,392,
00000000625,0.85,high,topology / geometry,5,4,3,3,2,472,
00000000626,0.85,high,topology / geometry,3,4,3,3,2,465,
00000000628,0.85,high,topology / geometry,5,4,3,4,4,419,
00000000629,0.85,high,topology / geometry,3,3,2,2,4,393,no_quant
00000000630,0.85,high,topology / geometry,3,3,3,3,3,379,no_quant
00000000631,0.85,high,topology / geometry,3,3,3,3,4,424,no_quant
00000000632,0.85,high,topology / geometry,3,3,3,3,3,346,no_quant
00000000634,0.85,high,topology / geometry,2,3,3,3,4,355,no_quant
00000000635,0.85,high,topology / geometry,3,3,3,3,2,356,no_quant
00000000636,0.85,high,number theory,3,2,3,2,4,359,no_quant
00000000638,0.85,high,algebraic geometry,4,2,3,1,1,523,
00000000639,0.85,high,probability,3,2,3,2,3,333,no_quant
00000000640,0.85,high,combinatorics / discrete,3,2,3,2,4,324,no_quant
00000000642,0.85,high,algebra / representation theory,3,3,2,1,2,376,no_quant
00000000644,0.85,high,algebra / representation theory,5,4,3,3,2,608,
00000000645,0.85,high,topology / geometry,3,4,2,3,4,344,no_quant
00000000646,0.85,high,algebraic geometry,2,3,3,3,4,496,no_quant
00000000647,0.85,high,algebraic geometry,4,4,2,3,2,442,
00000000648,0.85,high,number theory,5,4,3,4,5,524,
00000000650,0.85,high,algebraic geometry,4,5,2,3,2,472,
00000000651,0.85,high,topology / geometry,5,4,3,3,3,359,
00000000652,0.85,high,number theory,3,3,3,3,3,505,no_quant
00000000653,0.85,high,algebraic geometry,3,4,3,3,3,365,no_quant
00000000654,0.85,high,algebraic geometry,3,3,3,3,3,379,no_quant
00000000655,0.85,high,algebraic geometry,3,4,2,3,3,349,no_quant
00000000656,0.85,high,topology / geometry,5,4,3,3,3,369,
00000000657,0.85,high,topology / geometry,4,4,3,3,2,439,
00000000658,0.85,high,topology / geometry,3,3,2,2,4,356,no_quant
00000000659,0.85,high,topology / geometry,3,4,2,3,4,420,no_quant
00000000661,0.85,high,topology / geometry,3,3,2,2,2,280,no_quant
00000000662,0.85,high,number theory,5,4,3,3,3,467,
00000000663,0.85,high,topology / geometry,3,2,3,2,4,297,no_quant
00000000664,0.85,high,topology / geometry,3,3,3,3,2,357,no_quant
00000000665,0.85,high,topology / geometry,3,2,3,2,2,401,no_quant
00000000666,0.85,high,topology / geometry,3,4,3,4,3,381,no_quant
00000000667,0.85,high,topology / geometry,3,3,3,3,4,343,no_quant
00000000668,0.85,high,topology / geometry,3,3,3,3,3,450,no_quant
00000000669,0.85,high,algebraic geometry,3,3,3,3,4,361,no_quant
00000000671,0.85,high,number theory,5,4,3,3,3,566,
00000000673,0.85,high,topology / geometry,3,4,3,4,2,312,no_quant
00000000674,0.85,high,topology / geometry,5,4,3,3,3,359,
00000000675,0.85,high,algebra / representation theory,4,4,3,4,2,490,
00000000677,0.85,high,topology / geometry,4,4,3,4,3,531,
00000000678,0.85,high,topology / geometry,3,4,2,3,2,314,no_quant
00000000679,0.85,high,topology / geometry,5,4,3,3,2,508,
00000000680,0.85,high,topology / geometry,4,4,3,3,2,296,
00000000681,0.85,high,algebraic geometry,3,2,3,2,4,408,no_quant
00000000682,0.85,high,number theory,3,3,3,3,4,319,no_quant
00000000683,0.85,high,topology / geometry,4,4,2,3,3,333,
00000000684,0.85,high,topology / geometry,3,4,2,3,4,389,no_quant
00000000685,0.85,high,topology / geometry,3,3,3,3,2,317,no_quant
00000000686,0.85,high,number theory,3,2,3,2,3,448,no_quant
00000000687,0.85,high,number theory,2,3,3,3,4,285,no_quant
00000000689,0.85,high,algebra / representation theory,3,2,3,2,4,346,no_quant
00000000690,0.85,high,topology / geometry,5,4,3,3,4,398,
00000000691,0.85,high,topology / geometry,3,3,3,3,5,421,no_quant
00000000694,0.85,high,topology / geometry,3,2,3,2,3,304,no_quant
00000000696,0.85,high,topology / geometry,3,3,3,3,5,393,no_quant
00000000697,0.85,high,topology / geometry,4,3,3,3,3,426,
00000000698,0.85,high,topology / geometry,3,2,3,2,3,362,no_quant
00000000700,0.85,high,algebra / representation theory,3,2,3,2,5,330,no_quant
00000000701,0.85,high,number theory,5,4,3,4,2,433,
00000000702,0.85,high,number theory,3,4,3,4,4,412,no_quant
00000000703,0.85,high,number theory,4,5,2,5,5,544,
00000000707,0.85,high,analysis / PDE / dynamics,4,3,3,3,4,491,
00000000708,0.85,high,number theory,3,2,3,2,4,479,no_quant
00000000709,0.85,high,number theory,3,4,3,4,4,477,no_quant
00000000710,0.85,high,number theory,3,4,3,3,2,305,no_quant
00000000711,0.85,high,number theory,3,4,3,4,2,478,no_quant
00000000712,0.85,high,number theory,5,5,3,5,5,380,
00000000713,0.85,high,number theory,3,4,3,4,2,322,no_quant
00000000715,0.85,high,number theory,3,4,3,4,3,333,no_quant
00000000717,0.85,high,analysis / PDE / dynamics,3,3,2,1,2,386,no_quant
00000000718,0.85,high,number theory,3,4,3,4,3,294,no_quant
00000000719,0.85,high,number theory,3,4,3,4,3,374,no_quant
00000000723,0.85,high,number theory,5,5,3,5,5,442,
00000000725,0.85,high,number theory,4,4,3,4,3,506,
00000000728,0.85,high,number theory,3,2,3,2,3,489,no_quant
00000000729,0.85,high,number theory,3,3,2,2,3,422,no_quant
00000000730,0.85,high,number theory,3,3,2,2,3,399,no_quant
00000000731,0.85,high,number theory,3,2,3,2,3,511,no_quant
00000000732,0.85,high,number theory,3,2,3,2,4,435,no_quant
00000000733,0.85,high,number theory,5,5,2,4,2,328,
00000000734,0.85,high,number theory,3,3,3,3,4,368,no_quant
00000000735,0.85,high,number theory,3,2,3,2,3,500,no_quant
00000000736,0.85,high,probability,3,2,3,2,4,380,no_quant
00000000737,0.85,high,algebra / representation theory,3,2,3,2,4,312,no_quant
00000000738,0.85,high,number theory,3,2,3,2,3,340,no_quant
00000000739,0.85,high,number theory,3,3,3,2,3,350,no_quant
00000000740,0.85,high,probability,5,3,3,2,3,484,
00000000741,0.85,high,number theory,5,3,3,3,3,519,
00000000743,0.85,high,analysis / PDE / dynamics,3,3,3,3,3,358,no_quant
00000000744,0.85,high,analysis / PDE / dynamics,3,3,3,3,3,377,no_quant
00000000746,0.85,high,number theory,3,4,3,4,5,406,no_quant
00000000748,0.85,high,number theory,3,2,3,2,4,361,no_quant
00000000749,0.85,high,number theory,3,4,2,4,4,365,no_quant
00000000750,0.85,high,analysis / PDE / dynamics,3,2,3,2,3,600,no_quant
00000000751,0.85,high,number theory,3,4,2,4,2,425,no_quant
00000000753,0.85,high,number theory,3,2,3,2,2,358,no_quant
00000000755,0.85,high,algebra / representation theory,3,2,3,2,3,351,no_quant
00000000756,0.85,high,analysis / PDE / dynamics,3,5,2,5,3,314,grand|no_quant
00000000757,0.85,high,algebra / representation theory,3,3,2,2,4,419,no_quant
00000000758,0.85,high,algebra / representation theory,5,2,3,2,2,348,
00000000759,0.85,high,number theory,3,2,3,2,3,482,no_quant
00000000760,0.85,high,number theory,3,3,3,3,4,301,no_quant
00000000762,0.85,high,number theory,3,4,3,4,5,427,no_quant
00000000763,0.85,high,number theory,3,3,3,3,3,329,no_quant
00000000764,0.85,high,analysis / PDE / dynamics,3,4,3,4,2,335,no_quant
00000000765,0.85,high,number theory,3,5,2,5,4,345,grand|no_quant
00000000766,0.85,high,number theory,3,2,3,2,4,448,no_quant
00000000768,0.85,high,number theory,3,4,3,4,3,539,no_quant
00000000769,0.85,high,number theory,3,3,3,3,3,577,no_quant
00000000771,0.85,high,number theory,3,3,3,3,4,336,no_quant
00000000772,0.85,high,number theory,3,2,3,2,4,302,no_quant
00000000773,0.85,high,number theory,5,4,3,3,3,507,
00000000779,0.85,high,number theory,3,4,3,4,4,407,no_quant
00000000780,0.85,high,number theory,3,2,3,2,4,395,no_quant
00000000781,0.85,high,number theory,3,2,3,2,3,499,no_quant
00000000782,0.85,high,number theory,3,2,3,2,4,374,no_quant
00000000784,0.85,high,number theory,3,2,3,2,4,323,no_quant
00000000786,0.85,high,number theory,3,3,3,3,4,329,no_quant
00000000787,0.85,high,number theory,3,4,3,4,5,448,no_quant
00000000788,0.85,high,algebraic geometry,3,3,3,3,4,404,no_quant
00000000789,0.85,high,number theory,3,2,3,2,5,382,no_quant
00000000790,0.85,high,number theory,3,2,3,2,3,303,no_quant
00000000791,0.85,high,number theory,3,4,3,4,3,448,no_quant
00000000792,0.85,high,number theory,5,5,3,4,3,589,
00000000793,0.85,high,number theory,3,4,3,4,3,485,no_quant
00000000795,0.85,high,number theory,3,4,3,4,2,287,no_quant
00000000796,0.85,high,number theory,5,4,3,3,3,388,
00000000797,0.85,high,number theory,3,2,3,2,3,300,no_quant
00000000798,0.85,high,probability,3,3,2,2,4,486,no_quant
00000000800,0.85,high,number theory,3,3,3,3,4,323,no_quant
00000000802,0.85,high,combinatorics / discrete,3,3,3,3,4,382,no_quant
00000000803,0.85,high,analysis / PDE / dynamics,4,3,3,3,3,499,
00000000805,0.85,high,analysis / PDE / dynamics,3,4,3,4,4,374,no_quant
00000000806,0.85,high,analysis / PDE / dynamics,5,4,3,3,3,381,
00000000809,0.85,high,algebra / representation theory,3,3,3,3,5,397,no_quant
00000000810,0.85,high,combinatorics / discrete,3,3,3,3,4,473,no_quant
00000000812,0.85,high,analysis / PDE / dynamics,3,4,3,3,2,337,no_quant
00000000814,0.85,high,topology / geometry,3,4,3,4,2,305,no_quant
00000000816,0.85,high,topology / geometry,2,3,3,3,4,431,no_quant
00000000817,0.85,high,topology / geometry,3,4,3,4,3,362,no_quant
00000000818,0.85,high,topology / geometry,5,3,3,3,3,303,
00000000819,0.85,high,topology / geometry,3,4,3,4,3,407,no_quant
00000000820,0.85,high,number theory,3,3,3,3,2,568,no_quant
00000000821,0.85,high,topology / geometry,4,4,3,4,4,263,
00000000822,0.85,high,number theory,3,3,3,3,4,482,no_quant
00000000823,0.85,high,topology / geometry,5,4,3,3,3,373,
00000000824,0.85,high,number theory,3,3,3,3,4,433,no_quant
00000000825,0.85,high,number theory,3,3,2,2,5,419,no_quant
00000000826,0.85,high,topology / geometry,4,2,3,2,4,338,
00000000828,0.85,high,analysis / PDE / dynamics,3,4,2,3,4,387,no_quant
00000000830,0.85,high,analysis / PDE / dynamics,3,3,3,2,4,358,no_quant
00000000832,0.85,high,topology / geometry,3,3,3,3,3,313,no_quant
00000000835,0.85,high,analysis / PDE / dynamics,3,3,3,2,4,363,no_quant
00000000837,0.85,high,combinatorics / discrete,3,2,3,2,4,404,no_quant
00000000838,0.85,high,analysis / PDE / dynamics,3,3,3,3,3,313,no_quant
00000000841,0.85,high,number theory,3,2,3,2,3,314,no_quant
00000000842,0.85,high,analysis / PDE / dynamics,3,2,3,2,4,390,no_quant
00000000844,0.85,high,combinatorics / discrete,3,2,3,2,5,293,no_quant
00000000845,0.85,high,topology / geometry,3,3,2,2,5,458,no_quant
00000000850,0.85,high,analysis / PDE / dynamics,5,3,3,2,4,412,
00000000852,0.85,high,combinatorics / discrete,3,2,3,1,2,434,no_quant
00000000853,0.85,high,algebraic geometry,2,2,3,2,3,300,no_quant
00000000856,0.85,high,number theory,5,2,3,2,4,444,
00000000857,0.85,high,algebraic geometry,2,2,3,2,3,304,no_quant
00000000858,0.85,high,topology / geometry,5,3,3,2,3,440,
00000000862,0.85,high,topology / geometry,2,2,3,2,3,436,no_quant
00000000864,0.85,high,topology / geometry,3,2,3,2,4,304,no_quant
00000000866,0.85,high,topology / geometry,3,2,3,2,3,494,no_quant
00000000868,0.85,high,topology / geometry,5,4,3,3,4,336,
00000000870,0.85,high,analysis / PDE / dynamics,3,3,3,3,4,484,no_quant
00000000872,0.85,high,analysis / PDE / dynamics,3,2,3,2,3,354,no_quant
00000000873,0.85,high,number theory,3,2,3,2,3,604,no_quant
00000000874,0.85,high,analysis / PDE / dynamics,3,2,3,2,4,454,no_quant
00000000877,0.85,high,algebra / representation theory,3,2,3,2,4,304,no_quant
00000000879,0.85,high,analysis / PDE / dynamics,3,3,3,3,4,330,no_quant
00000000881,0.85,high,analysis / PDE / dynamics,2,2,3,2,3,287,no_quant
00000000884,0.85,high,analysis / PDE / dynamics,3,4,2,3,4,416,no_quant
00000000885,0.85,high,analysis / PDE / dynamics,5,5,2,5,4,508,grand
00000000889,0.85,high,algebraic geometry,5,2,3,2,2,537,
00000000890,0.85,high,algebraic geometry,3,2,3,2,3,392,no_quant
00000000891,0.85,high,topology / geometry,5,3,3,2,4,434,
00000000892,0.85,high,combinatorics / discrete,3,3,3,3,3,338,no_quant
00000000894,0.85,high,topology / geometry,3,3,3,3,4,370,no_quant
00000000898,0.85,high,analysis / PDE / dynamics,3,2,3,2,4,306,no_quant
00000000905,0.85,high,number theory,3,3,2,2,4,544,no_quant
00000000907,0.85,high,topology / geometry,3,3,2,2,4,535,no_quant
00000000909,0.85,high,algebra / representation theory,5,2,3,2,3,396,
00000000910,0.85,high,number theory,4,3,3,2,3,613,
00000000911,0.85,high,analysis / PDE / dynamics,3,2,3,2,4,370,no_quant
00000000913,0.85,high,algebra / representation theory,4,3,2,2,3,638,
00000000914,0.85,high,algebra / representation theory,3,2,3,2,4,505,no_quant
00000000915,0.85,high,algebra / representation theory,3,2,3,2,4,586,no_quant
00000000917,0.85,high,combinatorics / discrete,3,2,3,2,4,498,no_quant
00000000918,0.85,high,combinatorics / discrete,3,2,3,2,4,389,no_quant
00000000920,0.85,high,algebra / representation theory,3,3,3,2,5,462,no_quant
00000000921,0.85,high,logic / complexity,3,2,3,2,4,267,no_quant
00000000922,0.85,high,combinatorics / discrete,3,2,3,2,3,442,no_quant
00000000923,0.85,high,analysis / PDE / dynamics,5,3,2,2,2,444,
00000000924,0.85,high,algebra / representation theory,3,2,3,2,3,329,no_quant
00000000925,0.85,high,number theory,5,4,2,3,2,514,
00000000926,0.85,high,analysis / PDE / dynamics,3,2,3,2,4,406,no_quant
00000000927,0.85,high,analysis / PDE / dynamics,3,3,3,2,3,360,no_quant
00000000929,0.85,high,analysis / PDE / dynamics,3,2,3,2,4,307,no_quant
00000000931,0.85,high,combinatorics / discrete,3,3,3,2,3,345,no_quant
00000000932,0.85,high,analysis / PDE / dynamics,5,2,3,2,2,411,
00000000933,0.85,high,analysis / PDE / dynamics,3,3,3,3,4,464,no_quant
00000000935,0.85,high,analysis / PDE / dynamics,3,4,3,4,2,336,no_quant
00000000937,0.85,high,analysis / PDE / dynamics,5,3,3,2,4,485,
00000000938,0.85,high,analysis / PDE / dynamics,5,3,3,3,4,594,
00000000941,0.85,high,analysis / PDE / dynamics,5,3,3,2,4,578,
00000000942,0.85,high,combinatorics / discrete,3,2,3,2,4,359,no_quant
00000000944,0.85,high,analysis / PDE / dynamics,2,3,3,2,3,292,no_quant
00000000946,0.85,high,analysis / PDE / dynamics,3,3,3,2,4,373,no_quant
00000000950,0.85,high,analysis / PDE / dynamics,3,3,3,3,4,462,no_quant
00000000952,0.85,high,analysis / PDE / dynamics,3,2,3,2,3,380,no_quant
00000000953,0.85,high,analysis / PDE / dynamics,5,2,3,2,3,303,
00000000955,0.85,high,analysis / PDE / dynamics,3,3,3,2,3,369,no_quant
00000000956,0.85,high,analysis / PDE / dynamics,5,3,3,2,4,421,
00000000957,0.85,high,analysis / PDE / dynamics,3,2,3,2,4,414,no_quant
00000000959,0.85,high,analysis / PDE / dynamics,3,4,2,3,2,629,no_quant
00000000961,0.85,high,algebra / representation theory,3,3,3,2,4,585,no_quant
00000000962,0.85,high,probability,2,2,3,2,3,328,no_quant
00000000963,0.85,high,analysis / PDE / dynamics,3,2,3,2,4,308,no_quant
00000000964,0.85,high,analysis / PDE / dynamics,3,3,3,2,4,547,no_quant
00000000965,0.85,high,combinatorics / discrete,3,2,3,2,4,323,no_quant
00000000967,0.85,high,probability,3,2,3,2,4,452,no_quant
00000000968,0.85,high,analysis / PDE / dynamics,3,2,3,2,3,574,no_quant
00000000970,0.85,high,number theory,3,2,3,2,2,554,no_quant
00000000971,0.85,high,probability,3,2,3,2,3,378,no_quant
00000000973,0.85,high,analysis / PDE / dynamics,5,3,3,1,1,603,
00000000976,0.85,high,analysis / PDE / dynamics,5,3,3,2,4,362,
00000000977,0.85,high,algebra / representation theory,3,3,3,3,4,446,no_quant
00000000978,0.85,high,analysis / PDE / dynamics,3,3,3,3,4,368,no_quant
00000000979,0.85,high,analysis / PDE / dynamics,5,3,3,2,4,496,
00000000980,0.85,high,analysis / PDE / dynamics,3,2,3,2,4,318,no_quant
00000000984,0.85,high,analysis / PDE / dynamics,3,4,3,4,3,562,no_quant
00000000985,0.85,high,number theory,4,4,3,3,2,582,
00000000986,0.85,high,number theory,5,3,3,3,3,570,
00000000987,0.85,high,number theory,3,2,3,2,4,433,no_quant
00000000988,0.85,high,number theory,3,2,3,2,3,477,no_quant
00000000990,0.85,high,analysis / PDE / dynamics,3,3,2,2,3,596,no_quant
00000000991,0.85,high,combinatorics / discrete,5,3,3,2,2,560,
00000000992,0.85,high,combinatorics / discrete,3,4,3,3,4,512,no_quant
00000000993,0.85,high,logic / complexity,3,2,3,2,3,274,no_quant
00000000995,0.85,high,analysis / PDE / dynamics,5,2,3,2,3,345,
00000000996,0.85,high,combinatorics / discrete,3,2,3,1,2,311,no_quant
00000000997,0.85,high,probability,3,2,3,2,5,621,no_quant
00000000998,0.85,high,analysis / PDE / dynamics,3,2,3,2,2,287,no_quant
00000000999,0.85,high,analysis / PDE / dynamics,5,2,3,2,3,395,
00000001005,0.85,high,number theory,4,3,3,2,3,549,
00000001008,0.85,high,number theory,3,3,3,3,3,323,no_quant
00000001012,0.85,high,algebra / representation theory,3,2,3,2,3,372,no_quant
00000001013,0.85,high,algebraic geometry,3,3,3,2,2,486,no_quant
00000001016,0.85,high,algebra / representation theory,5,3,3,1,1,418,
00000001017,0.85,high,algebra / representation theory,2,2,3,1,2,298,no_quant
00000001018,0.85,high,number theory,3,2,3,2,4,427,no_quant
00000001019,0.85,high,combinatorics / discrete,3,2,3,1,1,330,no_quant
00000001021,0.85,high,combinatorics / discrete,3,2,3,2,3,313,no_quant
00000001027,0.85,high,combinatorics / discrete,3,3,3,3,4,505,no_quant
00000001028,0.85,high,number theory,4,4,3,3,2,433,
00000001029,0.85,high,combinatorics / discrete,4,4,2,2,1,327,
00000001031,0.85,high,number theory,3,2,3,2,2,502,no_quant
00000001033,0.85,high,combinatorics / discrete,3,3,3,3,4,294,no_quant
00000001034,0.85,high,number theory,5,4,3,2,1,529,
00000001035,0.85,high,algebra / representation theory,3,2,3,2,2,413,no_quant
00000001036,0.85,high,number theory,3,2,3,2,4,424,no_quant
00000001039,0.85,high,number theory,3,2,3,2,4,389,no_quant
00000001043,0.85,high,number theory,3,2,3,2,3,345,no_quant
00000001044,0.85,high,number theory,5,3,3,2,2,465,
00000001045,0.85,high,number theory,5,3,3,2,2,452,
00000001047,0.85,high,number theory,4,2,3,1,2,299,
00000001049,0.85,high,number theory,4,3,3,3,4,369,
00000001051,0.85,high,algebraic geometry,3,3,3,3,4,363,no_quant
00000001052,0.85,high,algebraic geometry,5,3,3,1,2,464,
00000001054,0.85,high,algebraic geometry,3,3,3,3,3,376,no_quant
00000001056,0.85,high,algebraic geometry,4,3,3,2,3,425,
00000001057,0.85,high,number theory,3,2,3,2,5,290,no_quant
00000001059,0.85,high,algebra / representation theory,3,2,3,2,4,424,no_quant
00000001062,0.85,high,algebraic geometry,4,3,3,2,2,492,
00000001066,0.85,high,number theory,4,3,3,2,2,286,
00000001071,0.85,high,number theory,3,4,3,4,2,354,no_quant
00000001072,0.85,high,number theory,5,3,3,2,2,531,
00000001075,0.85,high,analysis / PDE / dynamics,5,2,3,2,2,427,
00000001076,0.85,high,number theory,3,2,3,2,4,351,no_quant
00000001079,0.85,high,combinatorics / discrete,4,3,3,2,2,515,
00000001082,0.85,high,number theory,3,2,3,2,4,475,no_quant
00000001085,0.85,high,combinatorics / discrete,3,2,3,2,4,394,no_quant
00000001087,0.85,high,number theory,3,2,3,2,4,345,no_quant
00000001088,0.85,high,number theory,3,3,3,3,4,273,no_quant
00000001089,0.85,high,algebra / representation theory,5,4,2,3,4,504,
00000001090,0.85,high,combinatorics / discrete,5,4,3,3,3,418,
00000001093,0.85,high,combinatorics / discrete,5,2,3,1,1,370,
00000001096,0.85,high,number theory,4,3,3,2,3,450,
00000001097,0.85,high,probability,3,2,3,2,2,441,no_quant
00000001101,0.85,high,number theory,5,4,3,3,3,406,
00000001102,0.85,high,number theory,5,3,3,2,2,487,
00000001103,0.85,high,number theory,3,2,3,2,2,570,no_quant
00000001105,0.85,high,number theory,3,2,3,2,2,570,no_quant
00000001106,0.85,high,number theory,3,3,3,3,4,431,no_quant
00000001107,0.85,high,number theory,3,3,3,3,3,343,no_quant
00000001108,0.85,high,algebra / representation theory,3,4,2,3,3,489,no_quant
00000001109,0.85,high,number theory,3,2,3,2,2,365,no_quant
00000001111,0.85,high,algebra / representation theory,5,4,3,4,5,340,
00000001113,0.85,high,algebra / representation theory,5,4,3,3,2,526,
00000001114,0.85,high,topology / geometry,2,3,3,2,3,298,no_quant
00000001115,0.85,high,algebraic geometry,5,3,3,1,2,570,
00000001116,0.85,high,number theory,3,3,3,3,3,382,no_quant
00000001117,0.85,high,combinatorics / discrete,3,2,3,2,2,350,no_quant
00000001118,0.85,high,number theory,3,2,3,2,3,495,no_quant
00000001119,0.85,high,number theory,3,2,3,2,2,399,no_quant
00000001120,0.85,high,number theory,3,2,3,2,4,469,no_quant
00000001121,0.85,high,algebra / representation theory,3,3,3,3,3,308,no_quant
00000001122,0.85,high,number theory,3,2,3,2,4,339,no_quant
00000001124,0.85,high,algebra / representation theory,3,4,3,4,4,371,no_quant
00000001125,0.85,high,algebra / representation theory,3,2,3,2,4,520,no_quant
00000001126,0.85,high,number theory,3,4,3,4,3,328,no_quant
00000001127,0.85,high,number theory,3,2,3,2,4,327,no_quant
00000001128,0.85,high,number theory,3,2,3,2,2,542,no_quant
00000001129,0.85,high,algebraic geometry,5,4,3,3,3,510,
00000001130,0.85,high,algebraic geometry,3,4,3,4,4,447,no_quant
00000001133,0.85,high,number theory,3,4,2,4,2,346,no_quant
00000001135,0.85,high,algebraic geometry,3,2,3,2,3,526,no_quant
00000001136,0.85,high,algebraic geometry,5,4,3,3,4,567,
00000001138,0.85,high,algebra / representation theory,3,2,3,2,3,480,no_quant
00000001139,0.85,high,algebraic geometry,5,3,3,2,3,591,
00000001140,0.85,high,algebra / representation theory,4,4,3,2,1,589,
00000001141,0.85,high,algebra / representation theory,5,4,2,3,2,513,
00000001143,0.85,high,algebra / representation theory,5,5,3,5,5,393,
00000001145,0.85,high,number theory,3,4,3,4,3,610,no_quant
00000001146,0.85,high,number theory,3,3,3,3,3,604,no_quant
00000001147,0.85,high,algebraic geometry,3,3,3,3,4,399,no_quant
00000001148,0.85,high,number theory,3,4,3,4,3,566,no_quant
00000001149,0.85,high,number theory,5,4,3,4,5,578,
00000001150,0.85,high,algebraic geometry,3,4,2,3,4,370,no_quant
00000001153,0.85,high,algebra / representation theory,5,3,3,2,3,550,
00000001155,0.85,high,number theory,3,4,3,4,3,492,no_quant
00000001157,0.85,high,analysis / PDE / dynamics,5,3,3,3,4,406,
00000001158,0.85,high,topology / geometry,3,3,3,3,4,386,no_quant
00000001159,0.85,high,number theory,3,2,3,1,2,423,no_quant
00000001161,0.85,high,logic / complexity,3,2,3,2,3,450,no_quant
00000001163,0.85,high,topology / geometry,3,2,3,2,3,471,no_quant
00000001165,0.85,high,algebra / representation theory,3,2,3,2,2,455,no_quant
00000001166,0.85,high,algebraic geometry,3,2,3,2,3,414,no_quant
00000001167,0.85,high,number theory,5,4,3,3,2,572,
00000001168,0.85,high,topology / geometry,5,3,3,3,5,382,
00000001169,0.85,high,number theory,3,3,3,3,4,436,no_quant
00000001170,0.85,high,combinatorics / discrete,2,2,3,2,4,287,no_quant
00000001172,0.85,high,analysis / PDE / dynamics,3,2,3,2,3,335,no_quant
00000001174,0.85,high,combinatorics / discrete,3,2,3,2,3,387,no_quant
00000001176,0.85,high,combinatorics / discrete,3,2,3,2,4,416,no_quant
00000001178,0.85,high,number theory,5,3,3,2,3,574,
00000001180,0.85,high,number theory,3,3,3,3,3,399,no_quant
00000001184,0.85,high,probability,3,2,3,2,5,452,no_quant
00000001186,0.85,high,number theory,5,3,3,2,2,401,
00000001187,0.85,high,algebra / representation theory,5,4,3,4,3,582,
00000001189,0.85,high,algebra / representation theory,4,2,3,1,1,600,
00000001190,0.85,high,number theory,5,3,3,3,5,404,
00000001192,0.85,high,number theory,3,2,3,2,2,458,no_quant
00000001193,0.85,high,number theory,3,2,3,2,4,393,no_quant
00000001195,0.85,high,combinatorics / discrete,3,2,3,2,4,279,no_quant
00000001198,0.85,high,number theory,3,2,3,2,4,449,no_quant
00000001205,0.85,high,number theory,4,4,3,3,4,413,
00000001208,0.85,high,number theory,3,3,3,3,2,468,no_quant
00000001210,0.85,high,combinatorics / discrete,5,2,3,1,1,525,
00000001211,0.85,high,number theory,3,3,3,3,4,348,no_quant
00000001212,0.85,high,algebra / representation theory,3,2,3,2,4,445,no_quant
00000001213,0.85,high,number theory,5,3,3,2,3,477,
00000001215,0.85,high,combinatorics / discrete,3,2,3,2,3,473,no_quant
00000001217,0.85,high,number theory,3,3,3,3,4,399,no_quant
00000001218,0.85,high,probability,4,3,3,3,3,536,
00000001221,0.85,high,combinatorics / discrete,3,2,3,2,3,410,no_quant
00000001223,0.85,high,combinatorics / discrete,3,2,3,2,4,375,no_quant
00000001227,0.85,high,combinatorics / discrete,5,3,2,2,4,570,
00000001229,0.85,high,combinatorics / discrete,3,2,3,2,3,414,no_quant
00000001231,0.85,high,number theory,3,3,3,2,3,483,no_quant
00000001232,0.85,high,analysis / PDE / dynamics,3,2,3,2,3,471,no_quant
00000001233,0.85,high,number theory,3,2,3,2,3,475,no_quant
00000001236,0.85,high,topology / geometry,3,2,3,2,2,536,no_quant
00000001237,0.85,high,algebra / representation theory,3,3,2,2,4,413,no_quant
00000001238,0.85,high,algebraic geometry,5,3,2,2,3,451,
00000001239,0.85,high,combinatorics / discrete,5,3,2,2,2,317,
00000001242,0.85,high,combinatorics / discrete,3,3,3,3,2,319,no_quant
00000001243,0.85,high,number theory,5,3,3,1,1,504,
00000001244,0.85,high,number theory,5,3,3,3,4,504,
00000001247,0.85,high,algebra / representation theory,5,3,3,3,5,394,
00000001248,0.85,high,probability,3,2,3,2,2,550,no_quant
00000001253,0.85,high,probability,2,2,3,2,4,503,no_quant
00000001255,0.85,high,algebra / representation theory,3,2,3,2,3,489,no_quant
00000001257,0.85,high,number theory,3,2,3,1,2,377,no_quant
00000001259,0.85,high,analysis / PDE / dynamics,3,3,3,2,2,604,no_quant
00000001260,0.85,high,logic / complexity,3,2,3,1,2,472,no_quant
00000001262,0.85,high,logic / complexity,3,2,3,2,4,278,no_quant
00000001263,0.85,high,logic / complexity,3,2,3,2,4,389,no_quant
00000001264,0.85,high,logic / complexity,4,2,3,2,3,275,
00000001266,0.85,high,combinatorics / discrete,4,2,3,2,3,548,
00000001270,0.85,high,analysis / PDE / dynamics,5,3,3,1,1,639,
00000001271,0.85,high,analysis / PDE / dynamics,4,2,3,2,3,507,
00000001272,0.85,high,number theory,3,2,3,2,2,440,no_quant
00000001274,0.85,high,analysis / PDE / dynamics,3,2,3,2,3,309,no_quant
00000001277,0.85,high,combinatorics / discrete,3,2,3,2,4,483,no_quant
00000001278,0.85,high,number theory,3,2,3,2,4,429,no_quant
00000001279,0.85,high,analysis / PDE / dynamics,3,3,3,3,3,440,no_quant
00000001280,0.85,high,analysis / PDE / dynamics,5,3,3,2,4,434,
00000001283,0.85,high,number theory,5,3,3,2,2,446,
00000001289,0.85,high,combinatorics / discrete,3,2,3,2,3,303,no_quant
00000001292,0.85,high,algebra / representation theory,3,2,3,2,3,384,no_quant
00000001293,0.85,high,number theory,3,2,3,2,4,307,no_quant
00000001295,0.85,high,probability,5,5,2,5,5,327,grand
00000001296,0.85,high,number theory,5,5,3,5,3,505,
00000001297,0.85,high,probability,3,2,3,2,4,493,no_quant
00000001298,0.85,high,number theory,3,2,3,2,4,327,no_quant
00000001300,0.85,high,logic / complexity,5,3,3,2,3,531,
00000001301,0.85,high,algebra / representation theory,3,3,3,2,2,404,no_quant
00000001304,0.85,high,analysis / PDE / dynamics,3,2,3,2,3,692,no_quant
00000001305,0.85,high,topology / geometry,3,2,3,2,4,355,no_quant
00000001307,0.85,high,analysis / PDE / dynamics,5,2,3,2,2,670,
00000001308,0.85,high,number theory,3,3,3,3,4,455,no_quant
00000001309,0.85,high,algebra / representation theory,4,2,3,2,3,367,
00000001310,0.85,high,topology / geometry,3,3,2,2,5,393,no_quant
00000001311,0.85,high,topology / geometry,5,2,3,2,3,402,
00000001312,0.85,high,algebraic geometry,3,3,3,3,4,363,no_quant
00000001313,0.85,high,topology / geometry,5,3,3,2,3,331,
00000001314,0.85,high,probability,5,2,3,2,2,484,
00000001315,0.85,high,topology / geometry,5,3,2,2,3,392,
00000001317,0.85,high,topology / geometry,3,3,3,2,4,342,no_quant
00000001320,0.85,high,topology / geometry,3,2,3,2,2,530,no_quant
00000001323,0.85,high,algebraic geometry,3,2,3,2,3,346,no_quant
00000001325,0.85,high,number theory,3,2,3,2,3,483,no_quant
00000001326,0.85,high,number theory,3,3,2,2,4,430,no_quant
00000001327,0.85,high,analysis / PDE / dynamics,3,2,3,2,4,488,no_quant
00000001328,0.85,high,algebraic geometry,5,3,3,3,3,504,
00000001329,0.85,high,analysis / PDE / dynamics,3,3,2,2,4,438,no_quant
00000001331,0.85,high,number theory,3,2,3,1,3,527,no_quant
00000001332,0.85,high,number theory,3,2,3,2,2,335,no_quant
00000001333,0.85,high,number theory,3,4,2,4,2,474,no_quant
00000001338,0.85,high,probability,3,3,2,2,3,465,no_quant
00000001339,0.85,high,number theory,3,4,3,3,3,573,no_quant
00000001340,0.85,high,number theory,3,4,3,4,3,399,no_quant
00000001341,0.85,high,number theory,4,3,3,3,4,507,
00000001342,0.85,high,number theory,5,4,3,4,2,512,
00000001344,0.85,high,number theory,3,4,3,4,3,476,no_quant
00000001347,0.85,high,number theory,3,3,3,3,4,464,no_quant
00000001348,0.85,high,number theory,3,4,3,4,4,418,no_quant
00000001349,0.85,high,number theory,3,2,3,2,2,532,no_quant
00000001354,0.85,high,number theory,5,3,3,3,4,411,
00000001355,0.85,high,number theory,3,3,3,3,5,433,no_quant
00000001357,0.85,high,number theory,3,2,3,2,2,316,no_quant
00000001359,0.85,high,number theory,3,2,3,2,3,474,no_quant
00000001361,0.85,high,topology / geometry,5,4,2,3,2,454,
00000001363,0.85,high,algebra / representation theory,3,2,3,2,4,358,no_quant
00000001366,0.85,high,combinatorics / discrete,5,3,3,2,3,571,
00000001367,0.85,high,combinatorics / discrete,3,2,3,2,2,499,no_quant
00000001371,0.85,high,analysis / PDE / dynamics,3,4,2,3,3,480,no_quant
00000001372,0.85,high,number theory,3,4,2,3,3,408,no_quant
00000001376,0.85,high,algebra / representation theory,3,2,3,2,4,434,no_quant
00000001379,0.85,high,logic / complexity,3,2,3,2,3,344,no_quant
00000001381,0.85,high,algebraic geometry,3,2,3,2,4,350,no_quant
00000001384,0.85,high,logic / complexity,5,3,3,3,5,308,
00000001385,0.85,high,analysis / PDE / dynamics,5,4,3,3,2,653,
00000001386,0.85,high,analysis / PDE / dynamics,5,3,3,3,4,515,
00000001388,0.85,high,analysis / PDE / dynamics,3,2,3,2,3,425,no_quant
00000001390,0.85,high,algebra / representation theory,5,3,3,2,3,548,
00000001391,0.85,high,topology / geometry,5,3,3,1,1,438,
00000001392,0.85,high,analysis / PDE / dynamics,4,3,2,2,2,602,
00000001394,0.85,high,number theory,3,4,3,4,2,387,no_quant
00000001395,0.85,high,topology / geometry,3,2,3,2,3,494,no_quant
00000001396,0.85,high,analysis / PDE / dynamics,5,3,3,2,3,556,
00000001398,0.85,high,number theory,3,2,3,2,3,450,no_quant
00000001399,0.85,high,analysis / PDE / dynamics,3,3,3,3,3,419,no_quant
00000001400,0.85,high,topology / geometry,3,2,3,2,2,544,no_quant
00000001401,0.85,high,topology / geometry,4,4,3,3,2,458,
00000001402,0.85,high,topology / geometry,3,3,3,3,4,440,no_quant
00000001403,0.85,high,topology / geometry,5,2,3,2,3,432,
00000001404,0.85,high,topology / geometry,5,3,2,2,3,542,
00000001405,0.85,high,topology / geometry,3,2,3,2,4,546,no_quant
00000001406,0.85,high,algebraic geometry,4,4,3,3,4,440,
00000001407,0.85,high,analysis / PDE / dynamics,3,4,3,4,4,662,no_quant
00000001408,0.85,high,number theory,3,3,2,2,3,405,no_quant
00000001409,0.85,high,topology / geometry,4,5,2,4,3,527,
00000001410,0.85,high,topology / geometry,2,4,3,4,3,548,no_quant
00000001412,0.85,high,analysis / PDE / dynamics,3,2,3,2,3,560,no_quant
00000001413,0.85,high,algebra / representation theory,5,2,3,2,3,427,
00000001414,0.85,high,number theory,3,2,3,2,2,509,no_quant
00000001415,0.85,high,topology / geometry,3,2,3,2,3,527,no_quant
00000001416,0.85,high,algebra / representation theory,3,2,3,2,3,484,no_quant
00000001417,0.85,high,algebra / representation theory,4,2,3,2,3,567,
00000001418,0.85,high,topology / geometry,5,4,3,3,4,602,
00000001420,0.85,high,topology / geometry,3,3,3,3,4,447,no_quant
00000001421,0.85,high,analysis / PDE / dynamics,3,3,3,3,5,742,no_quant
00000001422,0.85,high,probability,2,2,3,2,3,626,no_quant
00000001425,0.85,high,probability,3,2,3,2,4,269,no_quant
00000001427,0.85,high,combinatorics / discrete,3,2,3,2,2,463,no_quant
00000001428,0.85,high,probability,3,2,3,2,3,467,no_quant
00000001431,0.85,high,probability,3,2,3,2,5,302,no_quant
00000001432,0.85,high,analysis / PDE / dynamics,5,3,3,3,3,426,
00000001439,0.85,high,number theory,2,2,3,2,2,299,no_quant
00000001441,0.85,high,probability,5,3,3,2,2,469,
00000001446,0.85,high,probability,3,2,3,2,3,560,no_quant
00000001449,0.85,high,probability,3,2,3,2,3,375,no_quant
00000001452,0.85,high,analysis / PDE / dynamics,4,3,3,2,3,457,
00000001453,0.85,high,probability,3,3,3,2,4,556,no_quant
00000001454,0.85,high,combinatorics / discrete,3,2,3,2,2,559,no_quant
00000001456,0.85,high,combinatorics / discrete,3,2,3,2,3,326,no_quant
00000001459,0.85,high,combinatorics / discrete,3,2,3,2,3,437,no_quant
00000001460,0.85,high,analysis / PDE / dynamics,3,3,3,2,4,296,no_quant
00000001462,0.85,high,analysis / PDE / dynamics,3,4,3,3,3,349,no_quant
00000001464,0.85,high,number theory,4,2,3,2,3,292,
00000001465,0.85,high,analysis / PDE / dynamics,5,3,3,2,2,523,
00000001467,0.85,high,combinatorics / discrete,3,2,3,2,2,499,no_quant
00000001468,0.85,high,probability,3,2,3,2,3,313,no_quant
00000001470,0.85,high,algebra / representation theory,3,2,3,2,4,324,no_quant
00000001472,0.85,high,number theory,5,3,3,2,2,575,
00000001475,0.85,high,combinatorics / discrete,4,3,3,2,2,524,
00000001477,0.85,high,number theory,5,3,3,3,5,515,
00000001478,0.85,high,number theory,3,3,3,2,3,490,no_quant
00000001479,0.85,high,number theory,3,2,3,2,3,450,no_quant
00000001481,0.85,high,analysis / PDE / dynamics,5,4,3,3,3,492,
00000001482,0.85,high,analysis / PDE / dynamics,3,2,3,2,3,622,no_quant
00000001483,0.85,high,topology / geometry,3,2,3,2,2,531,no_quant
00000001485,0.85,high,number theory,5,3,3,3,3,585,
00000001486,0.85,high,analysis / PDE / dynamics,4,3,3,3,5,346,
00000001488,0.85,high,topology / geometry,3,2,3,2,4,385,no_quant
00000001489,0.85,high,analysis / PDE / dynamics,4,3,3,2,3,622,
00000001490,0.85,high,topology / geometry,5,4,3,3,3,512,
00000001492,0.85,high,number theory,3,4,2,3,5,609,no_quant
00000001493,0.85,high,analysis / PDE / dynamics,3,2,3,2,5,518,no_quant
00000001494,0.85,high,number theory,3,3,3,3,2,460,no_quant
00000001495,0.85,high,topology / geometry,3,3,2,1,2,568,no_quant
00000001497,0.85,high,analysis / PDE / dynamics,3,2,3,2,4,551,no_quant
00000001499,0.85,high,topology / geometry,4,2,3,1,2,505,
00000001500,0.85,high,topology / geometry,4,3,3,2,4,585,
00000001501,0.85,high,topology / geometry,4,3,3,2,1,517,
00000001503,0.85,high,analysis / PDE / dynamics,3,3,3,3,2,571,no_quant
00000001504,0.85,high,analysis / PDE / dynamics,3,4,2,3,3,568,no_quant
00000001505,0.85,high,topology / geometry,4,4,2,2,2,551,
00000001506,0.85,high,number theory,5,4,3,3,4,467,
00000001507,0.85,high,probability,3,2,3,2,4,458,no_quant
00000001508,0.85,high,number theory,3,3,3,3,4,331,no_quant
00000001510,0.85,high,number theory,3,3,3,3,5,453,no_quant
00000001511,0.85,high,number theory,3,3,3,3,3,423,no_quant
00000001512,0.85,high,number theory,3,2,3,2,3,451,no_quant
00000001513,0.85,high,number theory,3,2,3,2,3,514,no_quant
00000001514,0.85,high,probability,3,2,3,2,3,353,no_quant
00000001516,0.85,high,algebraic geometry,3,2,3,2,4,470,no_quant
00000001517,0.85,high,number theory,3,2,3,2,3,322,no_quant
00000001518,0.85,high,algebraic geometry,3,3,3,3,3,403,no_quant
00000001519,0.85,high,algebra / representation theory,4,3,3,1,1,491,
00000001520,0.85,high,topology / geometry,3,3,3,3,3,424,no_quant
00000001522,0.85,high,topology / geometry,3,3,2,2,4,397,no_quant
00000001524,0.85,high,topology / geometry,3,2,3,2,4,399,no_quant
00000001528,0.85,high,topology / geometry,4,3,3,2,2,356,
00000001529,0.85,high,number theory,3,2,3,2,4,387,no_quant
00000001532,0.85,high,number theory,3,2,3,2,3,483,no_quant
00000001533,0.85,high,algebraic geometry,3,3,2,2,4,450,no_quant
00000001534,0.85,high,topology / geometry,4,2,3,2,3,544,
00000001535,0.85,high,algebra / representation theory,3,2,3,2,2,592,no_quant
00000001537,0.85,high,algebraic geometry,4,4,3,3,3,252,
00000001538,0.85,high,algebraic geometry,3,2,3,2,3,272,no_quant
00000001541,0.85,high,number theory,3,3,3,3,4,450,no_quant
00000001545,0.85,high,analysis / PDE / dynamics,3,2,3,2,3,333,no_quant
00000001548,0.85,high,combinatorics / discrete,3,3,3,2,3,433,no_quant
00000001552,0.85,high,combinatorics / discrete,3,2,3,2,4,467,no_quant
00000001553,0.85,high,combinatorics / discrete,3,2,3,2,3,388,no_quant
00000001554,0.85,high,combinatorics / discrete,5,3,3,2,4,516,
00000001555,0.85,high,combinatorics / discrete,3,2,3,2,5,395,no_quant
00000001557,0.85,high,analysis / PDE / dynamics,4,3,3,2,2,504,
00000001559,0.85,high,number theory,3,2,3,2,3,442,no_quant
00000001560,0.85,high,algebra / representation theory,4,3,3,3,5,421,
00000001561,0.85,high,topology / geometry,3,2,3,2,2,438,no_quant
00000001562,0.85,high,algebra / representation theory,3,3,3,2,5,320,no_quant
00000001563,0.85,high,algebra / representation theory,3,2,3,2,3,447,no_quant
00000001564,0.85,high,combinatorics / discrete,5,3,3,2,3,428,
00000001565,0.85,high,analysis / PDE / dynamics,3,2,3,2,3,433,no_quant
00000001568,0.85,high,combinatorics / discrete,5,3,3,3,4,515,
00000001569,0.85,high,probability,5,3,3,3,4,416,
00000001574,0.85,high,number theory,3,2,3,2,3,362,no_quant
00000001576,0.85,high,analysis / PDE / dynamics,5,2,3,2,3,416,
00000001579,0.85,high,number theory,3,2,3,2,2,489,no_quant
00000001581,0.85,high,topology / geometry,3,2,3,2,3,329,no_quant
00000001584,0.85,high,analysis / PDE / dynamics,3,3,3,3,5,374,no_quant
00000001586,0.85,high,algebra / representation theory,3,2,3,2,3,345,no_quant
00000001587,0.85,high,number theory,5,4,3,4,4,535,
00000001588,0.85,high,algebra / representation theory,5,4,3,3,4,495,
00000001589,0.85,high,algebra / representation theory,5,3,3,3,3,528,
00000001591,0.85,high,number theory,3,2,3,2,4,482,no_quant
00000001595,0.85,high,number theory,3,2,3,2,4,472,no_quant
00000001596,0.85,high,probability,3,2,3,2,4,404,no_quant
00000001598,0.85,high,analysis / PDE / dynamics,3,2,3,2,5,331,no_quant
00000001599,0.85,high,number theory,3,2,3,2,3,377,no_quant
00000001601,0.85,high,analysis / PDE / dynamics,3,3,3,3,4,513,no_quant
00000001604,0.85,high,analysis / PDE / dynamics,4,3,3,2,4,384,
00000001605,0.85,high,analysis / PDE / dynamics,3,2,3,2,3,413,no_quant
00000001606,0.85,high,analysis / PDE / dynamics,5,4,3,3,2,656,
00000001607,0.85,high,analysis / PDE / dynamics,3,2,3,2,5,467,no_quant
00000001609,0.85,high,topology / geometry,2,3,3,3,4,378,no_quant
00000001610,0.85,high,number theory,5,4,3,4,5,444,
00000001611,0.85,high,analysis / PDE / dynamics,3,4,3,3,3,458,no_quant
00000001612,0.85,high,combinatorics / discrete,5,2,3,2,2,530,
00000001615,0.85,high,analysis / PDE / dynamics,5,3,3,3,2,533,
00000001616,0.85,high,number theory,3,3,3,3,4,590,no_quant
00000001617,0.85,high,number theory,3,3,3,3,5,464,no_quant
00000001618,0.85,high,analysis / PDE / dynamics,5,4,3,3,3,567,
00000001619,0.85,high,probability,3,2,3,1,1,546,no_quant
00000001620,0.85,high,number theory,5,3,3,2,3,500,
00000001621,0.85,high,analysis / PDE / dynamics,3,2,3,2,4,351,no_quant
00000001622,0.85,high,analysis / PDE / dynamics,3,4,3,3,2,432,no_quant
00000001625,0.85,high,analysis / PDE / dynamics,3,4,3,3,5,444,no_quant
00000001626,0.85,high,analysis / PDE / dynamics,3,2,3,2,5,584,no_quant
00000001627,0.85,high,algebraic geometry,3,2,3,2,4,336,no_quant
00000001630,0.85,high,analysis / PDE / dynamics,3,2,3,2,3,344,no_quant
00000001632,0.85,high,algebra / representation theory,3,3,3,3,3,344,no_quant
00000001633,0.85,high,algebra / representation theory,5,4,3,3,2,520,
00000001636,0.85,high,algebraic geometry,3,2,3,1,1,479,no_quant
00000001637,0.85,high,algebraic geometry,3,2,3,2,4,303,no_quant
00000001638,0.85,high,algebra / representation theory,3,3,2,2,3,474,no_quant
00000001639,0.85,high,algebra / representation theory,3,2,3,2,3,505,no_quant
00000001640,0.85,high,number theory,4,4,3,3,3,514,
00000001641,0.85,high,number theory,3,3,3,3,3,535,no_quant
00000001643,0.85,high,algebraic geometry,3,4,3,3,3,599,no_quant
00000001644,0.85,high,topology / geometry,5,4,3,3,2,465,
00000001645,0.85,high,number theory,4,3,3,2,4,549,
00000001647,0.85,high,topology / geometry,3,3,3,3,4,373,no_quant
00000001648,0.85,high,algebraic geometry,3,3,3,3,3,504,no_quant
00000001649,0.85,high,algebraic geometry,3,3,3,3,2,510,no_quant
00000001650,0.85,high,number theory,3,3,3,3,3,461,no_quant
00000001651,0.85,high,analysis / PDE / dynamics,3,2,3,2,3,378,no_quant
00000001656,0.85,high,algebraic geometry,4,3,3,3,2,493,
00000001657,0.85,high,number theory,3,2,3,2,3,334,no_quant
00000001661,0.85,high,combinatorics / discrete,5,3,3,1,1,503,
00000001662,0.85,high,combinatorics / discrete,5,3,2,2,2,409,
00000001663,0.85,high,combinatorics / discrete,3,3,2,1,1,468,no_quant
00000001664,0.85,high,combinatorics / discrete,5,3,3,2,3,431,
00000001665,0.85,high,combinatorics / discrete,5,3,3,2,2,474,
00000001667,0.85,high,combinatorics / discrete,3,2,3,2,2,405,no_quant
00000001668,0.85,high,combinatorics / discrete,5,3,3,1,1,533,
00000001669,0.85,high,combinatorics / discrete,3,2,3,2,4,300,no_quant
00000001670,0.85,high,combinatorics / discrete,3,2,3,2,4,459,no_quant
00000001673,0.85,high,combinatorics / discrete,3,2,3,2,4,469,no_quant
00000001674,0.85,high,number theory,4,3,3,2,3,454,
00000001675,0.85,high,number theory,3,3,3,2,5,364,no_quant
00000001677,0.85,high,topology / geometry,2,2,3,2,3,334,no_quant
00000001679,0.85,high,combinatorics / discrete,3,2,3,2,3,367,no_quant
00000001681,0.85,high,combinatorics / discrete,3,2,3,2,2,462,no_quant
00000001683,0.85,high,combinatorics / discrete,5,4,3,3,2,509,
00000001684,0.85,high,analysis / PDE / dynamics,3,2,3,2,4,515,no_quant
00000001685,0.85,high,combinatorics / discrete,3,2,3,2,2,480,no_quant
00000001687,0.85,high,algebra / representation theory,3,2,3,2,2,413,no_quant
00000001688,0.85,high,combinatorics / discrete,3,2,3,2,3,412,no_quant
00000001689,0.85,high,analysis / PDE / dynamics,4,2,3,2,4,517,
00000001691,0.85,high,number theory,3,4,3,3,1,581,no_quant
00000001692,0.85,high,number theory,3,2,3,2,4,515,no_quant
00000001693,0.85,high,number theory,3,2,3,1,2,488,no_quant
00000001694,0.85,high,analysis / PDE / dynamics,3,2,3,2,2,442,no_quant
00000001695,0.85,high,number theory,3,2,3,2,3,359,no_quant
00000001696,0.85,high,number theory,3,4,2,3,4,388,no_quant
00000001697,0.85,high,analysis / PDE / dynamics,5,3,2,2,3,502,
00000001698,0.85,high,number theory,4,5,3,5,5,547,
00000001699,0.85,high,analysis / PDE / dynamics,3,3,3,3,2,506,no_quant
00000001700,0.85,high,analysis / PDE / dynamics,3,4,2,3,2,458,no_quant
00000001703,0.85,high,analysis / PDE / dynamics,3,4,2,3,4,477,no_quant
00000001705,0.85,high,analysis / PDE / dynamics,5,4,3,3,4,436,
00000001706,0.85,high,number theory,5,2,3,2,4,531,
00000001707,0.85,high,analysis / PDE / dynamics,3,2,3,2,3,492,no_quant
00000001713,0.85,high,analysis / PDE / dynamics,3,3,3,3,4,445,no_quant
00000001714,0.85,high,analysis / PDE / dynamics,3,3,3,3,3,495,no_quant
00000001715,0.85,high,probability,3,3,3,2,4,539,no_quant
00000001716,0.85,high,analysis / PDE / dynamics,3,2,3,2,3,465,no_quant
00000001719,0.85,high,combinatorics / discrete,4,3,3,2,4,572,
00000001720,0.85,high,analysis / PDE / dynamics,4,3,3,2,4,486,
00000001721,0.85,high,analysis / PDE / dynamics,4,3,3,3,4,520,
00000001722,0.85,high,algebraic geometry,3,3,3,2,2,414,no_quant
00000001724,0.85,high,number theory,4,4,3,3,4,604,
00000001725,0.85,high,number theory,3,2,3,2,3,462,no_quant
00000001727,0.85,high,algebraic geometry,3,2,3,2,5,479,no_quant
00000001729,0.85,high,algebraic geometry,3,2,3,2,3,534,no_quant
00000001731,0.85,high,algebraic geometry,3,3,3,3,3,385,no_quant
00000001733,0.85,high,algebraic geometry,4,3,3,3,4,502,
00000001734,0.85,high,topology / geometry,3,2,3,2,2,385,no_quant
00000001738,0.85,high,number theory,3,3,3,2,1,394,no_quant
00000001741,0.85,high,number theory,4,3,3,2,2,435,
00000001742,0.85,high,number theory,3,3,3,3,3,470,no_quant
00000001745,0.85,high,number theory,3,2,3,2,3,353,no_quant
00000001747,0.85,high,probability,3,3,3,2,3,386,no_quant
00000001750,0.85,high,algebraic geometry,3,2,3,2,4,468,no_quant
00000001751,0.85,high,number theory,4,4,3,3,2,540,
00000001752,0.85,high,combinatorics / discrete,3,2,3,2,3,484,no_quant
00000001754,0.85,high,number theory,4,2,3,2,3,480,
00000001755,0.85,high,number theory,4,4,3,2,1,542,
00000001756,0.85,high,number theory,3,2,3,2,3,509,no_quant
00000001757,0.85,high,number theory,4,3,3,1,1,414,
00000001759,0.85,high,number theory,3,2,3,2,2,523,no_quant
00000001760,0.85,high,algebra / representation theory,3,2,3,2,2,468,no_quant
00000001761,0.85,high,algebra / representation theory,5,3,3,2,2,432,
00000001762,0.85,high,algebra / representation theory,3,3,3,3,2,533,no_quant
00000001763,0.85,high,algebra / representation theory,3,5,2,5,4,503,grand|no_quant
00000001765,0.85,high,algebra / representation theory,3,4,3,4,3,499,no_quant
00000001766,0.85,high,algebra / representation theory,4,3,2,2,4,533,
00000001767,0.85,high,algebraic geometry,5,4,3,3,2,608,
00000001768,0.85,high,algebra / representation theory,3,2,3,2,3,471,no_quant
00000001769,0.85,high,number theory,3,4,3,4,3,513,no_quant
00000001770,0.85,high,algebra / representation theory,5,3,3,2,2,501,
00000001771,0.85,high,number theory,3,4,2,3,3,609,no_quant
00000001772,0.85,high,number theory,3,3,3,3,4,462,no_quant
00000001773,0.85,high,algebra / representation theory,5,3,3,2,3,458,
00000001775,0.85,high,number theory,5,3,3,2,3,417,
00000001776,0.85,high,algebraic geometry,3,2,3,2,3,431,no_quant
00000001777,0.85,high,number theory,3,4,3,4,4,523,no_quant
00000001778,0.85,high,number theory,5,5,2,5,3,469,grand
00000001779,0.85,high,algebra / representation theory,3,5,2,5,4,451,grand|no_quant
00000001780,0.85,high,probability,3,2,3,2,3,405,no_quant
00000001781,0.85,high,analysis / PDE / dynamics,3,2,3,2,2,530,no_quant
00000001782,0.85,high,analysis / PDE / dynamics,3,3,3,3,3,420,no_quant
00000001783,0.85,high,topology / geometry,3,2,3,2,3,485,no_quant
00000001789,0.85,high,number theory,3,2,3,2,3,444,no_quant
00000001790,0.85,high,algebra / representation theory,3,3,3,2,5,472,no_quant
00000001791,0.85,high,number theory,3,2,3,2,3,468,no_quant
00000001792,0.85,high,topology / geometry,5,3,2,2,4,512,
00000001794,0.85,high,number theory,3,3,3,2,2,480,no_quant
00000001797,0.85,high,number theory,3,4,3,3,2,587,
00000001798,0.85,high,number theory,3,3,2,2,2,473,no_quant
00000001799,0.85,high,topology / geometry,3,3,3,3,3,434,no_quant
00000001801,0.85,high,number theory,3,2,3,2,4,391,no_quant
00000001804,0.85,high,number theory,3,3,3,3,4,512,no_quant
00000001806,0.85,high,algebraic geometry,5,3,3,2,2,547,
00000001807,0.85,high,topology / geometry,3,2,3,2,3,414,no_quant
00000001808,0.85,high,algebra / representation theory,3,3,2,2,4,493,no_quant
00000001809,0.85,high,topology / geometry,3,3,3,2,2,431,no_quant
00000001810,0.85,high,number theory,3,3,3,3,4,432,no_quant
00000001811,0.85,high,algebraic geometry,3,2,3,2,4,543,no_quant
00000001813,0.85,high,algebra / representation theory,3,3,2,2,3,488,no_quant
00000001815,0.85,high,algebraic geometry,4,3,3,2,3,492,
00000001816,0.85,high,algebra / representation theory,5,3,3,1,1,415,
00000001817,0.85,high,algebraic geometry,3,2,3,2,3,421,no_quant
00000001819,0.85,high,number theory,3,3,3,3,2,556,no_quant
00000001820,0.85,high,number theory,3,2,3,2,4,462,no_quant
00000001822,0.85,high,number theory,4,3,3,3,2,524,
00000001823,0.85,high,algebraic geometry,3,3,3,2,2,524,no_quant
00000001824,0.85,high,number theory,3,2,3,2,3,455,no_quant
00000001825,0.85,high,algebraic geometry,5,3,3,2,2,433,
00000001826,0.85,high,algebraic geometry,3,2,3,2,2,486,no_quant
00000001827,0.85,high,algebraic geometry,3,2,3,2,3,513,no_quant
00000001829,0.85,high,algebraic geometry,3,3,3,3,3,473,no_quant
00000001831,0.85,high,algebraic geometry,5,3,3,2,4,480,
00000001832,0.85,high,algebraic geometry,5,3,3,2,4,421,
00000001833,0.85,high,number theory,3,2,3,2,4,501,no_quant
00000001834,0.85,high,algebraic geometry,3,2,3,2,3,464,no_quant
00000001835,0.85,high,number theory,3,2,3,2,4,469,no_quant
00000001836,0.85,high,number theory,3,2,3,2,4,466,no_quant
00000001837,0.85,high,algebraic geometry,3,3,3,3,4,438,no_quant
00000001839,0.85,high,algebra / representation theory,3,2,3,2,4,486,no_quant
00000001840,0.85,high,algebraic geometry,3,4,3,4,4,509,no_quant
00000001841,0.85,high,analysis / PDE / dynamics,3,3,3,2,3,431,no_quant
00000001842,0.85,high,analysis / PDE / dynamics,3,3,3,3,3,524,no_quant
00000001844,0.85,high,analysis / PDE / dynamics,3,3,3,3,4,526,no_quant
00000001845,0.85,high,analysis / PDE / dynamics,3,2,3,2,4,478,no_quant
00000001846,0.85,high,analysis / PDE / dynamics,3,3,3,3,4,437,no_quant
00000001847,0.85,high,analysis / PDE / dynamics,3,4,2,3,3,418,no_quant
00000001849,0.85,high,number theory,4,3,3,2,2,558,
00000001851,0.85,high,number theory,3,2,3,2,2,466,no_quant
00000001853,0.85,high,probability,3,3,3,3,4,454,no_quant
00000001854,0.85,high,number theory,3,2,3,2,3,321,no_quant
00000001856,0.85,high,analysis / PDE / dynamics,3,2,3,2,5,393,no_quant
00000001858,0.85,high,combinatorics / discrete,3,3,3,3,3,417,no_quant
00000001860,0.85,high,algebra / representation theory,3,2,3,2,3,371,no_quant
00000001861,0.85,high,number theory,3,2,3,2,3,453,no_quant
00000001863,0.85,high,number theory,3,2,3,2,3,482,no_quant
00000001867,0.85,high,number theory,3,3,3,3,3,373,no_quant
00000001869,0.85,high,number theory,3,4,3,4,2,343,no_quant
00000001874,0.85,high,probability,5,2,3,2,3,511,
00000001877,0.85,high,analysis / PDE / dynamics,5,2,3,2,3,462,
00000001879,0.85,high,number theory,5,3,3,2,4,367,
00000001881,0.85,high,number theory,3,2,3,2,4,584,no_quant
00000001882,0.85,high,analysis / PDE / dynamics,3,2,3,2,4,335,no_quant
00000001884,0.85,high,algebra / representation theory,3,3,2,2,4,493,no_quant
00000001885,0.85,high,algebra / representation theory,5,3,3,1,1,574,
00000001886,0.85,high,number theory,5,3,3,3,2,376,
00000001888,0.85,high,number theory,5,3,3,2,4,493,
00000001889,0.85,high,number theory,3,2,3,2,4,579,no_quant
00000001892,0.85,high,number theory,3,2,3,2,4,493,no_quant
00000001895,0.85,high,analysis / PDE / dynamics,4,3,3,2,4,458,
00000001898,0.85,high,algebra / representation theory,5,3,3,2,3,479,
00000001900,0.85,high,algebra / representation theory,3,2,3,2,4,587,no_quant
00000001901,0.85,high,topology / geometry,3,3,3,2,2,356,no_quant
00000001903,0.85,high,probability,3,4,3,2,3,365,no_quant
00000001906,0.85,high,analysis / PDE / dynamics,4,4,3,3,5,353,
00000001908,0.85,high,analysis / PDE / dynamics,4,3,3,2,2,344,
00000001911,0.85,high,analysis / PDE / dynamics,3,2,3,1,2,355,no_quant
00000001912,0.85,high,analysis / PDE / dynamics,2,2,3,2,3,326,no_quant
00000001916,0.85,high,number theory,3,2,3,2,2,350,no_quant
00000001918,0.85,high,analysis / PDE / dynamics,5,3,3,2,3,439,
00000001920,0.85,high,number theory,3,3,3,3,5,428,no_quant
00000001921,0.85,high,number theory,3,3,3,2,4,449,no_quant
00000001924,0.85,high,number theory,3,3,3,3,3,310,no_quant
00000001926,0.85,high,topology / geometry,3,2,3,2,5,334,no_quant
00000001928,0.85,high,combinatorics / discrete,3,2,3,2,4,432,no_quant
00000001929,0.85,high,number theory,3,2,3,2,4,494,no_quant
00000001931,0.85,high,number theory,4,3,3,3,5,481,
00000001932,0.85,high,number theory,3,2,3,2,3,463,no_quant
00000001933,0.85,high,algebra / representation theory,5,3,3,2,2,473,
00000001934,0.85,high,algebra / representation theory,5,3,3,2,2,466,
00000001936,0.85,high,number theory,3,4,3,4,3,511,no_quant
00000001937,0.85,high,number theory,3,2,3,2,4,421,no_quant
00000001939,0.85,high,algebra / representation theory,5,5,3,5,5,454,
00000001940,0.85,high,topology / geometry,3,3,3,3,4,427,no_quant
00000001942,0.85,high,analysis / PDE / dynamics,3,3,3,2,3,439,no_quant
00000001945,0.85,high,number theory,3,4,2,3,5,463,no_quant
00000001946,0.85,high,number theory,3,2,3,2,3,441,no_quant
00000001947,0.85,high,number theory,3,2,3,2,5,456,no_quant
00000001949,0.85,high,analysis / PDE / dynamics,3,3,3,3,5,370,no_quant
00000001951,0.85,high,number theory,5,3,3,2,2,444,
00000001953,0.85,high,number theory,3,2,3,2,3,346,no_quant
00000001954,0.85,high,number theory,3,2,3,2,5,473,no_quant
00000001956,0.85,high,analysis / PDE / dynamics,4,4,3,3,4,465,
00000001959,0.85,high,number theory,3,3,3,3,4,455,no_quant
00000001962,0.85,high,probability,3,2,3,2,2,434,no_quant
00000001965,0.85,high,topology / geometry,3,2,3,2,4,543,no_quant
00000001967,0.85,high,number theory,3,3,3,3,4,496,no_quant
00000001968,0.85,high,analysis / PDE / dynamics,5,3,3,3,3,479,
00000001970,0.85,high,algebra / representation theory,4,3,3,3,5,484,
00000001971,0.85,high,analysis / PDE / dynamics,5,3,3,2,3,450,
00000001972,0.85,high,analysis / PDE / dynamics,5,3,3,3,4,525,
00000001974,0.85,high,combinatorics / discrete,5,3,3,2,4,482,
00000001976,0.85,high,algebraic geometry,3,2,3,2,3,410,no_quant
00000001977,0.85,high,algebraic geometry,3,2,3,2,2,416,no_quant
00000001979,0.85,high,number theory,3,2,3,2,3,434,no_quant
00000001981,0.85,high,number theory,4,3,3,3,4,423,
00000001982,0.85,high,number theory,3,3,3,3,4,574,no_quant
00000001983,0.85,high,probability,3,2,3,2,4,427,no_quant
00000001984,0.85,high,number theory,3,4,3,4,4,477,no_quant
00000001985,0.85,high,probability,3,2,3,2,3,494,no_quant
00000001986,0.85,high,number theory,3,3,3,3,3,462,no_quant
00000001987,0.85,high,algebra / representation theory,3,2,3,2,4,433,no_quant
00000001988,0.85,high,analysis / PDE / dynamics,3,2,3,2,4,486,no_quant
00000001991,0.85,high,analysis / PDE / dynamics,3,5,2,5,3,477,grand|no_quant
00000001993,0.85,high,number theory,3,2,3,2,4,499,no_quant
00000001994,0.85,high,number theory,3,3,3,3,3,463,no_quant
00000001995,0.85,high,topology / geometry,2,2,3,2,3,477,no_quant
00000001996,0.85,high,analysis / PDE / dynamics,2,2,3,2,3,425,no_quant
00000002000,0.85,high,algebra / representation theory,3,2,3,2,3,392,no_quant
00000002001,0.85,high,combinatorics / discrete,3,2,3,2,3,445,no_quant
00000002002,0.85,high,topology / geometry,3,3,3,2,3,423,no_quant
00000002005,0.85,high,analysis / PDE / dynamics,3,2,3,2,2,338,no_quant
00000002008,0.85,high,number theory,3,2,3,2,4,494,no_quant
00000002011,0.85,high,combinatorics / discrete,3,2,3,2,4,469,no_quant
00000002013,0.85,high,number theory,3,2,3,2,4,491,no_quant
00000002014,0.85,high,analysis / PDE / dynamics,4,3,3,2,3,417,
00000002015,0.85,high,analysis / PDE / dynamics,3,2,3,2,3,398,no_quant
00000002017,0.85,high,topology / geometry,3,2,3,2,5,496,no_quant
00000002022,0.85,high,number theory,3,4,3,3,3,281,
00000002023,0.85,high,number theory,4,3,3,2,2,383,
00000002024,0.85,high,number theory,5,3,3,2,2,442,
00000002025,0.85,high,number theory,4,3,3,2,2,490,
00000002027,0.85,high,algebra / representation theory,4,4,3,3,5,409,
00000002028,0.85,high,number theory,5,5,2,4,2,434,grand
00000002029,0.85,high,number theory,3,3,3,2,3,400,no_quant
00000002030,0.85,high,number theory,3,2,3,2,2,380,no_quant
00000002031,0.85,high,number theory,3,2,3,2,4,439,no_quant
00000002032,0.85,high,number theory,2,3,3,2,4,413,no_quant
00000002034,0.85,high,number theory,5,4,3,3,4,370,
00000002037,0.85,high,number theory,4,3,3,2,2,378,
00000002039,0.85,high,analysis / PDE / dynamics,3,2,3,2,3,441,no_quant
00000002040,0.85,high,combinatorics / discrete,5,2,3,2,3,387,
00000002042,0.85,high,number theory,4,3,3,3,4,414,
00000002043,0.85,high,number theory,3,2,3,1,2,435,no_quant
00000002045,0.85,high,number theory,5,3,3,3,4,422,
00000002049,0.85,high,number theory,4,3,3,3,5,452,
00000002050,0.85,high,number theory,3,2,3,2,3,494,no_quant
00000002051,0.85,high,algebraic geometry,3,3,3,2,2,464,no_quant
00000002052,0.85,high,number theory,3,2,3,2,3,431,no_quant
00000002053,0.85,high,number theory,5,3,3,2,3,504,
00000002054,0.85,high,number theory,3,2,3,1,1,417,no_quant
00000002055,0.85,high,number theory,3,2,3,2,4,485,no_quant
00000002056,0.85,high,number theory,3,2,3,1,1,446,no_quant
00000002057,0.85,high,algebraic geometry,3,2,3,2,2,390,no_quant
00000002058,0.85,high,number theory,5,3,3,1,1,461,
00000002060,0.85,high,number theory,5,3,3,2,3,447,
00000002061,0.85,high,algebra / representation theory,3,2,3,2,3,421,no_quant
00000002063,0.85,high,algebra / representation theory,5,2,3,2,3,437,
00000002064,0.85,high,number theory,3,2,3,2,4,482,no_quant
00000002067,0.85,high,algebra / representation theory,4,3,3,2,4,425,
00000002068,0.85,high,algebraic geometry,3,2,3,2,3,431,no_quant
00000002069,0.85,high,combinatorics / discrete,3,2,3,2,3,438,no_quant
00000002070,0.85,high,topology / geometry,3,2,3,2,3,590,no_quant
00000002071,0.85,high,number theory,3,2,3,2,4,452,no_quant
00000002072,0.85,high,number theory,5,3,3,2,2,473,
00000002073,0.85,high,topology / geometry,3,2,3,2,2,474,no_quant
00000002074,0.85,high,algebraic geometry,4,3,2,2,2,433,
00000002075,0.85,high,number theory,3,2,3,2,3,401,no_quant
00000002077,0.85,high,algebraic geometry,3,3,3,3,3,461,no_quant
00000002079,0.85,high,algebraic geometry,3,3,2,2,4,414,no_quant
00000002080,0.85,high,number theory,4,2,3,2,3,466,
00000002081,0.85,high,algebraic geometry,3,4,2,3,3,409,no_quant
00000002082,0.85,high,topology / geometry,3,2,3,2,3,446,no_quant
00000002087,0.85,high,topology / geometry,3,2,3,2,4,501,no_quant
00000002088,0.85,high,number theory,3,2,3,2,4,433,no_quant
00000002091,0.85,high,algebraic geometry,3,2,3,2,4,331,no_quant
00000002093,0.85,high,topology / geometry,3,2,3,2,3,398,no_quant
00000002094,0.85,high,topology / geometry,5,2,3,2,3,447,
00000002095,0.85,high,algebraic geometry,3,3,3,2,3,394,no_quant
00000002096,0.85,high,algebraic geometry,3,2,3,2,4,393,no_quant
00000002097,0.85,high,topology / geometry,3,2,3,2,3,477,no_quant
00000002099,0.85,high,number theory,3,3,3,3,2,499,no_quant
00000002100,0.85,high,algebra / representation theory,3,2,3,1,2,438,no_quant
00000002101,0.85,high,number theory,3,4,2,3,3,499,no_quant
00000002102,0.85,high,algebra / representation theory,3,4,2,3,4,466,no_quant
00000002103,0.85,high,topology / geometry,3,3,3,3,3,456,no_quant
00000002104,0.85,high,number theory,3,3,3,3,3,356,no_quant
00000002105,0.85,high,algebraic geometry,3,2,3,2,3,437,no_quant
00000002107,0.85,high,combinatorics / discrete,3,3,3,2,4,455,no_quant
00000002108,0.85,high,algebraic geometry,3,4,2,3,4,511,no_quant
00000002110,0.85,high,topology / geometry,3,4,2,3,3,491,no_quant
00000002111,0.85,high,probability,3,2,3,2,5,415,no_quant
00000002112,0.85,high,combinatorics / discrete,3,2,3,2,3,360,no_quant
00000002113,0.85,high,probability,3,2,3,2,4,378,no_quant
00000002114,0.85,high,number theory,3,2,3,2,4,389,no_quant
00000002115,0.85,high,probability,3,2,3,2,3,387,no_quant
00000002117,0.85,high,probability,3,2,3,2,4,407,no_quant
00000002121,0.85,high,analysis / PDE / dynamics,3,2,3,2,5,415,no_quant
00000002124,0.85,high,probability,3,2,3,2,4,411,no_quant
00000002126,0.85,high,analysis / PDE / dynamics,3,2,3,2,4,412,no_quant
00000002128,0.85,high,number theory,2,3,3,3,4,489,no_quant
00000002129,0.85,high,analysis / PDE / dynamics,3,2,3,2,4,368,no_quant
00000002132,0.85,high,number theory,3,2,3,2,3,317,no_quant
00000002133,0.85,high,logic / complexity,3,2,3,2,4,398,no_quant
00000002134,0.85,high,number theory,3,3,3,3,4,358,no_quant
00000002135,0.85,high,number theory,3,2,3,2,5,358,no_quant
00000002137,0.85,high,number theory,3,2,3,2,4,454,no_quant
00000002138,0.85,high,probability,3,2,3,2,4,418,no_quant
00000002139,0.85,high,analysis / PDE / dynamics,3,2,3,2,4,333,no_quant
00000002141,0.85,high,combinatorics / discrete,3,2,3,1,2,382,no_quant
00000002143,0.85,high,combinatorics / discrete,3,2,3,1,1,313,no_quant
00000002144,0.85,high,combinatorics / discrete,3,3,3,3,3,365,no_quant
00000002145,0.85,high,number theory,3,2,3,2,5,383,no_quant
00000002146,0.85,high,combinatorics / discrete,5,2,3,2,3,407,
00000002147,0.85,high,algebraic geometry,3,2,3,1,3,358,no_quant
00000002149,0.85,high,combinatorics / discrete,3,3,2,2,3,365,no_quant
00000002150,0.85,high,topology / geometry,5,4,3,3,4,424,
00000002151,0.85,high,number theory,5,5,2,4,2,512,
00000002152,0.85,high,analysis / PDE / dynamics,3,3,3,3,5,333,no_quant
00000002153,0.85,high,topology / geometry,3,4,3,4,3,490,no_quant
00000002154,0.85,high,number theory,3,2,3,2,3,444,no_quant
00000002155,0.85,high,number theory,3,2,3,2,4,396,no_quant
00000002156,0.85,high,combinatorics / discrete,4,3,3,3,4,397,
00000002157,0.85,high,combinatorics / discrete,3,3,2,2,4,412,no_quant
00000002158,0.85,high,combinatorics / discrete,3,2,3,2,3,422,no_quant
00000002159,0.85,high,combinatorics / discrete,3,2,3,2,4,387,no_quant
00000002160,0.85,high,combinatorics / discrete,3,2,3,2,3,364,no_quant
00000002161,0.85,high,number theory,3,2,3,2,2,415,no_quant
00000002162,0.85,high,algebra / representation theory,3,3,3,3,4,468,no_quant
00000002163,0.85,high,topology / geometry,3,2,3,2,4,427,no_quant
00000002164,0.85,high,combinatorics / discrete,3,2,3,2,4,302,no_quant
00000002165,0.85,high,analysis / PDE / dynamics,3,4,3,3,4,470,no_quant
00000002166,0.85,high,analysis / PDE / dynamics,3,2,3,2,5,388,no_quant
00000002167,0.85,high,combinatorics / discrete,5,3,3,2,2,385,
00000002168,0.85,high,analysis / PDE / dynamics,3,3,3,3,4,480,no_quant
00000002169,0.85,high,combinatorics / discrete,3,2,3,2,4,461,no_quant
00000002170,0.85,high,analysis / PDE / dynamics,3,3,3,3,4,414,no_quant
00000002171,0.85,high,algebra / representation theory,5,2,3,2,3,440,
00000002172,0.85,high,combinatorics / discrete,3,2,3,2,4,313,no_quant
00000002173,0.85,high,combinatorics / discrete,3,3,3,3,4,422,no_quant
00000002175,0.85,high,combinatorics / discrete,5,3,3,1,2,405,
00000002176,0.85,high,algebra / representation theory,5,3,3,2,4,438,
00000002178,0.85,high,combinatorics / discrete,3,3,3,2,3,432,no_quant
00000002181,0.85,high,analysis / PDE / dynamics,3,2,3,2,3,437,no_quant
00000002183,0.85,high,number theory,3,3,3,2,4,400,no_quant
00000002185,0.85,high,combinatorics / discrete,3,2,3,2,4,369,no_quant
00000002187,0.85,high,combinatorics / discrete,3,2,3,2,4,402,no_quant
00000002190,0.85,high,combinatorics / discrete,3,2,3,2,2,410,no_quant
00000002191,0.85,high,combinatorics / discrete,4,3,3,2,2,474,
00000002192,0.85,high,combinatorics / discrete,3,2,3,2,3,382,no_quant
00000002193,0.85,high,combinatorics / discrete,3,2,3,2,5,403,no_quant
00000002194,0.85,high,combinatorics / discrete,3,2,3,2,2,423,no_quant
00000002195,0.85,high,number theory,3,2,3,2,4,424,no_quant
00000002198,0.85,high,combinatorics / discrete,3,2,3,2,3,417,no_quant
00000002201,0.85,high,algebra / representation theory,3,2,3,2,3,383,no_quant
00000002203,0.85,high,algebra / representation theory,3,2,3,2,2,385,no_quant
00000002205,0.85,high,number theory,5,3,3,2,3,451,
00000002206,0.85,high,number theory,3,2,3,2,4,353,no_quant
00000002209,0.85,high,number theory,3,2,3,2,3,324,no_quant
00000002211,0.85,high,number theory,3,2,3,2,4,353,no_quant
00000002212,0.85,high,algebra / representation theory,3,2,3,2,4,368,no_quant
00000002213,0.85,high,algebra / representation theory,3,2,3,2,4,384,no_quant
00000002217,0.85,high,number theory,3,3,3,3,4,439,no_quant
00000002219,0.85,high,algebra / representation theory,3,2,3,2,4,405,no_quant
00000002223,0.85,high,number theory,3,2,3,1,1,416,no_quant
00000002224,0.85,high,number theory,3,3,3,3,4,342,no_quant
00000002226,0.85,high,number theory,3,2,3,2,3,326,no_quant
00000002228,0.85,high,algebra / representation theory,3,2,3,2,4,403,no_quant
00000002232,0.85,high,number theory,3,3,2,2,2,425,no_quant
00000002234,0.85,high,number theory,3,2,3,2,4,364,no_quant
00000002235,0.85,high,number theory,3,3,3,2,2,490,no_quant
00000002237,0.85,high,number theory,3,2,3,2,4,423,no_quant
00000002239,0.85,high,number theory,3,3,3,3,5,348,no_quant
00000002242,0.85,high,analysis / PDE / dynamics,3,2,3,2,3,336,no_quant
00000002244,0.85,high,algebra / representation theory,3,3,3,2,3,360,no_quant
00000002248,0.85,high,analysis / PDE / dynamics,3,2,3,2,3,356,no_quant
00000002251,0.85,high,number theory,3,2,3,1,2,396,no_quant
00000002253,0.85,high,number theory,4,2,3,2,4,320,
00000002254,0.85,high,algebra / representation theory,3,3,3,2,4,398,no_quant
00000002255,0.85,high,number theory,3,3,3,2,5,361,no_quant
00000002259,0.85,high,number theory,3,3,3,3,4,360,no_quant
00000002264,0.85,high,analysis / PDE / dynamics,3,2,3,2,4,367,no_quant
00000002268,0.85,high,analysis / PDE / dynamics,3,3,3,3,4,343,no_quant
00000002269,0.85,high,analysis / PDE / dynamics,3,2,3,2,3,319,no_quant
00000002271,0.85,high,probability,3,2,3,2,2,351,no_quant
00000002275,0.85,high,number theory,3,3,3,3,4,419,no_quant
00000002277,0.85,high,analysis / PDE / dynamics,3,3,3,2,4,303,no_quant
00000002281,0.85,high,probability,3,2,3,2,4,403,no_quant
00000002285,0.85,high,probability,3,3,3,3,4,496,no_quant
00000002287,0.85,high,analysis / PDE / dynamics,3,3,3,3,3,478,no_quant
00000002291,0.85,high,algebraic geometry,3,4,3,3,3,462,no_quant
00000002292,0.85,high,algebra / representation theory,5,4,3,3,2,486,
00000002293,0.85,high,combinatorics / discrete,5,3,3,2,3,456,
00000002295,0.85,high,algebra / representation theory,5,3,3,1,1,432,
00000002296,0.85,high,algebra / representation theory,3,2,3,1,1,442,no_quant
00000002297,0.85,high,number theory,3,2,3,2,2,466,no_quant
00000002299,0.85,high,algebra / representation theory,5,3,3,2,3,556,
00000002304,0.85,high,analysis / PDE / dynamics,3,3,3,2,3,597,no_quant
00000002306,0.85,high,probability,3,2,3,2,3,446,no_quant
00000002307,0.85,high,combinatorics / discrete,3,3,2,2,2,426,no_quant
00000002309,0.85,high,combinatorics / discrete,4,3,3,2,3,558,
00000002312,0.85,high,algebra / representation theory,3,2,3,2,3,441,no_quant
00000002313,0.85,high,algebra / representation theory,3,2,3,2,4,553,no_quant
00000002314,0.85,high,logic / complexity,3,2,3,2,3,444,no_quant
00000002317,0.85,high,number theory,3,4,2,3,4,464,no_quant
00000002319,0.85,high,number theory,4,4,3,4,3,440,
00000002321,0.85,high,number theory,3,2,3,2,3,539,no_quant
00000002322,0.85,high,analysis / PDE / dynamics,3,2,3,2,3,484,no_quant
00000002323,0.85,high,number theory,4,2,3,2,3,577,
00000002324,0.85,high,probability,3,2,3,2,3,363,no_quant
00000002325,0.85,high,probability,3,2,3,2,3,357,no_quant
00000002327,0.85,high,probability,3,2,3,2,3,467,no_quant
00000002328,0.85,high,number theory,3,2,3,2,5,463,no_quant
00000002331,0.85,high,probability,3,3,2,2,3,425,no_quant
00000002332,0.85,high,probability,3,2,3,2,5,422,no_quant
00000002333,0.85,high,probability,3,2,3,2,4,326,no_quant
00000002334,0.85,high,number theory,3,2,3,2,3,461,no_quant
00000002335,0.85,high,analysis / PDE / dynamics,3,2,3,2,3,389,no_quant
00000002337,0.85,high,analysis / PDE / dynamics,3,2,3,2,3,403,no_quant
00000002339,0.85,high,algebraic geometry,3,2,3,2,2,352,no_quant
00000002341,0.85,high,analysis / PDE / dynamics,3,2,3,2,2,405,no_quant
00000002344,0.85,high,number theory,3,2,3,2,2,434,no_quant
00000002345,0.85,high,analysis / PDE / dynamics,3,2,3,2,5,363,no_quant
00000002349,0.85,high,topology / geometry,3,2,3,2,3,419,no_quant
00000002351,0.85,high,number theory,3,2,3,2,4,434,no_quant
00000002352,0.85,high,topology / geometry,3,2,3,2,4,448,no_quant
00000002353,0.85,high,algebra / representation theory,3,3,3,2,2,450,no_quant
00000002354,0.85,high,analysis / PDE / dynamics,3,2,3,2,4,490,no_quant
00000002355,0.85,high,analysis / PDE / dynamics,3,3,2,2,4,473,no_quant
00000002356,0.85,high,number theory,3,2,3,2,4,429,no_quant
00000002357,0.85,high,number theory,4,2,3,2,2,444,
00000002361,0.85,high,analysis / PDE / dynamics,4,3,3,2,3,421,
00000002362,0.85,high,analysis / PDE / dynamics,3,2,3,2,5,404,no_quant
00000002363,0.85,high,analysis / PDE / dynamics,3,3,3,3,4,392,no_quant
00000002364,0.85,high,analysis / PDE / dynamics,3,2,3,2,4,422,no_quant
00000002368,0.85,high,algebra / representation theory,3,2,3,2,4,376,no_quant
00000002369,0.85,high,number theory,3,2,3,2,4,403,no_quant
00000002370,0.85,high,analysis / PDE / dynamics,5,2,3,2,4,404,
00000002372,0.85,high,analysis / PDE / dynamics,5,2,3,2,3,421,
00000002373,0.85,high,analysis / PDE / dynamics,3,2,3,2,3,414,no_quant
00000002374,0.85,high,analysis / PDE / dynamics,3,2,3,2,4,377,no_quant
00000002375,0.85,high,analysis / PDE / dynamics,3,2,3,2,4,442,no_quant
00000002376,0.85,high,analysis / PDE / dynamics,5,4,2,2,2,397,
00000002377,0.85,high,number theory,3,2,3,2,4,375,no_quant
00000002379,0.85,high,analysis / PDE / dynamics,3,2,3,2,3,430,no_quant
00000002381,0.85,high,analysis / PDE / dynamics,3,2,3,2,4,423,no_quant
00000002383,0.85,high,analysis / PDE / dynamics,3,2,3,2,4,443,no_quant
00000002384,0.85,high,analysis / PDE / dynamics,3,3,3,2,4,484,no_quant
00000002387,0.85,high,topology / geometry,3,2,3,2,4,414,no_quant
00000002391,0.85,high,analysis / PDE / dynamics,3,2,3,2,3,375,no_quant
00000002392,0.85,high,analysis / PDE / dynamics,3,4,3,3,4,422,no_quant
00000002393,0.85,high,analysis / PDE / dynamics,3,2,3,2,3,383,no_quant
00000002394,0.85,high,analysis / PDE / dynamics,3,3,3,3,4,430,no_quant
00000002395,0.85,high,analysis / PDE / dynamics,3,3,3,2,3,446,no_quant
00000002399,0.85,high,analysis / PDE / dynamics,2,2,3,2,4,426,no_quant
00000002401,0.85,high,number theory,5,4,3,3,4,375,
00000002405,0.85,high,combinatorics / discrete,3,2,3,2,4,373,no_quant
00000002406,0.85,high,combinatorics / discrete,3,2,3,2,4,453,no_quant
00000002407,0.85,high,number theory,3,2,3,2,4,354,no_quant
00000002408,0.85,high,number theory,3,2,3,2,4,370,no_quant
00000002409,0.85,high,analysis / PDE / dynamics,3,2,3,2,4,392,no_quant
00000002411,0.85,high,number theory,3,2,3,2,4,442,no_quant
00000002412,0.85,high,algebraic geometry,3,3,3,3,4,394,no_quant
00000002413,0.85,high,number theory,3,3,3,2,4,410,no_quant
00000002417,0.85,high,algebraic geometry,3,3,3,3,4,438,no_quant
00000002418,0.85,high,number theory,3,2,3,2,3,437,no_quant
00000002419,0.85,high,number theory,3,2,3,2,4,320,no_quant
00000002421,0.85,high,number theory,3,2,3,2,4,398,no_quant
00000002422,0.85,high,number theory,3,2,3,2,4,434,no_quant
00000002423,0.85,high,number theory,3,2,3,1,1,410,no_quant
00000002424,0.85,high,number theory,3,2,3,2,3,365,no_quant
00000002425,0.85,high,number theory,3,2,3,2,4,416,no_quant
00000002426,0.85,high,number theory,3,2,3,2,3,365,no_quant
00000002427,0.85,high,number theory,3,2,3,2,5,360,no_quant
00000002428,0.85,high,number theory,3,2,3,2,5,356,no_quant
00000002429,0.85,high,algebra / representation theory,3,2,3,2,4,410,no_quant
00000002431,0.85,high,number theory,3,3,3,3,4,421,no_quant
00000002433,0.85,high,algebra / representation theory,3,2,3,2,4,360,no_quant
00000002436,0.85,high,algebra / representation theory,3,2,3,2,3,403,no_quant
00000002437,0.85,high,algebra / representation theory,3,2,3,2,4,386,no_quant
00000002438,0.85,high,topology / geometry,3,2,3,2,4,384,no_quant
00000002439,0.85,high,algebraic geometry,3,4,2,3,4,371,no_quant
00000002441,0.85,high,algebra / representation theory,3,2,3,2,4,451,no_quant
00000002443,0.85,high,algebra / representation theory,5,3,3,3,4,452,
00000002444,0.85,high,algebraic geometry,3,2,3,2,3,462,no_quant
00000002447,0.85,high,algebra / representation theory,3,2,3,2,4,397,no_quant
00000002448,0.85,high,algebra / representation theory,3,3,2,2,4,503,no_quant
00000002454,0.85,high,algebra / representation theory,3,3,3,2,4,363,no_quant
00000002455,0.85,high,logic / complexity,3,3,2,2,3,394,no_quant
00000002457,0.85,high,combinatorics / discrete,3,2,3,2,4,369,no_quant
00000002458,0.85,high,algebra / representation theory,3,3,3,2,3,409,no_quant
00000002460,0.85,high,probability,3,3,2,2,4,351,no_quant
00000002461,0.85,high,number theory,3,2,3,2,4,468,no_quant
00000002463,0.85,high,number theory,3,2,3,2,3,422,no_quant
00000002465,0.85,high,analysis / PDE / dynamics,3,3,2,2,4,417,no_quant
00000002467,0.85,high,logic / complexity,3,2,3,2,4,406,no_quant
00000002468,0.85,high,algebra / representation theory,3,3,2,2,4,370,no_quant
00000002469,0.85,high,number theory,3,3,3,3,4,384,no_quant
00000002470,0.85,high,algebra / representation theory,5,3,3,2,4,413,
00000002471,0.85,high,number theory,5,4,3,3,4,577,
00000002472,0.85,high,number theory,5,4,3,4,4,490,
00000002473,0.85,high,number theory,3,4,2,4,3,480,no_quant
00000002474,0.85,high,number theory,3,2,3,2,5,524,no_quant
00000002475,0.85,high,number theory,3,3,3,3,4,477,no_quant
00000002477,0.85,high,number theory,3,3,3,2,4,506,no_quant
00000002478,0.85,high,probability,3,3,2,2,4,523,no_quant
00000002479,0.85,high,number theory,3,3,3,3,4,513,no_quant
00000002480,0.85,high,number theory,3,3,3,3,4,544,no_quant
00000002481,0.85,high,number theory,3,3,3,3,4,466,no_quant
00000002482,0.85,high,number theory,3,3,3,3,4,487,no_quant
00000002483,0.85,high,number theory,3,3,3,3,4,459,no_quant
00000002484,0.85,high,number theory,3,3,3,3,5,493,no_quant
00000002485,0.85,high,number theory,3,3,3,3,4,409,no_quant
00000002486,0.85,high,number theory,3,3,3,3,4,394,no_quant
00000002487,0.85,high,number theory,3,3,3,3,4,557,no_quant
00000002490,0.85,high,number theory,3,3,3,3,4,491,no_quant
00000002491,0.85,high,number theory,3,3,3,3,4,472,no_quant
00000002493,0.85,high,number theory,3,3,3,3,4,476,no_quant
00000002494,0.85,high,number theory,3,3,3,3,4,493,no_quant
00000002495,0.85,high,number theory,3,3,3,3,4,489,no_quant
00000002497,0.85,high,number theory,3,3,3,3,4,434,no_quant
00000002498,0.85,high,number theory,3,3,3,3,4,452,no_quant
00000002499,0.85,high,number theory,3,3,3,3,4,425,no_quant
00000002500,0.85,high,number theory,5,4,3,4,5,472,
00000002502,0.85,high,number theory,3,2,3,2,4,433,no_quant
00000002503,0.85,high,algebraic geometry,3,2,3,2,3,481,no_quant
00000002507,0.85,high,number theory,3,3,3,3,4,448,no_quant
00000002509,0.85,high,analysis / PDE / dynamics,3,2,3,2,4,435,no_quant
00000002511,0.85,high,number theory,3,2,3,2,4,398,no_quant
00000002512,0.85,high,algebra / representation theory,3,2,3,2,4,472,no_quant
00000002514,0.85,high,algebraic geometry,3,2,3,2,4,432,no_quant
00000002515,0.85,high,combinatorics / discrete,3,2,3,2,4,429,no_quant
00000002516,0.85,high,combinatorics / discrete,3,2,3,2,4,466,no_quant
00000002519,0.85,high,logic / complexity,3,2,3,2,4,453,no_quant
00000002520,0.85,high,analysis / PDE / dynamics,3,2,3,2,4,448,no_quant
00000002521,0.85,high,algebra / representation theory,3,2,3,2,4,377,no_quant
00000002522,0.85,high,logic / complexity,3,2,3,2,4,401,no_quant
00000002523,0.85,high,probability,3,2,3,2,4,456,no_quant
00000002525,0.85,high,logic / complexity,3,2,3,2,4,398,no_quant
00000002527,0.85,high,algebra / representation theory,3,2,3,2,4,345,no_quant
00000002530,0.85,high,analysis / PDE / dynamics,3,4,2,3,5,402,no_quant
00000002531,0.85,high,analysis / PDE / dynamics,5,3,3,3,3,626,
00000002532,0.85,high,analysis / PDE / dynamics,3,3,2,2,3,616,no_quant
00000002534,0.85,high,analysis / PDE / dynamics,3,2,3,2,4,617,no_quant
00000002535,0.85,high,number theory,5,3,3,3,5,496,
00000002537,0.85,high,analysis / PDE / dynamics,3,3,2,2,3,660,no_quant
00000002538,0.85,high,number theory,3,2,3,2,4,605,no_quant
00000002539,0.85,high,analysis / PDE / dynamics,5,3,2,2,4,574,
00000002540,0.85,high,analysis / PDE / dynamics,5,3,3,3,5,535,
00000002541,0.85,high,analysis / PDE / dynamics,3,4,3,4,4,567,no_quant
00000002542,0.85,high,number theory,5,3,3,2,2,625,
00000002543,0.85,high,analysis / PDE / dynamics,3,2,3,2,4,510,no_quant
00000002544,0.85,high,analysis / PDE / dynamics,3,2,3,2,5,569,no_quant
00000002545,0.85,high,analysis / PDE / dynamics,3,3,3,2,4,550,no_quant
00000002546,0.85,high,number theory,3,2,3,2,5,545,no_quant
00000002547,0.85,high,analysis / PDE / dynamics,3,2,3,2,5,544,no_quant
00000002548,0.85,high,analysis / PDE / dynamics,3,2,3,2,5,507,no_quant
00000002549,0.85,high,analysis / PDE / dynamics,3,2,3,2,3,533,no_quant
00000002550,0.85,high,algebra / representation theory,3,2,3,2,4,533,no_quant
00000002551,0.85,high,analysis / PDE / dynamics,3,2,3,2,5,517,no_quant
00000002552,0.85,high,analysis / PDE / dynamics,5,3,3,2,3,610,
00000002557,0.85,high,probability,3,3,3,2,4,479,no_quant
00000002558,0.85,high,analysis / PDE / dynamics,3,2,3,2,3,557,no_quant
00000002560,0.85,high,number theory,3,2,3,2,3,517,no_quant
00000002561,0.85,high,number theory,3,3,2,2,4,401,no_quant
00000002565,0.85,high,logic / complexity,3,2,3,2,5,368,no_quant
00000002567,0.85,high,number theory,3,2,3,2,4,385,no_quant
00000002569,0.85,high,number theory,4,3,3,2,2,457,
00000002570,0.85,high,analysis / PDE / dynamics,3,2,3,2,5,413,no_quant
00000002572,0.85,high,combinatorics / discrete,3,2,3,2,3,362,no_quant
00000002573,0.85,high,combinatorics / discrete,3,2,3,2,4,405,no_quant
00000002575,0.85,high,analysis / PDE / dynamics,3,2,3,2,4,387,no_quant
00000002576,0.85,high,number theory,3,2,3,2,3,359,no_quant
00000002577,0.85,high,combinatorics / discrete,3,2,3,2,4,342,no_quant
00000002579,0.85,high,combinatorics / discrete,3,2,3,2,4,369,no_quant
00000002581,0.85,high,number theory,5,2,3,2,3,401,
00000002582,0.85,high,algebra / representation theory,3,3,2,2,4,399,no_quant
00000002583,0.85,high,number theory,3,2,3,2,4,406,no_quant
00000002584,0.85,high,number theory,3,4,3,4,4,391,no_quant
00000002585,0.85,high,topology / geometry,3,2,3,2,4,468,no_quant
00000002586,0.85,high,combinatorics / discrete,3,2,3,2,4,346,no_quant
00000002587,0.85,high,number theory,3,2,3,2,4,397,no_quant
00000002588,0.85,high,algebra / representation theory,3,2,3,2,5,382,no_quant
00000002589,0.85,high,algebraic geometry,3,4,3,4,5,370,no_quant
00000002591,0.85,high,number theory,5,3,3,3,4,640,
00000002592,0.85,high,number theory,5,3,2,2,3,552,
00000002594,0.85,high,combinatorics / discrete,3,3,3,2,4,513,no_quant
00000002595,0.85,high,number theory,3,2,3,2,4,567,no_quant
00000002596,0.85,high,logic / complexity,3,3,2,2,3,462,no_quant
00000002597,0.85,high,algebra / representation theory,3,3,3,3,4,579,no_quant
00000002598,0.85,high,combinatorics / discrete,3,2,3,2,4,505,no_quant
00000002599,0.85,high,number theory,3,3,3,3,4,519,no_quant
00000002600,0.85,high,combinatorics / discrete,3,3,2,2,4,470,no_quant
00000002602,0.85,high,analysis / PDE / dynamics,3,3,2,2,4,555,no_quant
00000002603,0.85,high,analysis / PDE / dynamics,3,2,3,2,5,495,no_quant
00000002604,0.85,high,algebra / representation theory,3,3,3,2,4,601,no_quant
00000002605,0.85,high,number theory,3,2,3,2,3,602,no_quant
00000002607,0.85,high,number theory,3,2,3,1,2,436,no_quant
00000002608,0.85,high,combinatorics / discrete,3,2,3,2,2,549,no_quant
00000002609,0.85,high,combinatorics / discrete,3,2,3,2,4,476,no_quant
00000002610,0.85,high,logic / complexity,5,3,2,2,3,560,
00000002611,0.85,high,number theory,5,3,3,2,4,532,
00000002612,0.85,high,combinatorics / discrete,3,2,3,2,4,448,no_quant
00000002613,0.85,high,algebra / representation theory,3,2,3,2,4,425,no_quant
00000002614,0.85,high,algebra / representation theory,3,3,3,3,3,431,no_quant
00000002615,0.85,high,number theory,5,5,2,4,5,531,
00000002616,0.85,high,combinatorics / discrete,3,2,3,2,4,464,no_quant
00000002617,0.85,high,combinatorics / discrete,3,2,3,2,4,498,no_quant
00000002618,0.85,high,number theory,5,3,3,2,3,515,
00000002619,0.85,high,number theory,3,2,3,2,4,483,no_quant
00000002620,0.85,high,combinatorics / discrete,3,2,3,2,3,453,no_quant
00000002621,0.85,high,number theory,3,2,3,2,5,611,no_quant
00000002622,0.85,high,number theory,4,3,3,3,5,579,
00000002623,0.85,high,number theory,3,3,3,3,4,585,no_quant
00000002624,0.85,high,number theory,3,4,2,3,3,592,no_quant
00000002625,0.85,high,number theory,3,3,3,3,4,546,no_quant
00000002626,0.85,high,analysis / PDE / dynamics,3,3,3,2,2,581,no_quant
00000002627,0.85,high,number theory,3,4,3,3,2,604,no_quant
00000002628,0.85,high,number theory,3,2,3,2,3,589,no_quant
00000002629,0.85,high,number theory,3,3,2,2,3,534,no_quant
00000002630,0.85,high,number theory,3,4,3,4,3,464,no_quant
00000002631,0.85,high,number theory,4,2,3,2,3,580,
00000002632,0.85,high,number theory,4,3,3,2,4,520,
00000002633,0.85,high,number theory,3,3,3,3,5,550,no_quant
00000002634,0.85,high,algebra / representation theory,5,3,3,2,3,583,
00000002635,0.85,high,number theory,5,4,3,3,4,567,
00000002636,0.85,high,analysis / PDE / dynamics,3,2,3,2,3,495,no_quant
00000002637,0.85,high,algebraic geometry,3,3,3,3,3,601,no_quant
00000002638,0.85,high,number theory,3,2,3,2,4,566,no_quant
00000002639,0.85,high,number theory,3,3,3,3,4,583,no_quant
00000002640,0.85,high,number theory,3,4,3,4,4,500,no_quant
00000002641,0.85,high,number theory,3,2,3,2,4,580,no_quant
00000002642,0.85,high,number theory,5,3,3,2,4,554,
00000002643,0.85,high,algebraic geometry,3,2,3,2,2,467,no_quant
00000002644,0.85,high,number theory,3,4,3,3,3,484,no_quant
00000002645,0.85,high,number theory,3,2,3,2,4,562,no_quant
00000002646,0.85,high,number theory,2,2,3,2,2,620,no_quant
00000002649,0.85,high,number theory,3,2,3,1,2,564,no_quant
00000002650,0.85,high,number theory,3,4,3,4,4,623,no_quant
00000002652,0.85,high,analysis / PDE / dynamics,3,2,3,2,3,338,no_quant
00000002653,0.85,high,topology / geometry,3,2,3,2,4,346,no_quant
00000002654,0.85,high,topology / geometry,3,3,3,2,4,402,no_quant
00000002655,0.85,high,topology / geometry,3,3,3,2,4,327,no_quant
00000002656,0.85,high,topology / geometry,3,2,3,2,4,312,no_quant
00000002657,0.85,high,topology / geometry,3,4,3,3,5,363,no_quant
00000002658,0.85,high,topology / geometry,3,3,3,2,4,326,no_quant
00000002659,0.85,high,topology / geometry,3,2,3,2,4,307,no_quant
00000002661,0.85,high,topology / geometry,3,2,3,2,4,304,no_quant
00000002663,0.85,high,topology / geometry,3,2,3,2,5,299,no_quant
00000002667,0.85,high,topology / geometry,3,2,3,2,4,306,no_quant
00000002669,0.85,high,topology / geometry,3,2,3,2,5,251,no_quant
00000002672,0.85,high,analysis / PDE / dynamics,3,2,3,2,4,312,no_quant
00000002673,0.85,high,analysis / PDE / dynamics,3,3,3,2,5,312,no_quant
00000002674,0.85,high,analysis / PDE / dynamics,3,2,3,2,5,306,no_quant
00000002676,0.85,high,analysis / PDE / dynamics,3,2,3,2,4,308,no_quant
00000002677,0.85,high,analysis / PDE / dynamics,3,3,3,3,4,315,no_quant
00000002678,0.85,high,algebraic geometry,3,2,3,2,4,280,no_quant
00000002682,0.85,high,algebra / representation theory,3,3,3,2,4,706,no_quant
00000002683,0.85,high,algebraic geometry,3,2,3,2,5,680,no_quant
00000002684,0.85,high,number theory,3,4,3,3,5,600,no_quant
00000002685,0.85,high,number theory,3,2,3,2,4,552,no_quant
00000002686,0.85,high,analysis / PDE / dynamics,3,3,2,2,3,523,no_quant
00000002687,0.85,high,number theory,5,3,3,2,3,552,
00000002688,0.85,high,analysis / PDE / dynamics,3,4,2,3,3,546,no_quant
00000002689,0.85,high,analysis / PDE / dynamics,3,2,3,2,5,601,no_quant
00000002690,0.85,high,number theory,3,2,3,2,4,589,no_quant
00000002692,0.85,high,analysis / PDE / dynamics,3,3,3,3,5,523,no_quant
00000002693,0.85,high,analysis / PDE / dynamics,3,2,3,2,4,536,no_quant
00000002694,0.85,high,analysis / PDE / dynamics,3,2,3,2,5,544,no_quant
00000002695,0.85,high,combinatorics / discrete,3,2,3,2,3,634,no_quant
00000002696,0.85,high,number theory,3,2,3,2,5,591,no_quant
00000002697,0.85,high,analysis / PDE / dynamics,3,2,3,2,3,551,no_quant
00000002698,0.85,high,number theory,3,2,3,2,4,572,no_quant
00000002699,0.85,high,number theory,3,2,3,2,3,584,no_quant
00000002701,0.85,high,number theory,3,2,3,2,4,483,no_quant
00000002702,0.85,high,analysis / PDE / dynamics,3,2,3,2,4,556,no_quant
00000002703,0.85,high,topology / geometry,3,3,3,3,3,558,no_quant
00000002704,0.85,high,number theory,3,4,3,3,5,509,no_quant
00000002706,0.85,high,number theory,3,2,3,2,3,524,no_quant
00000002707,0.85,high,number theory,3,2,3,2,4,549,no_quant
00000002708,0.85,high,number theory,3,4,3,4,4,563,no_quant
00000002709,0.85,high,analysis / PDE / dynamics,5,2,3,2,4,468,
00000002710,0.85,high,analysis / PDE / dynamics,3,2,3,2,4,552,no_quant
00000002711,0.85,high,number theory,3,3,3,2,3,644,no_quant
00000002712,0.85,high,number theory,3,3,2,2,4,541,no_quant
00000002713,0.85,high,combinatorics / discrete,5,3,3,3,5,574,
00000002714,0.85,high,topology / geometry,3,2,3,2,4,549,no_quant
00000002715,0.85,high,topology / geometry,5,3,3,2,3,643,
00000002716,0.85,high,algebraic geometry,3,2,3,2,4,551,no_quant
00000002717,0.85,high,probability,3,2,3,2,4,647,no_quant
00000002719,0.85,high,topology / geometry,3,3,3,2,4,528,no_quant
00000002720,0.85,high,algebraic geometry,3,2,3,2,4,529,no_quant
00000002721,0.85,high,number theory,3,3,3,2,3,570,no_quant
00000002722,0.85,high,combinatorics / discrete,3,2,3,2,3,504,no_quant
00000002723,0.85,high,topology / geometry,3,2,3,2,2,479,no_quant
00000002724,0.85,high,topology / geometry,4,3,3,2,4,485,
00000002725,0.85,high,number theory,3,3,2,2,2,606,no_quant
00000002727,0.85,high,topology / geometry,3,3,3,2,5,597,no_quant
00000002728,0.85,high,topology / geometry,4,2,3,2,4,573,
00000002730,0.85,high,number theory,3,4,2,3,4,532,no_quant
00000002731,0.85,high,topology / geometry,5,2,3,2,3,529,
00000002732,0.85,high,topology / geometry,3,3,3,2,2,528,no_quant
00000002733,0.85,high,topology / geometry,5,3,3,3,4,609,
00000002734,0.85,high,algebra / representation theory,3,2,3,2,4,577,no_quant
00000002735,0.85,high,algebraic geometry,3,3,3,2,5,565,no_quant
00000002736,0.85,high,topology / geometry,3,2,3,2,4,507,no_quant
00000002737,0.85,high,topology / geometry,3,2,3,2,4,539,no_quant
00000002738,0.85,high,topology / geometry,5,3,3,3,3,552,
00000002739,0.85,high,combinatorics / discrete,3,3,2,2,4,502,no_quant
00000002740,0.85,high,number theory,3,4,2,3,3,492,no_quant
00000002741,0.85,high,number theory,5,4,3,3,3,558,
00000002743,0.85,high,algebra / representation theory,3,2,3,2,4,512,no_quant
00000002745,0.85,high,number theory,3,3,3,2,5,514,no_quant
00000002746,0.85,high,number theory,4,3,3,1,1,495,
00000002748,0.85,high,number theory,3,2,3,2,3,543,no_quant
00000002749,0.85,high,number theory,3,2,3,1,2,473,no_quant
00000002750,0.85,high,number theory,3,2,3,2,5,584,no_quant
00000002751,0.85,high,combinatorics / discrete,3,3,3,2,3,551,no_quant
00000002752,0.85,high,number theory,3,2,3,2,5,542,no_quant
00000002754,0.85,high,algebra / representation theory,3,2,3,2,4,485,no_quant
00000002755,0.85,high,number theory,3,2,3,2,3,458,no_quant
00000002756,0.85,high,algebra / representation theory,3,2,3,2,4,486,no_quant
00000002758,0.85,high,number theory,3,2,3,2,4,493,no_quant
00000002759,0.85,high,number theory,5,2,3,2,3,455,
00000002761,0.85,high,number theory,3,2,3,2,4,608,no_quant
00000002762,0.85,high,algebra / representation theory,3,3,3,2,4,510,no_quant
00000002764,0.85,high,number theory,3,3,2,2,5,520,no_quant
00000002765,0.85,high,number theory,5,3,3,2,2,539,
00000002766,0.85,high,algebraic geometry,3,2,3,2,3,451,no_quant
00000002767,0.85,high,number theory,3,2,3,2,5,550,no_quant
00000002768,0.85,high,algebra / representation theory,3,3,3,3,4,467,no_quant
00000002769,0.85,high,algebraic geometry,3,2,3,2,4,594,no_quant
00000002770,0.85,high,number theory,3,3,3,3,4,527,no_quant
00000002771,0.85,high,analysis / PDE / dynamics,3,2,3,2,5,516,no_quant
00000002774,0.85,high,combinatorics / discrete,3,3,2,2,2,466,no_quant
00000002775,0.85,high,logic / complexity,5,3,3,2,4,485,
00000002778,0.85,high,topology / geometry,5,2,3,2,4,496,
00000002779,0.85,high,algebra / representation theory,3,2,3,2,5,512,no_quant
00000002781,0.85,high,combinatorics / discrete,3,2,3,2,4,557,no_quant
00000002782,0.85,high,analysis / PDE / dynamics,3,2,3,2,4,437,no_quant
00000002783,0.85,high,combinatorics / discrete,3,2,3,2,4,532,no_quant
00000002785,0.85,high,probability,3,3,2,2,4,418,no_quant
00000002786,0.85,high,analysis / PDE / dynamics,3,2,3,2,5,519,no_quant
00000002787,0.85,high,probability,3,2,3,2,5,432,no_quant
00000002788,0.85,high,analysis / PDE / dynamics,3,2,3,2,4,549,no_quant
00000002789,0.85,high,analysis / PDE / dynamics,3,2,3,2,4,463,no_quant
00000002790,0.85,high,analysis / PDE / dynamics,3,2,3,2,4,534,no_quant
00000002791,0.85,high,number theory,3,3,2,2,4,528,no_quant
00000002792,0.85,high,combinatorics / discrete,3,2,3,2,5,426,no_quant
00000002793,0.85,high,analysis / PDE / dynamics,3,2,3,2,4,473,no_quant
00000002795,0.85,high,analysis / PDE / dynamics,5,3,2,2,2,506,
00000002796,0.85,high,analysis / PDE / dynamics,5,3,3,3,5,502,
00000002797,0.85,high,analysis / PDE / dynamics,3,3,2,2,5,570,no_quant
00000002799,0.85,high,analysis / PDE / dynamics,4,3,3,3,5,543,
00000002800,0.85,high,analysis / PDE / dynamics,4,3,3,3,5,485,
00000002801,0.85,high,analysis / PDE / dynamics,2,2,3,2,5,624,no_quant
00000002802,0.85,high,analysis / PDE / dynamics,3,3,3,2,4,604,no_quant
00000002803,0.85,high,analysis / PDE / dynamics,3,3,3,1,3,541,no_quant
00000002804,0.85,high,algebra / representation theory,3,3,3,2,4,577,no_quant
00000002805,0.85,high,probability,3,4,3,3,4,526,no_quant
00000002807,0.85,high,analysis / PDE / dynamics,3,3,3,2,5,456,no_quant
00000002809,0.85,high,analysis / PDE / dynamics,3,4,3,4,4,548,no_quant
00000002810,0.85,high,logic / complexity,3,2,3,2,4,480,no_quant
00000002811,0.85,high,probability,3,2,3,2,3,507,no_quant
00000002812,0.85,high,analysis / PDE / dynamics,3,2,3,2,4,534,no_quant
00000002813,0.85,high,analysis / PDE / dynamics,3,2,3,2,5,483,no_quant
00000002814,0.85,high,probability,3,2,3,2,4,446,no_quant
00000002815,0.85,high,analysis / PDE / dynamics,3,3,3,2,4,511,no_quant
00000002816,0.85,high,analysis / PDE / dynamics,3,2,3,2,5,497,no_quant
00000002817,0.85,high,analysis / PDE / dynamics,3,2,3,2,3,508,no_quant
00000002818,0.85,high,algebra / representation theory,3,2,3,2,5,498,no_quant
00000002819,0.85,high,combinatorics / discrete,3,2,3,2,4,452,no_quant
00000002820,0.85,high,analysis / PDE / dynamics,3,3,3,3,4,541,no_quant
00000002821,0.85,high,analysis / PDE / dynamics,3,2,3,2,4,503,no_quant
00000002823,0.85,high,analysis / PDE / dynamics,3,2,3,2,5,456,no_quant
00000002824,0.85,high,analysis / PDE / dynamics,3,2,3,2,4,440,no_quant
00000002825,0.85,high,probability,3,2,3,2,5,515,no_quant
00000002826,0.85,high,probability,3,2,3,2,2,457,no_quant
00000002827,0.85,high,analysis / PDE / dynamics,3,4,3,3,4,543,no_quant
00000002828,0.85,high,logic / complexity,3,2,3,2,3,449,no_quant
00000002829,0.85,high,analysis / PDE / dynamics,3,4,2,3,4,510,no_quant
00000002830,0.85,high,analysis / PDE / dynamics,3,4,2,3,4,639,no_quant
00000002831,0.85,high,probability,3,3,2,2,4,630,no_quant
00000002832,0.85,high,probability,5,2,3,2,3,553,
00000002834,0.85,high,analysis / PDE / dynamics,3,3,2,2,4,569,no_quant
00000002835,0.85,high,combinatorics / discrete,3,2,3,2,4,531,no_quant
00000002836,0.85,high,algebra / representation theory,3,2,3,2,4,478,no_quant
00000002837,0.85,high,algebraic geometry,3,2,3,2,3,522,no_quant
00000002838,0.85,high,number theory,5,3,2,2,3,492,
00000002839,0.85,high,algebra / representation theory,3,2,3,2,3,490,no_quant
00000002840,0.85,high,number theory,3,2,3,2,3,483,no_quant
00000002841,0.85,high,number theory,3,2,3,2,3,481,no_quant
00000002842,0.85,high,number theory,3,2,3,2,4,479,no_quant
00000002843,0.85,high,combinatorics / discrete,3,3,3,3,4,530,no_quant
00000002844,0.85,high,number theory,3,3,3,3,3,506,no_quant
00000002845,0.85,high,algebra / representation theory,3,2,3,2,4,577,no_quant
00000002846,0.85,high,number theory,3,3,3,3,4,509,no_quant
00000002847,0.85,high,combinatorics / discrete,3,3,3,2,3,541,no_quant
00000002848,0.85,high,analysis / PDE / dynamics,3,2,3,2,2,544,no_quant
00000002849,0.85,high,combinatorics / discrete,3,2,3,2,4,540,no_quant
00000002851,0.85,high,analysis / PDE / dynamics,3,2,3,2,4,499,no_quant
00000002852,0.85,high,algebra / representation theory,3,2,3,2,3,507,no_quant
00000002853,0.85,high,algebra / representation theory,3,2,3,2,3,506,no_quant
00000002854,0.85,high,algebraic geometry,3,2,3,2,4,541,no_quant
00000002855,0.85,high,number theory,3,2,3,2,4,506,no_quant
00000002856,0.85,high,number theory,3,2,3,2,4,538,no_quant
00000002857,0.85,high,algebra / representation theory,3,3,2,2,4,492,no_quant
00000002859,0.85,high,number theory,3,2,3,2,4,461,no_quant
00000002860,0.85,high,analysis / PDE / dynamics,3,3,3,3,3,557,no_quant
00000002861,0.85,high,number theory,3,4,2,3,4,562,no_quant
00000002862,0.85,high,analysis / PDE / dynamics,3,3,2,2,4,553,no_quant
00000002863,0.85,high,analysis / PDE / dynamics,3,3,2,2,5,537,no_quant
00000002864,0.85,high,analysis / PDE / dynamics,3,2,3,2,4,544,no_quant
00000002865,0.85,high,algebra / representation theory,3,3,3,3,5,498,no_quant
00000002866,0.85,high,algebra / representation theory,3,2,3,2,4,500,no_quant
00000002867,0.85,high,topology / geometry,3,3,3,2,4,531,no_quant
00000002868,0.85,high,topology / geometry,3,3,2,2,5,492,no_quant
00000002869,0.85,high,number theory,3,3,2,2,4,553,no_quant
00000002870,0.85,high,topology / geometry,3,2,3,2,4,453,no_quant
00000002871,0.85,high,analysis / PDE / dynamics,3,2,3,2,3,444,no_quant
00000002872,0.85,high,topology / geometry,3,4,3,3,5,531,no_quant
00000002873,0.85,high,topology / geometry,3,2,3,2,4,536,no_quant
00000002874,0.85,high,topology / geometry,3,2,3,2,4,489,no_quant
00000002875,0.85,high,analysis / PDE / dynamics,3,3,2,2,4,493,no_quant
00000002876,0.85,high,number theory,3,4,3,3,3,483,no_quant
00000002877,0.85,high,analysis / PDE / dynamics,5,2,3,2,4,493,
00000002878,0.85,high,analysis / PDE / dynamics,3,3,2,2,5,518,no_quant
00000002879,0.85,high,analysis / PDE / dynamics,3,2,3,2,4,418,no_quant
00000002880,0.85,high,analysis / PDE / dynamics,3,2,3,2,4,514,no_quant
00000002881,0.85,high,topology / geometry,2,2,3,2,3,545,no_quant
00000002882,0.85,high,analysis / PDE / dynamics,3,2,3,2,5,483,no_quant
00000002883,0.85,high,number theory,3,4,2,3,3,481,no_quant
00000002884,0.85,high,analysis / PDE / dynamics,3,2,3,2,5,567,no_quant
00000002885,0.85,high,algebra / representation theory,3,4,2,3,4,416,no_quant
00000002886,0.85,high,algebra / representation theory,5,3,3,2,4,565,
00000002887,0.85,high,topology / geometry,3,3,3,3,4,504,no_quant
00000002888,0.85,high,topology / geometry,3,2,3,2,4,426,no_quant
00000002890,0.85,high,topology / geometry,3,3,2,2,4,526,no_quant
00000002891,0.85,high,number theory,3,2,3,1,3,592,no_quant
00000002893,0.85,high,analysis / PDE / dynamics,3,3,2,2,2,555,no_quant
00000002894,0.85,high,number theory,5,3,3,1,2,572,
00000002895,0.85,high,number theory,5,5,3,4,5,518,
00000002896,0.85,high,algebra / representation theory,3,3,3,3,3,592,
00000002897,0.85,high,probability,3,2,3,2,4,498,no_quant
00000002898,0.85,high,combinatorics / discrete,3,3,3,3,3,561,no_quant
00000002899,0.85,high,number theory,4,3,3,3,5,510,
00000002902,0.85,high,number theory,5,2,3,2,2,498,
00000002903,0.85,high,number theory,3,2,3,2,5,476,no_quant
00000002904,0.85,high,number theory,3,3,3,3,4,519,no_quant
00000002905,0.85,high,number theory,3,3,3,3,4,518,no_quant
00000002906,0.85,high,number theory,3,2,3,2,4,677,no_quant
00000002907,0.85,high,number theory,3,2,3,2,4,535,no_quant
00000002908,0.85,high,algebraic geometry,3,2,3,2,4,584,no_quant
00000002909,0.85,high,topology / geometry,3,3,2,2,4,441,no_quant
00000002910,0.85,high,number theory,3,2,3,2,4,441,no_quant
00000002911,0.85,high,number theory,3,4,3,4,4,491,no_quant
00000002912,0.85,high,number theory,3,2,3,2,3,513,no_quant
00000002913,0.85,high,number theory,3,2,3,2,3,466,no_quant
00000002914,0.85,high,number theory,3,4,3,4,4,470,no_quant
00000002915,0.85,high,number theory,2,2,3,2,5,536,no_quant
00000002916,0.85,high,number theory,3,2,3,2,4,440,no_quant
00000002918,0.85,high,algebraic geometry,3,2,3,2,5,459,no_quant
00000002919,0.85,high,number theory,3,2,3,1,2,406,no_quant
00000002920,0.85,high,combinatorics / discrete,4,3,3,2,3,577,
00000002921,0.85,high,algebra / representation theory,3,2,3,2,4,518,no_quant
00000002922,0.85,high,algebraic geometry,3,2,3,1,3,431,no_quant
00000002924,0.85,high,analysis / PDE / dynamics,3,2,3,2,5,402,no_quant
00000002925,0.85,high,algebraic geometry,3,3,3,1,3,475,no_quant
00000002926,0.85,high,algebra / representation theory,3,3,3,2,4,383,no_quant
00000002928,0.85,high,algebra / representation theory,3,2,3,2,4,415,no_quant
00000002929,0.85,high,number theory,3,2,3,1,2,427,no_quant
00000002930,0.85,high,combinatorics / discrete,3,3,2,2,5,479,no_quant
00000002931,0.85,high,number theory,3,3,2,1,2,402,no_quant
00000002932,0.85,high,combinatorics / discrete,3,2,3,2,2,372,no_quant
00000002935,0.85,high,algebra / representation theory,3,2,3,2,4,410,no_quant
00000002936,0.85,high,combinatorics / discrete,3,2,3,2,3,452,no_quant
00000002937,0.85,high,number theory,3,2,3,2,3,445,no_quant
00000002938,0.85,high,combinatorics / discrete,3,2,3,2,4,399,no_quant
00000002939,0.85,high,analysis / PDE / dynamics,3,2,3,2,4,443,no_quant
00000002940,0.85,high,algebra / representation theory,3,2,3,2,4,513,no_quant
00000002941,0.85,high,analysis / PDE / dynamics,3,2,3,1,3,353,no_quant
00000002942,0.85,high,combinatorics / discrete,5,2,3,2,3,441,
00000002946,0.85,high,combinatorics / discrete,3,2,3,2,4,379,no_quant
00000002947,0.85,high,algebra / representation theory,3,2,3,2,4,379,no_quant
00000002949,0.85,high,number theory,3,3,3,2,4,541,no_quant
00000002951,0.85,high,probability,3,2,3,2,4,541,no_quant
00000002952,0.85,high,analysis / PDE / dynamics,3,3,3,3,4,443,no_quant
00000002953,0.85,high,probability,3,2,3,2,4,582,no_quant
00000002954,0.85,high,probability,5,4,3,3,3,429,
00000002955,0.85,high,algebra / representation theory,3,2,3,2,4,449,no_quant
00000002956,0.85,high,probability,3,2,3,2,4,479,no_quant
00000002957,0.85,high,combinatorics / discrete,3,2,3,2,3,342,no_quant
00000002958,0.85,high,probability,4,2,3,2,4,419,
00000002959,0.85,high,combinatorics / discrete,3,2,3,2,4,463,no_quant
00000002960,0.85,high,probability,3,3,3,2,3,399,no_quant
00000002961,0.85,high,combinatorics / discrete,3,2,3,2,5,388,no_quant
00000002962,0.85,high,algebraic geometry,3,2,3,2,5,447,no_quant
00000002963,0.85,high,probability,3,2,3,2,4,351,no_quant
00000002964,0.85,high,combinatorics / discrete,3,3,3,3,4,492,no_quant
00000002965,0.85,high,number theory,3,2,3,1,2,369,no_quant
00000002966,0.85,high,combinatorics / discrete,3,2,3,2,5,427,no_quant
00000002967,0.85,high,combinatorics / discrete,3,2,3,2,3,367,no_quant
00000002968,0.85,high,combinatorics / discrete,3,2,3,2,5,425,no_quant
00000002969,0.85,high,combinatorics / discrete,5,3,3,2,3,345,
00000002970,0.85,high,combinatorics / discrete,4,3,3,2,4,459,
00000002971,0.85,high,probability,3,2,3,2,5,428,no_quant
00000002972,0.85,high,combinatorics / discrete,3,2,3,2,2,516,no_quant
00000002973,0.85,high,algebraic geometry,3,3,3,3,4,454,no_quant
00000002974,0.85,high,combinatorics / discrete,3,2,3,2,4,380,no_quant
00000002975,0.85,high,combinatorics / discrete,3,2,3,2,3,367,no_quant
00000002976,0.85,high,combinatorics / discrete,2,2,3,2,4,414,no_quant
00000002977,0.85,high,probability,3,2,3,2,4,360,no_quant
00000002978,0.85,high,combinatorics / discrete,3,2,3,2,5,526,no_quant
00000002979,0.85,high,combinatorics / discrete,3,2,3,2,3,406,no_quant
00000002980,0.85,high,number theory,3,2,3,2,3,451,no_quant
00000002981,0.85,high,number theory,3,2,3,2,4,514,no_quant
00000002982,0.85,high,algebra / representation theory,3,2,3,2,4,501,no_quant
00000002983,0.85,high,number theory,5,3,2,2,3,488,
00000002985,0.85,high,algebra / representation theory,3,3,3,3,3,454,no_quant
00000002986,0.85,high,number theory,5,2,3,2,3,458,
00000002987,0.85,high,number theory,3,2,3,2,4,527,no_quant
00000002988,0.85,high,algebra / representation theory,3,3,2,2,4,492,no_quant
00000002990,0.85,high,number theory,3,2,3,2,4,414,no_quant
00000002991,0.85,high,algebra / representation theory,5,2,3,2,4,444,
00000002992,0.85,high,number theory,3,4,2,3,4,385,no_quant
00000002993,0.85,high,algebra / representation theory,3,2,3,2,4,458,no_quant
00000002994,0.85,high,algebra / representation theory,3,2,3,2,4,360,no_quant
00000002995,0.85,high,algebra / representation theory,3,2,3,2,4,419,no_quant
00000002996,0.85,high,number theory,5,3,3,2,4,517,
00000002997,0.85,high,algebra / representation theory,3,2,3,2,4,431,no_quant
00000002998,0.85,high,number theory,3,2,3,2,4,555,no_quant
00000002999,0.85,high,number theory,3,2,3,2,4,394,no_quant
00000003000,0.85,high,number theory,3,2,3,2,4,411,no_quant
00000003001,0.85,high,number theory,3,2,3,2,4,534,no_quant
00000003002,0.85,high,number theory,3,2,3,2,4,532,no_quant
00000003003,0.85,high,algebra / representation theory,3,2,3,2,4,518,no_quant
00000003004,0.85,high,algebra / representation theory,3,2,3,2,4,526,no_quant
00000003005,0.85,high,algebra / representation theory,3,4,3,4,4,501,no_quant
00000003006,0.85,high,number theory,5,2,3,2,3,477,
00000003007,0.85,high,algebra / representation theory,3,2,3,2,4,517,no_quant
00000003008,0.85,high,number theory,3,2,3,2,4,535,no_quant
00000003009,0.85,high,algebra / representation theory,3,2,3,2,4,483,no_quant
00000003010,0.85,high,number theory,3,3,3,2,5,566,no_quant
00000003011,0.85,high,analysis / PDE / dynamics,3,2,3,2,4,501,no_quant
00000003012,0.85,high,number theory,5,4,3,4,4,509,
00000003013,0.85,high,probability,3,2,3,2,4,612,no_quant
00000003014,0.85,high,analysis / PDE / dynamics,3,2,3,2,4,639,no_quant
00000003015,0.85,high,analysis / PDE / dynamics,3,2,3,2,5,486,no_quant
00000003016,0.85,high,analysis / PDE / dynamics,3,2,3,2,4,460,no_quant
00000003017,0.85,high,algebra / representation theory,3,2,3,2,3,548,no_quant
00000003018,0.85,high,analysis / PDE / dynamics,3,2,3,2,4,484,no_quant
00000003019,0.85,high,algebra / representation theory,3,3,3,3,4,499,no_quant
00000003020,0.85,high,number theory,3,3,3,3,5,547,no_quant
00000003021,0.85,high,analysis / PDE / dynamics,3,3,3,3,4,522,no_quant
00000003023,0.85,high,analysis / PDE / dynamics,3,2,3,2,4,500,no_quant
00000003024,0.85,high,analysis / PDE / dynamics,3,2,3,2,5,424,no_quant
00000003025,0.85,high,algebra / representation theory,3,2,3,2,4,469,no_quant
00000003026,0.85,high,algebraic geometry,3,4,2,3,2,488,no_quant
00000003027,0.85,high,algebra / representation theory,5,3,3,3,5,499,
00000003028,0.85,high,algebra / representation theory,3,2,3,2,5,436,no_quant
00000003030,0.85,high,analysis / PDE / dynamics,5,3,3,2,4,426,
00000003032,0.85,high,analysis / PDE / dynamics,3,3,3,2,4,440,no_quant
00000003035,0.85,high,analysis / PDE / dynamics,3,2,3,2,4,534,no_quant
00000003037,0.85,high,analysis / PDE / dynamics,3,2,3,2,4,540,no_quant
00000003038,0.85,high,analysis / PDE / dynamics,3,2,3,2,4,468,no_quant
00000003039,0.85,high,topology / geometry,5,3,3,3,4,445,
00000003040,0.85,high,number theory,3,2,3,2,4,472,no_quant
00000003041,0.85,high,algebra / representation theory,3,2,3,2,4,544,no_quant
00000003042,0.85,high,logic / complexity,5,3,3,2,4,520,
00000003043,0.85,high,algebra / representation theory,5,2,3,2,2,443,
00000003044,0.85,high,analysis / PDE / dynamics,3,3,2,3,5,519,no_quant
00000003045,0.85,high,combinatorics / discrete,5,2,3,2,2,477,
00000003046,0.85,high,analysis / PDE / dynamics,5,2,3,2,3,476,
00000003047,0.85,high,number theory,5,2,3,2,2,443,
00000003048,0.85,high,analysis / PDE / dynamics,3,3,3,3,5,451,no_quant
00000003049,0.85,high,number theory,3,2,3,2,4,537,no_quant
00000003050,0.85,high,analysis / PDE / dynamics,3,2,3,2,4,421,no_quant
00000003051,0.85,high,logic / complexity,3,2,3,2,4,518,no_quant
00000003052,0.85,high,analysis / PDE / dynamics,3,2,3,2,4,480,no_quant
00000003053,0.85,high,analysis / PDE / dynamics,5,2,3,2,3,460,
00000003054,0.85,high,algebra / representation theory,5,3,2,2,4,464,
00000003055,0.85,high,algebra / representation theory,3,2,3,2,4,457,no_quant
00000003056,0.85,high,number theory,3,3,2,2,4,479,no_quant
00000003058,0.85,high,combinatorics / discrete,3,2,3,2,5,474,no_quant
00000003059,0.85,high,algebra / representation theory,5,2,3,2,3,512,
00000003060,0.85,high,number theory,3,2,3,2,4,516,no_quant
00000003061,0.85,high,analysis / PDE / dynamics,3,2,3,2,4,446,no_quant
00000003062,0.85,high,number theory,3,2,3,2,4,499,no_quant
00000003063,0.85,high,algebra / representation theory,3,2,3,2,5,478,no_quant
00000003064,0.85,high,number theory,5,3,2,2,2,426,
00000003065,0.85,high,number theory,5,3,2,2,4,477,
00000003067,0.85,high,algebra / representation theory,3,2,3,2,4,428,no_quant
00000003069,0.85,high,analysis / PDE / dynamics,3,2,3,2,4,479,no_quant
00000003070,0.85,high,topology / geometry,3,2,3,2,4,534,no_quant
00000003071,0.85,high,topology / geometry,3,3,3,3,4,533,no_quant
00000003072,0.85,high,topology / geometry,3,2,3,2,4,442,no_quant
00000003076,0.85,high,combinatorics / discrete,3,2,3,2,4,385,no_quant
00000003078,0.85,high,topology / geometry,3,3,2,2,4,412,no_quant
00000003079,0.85,high,algebra / representation theory,3,2,3,2,4,407,no_quant
00000003080,0.85,high,topology / geometry,3,3,3,3,4,417,no_quant
00000003083,0.85,high,topology / geometry,3,3,2,2,4,448,no_quant
00000003084,0.85,high,algebraic geometry,3,2,3,2,4,382,no_quant
00000003086,0.85,high,algebraic geometry,3,4,2,3,5,423,no_quant
00000003087,0.85,high,number theory,3,5,2,5,4,496,grand|no_quant
00000003088,0.85,high,topology / geometry,3,2,3,2,3,411,no_quant
00000003089,0.85,high,algebra / representation theory,3,2,3,2,5,473,no_quant
00000003090,0.85,high,number theory,3,2,3,2,5,389,no_quant
00000003091,0.85,high,algebraic geometry,3,2,3,2,5,407,no_quant
00000003093,0.85,high,topology / geometry,3,3,3,2,4,400,no_quant
00000003094,0.85,high,topology / geometry,3,2,3,2,4,441,no_quant
00000003095,0.85,high,algebraic geometry,3,2,3,2,4,425,no_quant
00000003096,0.85,high,topology / geometry,3,2,3,2,4,452,no_quant
00000003097,0.85,high,algebraic geometry,3,3,3,3,4,389,no_quant
00000003098,0.85,high,algebra / representation theory,3,2,3,2,4,373,no_quant
00000003099,0.85,high,topology / geometry,3,2,3,2,4,377,no_quant
00000003101,0.85,high,topology / geometry,3,3,3,3,4,494,no_quant
00000003102,0.85,high,topology / geometry,3,3,3,3,3,502,no_quant
00000003105,0.85,high,topology / geometry,3,3,3,3,5,555,no_quant
00000003106,0.85,high,analysis / PDE / dynamics,5,4,3,4,3,461,
00000003107,0.85,high,topology / geometry,3,4,2,3,4,478,no_quant
00000003108,0.85,high,analysis / PDE / dynamics,3,3,2,2,4,476,no_quant
00000003109,0.85,high,number theory,3,4,2,3,3,511,no_quant
00000003110,0.85,high,topology / geometry,3,2,3,2,4,459,no_quant
00000003111,0.85,high,topology / geometry,3,3,2,2,4,462,no_quant
00000003112,0.85,high,topology / geometry,3,2,3,2,4,526,no_quant
00000003113,0.85,high,topology / geometry,3,2,3,1,2,492,no_quant
00000003114,0.85,high,number theory,3,3,3,3,4,456,no_quant
00000003116,0.85,high,analysis / PDE / dynamics,3,3,3,2,4,455,no_quant
00000003118,0.85,high,topology / geometry,3,4,2,3,4,439,no_quant
00000003119,0.85,high,topology / geometry,3,3,3,3,5,461,no_quant
00000003120,0.85,high,topology / geometry,3,5,2,4,4,419,no_quant
00000003121,0.85,high,topology / geometry,3,3,3,3,3,482,no_quant
00000003122,0.85,high,algebra / representation theory,3,3,3,3,4,402,no_quant
00000003123,0.85,high,topology / geometry,3,3,3,3,4,424,no_quant
00000003124,0.85,high,topology / geometry,3,2,3,2,5,464,no_quant
00000003125,0.85,high,topology / geometry,3,3,3,3,4,429,no_quant
00000003126,0.85,high,topology / geometry,3,3,3,3,4,460,no_quant
00000003127,0.85,high,combinatorics / discrete,3,2,3,2,3,445,no_quant
00000003128,0.85,high,topology / geometry,5,3,3,3,3,474,
00000003129,0.85,high,topology / geometry,3,3,3,2,3,441,no_quant
00000003130,0.85,high,analysis / PDE / dynamics,3,4,3,4,4,509,no_quant
00000003132,0.85,high,number theory,3,4,3,4,4,558,no_quant
00000003133,0.85,high,algebra / representation theory,3,2,3,2,3,457,no_quant
00000003134,0.85,high,topology / geometry,3,2,3,2,4,481,no_quant
00000003135,0.85,high,algebra / representation theory,3,2,3,2,4,488,no_quant
00000003136,0.85,high,number theory,3,2,3,2,4,473,no_quant
00000003137,0.85,high,algebraic geometry,3,3,3,3,3,482,no_quant
00000003138,0.85,high,topology / geometry,3,2,3,2,4,416,no_quant
00000003139,0.85,high,algebra / representation theory,3,2,3,2,4,496,no_quant
00000003140,0.85,high,algebra / representation theory,3,4,2,3,4,482,no_quant
00000003141,0.85,high,algebra / representation theory,3,4,3,3,4,485,no_quant
00000003143,0.85,high,probability,3,3,2,2,5,504,no_quant
00000003144,0.85,high,algebra / representation theory,3,3,3,3,4,500,no_quant
00000003145,0.85,high,analysis / PDE / dynamics,5,2,3,2,3,435,
00000003146,0.85,high,algebraic geometry,3,3,3,3,4,434,no_quant
00000003147,0.85,high,algebra / representation theory,3,2,3,2,4,507,no_quant
00000003148,0.85,high,analysis / PDE / dynamics,3,3,3,3,4,457,no_quant
00000003149,0.85,high,algebra / representation theory,3,2,3,2,4,433,no_quant
00000003150,0.85,high,number theory,5,2,3,2,3,447,
00000003151,0.85,high,number theory,3,2,3,2,4,517,no_quant
00000003152,0.85,high,analysis / PDE / dynamics,3,3,3,2,4,415,no_quant
00000003153,0.85,high,number theory,3,2,3,2,4,537,no_quant
00000003154,0.85,high,algebra / representation theory,3,2,3,2,3,466,no_quant
00000003155,0.85,high,algebra / representation theory,3,2,3,2,4,462,no_quant
00000003156,0.85,high,topology / geometry,3,2,3,2,4,417,no_quant
00000003157,0.85,high,combinatorics / discrete,3,3,3,2,4,486,no_quant
00000003158,0.85,high,analysis / PDE / dynamics,3,2,3,2,5,395,no_quant
00000003159,0.85,high,number theory,3,2,3,2,4,424,no_quant
00000003160,0.85,high,algebraic geometry,3,4,2,3,4,467,no_quant
00000003161,0.85,high,topology / geometry,3,2,3,2,4,499,no_quant
00000003163,0.85,high,analysis / PDE / dynamics,3,2,3,2,4,415,no_quant
00000003164,0.85,high,analysis / PDE / dynamics,3,2,3,2,5,429,no_quant
00000003165,0.85,high,probability,3,2,3,2,4,403,no_quant
00000003166,0.85,high,number theory,5,4,3,3,3,429,
00000003167,0.85,high,number theory,3,3,2,2,4,415,no_quant
00000003168,0.85,high,algebra / representation theory,3,2,3,2,4,489,no_quant
00000003169,0.85,high,number theory,3,2,3,2,4,479,no_quant
00000003170,0.85,high,analysis / PDE / dynamics,3,2,3,2,4,452,no_quant
00000003171,0.85,high,probability,3,2,3,2,4,465,no_quant
00000003172,0.85,high,analysis / PDE / dynamics,3,2,3,2,5,445,no_quant
00000003174,0.85,high,combinatorics / discrete,3,2,3,2,4,426,no_quant
00000003175,0.85,high,analysis / PDE / dynamics,3,4,3,4,4,423,no_quant
00000003176,0.85,high,analysis / PDE / dynamics,3,2,3,2,5,408,no_quant
00000003177,0.85,high,probability,3,3,3,2,5,485,no_quant
00000003178,0.85,high,topology / geometry,3,2,3,2,4,401,no_quant
00000003179,0.85,high,analysis / PDE / dynamics,3,3,3,3,4,433,no_quant
00000003180,0.85,high,combinatorics / discrete,3,2,3,2,5,397,no_quant
00000003181,0.85,high,analysis / PDE / dynamics,3,2,3,2,4,458,no_quant
00000003182,0.85,high,combinatorics / discrete,5,4,3,3,3,420,
00000003183,0.85,high,probability,3,2,3,2,4,408,no_quant
00000003184,0.85,high,topology / geometry,3,2,3,2,4,428,no_quant
00000003185,0.85,high,logic / complexity,3,2,3,2,4,427,no_quant
00000003186,0.85,high,topology / geometry,3,2,3,2,5,452,no_quant
00000003187,0.85,high,analysis / PDE / dynamics,3,2,3,2,4,473,no_quant
00000003188,0.85,high,number theory,3,2,3,2,4,436,no_quant
00000003191,0.85,high,number theory,3,2,3,2,5,425,no_quant
00000003192,0.85,high,number theory,3,2,3,2,4,495,no_quant
00000003194,0.85,high,number theory,3,2,3,2,5,527,no_quant
00000003196,0.85,high,analysis / PDE / dynamics,3,2,3,2,4,435,no_quant
00000003198,0.85,high,number theory,3,2,3,2,4,402,no_quant
00000003199,0.85,high,number theory,3,2,3,2,4,454,no_quant
00000003200,0.85,high,number theory,3,2,3,2,3,443,no_quant
00000003201,0.85,high,number theory,3,2,3,2,4,431,no_quant
00000003202,0.85,high,combinatorics / discrete,3,2,3,2,4,395,no_quant
00000003203,0.85,high,number theory,3,2,3,2,4,412,no_quant
00000003206,0.85,high,algebra / representation theory,3,2,3,2,4,458,no_quant
00000003207,0.85,high,algebra / representation theory,3,2,3,2,4,416,no_quant
00000003208,0.85,high,number theory,4,2,3,2,3,441,
00000003209,0.85,high,probability,3,2,3,2,4,445,no_quant
00000003211,0.85,high,probability,3,2,3,2,4,419,no_quant
00000003213,0.85,high,number theory,3,2,3,2,4,431,no_quant
00000003214,0.85,high,number theory,3,2,3,2,4,463,no_quant
00000003215,0.85,high,analysis / PDE / dynamics,5,2,3,2,3,443,
00000003216,0.85,high,algebra / representation theory,3,2,3,2,4,423,no_quant
00000003217,0.85,high,algebra / representation theory,3,2,3,2,4,448,no_quant
00000003218,0.85,high,combinatorics / discrete,3,2,3,2,4,384,no_quant
00000003219,0.85,high,number theory,3,2,3,2,4,471,no_quant
00000003220,0.85,high,number theory,3,2,3,2,4,476,no_quant
00000003221,0.85,high,analysis / PDE / dynamics,3,2,3,2,3,531,no_quant
00000003222,0.85,high,analysis / PDE / dynamics,3,2,3,2,5,442,no_quant
00000003224,0.85,high,analysis / PDE / dynamics,3,4,3,4,5,497,no_quant
00000003225,0.85,high,topology / geometry,3,3,3,3,4,413,no_quant
00000003226,0.85,high,probability,3,2,3,2,4,468,no_quant
00000003227,0.85,high,analysis / PDE / dynamics,3,2,3,2,2,456,no_quant
00000003228,0.85,high,number theory,3,3,3,3,4,451,no_quant
00000003229,0.85,high,analysis / PDE / dynamics,3,2,3,2,5,472,no_quant
00000003230,0.85,high,analysis / PDE / dynamics,3,2,3,2,4,454,no_quant
00000003231,0.85,high,analysis / PDE / dynamics,3,2,3,2,5,407,no_quant
00000003232,0.85,high,analysis / PDE / dynamics,3,2,3,2,4,436,no_quant
00000003233,0.85,high,number theory,3,2,3,2,5,449,no_quant
00000003234,0.85,high,algebra / representation theory,3,3,3,3,4,420,no_quant
00000003235,0.85,high,analysis / PDE / dynamics,3,2,3,2,4,438,no_quant
00000003236,0.85,high,analysis / PDE / dynamics,3,2,3,2,4,452,no_quant
00000003237,0.85,high,algebra / representation theory,3,2,3,2,4,368,no_quant
00000003238,0.85,high,analysis / PDE / dynamics,3,3,3,2,4,425,no_quant
00000003239,0.85,high,probability,3,3,2,2,4,444,no_quant
00000003240,0.85,high,topology / geometry,3,2,3,2,4,457,no_quant
00000003241,0.85,high,analysis / PDE / dynamics,5,2,3,2,4,439,
00000003242,0.85,high,analysis / PDE / dynamics,3,2,3,2,4,467,no_quant
00000003243,0.85,high,analysis / PDE / dynamics,3,2,3,2,4,512,no_quant
00000003244,0.85,high,analysis / PDE / dynamics,3,2,3,2,4,476,no_quant
00000003245,0.85,high,probability,3,2,3,2,5,444,no_quant
00000003246,0.85,high,analysis / PDE / dynamics,3,2,3,2,4,444,no_quant
00000003247,0.85,high,algebra / representation theory,3,2,3,2,4,427,no_quant
00000003248,0.85,high,probability,3,2,3,2,4,456,no_quant
00000003250,0.85,high,algebra / representation theory,3,2,3,2,5,454,no_quant
00000003251,0.85,high,topology / geometry,5,2,3,2,3,472,
00000003253,0.85,high,topology / geometry,3,3,2,2,4,421,no_quant
00000003254,0.85,high,topology / geometry,3,3,2,2,4,467,no_quant
00000003256,0.85,high,algebraic geometry,3,2,3,2,3,478,no_quant
00000003258,0.85,high,topology / geometry,3,2,3,2,3,461,no_quant
00000003260,0.85,high,topology / geometry,3,2,3,2,4,447,no_quant
00000003262,0.85,high,topology / geometry,3,3,2,2,4,460,no_quant
00000003263,0.85,high,algebraic geometry,3,2,3,2,4,403,no_quant
00000003264,0.85,high,topology / geometry,3,3,3,2,4,443,no_quant
00000003265,0.85,high,topology / geometry,3,3,3,3,4,392,no_quant
00000003267,0.85,high,number theory,3,3,3,3,4,449,no_quant
00000003268,0.85,high,topology / geometry,3,2,3,2,4,495,no_quant
00000003269,0.85,high,algebraic geometry,3,2,3,2,4,443,no_quant
00000003270,0.85,high,topology / geometry,3,3,3,2,4,412,no_quant
00000003271,0.85,high,topology / geometry,3,2,3,2,4,483,no_quant
00000003272,0.85,high,number theory,3,3,3,3,4,522,no_quant
00000003274,0.85,high,topology / geometry,5,4,3,3,2,370,
00000003275,0.85,high,topology / geometry,3,2,3,2,4,509,no_quant
00000003276,0.85,high,algebraic geometry,5,4,3,3,2,409,
00000003277,0.85,high,topology / geometry,3,2,3,2,4,449,no_quant
00000003278,0.85,high,topology / geometry,3,3,3,3,4,413,no_quant
00000003279,0.85,high,number theory,3,2,3,2,4,443,no_quant
00000003280,0.85,high,topology / geometry,3,2,3,2,4,462,no_quant
00000003282,0.85,high,number theory,3,2,3,2,3,412,no_quant
00000003283,0.85,high,number theory,3,4,2,3,4,403,no_quant
00000003284,0.85,high,number theory,3,3,3,3,3,449,no_quant
00000003287,0.85,high,number theory,3,2,3,2,3,423,no_quant
00000003290,0.85,high,number theory,3,3,3,3,3,388,no_quant
00000003291,0.85,high,number theory,3,3,3,3,4,474,no_quant
00000003293,0.85,high,number theory,3,2,3,2,4,428,no_quant
00000003294,0.85,high,number theory,3,3,2,2,3,481,no_quant
00000003295,0.85,high,analysis / PDE / dynamics,3,2,3,2,5,393,no_quant
00000003296,0.85,high,number theory,3,3,2,2,4,518,no_quant
00000003297,0.85,high,number theory,3,2,3,2,3,463,no_quant
00000003298,0.85,high,number theory,3,2,3,2,4,474,no_quant
00000003300,0.85,high,analysis / PDE / dynamics,3,3,3,3,4,439,no_quant
00000003301,0.85,high,combinatorics / discrete,3,2,3,2,3,495,no_quant
00000003302,0.85,high,combinatorics / discrete,3,3,2,2,4,441,no_quant
00000003303,0.85,high,analysis / PDE / dynamics,3,2,3,2,4,427,no_quant
00000003304,0.85,high,number theory,3,3,3,3,4,415,no_quant
00000003305,0.85,high,number theory,3,2,3,2,4,449,no_quant
00000003306,0.85,high,analysis / PDE / dynamics,3,3,3,3,4,490,no_quant
00000003307,0.85,high,number theory,3,2,3,2,4,445,no_quant
00000003309,0.85,high,number theory,3,3,3,3,4,431,no_quant
00000003310,0.85,high,number theory,3,4,3,4,4,470,no_quant
00000003311,0.85,high,algebra / representation theory,3,3,2,2,4,517,no_quant
00000003312,0.85,high,number theory,3,3,3,3,4,485,no_quant
00000003313,0.85,high,algebra / representation theory,3,2,3,2,4,451,no_quant
00000003314,0.85,high,algebra / representation theory,3,2,3,2,5,449,no_quant
00000003315,0.85,high,number theory,3,2,3,2,4,432,no_quant
00000003316,0.85,high,number theory,3,3,3,2,4,403,no_quant
00000003317,0.85,high,algebraic geometry,3,3,3,3,4,514,no_quant
00000003318,0.85,high,algebra / representation theory,3,2,3,2,4,487,no_quant
00000003319,0.85,high,combinatorics / discrete,3,2,3,2,3,446,no_quant
00000003320,0.85,high,number theory,5,2,3,2,3,489,
00000003321,0.85,high,combinatorics / discrete,5,3,3,2,4,457,
00000003322,0.85,high,combinatorics / discrete,3,3,2,2,3,478,no_quant
00000003323,0.85,high,algebraic geometry,3,2,3,2,5,465,no_quant
00000003325,0.85,high,algebra / representation theory,3,3,2,2,5,452,no_quant
00000003326,0.85,high,algebraic geometry,3,2,3,2,4,424,no_quant
00000003327,0.85,high,algebraic geometry,3,2,3,2,4,412,no_quant
00000003328,0.85,high,number theory,3,2,3,2,4,474,no_quant
00000003329,0.85,high,algebra / representation theory,3,2,3,2,4,474,no_quant
00000003330,0.85,high,algebra / representation theory,4,3,3,2,4,413,
00000003331,0.85,high,algebra / representation theory,3,2,3,2,4,425,no_quant
00000003332,0.85,high,algebraic geometry,3,2,3,2,4,507,no_quant
00000003333,0.85,high,number theory,3,2,3,2,4,451,no_quant
00000003334,0.85,high,algebraic geometry,3,2,3,2,5,412,no_quant
00000003335,0.85,high,algebra / representation theory,3,2,3,2,4,443,no_quant
00000003336,0.85,high,algebra / representation theory,3,2,3,2,4,419,no_quant
00000003337,0.85,high,algebra / representation theory,3,2,3,2,4,440,no_quant
00000003338,0.85,high,combinatorics / discrete,3,2,3,2,4,435,no_quant
00000003339,0.85,high,number theory,3,2,3,2,4,431,no_quant
00000003340,0.85,high,number theory,3,3,2,2,4,443,no_quant
00000003341,0.85,high,number theory,3,4,3,4,4,491,no_quant
00000003342,0.85,high,topology / geometry,3,2,3,2,5,466,no_quant
00000003343,0.85,high,analysis / PDE / dynamics,3,3,3,3,4,488,no_quant
00000003344,0.85,high,topology / geometry,3,2,3,1,3,423,no_quant
00000003345,0.85,high,algebraic geometry,3,3,3,2,4,411,no_quant
00000003347,0.85,high,topology / geometry,3,2,3,2,4,491,no_quant
00000003348,0.85,high,analysis / PDE / dynamics,3,3,3,3,4,395,no_quant
00000003349,0.85,high,algebra / representation theory,3,3,2,2,4,475,no_quant
00000003351,0.85,high,analysis / PDE / dynamics,3,4,3,3,4,414,no_quant
00000003352,0.85,high,number theory,3,2,3,2,4,439,no_quant
00000003353,0.85,high,analysis / PDE / dynamics,3,2,3,2,4,400,no_quant
00000003355,0.85,high,number theory,3,2,3,2,4,394,no_quant
00000003356,0.85,high,topology / geometry,3,3,2,2,4,433,no_quant
00000003357,0.85,high,analysis / PDE / dynamics,3,2,3,2,5,469,no_quant
00000003358,0.85,high,number theory,3,3,3,2,4,386,no_quant
00000003359,0.85,high,number theory,3,2,3,2,4,415,no_quant
00000003360,0.85,high,topology / geometry,3,2,3,2,4,425,no_quant
00000003361,0.85,high,analysis / PDE / dynamics,3,2,3,2,4,432,no_quant
00000003362,0.85,high,topology / geometry,5,3,2,2,3,494,
00000003363,0.85,high,number theory,3,2,3,2,4,464,no_quant
00000003364,0.85,high,probability,3,2,3,2,4,431,no_quant
00000003365,0.85,high,analysis / PDE / dynamics,3,2,3,2,4,430,no_quant
00000003366,0.85,high,analysis / PDE / dynamics,3,3,3,3,4,511,no_quant
00000003367,0.85,high,topology / geometry,3,3,2,2,4,413,no_quant
00000003368,0.85,high,combinatorics / discrete,3,3,2,2,4,400,no_quant
00000003369,0.85,high,probability,3,3,3,3,5,406,no_quant
00000003371,0.85,high,number theory,3,3,2,2,4,421,no_quant
00000003372,0.85,high,analysis / PDE / dynamics,3,3,3,3,4,519,no_quant
00000003373,0.85,high,analysis / PDE / dynamics,3,3,2,2,3,484,no_quant
00000003374,0.85,high,topology / geometry,3,3,3,3,4,441,no_quant
00000003375,0.85,high,analysis / PDE / dynamics,3,2,3,2,4,458,no_quant
00000003376,0.85,high,analysis / PDE / dynamics,3,2,3,2,5,496,no_quant
00000003377,0.85,high,analysis / PDE / dynamics,3,2,3,2,5,444,no_quant
00000003378,0.85,high,number theory,3,4,2,3,4,490,no_quant
00000003379,0.85,high,algebra / representation theory,3,3,3,3,5,505,no_quant
00000003380,0.85,high,algebra / representation theory,5,3,3,2,4,412,
00000003381,0.85,high,analysis / PDE / dynamics,5,3,3,2,2,425,
00000003382,0.85,high,analysis / PDE / dynamics,3,2,3,2,4,416,no_quant
00000003383,0.85,high,algebra / representation theory,3,2,3,2,4,430,no_quant
00000003384,0.85,high,algebra / representation theory,3,2,3,2,4,438,no_quant
00000003385,0.85,high,analysis / PDE / dynamics,3,2,3,2,4,427,no_quant
00000003386,0.85,high,algebra / representation theory,3,4,3,4,4,428,no_quant
00000003388,0.85,high,algebraic geometry,3,3,3,2,4,502,no_quant
00000003389,0.85,high,topology / geometry,3,3,3,3,4,419,no_quant
00000003390,0.85,high,number theory,3,2,3,2,4,452,no_quant
00000003391,0.85,high,number theory,3,2,3,2,4,439,no_quant
00000003392,0.85,high,analysis / PDE / dynamics,3,2,3,2,5,399,no_quant
00000003393,0.85,high,analysis / PDE / dynamics,3,2,3,2,4,417,no_quant
00000003394,0.85,high,analysis / PDE / dynamics,3,2,3,2,5,455,no_quant
00000003395,0.85,high,analysis / PDE / dynamics,3,2,3,2,4,375,no_quant
00000003396,0.85,high,algebraic geometry,3,3,3,3,4,499,no_quant
00000003397,0.85,high,analysis / PDE / dynamics,3,3,2,2,4,490,no_quant
00000003398,0.85,high,topology / geometry,3,3,3,3,4,437,no_quant
00000003399,0.85,high,algebra / representation theory,3,2,3,2,4,449,no_quant
00000003400,0.85,high,algebraic geometry,3,3,3,3,4,467,no_quant
00000003401,0.85,high,probability,3,2,3,2,5,514,no_quant
00000003402,0.85,high,analysis / PDE / dynamics,3,4,3,3,4,490,no_quant
00000003403,0.85,high,analysis / PDE / dynamics,3,4,3,3,4,425,no_quant
00000003404,0.85,high,analysis / PDE / dynamics,3,2,3,2,4,475,no_quant
00000003405,0.85,high,number theory,3,3,3,3,5,427,no_quant
00000003407,0.85,high,number theory,5,2,3,2,3,468,
00000003409,0.85,high,probability,3,2,3,2,5,449,no_quant
00000003410,0.85,high,analysis / PDE / dynamics,3,2,3,2,4,406,no_quant
00000003411,0.85,high,analysis / PDE / dynamics,3,2,3,2,4,453,no_quant
00000003413,0.85,high,number theory,3,3,3,3,5,459,no_quant
00000003414,0.85,high,algebra / representation theory,3,3,3,3,5,448,no_quant
00000003415,0.85,high,analysis / PDE / dynamics,3,2,3,2,4,468,no_quant
00000003416,0.85,high,analysis / PDE / dynamics,3,2,3,2,4,438,no_quant
00000003417,0.85,high,probability,3,2,3,2,4,418,no_quant
00000003418,0.85,high,number theory,3,2,3,2,4,459,no_quant
00000003420,0.85,high,analysis / PDE / dynamics,3,3,3,3,4,451,no_quant
00000003422,0.85,high,probability,3,2,3,2,4,458,no_quant
00000003423,0.85,high,combinatorics / discrete,3,2,3,2,3,392,no_quant
00000003424,0.85,high,number theory,3,3,3,3,4,471,no_quant
00000003425,0.85,high,analysis / PDE / dynamics,3,2,3,2,4,515,no_quant
00000003426,0.85,high,probability,3,2,3,2,5,405,no_quant
00000003427,0.85,high,analysis / PDE / dynamics,3,3,3,3,4,454,no_quant
00000003429,0.85,high,analysis / PDE / dynamics,3,3,3,3,4,410,no_quant
00000003431,0.85,high,combinatorics / discrete,3,2,3,2,4,469,no_quant
00000003433,0.85,high,analysis / PDE / dynamics,3,2,3,2,4,406,no_quant
00000003434,0.85,high,analysis / PDE / dynamics,3,3,3,2,4,413,no_quant
00000003435,0.85,high,number theory,3,2,3,2,4,433,no_quant
00000003436,0.85,high,analysis / PDE / dynamics,3,2,3,2,4,422,no_quant
00000003437,0.85,high,analysis / PDE / dynamics,3,3,3,3,4,402,no_quant
00000003441,0.85,high,probability,3,2,3,2,5,463,no_quant
00000003443,0.85,high,combinatorics / discrete,3,2,3,2,4,434,no_quant
00000003444,0.85,high,analysis / PDE / dynamics,3,4,3,4,4,423,no_quant
00000003446,0.85,high,analysis / PDE / dynamics,3,3,3,2,5,378,no_quant
00000003447,0.85,high,analysis / PDE / dynamics,3,3,3,3,5,451,no_quant
00000003449,0.85,high,number theory,3,2,3,2,5,437,no_quant
00000003451,0.85,high,analysis / PDE / dynamics,3,2,3,2,4,460,no_quant
00000003452,0.85,high,analysis / PDE / dynamics,3,3,3,3,4,390,no_quant
00000003454,0.85,high,analysis / PDE / dynamics,3,2,3,2,5,414,no_quant
00000003456,0.85,high,analysis / PDE / dynamics,3,2,3,2,5,445,no_quant
00000003457,0.85,high,analysis / PDE / dynamics,3,2,3,1,3,533,no_quant
00000003458,0.85,high,topology / geometry,3,2,3,2,4,448,no_quant
00000003460,0.85,high,probability,3,2,3,2,5,456,no_quant
00000003461,0.85,high,combinatorics / discrete,3,3,2,2,2,809,no_quant
00000003462,0.85,high,combinatorics / discrete,5,3,3,3,4,696,
00000003463,0.85,high,combinatorics / discrete,3,2,3,2,3,603,no_quant
00000003464,0.85,high,combinatorics / discrete,3,2,3,2,3,654,no_quant
00000003465,0.85,high,combinatorics / discrete,5,3,3,3,4,639,
00000003466,0.85,high,combinatorics / discrete,3,3,2,2,3,587,no_quant
00000003467,0.85,high,combinatorics / discrete,3,2,3,2,5,576,no_quant
00000003469,0.85,high,algebra / representation theory,5,3,3,3,4,693,
00000003470,0.85,high,combinatorics / discrete,3,2,3,1,3,628,no_quant
00000003471,0.85,high,analysis / PDE / dynamics,5,3,3,2,2,724,
00000003472,0.85,high,number theory,5,2,3,2,3,648,
00000003473,0.85,high,number theory,3,2,3,2,4,616,no_quant
00000003474,0.85,high,number theory,5,3,3,2,3,609,
00000003475,0.85,high,combinatorics / discrete,4,3,3,2,2,601,
00000003476,0.85,high,combinatorics / discrete,5,3,3,2,3,549,
00000003477,0.85,high,combinatorics / discrete,3,3,2,2,4,585,no_quant
00000003478,0.85,high,number theory,5,3,3,2,3,520,
00000003479,0.85,high,combinatorics / discrete,3,2,3,2,3,612,no_quant
00000003481,0.85,high,algebra / representation theory,5,3,3,3,5,539,
00000003482,0.85,high,combinatorics / discrete,5,2,3,2,2,643,
00000003483,0.85,high,combinatorics / discrete,2,3,3,2,4,565,no_quant
00000003484,0.85,high,combinatorics / discrete,3,2,3,2,3,518,no_quant
00000003485,0.85,high,combinatorics / discrete,5,3,2,2,2,524,
00000003486,0.85,high,combinatorics / discrete,5,3,3,2,3,624,
00000003487,0.85,high,combinatorics / discrete,3,2,3,2,4,544,no_quant
00000003488,0.85,high,number theory,3,3,3,3,5,604,no_quant
00000003489,0.85,high,combinatorics / discrete,3,3,2,2,3,546,no_quant
00000003490,0.85,high,number theory,5,3,2,2,4,567,
00000003492,0.85,high,topology / geometry,5,3,3,2,4,419,
00000003493,0.85,high,topology / geometry,3,3,3,3,4,498,no_quant
00000003494,0.85,high,topology / geometry,3,2,3,2,4,464,no_quant
00000003495,0.85,high,algebraic geometry,5,2,3,2,3,451,
00000003496,0.85,high,topology / geometry,3,3,3,3,4,428,no_quant
00000003498,0.85,high,number theory,3,2,3,2,4,462,no_quant
00000003499,0.85,high,algebraic geometry,3,2,3,2,4,449,no_quant
00000003500,0.85,high,number theory,3,2,3,2,4,447,no_quant
00000003501,0.85,high,algebraic geometry,3,2,3,2,4,465,no_quant
00000003502,0.85,high,algebra / representation theory,3,3,3,3,4,407,no_quant
00000003503,0.85,high,topology / geometry,5,2,3,2,3,468,
00000003504,0.85,high,algebraic geometry,3,2,3,2,4,506,no_quant
00000003505,0.85,high,topology / geometry,3,4,3,4,4,456,no_quant
00000003506,0.85,high,topology / geometry,3,2,3,2,4,461,no_quant
00000003507,0.85,high,algebraic geometry,3,3,3,3,4,357,no_quant
00000003508,0.85,high,number theory,3,3,3,3,4,444,no_quant
00000003509,0.85,high,algebraic geometry,3,2,3,2,4,412,no_quant
00000003510,0.85,high,algebraic geometry,3,4,3,4,5,424,no_quant
00000003511,0.85,high,topology / geometry,3,4,3,3,4,444,no_quant
00000003512,0.85,high,topology / geometry,5,5,2,5,4,422,grand
00000003513,0.85,high,algebraic geometry,3,3,3,3,4,442,no_quant
00000003514,0.85,high,algebraic geometry,3,3,2,2,4,425,no_quant
00000003516,0.85,high,number theory,3,2,3,2,4,375,no_quant
00000003517,0.85,high,topology / geometry,5,2,3,2,3,466,
00000003518,0.85,high,topology / geometry,3,3,2,2,5,461,no_quant
00000003519,0.85,high,number theory,3,3,3,3,4,446,no_quant
00000003520,0.85,high,topology / geometry,3,4,2,3,4,436,no_quant
00000003521,0.85,high,number theory,3,2,3,2,4,484,no_quant
00000003525,0.85,high,logic / complexity,3,2,3,2,4,402,no_quant
00000003526,0.85,high,number theory,3,4,3,3,4,408,no_quant
00000003528,0.85,high,combinatorics / discrete,3,2,3,2,5,429,no_quant
00000003529,0.85,high,analysis / PDE / dynamics,3,2,3,2,4,406,no_quant
00000003530,0.85,high,analysis / PDE / dynamics,3,2,3,2,4,367,no_quant
00000003531,0.85,high,combinatorics / discrete,3,4,3,3,5,414,no_quant
00000003532,0.85,high,combinatorics / discrete,3,2,3,2,4,414,no_quant
00000003534,0.85,high,combinatorics / discrete,5,2,3,2,3,433,
00000003536,0.85,high,combinatorics / discrete,3,2,3,2,4,379,no_quant
00000003538,0.85,high,combinatorics / discrete,5,2,3,2,3,360,
00000003539,0.85,high,number theory,5,2,3,2,3,431,
00000003540,0.85,high,number theory,3,4,3,4,4,471,no_quant
00000003541,0.85,high,analysis / PDE / dynamics,3,2,3,2,4,405,no_quant
00000003543,0.85,high,combinatorics / discrete,3,2,3,2,4,441,no_quant
00000003545,0.85,high,combinatorics / discrete,3,2,3,2,5,478,no_quant
00000003547,0.85,high,number theory,3,3,3,3,4,437,no_quant
00000003551,0.85,high,analysis / PDE / dynamics,3,2,3,2,4,465,no_quant
00000003552,0.85,high,combinatorics / discrete,3,2,3,2,4,466,no_quant
00000003553,0.85,high,combinatorics / discrete,5,3,2,2,3,404,
00000003554,0.85,high,analysis / PDE / dynamics,3,4,3,3,4,403,no_quant
00000003556,0.85,high,number theory,3,3,3,3,4,482,no_quant
00000003558,0.85,high,analysis / PDE / dynamics,3,2,3,2,4,445,no_quant
00000003560,0.85,high,number theory,3,2,3,2,4,393,no_quant
00000003561,0.85,high,analysis / PDE / dynamics,3,2,3,2,4,417,no_quant
00000003562,0.85,high,analysis / PDE / dynamics,3,2,3,2,5,393,no_quant
00000003563,0.85,high,analysis / PDE / dynamics,3,3,3,2,4,383,no_quant
00000003564,0.85,high,analysis / PDE / dynamics,3,2,3,2,5,390,no_quant
00000003565,0.85,high,probability,3,3,2,2,4,410,no_quant
00000003566,0.85,high,topology / geometry,3,2,3,2,4,469,no_quant
00000003567,0.85,high,topology / geometry,3,2,3,2,4,428,no_quant
00000003568,0.85,high,analysis / PDE / dynamics,5,2,3,2,3,419,
00000003569,0.85,high,analysis / PDE / dynamics,3,3,2,2,5,416,no_quant
00000003570,0.85,high,analysis / PDE / dynamics,3,3,3,2,4,448,no_quant
00000003571,0.85,high,topology / geometry,5,2,3,2,3,363,
00000003572,0.85,high,analysis / PDE / dynamics,3,2,3,2,3,433,no_quant
00000003573,0.85,high,analysis / PDE / dynamics,3,2,3,2,4,463,no_quant
00000003574,0.85,high,analysis / PDE / dynamics,3,3,3,3,4,439,no_quant
00000003576,0.85,high,analysis / PDE / dynamics,3,2,3,2,4,398,no_quant
00000003577,0.85,high,analysis / PDE / dynamics,3,2,3,2,5,380,no_quant
00000003578,0.85,high,number theory,3,3,3,2,4,438,no_quant
00000003579,0.85,high,analysis / PDE / dynamics,3,2,3,2,4,390,no_quant
00000003580,0.85,high,analysis / PDE / dynamics,3,2,3,2,4,415,no_quant
00000003581,0.85,high,combinatorics / discrete,3,3,3,3,5,391,no_quant
00000003582,0.85,high,combinatorics / discrete,3,2,3,2,5,382,no_quant
00000003583,0.85,high,number theory,3,2,3,1,2,389,no_quant
00000003584,0.85,high,number theory,3,3,3,2,2,381,no_quant
00000003585,0.85,high,algebra / representation theory,3,2,3,2,4,439,no_quant
00000003587,0.85,high,number theory,3,2,3,2,4,363,no_quant
00000003588,0.85,high,number theory,3,2,3,2,4,432,no_quant
00000003591,0.85,high,number theory,3,2,3,2,3,426,no_quant
00000003592,0.85,high,number theory,3,4,3,4,4,472,no_quant
00000003594,0.85,high,probability,3,2,3,2,5,376,no_quant
00000003596,0.85,high,algebraic geometry,4,3,3,2,1,378,
00000003598,0.85,high,combinatorics / discrete,3,2,3,2,5,395,no_quant
00000003599,0.85,high,number theory,3,2,3,2,4,412,no_quant
00000003600,0.85,high,probability,5,3,3,2,4,386,
00000003602,0.85,high,topology / geometry,3,2,3,2,4,397,no_quant
00000003603,0.85,high,combinatorics / discrete,3,2,3,2,4,349,no_quant
00000003604,0.85,high,combinatorics / discrete,3,2,3,2,3,403,no_quant
00000003605,0.85,high,number theory,3,2,3,1,2,381,no_quant
00000003607,0.85,high,number theory,3,2,3,2,3,389,no_quant
00000003609,0.85,high,number theory,3,4,3,4,4,431,no_quant
00000003611,0.85,high,number theory,5,2,3,2,4,389,
00000003612,0.85,high,algebra / representation theory,3,2,3,2,4,431,no_quant
00000003614,0.85,high,number theory,3,2,3,2,4,414,no_quant
00000003615,0.85,high,combinatorics / discrete,3,2,3,2,5,396,no_quant
00000003618,0.85,high,analysis / PDE / dynamics,3,3,3,3,4,415,no_quant
00000003619,0.85,high,analysis / PDE / dynamics,3,3,2,2,4,396,no_quant
00000003620,0.85,high,analysis / PDE / dynamics,5,2,3,2,3,418,
00000003621,0.85,high,topology / geometry,5,3,3,2,4,375,
00000003622,0.85,high,topology / geometry,3,3,2,2,4,408,no_quant
00000003623,0.85,high,topology / geometry,3,4,3,3,4,432,no_quant
00000003624,0.85,high,algebra / representation theory,3,3,3,3,4,444,no_quant
00000003625,0.85,high,analysis / PDE / dynamics,3,2,3,2,4,415,no_quant
00000003626,0.85,high,analysis / PDE / dynamics,3,3,3,2,4,370,no_quant
00000003628,0.85,high,number theory,3,2,3,2,5,394,no_quant
00000003630,0.85,high,number theory,3,3,2,2,4,380,no_quant
00000003631,0.85,high,number theory,3,3,2,2,4,375,no_quant
00000003632,0.85,high,combinatorics / discrete,5,3,2,2,3,413,
00000003634,0.85,high,analysis / PDE / dynamics,3,3,3,3,4,436,no_quant
00000003635,0.85,high,number theory,3,2,3,2,4,408,no_quant
00000003637,0.85,high,topology / geometry,3,2,3,2,4,367,no_quant
00000003641,0.85,high,probability,3,2,3,2,5,435,no_quant
00000003642,0.85,high,probability,3,2,3,2,4,444,no_quant
00000003643,0.85,high,number theory,3,3,3,3,3,439,no_quant
00000003644,0.85,high,probability,3,2,3,2,4,413,no_quant
00000003645,0.85,high,analysis / PDE / dynamics,2,2,3,2,4,440,no_quant
00000003646,0.85,high,probability,3,2,3,2,4,375,no_quant
00000003647,0.85,high,analysis / PDE / dynamics,3,2,3,2,4,452,no_quant
00000003648,0.85,high,combinatorics / discrete,3,2,3,2,4,446,no_quant
00000003649,0.85,high,probability,3,2,3,2,5,405,no_quant
00000003650,0.85,high,probability,3,2,3,2,4,407,no_quant
00000003651,0.85,high,combinatorics / discrete,3,3,2,2,4,396,no_quant
00000003652,0.85,high,probability,3,3,3,3,5,392,no_quant
00000003653,0.85,high,combinatorics / discrete,3,2,3,2,5,417,no_quant
00000003655,0.85,high,probability,3,2,3,2,4,410,no_quant
00000003656,0.85,high,combinatorics / discrete,3,2,3,2,5,456,no_quant
00000003657,0.85,high,analysis / PDE / dynamics,3,2,3,2,3,425,no_quant
00000003658,0.85,high,analysis / PDE / dynamics,3,2,3,2,4,406,no_quant
00000003659,0.85,high,probability,3,3,2,2,4,449,no_quant
00000003660,0.85,high,analysis / PDE / dynamics,3,2,3,2,4,401,no_quant
00000003661,0.85,high,algebra / representation theory,3,2,3,2,5,412,no_quant
00000003662,0.85,high,probability,3,2,3,2,5,398,no_quant
00000003663,0.85,high,analysis / PDE / dynamics,3,2,3,2,4,494,no_quant
00000003664,0.85,high,analysis / PDE / dynamics,3,2,3,2,5,446,no_quant
00000003665,0.85,high,analysis / PDE / dynamics,3,2,3,2,4,437,no_quant
00000003666,0.85,high,probability,3,2,3,2,4,432,no_quant
00000003668,0.85,high,topology / geometry,3,2,3,2,5,468,no_quant
00000003669,0.85,high,probability,2,2,3,2,4,443,no_quant
00000003670,0.85,high,analysis / PDE / dynamics,3,2,3,2,4,429,no_quant
00000003677,0.85,high,analysis / PDE / dynamics,3,2,3,2,4,402,no_quant
00000003678,0.85,high,number theory,3,2,3,2,4,430,no_quant
00000003680,0.85,high,analysis / PDE / dynamics,3,2,3,2,4,401,no_quant
00000003681,0.85,high,analysis / PDE / dynamics,3,2,3,2,5,447,no_quant
00000003686,0.85,high,number theory,3,3,3,3,4,386,no_quant
00000003687,0.85,high,combinatorics / discrete,3,2,3,2,4,396,no_quant
00000003690,0.85,high,number theory,3,2,3,2,4,443,no_quant
00000003692,0.85,high,logic / complexity,5,2,3,2,3,418,
00000003693,0.85,high,logic / complexity,3,2,3,2,4,390,no_quant
00000003694,0.85,high,combinatorics / discrete,3,2,3,2,4,431,no_quant
00000003695,0.85,high,combinatorics / discrete,3,3,2,2,4,451,no_quant
00000003697,0.85,high,logic / complexity,3,2,3,2,4,398,no_quant
00000003698,0.85,high,analysis / PDE / dynamics,3,2,3,2,4,416,no_quant
00000003700,0.85,high,combinatorics / discrete,3,2,3,2,4,440,no_quant
00000003702,0.85,high,analysis / PDE / dynamics,3,2,3,2,5,407,no_quant
00000003703,0.85,high,analysis / PDE / dynamics,3,2,3,2,4,389,no_quant
00000003705,0.85,high,algebra / representation theory,3,2,3,2,4,411,no_quant
00000003706,0.85,high,analysis / PDE / dynamics,3,2,3,2,4,405,no_quant
00000003707,0.85,high,analysis / PDE / dynamics,3,3,3,3,4,415,no_quant
00000003708,0.85,high,combinatorics / discrete,3,3,3,3,4,403,no_quant
00000003709,0.85,high,combinatorics / discrete,3,2,3,2,4,394,no_quant
00000003710,0.85,high,number theory,3,3,3,3,4,450,no_quant
00000003711,0.85,high,number theory,3,2,3,2,4,357,no_quant
00000003712,0.85,high,analysis / PDE / dynamics,3,2,3,2,4,413,no_quant
00000003713,0.85,high,topology / geometry,3,3,3,3,4,409,no_quant
00000003715,0.85,high,analysis / PDE / dynamics,5,4,3,3,4,414,
00000003716,0.85,high,topology / geometry,3,2,3,2,4,422,no_quant
00000003717,0.85,high,analysis / PDE / dynamics,3,2,3,2,4,404,no_quant
00000003718,0.85,high,number theory,5,3,3,2,4,383,
00000003719,0.85,high,analysis / PDE / dynamics,3,2,3,2,4,384,no_quant
00000003720,0.85,high,algebra / representation theory,3,2,3,2,4,435,no_quant
00000003721,0.85,high,number theory,3,2,3,2,4,444,no_quant
00000003722,0.85,high,algebra / representation theory,3,3,3,3,4,437,no_quant
00000003723,0.85,high,combinatorics / discrete,3,3,3,3,4,395,no_quant
00000003724,0.85,high,analysis / PDE / dynamics,3,2,3,2,4,445,no_quant
00000003725,0.85,high,combinatorics / discrete,3,2,3,2,4,390,no_quant
00000003726,0.85,high,number theory,5,5,3,5,5,410,
00000003728,0.85,high,combinatorics / discrete,5,3,3,3,3,442,
00000003729,0.85,high,number theory,3,2,3,2,5,448,no_quant
00000003730,0.85,high,analysis / PDE / dynamics,3,3,3,3,4,408,no_quant
00000003731,0.85,high,combinatorics / discrete,3,2,3,2,4,536,no_quant
00000003733,0.85,high,analysis / PDE / dynamics,3,2,3,2,4,440,no_quant
00000003734,0.85,high,logic / complexity,3,3,3,2,4,389,no_quant
00000003735,0.85,high,logic / complexity,3,2,3,2,4,389,no_quant
00000003736,0.85,high,analysis / PDE / dynamics,3,2,3,2,4,397,no_quant
00000003737,0.85,high,logic / complexity,3,2,3,2,4,388,no_quant
00000003738,0.85,high,number theory,3,2,3,2,5,516,no_quant
00000003740,0.85,high,algebra / representation theory,3,2,3,2,4,451,no_quant
00000003741,0.85,high,logic / complexity,3,2,3,2,4,384,no_quant
00000003744,0.85,high,algebra / representation theory,3,2,3,2,5,419,no_quant
00000003745,0.85,high,logic / complexity,3,2,3,2,5,384,no_quant
00000003746,0.85,high,combinatorics / discrete,3,2,3,2,4,375,no_quant
00000003749,0.85,high,number theory,3,3,3,3,4,390,no_quant
00000003750,0.85,high,algebra / representation theory,3,2,3,2,4,367,no_quant
00000003756,0.85,high,combinatorics / discrete,3,3,2,2,5,428,no_quant
00000003757,0.85,high,logic / complexity,3,2,3,2,4,450,no_quant
00000003758,0.85,high,logic / complexity,3,2,3,2,4,400,no_quant
00000003759,0.85,high,logic / complexity,3,3,2,2,4,375,no_quant
00000003760,0.85,high,logic / complexity,3,2,3,2,4,444,no_quant
00000003761,0.85,high,topology / geometry,5,2,3,2,3,454,
00000003762,0.85,high,topology / geometry,3,2,3,2,4,458,no_quant
00000003763,0.85,high,topology / geometry,5,3,3,2,4,436,
00000003765,0.85,high,algebra / representation theory,3,2,3,2,4,370,no_quant
00000003766,0.85,high,algebra / representation theory,3,2,3,2,4,472,no_quant
00000003769,0.85,high,topology / geometry,5,2,3,2,3,426,
00000003770,0.85,high,algebraic geometry,3,4,3,4,4,382,no_quant
00000003771,0.85,high,algebraic geometry,3,3,2,2,4,450,no_quant
00000003772,0.85,high,algebraic geometry,3,2,3,2,4,430,no_quant
00000003773,0.85,high,algebraic geometry,3,2,3,2,4,477,no_quant
00000003774,0.85,high,algebraic geometry,3,4,2,3,4,431,no_quant
00000003775,0.85,high,algebra / representation theory,3,2,3,2,4,475,no_quant
00000003778,0.85,high,algebraic geometry,3,2,3,2,4,392,no_quant
00000003779,0.85,high,topology / geometry,3,2,3,2,4,433,no_quant
00000003780,0.85,high,analysis / PDE / dynamics,3,2,3,2,4,350,no_quant
00000003782,0.85,high,algebraic geometry,3,2,3,2,4,413,no_quant
00000003786,0.85,high,algebraic geometry,3,2,3,2,4,488,no_quant
00000003788,0.85,high,algebra / representation theory,3,4,3,4,4,453,no_quant
00000003789,0.85,high,algebraic geometry,3,2,3,2,4,450,no_quant
00000003790,0.85,high,algebraic geometry,3,3,2,2,4,480,no_quant
00000003792,0.85,high,combinatorics / discrete,3,3,3,2,4,461,no_quant
00000003793,0.85,high,analysis / PDE / dynamics,3,2,3,2,5,425,no_quant
00000003797,0.85,high,analysis / PDE / dynamics,3,3,3,2,5,441,no_quant
00000003799,0.85,high,combinatorics / discrete,5,2,3,2,3,407,
00000003801,0.85,high,analysis / PDE / dynamics,3,2,3,2,5,434,no_quant
00000003803,0.85,high,algebraic geometry,3,3,3,2,5,466,no_quant
00000003804,0.85,high,probability,3,3,3,2,5,445,no_quant
00000003805,0.85,high,analysis / PDE / dynamics,3,2,3,2,4,420,no_quant
00000003806,0.85,high,combinatorics / discrete,3,2,3,2,4,389,no_quant
00000003809,0.85,high,analysis / PDE / dynamics,3,3,3,2,4,401,no_quant
00000003813,0.85,high,combinatorics / discrete,3,3,3,2,4,398,no_quant
00000003817,0.85,high,analysis / PDE / dynamics,5,3,3,2,3,431,
00000003818,0.85,high,analysis / PDE / dynamics,3,2,3,2,5,373,no_quant
00000003821,0.85,high,algebra / representation theory,5,4,2,3,3,587,
00000003822,0.85,high,algebra / representation theory,5,4,3,3,4,457,
00000003823,0.85,high,algebra / representation theory,5,3,3,2,2,490,
00000003824,0.85,high,algebra / representation theory,5,3,3,2,3,522,
00000003825,0.85,high,algebra / representation theory,3,3,3,3,4,522,no_quant
00000003826,0.85,high,number theory,3,3,3,3,4,499,no_quant
00000003828,0.85,high,number theory,5,3,3,2,4,601,
00000003829,0.85,high,number theory,3,4,3,4,2,551,no_quant
00000003830,0.85,high,combinatorics / discrete,3,2,3,2,3,544,no_quant
00000003831,0.85,high,algebra / representation theory,5,4,3,3,3,527,
00000003832,0.85,high,number theory,3,3,3,3,3,549,no_quant
00000003833,0.85,high,combinatorics / discrete,3,3,2,2,3,521,no_quant
00000003834,0.85,high,algebra / representation theory,5,3,3,2,2,514,
00000003835,0.85,high,number theory,3,3,3,3,4,497,no_quant
00000003836,0.85,high,algebra / representation theory,5,3,2,2,3,510,
00000003838,0.85,high,number theory,5,3,3,2,2,500,
00000003839,0.85,high,algebra / representation theory,3,2,3,2,3,497,no_quant
00000003840,0.85,high,combinatorics / discrete,5,3,3,2,3,467,
00000003842,0.85,high,number theory,3,4,2,2,1,555,no_quant
00000003843,0.85,high,number theory,5,4,3,4,2,521,
00000003844,0.85,high,number theory,5,4,3,3,3,507,
00000003845,0.85,high,number theory,5,3,3,2,2,482,
00000003846,0.85,high,topology / geometry,5,3,3,2,3,412,
00000003848,0.85,high,number theory,5,4,3,4,2,541,
00000003849,0.85,high,number theory,3,3,2,2,4,441,no_quant
00000003850,0.85,high,algebra / representation theory,5,2,3,2,3,539,
00000003851,0.85,high,analysis / PDE / dynamics,3,3,3,3,4,579,no_quant
00000003852,0.85,high,probability,5,2,3,1,2,506,
00000003853,0.85,high,probability,5,4,3,3,2,517,
00000003855,0.85,high,analysis / PDE / dynamics,3,3,3,3,4,445,no_quant
00000003856,0.85,high,probability,3,2,3,2,3,373,no_quant
00000003857,0.85,high,number theory,4,3,3,3,4,508,
00000003858,0.85,high,probability,3,2,3,2,5,513,no_quant
00000003861,0.85,high,number theory,5,4,3,3,3,492,
00000003862,0.85,high,number theory,3,2,3,2,2,460,no_quant
00000003863,0.85,high,number theory,5,4,2,3,2,473,
00000003864,0.85,high,topology / geometry,4,3,3,2,3,481,
00000003865,0.85,high,analysis / PDE / dynamics,3,4,2,3,5,458,no_quant
00000003866,0.85,high,probability,3,2,3,1,2,477,no_quant
00000003867,0.85,high,probability,5,3,2,2,3,459,
00000003868,0.85,high,analysis / PDE / dynamics,5,4,3,4,5,449,
00000003869,0.85,high,number theory,3,2,3,2,2,468,no_quant
00000003871,0.85,high,analysis / PDE / dynamics,2,3,3,3,4,386,no_quant
00000003872,0.85,high,probability,3,2,3,2,4,431,no_quant
00000003873,0.85,high,analysis / PDE / dynamics,4,3,3,3,3,491,
00000003874,0.85,high,analysis / PDE / dynamics,5,3,3,3,4,463,
00000003875,0.85,high,number theory,3,3,3,2,2,496,no_quant
00000003876,0.85,high,algebra / representation theory,4,3,3,2,3,514,
00000003877,0.85,high,number theory,3,2,3,2,4,438,no_quant
00000003878,0.85,high,probability,3,2,3,2,3,467,no_quant
00000003879,0.85,high,probability,3,2,3,2,3,439,no_quant
00000003881,0.85,high,number theory,5,3,3,2,3,538,
00000003882,0.85,high,algebra / representation theory,5,3,2,2,4,495,
00000003883,0.85,high,number theory,3,3,3,3,3,591,no_quant
00000003884,0.85,high,algebra / representation theory,3,2,3,2,4,435,no_quant
00000003885,0.85,high,number theory,5,3,3,2,3,487,
00000003886,0.85,high,algebra / representation theory,3,2,3,2,4,480,no_quant
00000003888,0.85,high,algebra / representation theory,4,3,3,2,4,489,
00000003889,0.85,high,algebra / representation theory,3,2,3,2,4,541,no_quant
00000003890,0.85,high,algebra / representation theory,5,3,3,2,3,443,
00000003891,0.85,high,number theory,5,3,3,3,3,505,
00000003892,0.85,high,algebraic geometry,3,3,3,3,3,457,no_quant
00000003893,0.85,high,algebra / representation theory,3,2,3,2,3,438,no_quant
00000003894,0.85,high,algebraic geometry,3,4,3,4,3,547,no_quant
00000003895,0.85,high,algebra / representation theory,5,3,3,3,4,516,
00000003896,0.85,high,algebra / representation theory,3,2,3,2,2,558,no_quant
00000003897,0.85,high,algebra / representation theory,3,2,3,2,4,481,no_quant
00000003898,0.85,high,number theory,3,3,3,3,2,501,no_quant
00000003900,0.85,high,algebra / representation theory,5,3,3,2,3,437,
00000003901,0.85,high,algebra / representation theory,4,3,3,2,3,566,
00000003902,0.85,high,number theory,5,3,3,2,2,484,
00000003903,0.85,high,number theory,3,2,3,2,4,544,no_quant
00000003904,0.85,high,algebra / representation theory,4,3,3,3,5,502,
00000003905,0.85,high,algebra / representation theory,3,2,3,2,3,591,no_quant
00000003906,0.85,high,algebraic geometry,5,4,3,3,4,491,
00000003907,0.85,high,algebra / representation theory,4,2,3,2,2,434,
00000003908,0.85,high,algebra / representation theory,3,3,3,2,3,450,no_quant
00000003909,0.85,high,algebraic geometry,3,3,3,3,3,552,no_quant
00000003910,0.85,high,number theory,5,3,3,2,4,533,
00000003911,0.85,high,topology / geometry,2,2,3,2,4,607,no_quant
00000003913,0.85,high,algebra / representation theory,5,3,3,2,4,556,
00000003914,0.85,high,topology / geometry,5,2,3,2,3,555,
00000003915,0.85,high,analysis / PDE / dynamics,5,3,2,2,3,460,
00000003916,0.85,high,topology / geometry,5,3,3,2,3,469,
00000003917,0.85,high,topology / geometry,3,2,3,2,2,567,no_quant
00000003918,0.85,high,topology / geometry,5,4,3,3,2,530,
00000003919,0.85,high,topology / geometry,3,3,3,3,2,517,no_quant
00000003920,0.85,high,topology / geometry,5,4,2,3,2,535,
00000003921,0.85,high,topology / geometry,3,2,3,2,4,552,no_quant
00000003922,0.85,high,number theory,3,3,3,3,4,501,no_quant
00000003923,0.85,high,analysis / PDE / dynamics,3,2,3,2,3,522,no_quant
00000003925,0.85,high,algebraic geometry,5,4,3,3,3,531,
00000003926,0.85,high,topology / geometry,3,4,3,4,4,464,no_quant
00000003927,0.85,high,algebra / representation theory,3,3,3,3,3,555,no_quant
00000003928,0.85,high,topology / geometry,3,2,3,2,3,579,no_quant
00000003929,0.85,high,topology / geometry,3,3,3,3,3,506,no_quant
00000003932,0.85,high,number theory,3,2,3,2,4,477,no_quant
00000003933,0.85,high,algebraic geometry,5,2,3,1,2,456,
00000003934,0.85,high,topology / geometry,3,3,3,3,4,463,no_quant
00000003936,0.85,high,algebraic geometry,5,3,3,3,3,507,
00000003939,0.85,high,number theory,5,3,3,2,3,482,
00000003941,0.85,high,combinatorics / discrete,4,3,3,3,4,551,
00000003942,0.85,high,combinatorics / discrete,3,2,3,2,2,476,no_quant
00000003943,0.85,high,combinatorics / discrete,3,2,3,2,3,402,no_quant
00000003944,0.85,high,combinatorics / discrete,5,3,3,3,3,426,
00000003945,0.85,high,combinatorics / discrete,5,4,3,4,4,449,
00000003946,0.85,high,combinatorics / discrete,5,3,3,2,3,488,
00000003947,0.85,high,combinatorics / discrete,5,2,3,1,1,430,
00000003948,0.85,high,number theory,4,2,3,2,3,451,
00000003949,0.85,high,combinatorics / discrete,4,3,3,2,2,550,
00000003950,0.85,high,number theory,5,2,3,2,3,515,
00000003951,0.85,high,combinatorics / discrete,3,2,3,1,1,566,no_quant
00000003952,0.85,high,number theory,3,2,3,2,2,519,no_quant
00000003954,0.85,high,combinatorics / discrete,3,2,3,2,3,537,no_quant
00000003956,0.85,high,combinatorics / discrete,3,2,3,2,4,518,no_quant
00000003957,0.85,high,combinatorics / discrete,4,2,3,2,2,511,
00000003958,0.85,high,number theory,4,3,3,3,4,537,
00000003959,0.85,high,combinatorics / discrete,5,3,3,3,3,479,
00000003960,0.85,high,combinatorics / discrete,5,2,3,2,4,505,
00000003961,0.85,high,combinatorics / discrete,4,3,3,2,2,539,
00000003962,0.85,high,combinatorics / discrete,3,2,3,2,4,427,no_quant
00000003963,0.85,high,combinatorics / discrete,5,3,3,1,2,422,
00000003964,0.85,high,combinatorics / discrete,5,3,3,2,2,460,
00000003965,0.85,high,combinatorics / discrete,4,3,3,3,4,470,
00000003967,0.85,high,combinatorics / discrete,5,3,3,3,4,528,
00000003968,0.85,high,number theory,3,3,3,3,2,508,no_quant
00000003969,0.85,high,algebraic geometry,3,2,3,1,1,447,no_quant
00000003970,0.85,high,combinatorics / discrete,5,3,3,2,3,489,
00000003972,0.85,high,number theory,3,2,3,2,3,459,no_quant
00000003973,0.85,high,number theory,5,4,3,4,3,524,
00000003974,0.85,high,algebra / representation theory,3,3,2,1,3,540,no_quant
00000003975,0.85,high,number theory,4,3,3,2,2,486,
00000003978,0.85,high,combinatorics / discrete,3,2,3,2,3,479,no_quant
00000003979,0.85,high,number theory,4,3,3,3,4,487,
00000003980,0.85,high,number theory,4,3,3,1,2,495,
00000003981,0.85,high,combinatorics / discrete,3,2,3,2,4,497,no_quant
00000003982,0.85,high,number theory,3,2,3,2,4,490,no_quant
00000003983,0.85,high,combinatorics / discrete,3,2,3,1,1,506,no_quant
00000003985,0.85,high,number theory,3,2,3,2,5,481,no_quant
00000003986,0.85,high,number theory,5,3,3,2,4,473,
00000003987,0.85,high,probability,3,2,3,1,3,534,no_quant
00000003989,0.85,high,logic / complexity,4,3,3,2,4,542,
00000003991,0.85,high,analysis / PDE / dynamics,3,2,3,1,3,485,no_quant
00000003992,0.85,high,combinatorics / discrete,3,2,3,2,3,451,no_quant
00000003993,0.85,high,combinatorics / discrete,3,2,3,2,3,510,no_quant
00000003994,0.85,high,combinatorics / discrete,3,2,3,2,2,466,no_quant
00000003996,0.85,high,combinatorics / discrete,5,3,3,3,4,509,
00000003997,0.85,high,combinatorics / discrete,5,4,3,3,5,469,
00000003998,0.85,high,analysis / PDE / dynamics,4,4,2,3,5,569,
00000004000,0.85,high,number theory,4,3,3,2,3,417,
00000004001,0.85,high,combinatorics / discrete,4,3,3,2,3,520,
00000004002,0.85,high,probability,3,2,3,2,4,459,no_quant
00000004003,0.85,high,analysis / PDE / dynamics,5,3,3,2,3,583,
00000004005,0.85,high,analysis / PDE / dynamics,5,3,3,3,5,473,
00000004006,0.85,high,number theory,5,3,3,2,4,492,
00000004008,0.85,high,number theory,4,3,3,2,3,464,
00000004009,0.85,high,number theory,3,2,3,2,3,409,no_quant
00000004010,0.85,high,probability,5,3,3,2,3,479,
00000004014,0.85,high,number theory,3,2,3,2,4,491,no_quant
00000004015,0.85,high,analysis / PDE / dynamics,3,2,3,2,2,477,no_quant
00000004017,0.85,high,number theory,3,2,3,2,4,478,no_quant
00000004018,0.85,high,number theory,3,2,3,2,3,456,no_quant
00000004020,0.85,high,number theory,3,3,3,3,5,443,no_quant
00000004022,0.85,high,probability,3,2,3,2,3,459,no_quant
00000004024,0.85,high,algebra / representation theory,3,2,3,2,3,468,no_quant
00000004025,0.85,high,probability,3,2,3,2,3,400,no_quant
00000004026,0.85,high,number theory,3,3,3,2,2,457,no_quant
00000004027,0.85,high,analysis / PDE / dynamics,3,2,3,2,5,488,no_quant
00000004029,0.85,high,probability,3,2,3,2,2,461,no_quant
00000004030,0.85,high,analysis / PDE / dynamics,4,2,3,2,3,526,
00000004032,0.85,high,number theory,3,3,3,3,3,545,no_quant
00000004033,0.85,high,algebra / representation theory,5,4,3,4,4,541,
00000004034,0.85,high,algebra / representation theory,3,2,3,2,2,562,no_quant
00000004037,0.85,high,number theory,3,3,3,3,2,543,no_quant
00000004038,0.85,high,number theory,4,3,3,2,3,480,
00000004039,0.85,high,algebra / representation theory,4,4,3,3,3,543,
00000004040,0.85,high,algebra / representation theory,5,4,3,3,2,501,
00000004041,0.85,high,algebra / representation theory,3,2,3,2,2,472,no_quant
00000004042,0.85,high,combinatorics / discrete,3,2,3,2,4,419,no_quant
00000004043,0.85,high,analysis / PDE / dynamics,3,3,3,2,4,451,no_quant
00000004044,0.85,high,algebra / representation theory,5,4,3,4,2,491,
00000004045,0.85,high,algebra / representation theory,5,3,3,3,3,425,
00000004046,0.85,high,algebra / representation theory,5,3,3,2,4,561,
00000004047,0.85,high,algebra / representation theory,4,4,3,3,3,529,
00000004048,0.85,high,algebra / representation theory,3,4,3,3,3,473,no_quant
00000004049,0.85,high,number theory,4,3,3,2,3,503,
00000004050,0.85,high,algebra / representation theory,5,4,2,3,3,462,
00000004051,0.85,high,algebra / representation theory,3,3,3,3,4,457,no_quant
00000004052,0.85,high,algebraic geometry,3,2,3,2,4,424,no_quant
00000004053,0.85,high,number theory,4,3,3,2,4,450,
00000004054,0.85,high,number theory,5,4,3,3,2,409,
00000004055,0.85,high,number theory,5,3,3,2,3,521,
00000004056,0.85,high,algebraic geometry,3,3,3,3,4,450,no_quant
00000004057,0.85,high,algebraic geometry,4,3,3,2,3,477,
00000004058,0.85,high,topology / geometry,3,3,2,2,3,506,no_quant
00000004061,0.85,high,number theory,3,4,3,4,4,633,no_quant
00000004062,0.85,high,algebra / representation theory,3,3,3,3,2,524,no_quant
00000004063,0.85,high,number theory,3,3,3,3,3,493,no_quant
00000004064,0.85,high,algebra / representation theory,5,2,3,1,1,495,
00000004065,0.85,high,topology / geometry,3,2,3,2,2,533,no_quant
00000004069,0.85,high,number theory,3,4,2,3,2,525,no_quant
00000004071,0.85,high,analysis / PDE / dynamics,3,2,3,2,4,495,no_quant
00000004072,0.85,high,analysis / PDE / dynamics,3,2,3,2,3,514,no_quant
00000004075,0.85,high,number theory,3,2,3,2,4,480,no_quant
00000004076,0.85,high,number theory,3,2,3,2,2,477,no_quant
00000004077,0.85,high,analysis / PDE / dynamics,3,3,3,3,3,483,no_quant
00000004079,0.85,high,analysis / PDE / dynamics,5,4,3,3,2,463,
00000004081,0.85,high,algebra / representation theory,3,4,2,3,4,525,no_quant
00000004082,0.85,high,analysis / PDE / dynamics,5,3,3,2,4,583,
00000004083,0.85,high,number theory,3,3,3,3,4,556,no_quant
00000004085,0.85,high,algebra / representation theory,3,2,3,2,3,481,no_quant
00000004086,0.85,high,algebraic geometry,3,2,3,2,4,599,no_quant
00000004087,0.85,high,algebra / representation theory,3,3,3,3,3,522,no_quant
00000004088,0.85,high,probability,2,3,3,3,4,577,no_quant
00000004089,0.85,high,algebraic geometry,3,2,3,1,1,520,no_quant
00000004091,0.85,high,number theory,3,3,2,2,3,517,no_quant
00000004092,0.85,high,algebra / representation theory,3,2,3,2,5,493,no_quant
00000004093,0.85,high,number theory,3,2,3,2,3,480,no_quant
00000004094,0.85,high,algebraic geometry,3,2,3,2,3,474,no_quant
00000004095,0.85,high,algebraic geometry,3,2,3,2,2,497,no_quant
00000004096,0.85,high,number theory,3,2,3,2,3,485,no_quant
00000004097,0.85,high,number theory,3,2,3,2,4,456,no_quant
00000004098,0.85,high,algebraic geometry,3,3,3,3,2,453,no_quant
00000004099,0.85,high,number theory,3,2,3,2,3,572,no_quant
00000004100,0.85,high,topology / geometry,5,3,3,2,3,481,
00000004101,0.85,high,topology / geometry,3,2,3,2,2,484,no_quant
00000004102,0.85,high,number theory,3,2,3,2,4,537,no_quant
00000004103,0.85,high,combinatorics / discrete,5,3,3,1,2,478,
00000004104,0.85,high,algebraic geometry,3,2,3,1,2,448,no_quant
00000004105,0.85,high,number theory,3,2,3,2,4,516,no_quant
00000004106,0.85,high,algebraic geometry,3,3,2,2,2,469,no_quant
00000004107,0.85,high,number theory,3,2,3,2,4,459,no_quant
00000004108,0.85,high,algebraic geometry,5,4,3,3,4,474,
00000004109,0.85,high,algebraic geometry,3,3,3,3,3,484,no_quant
00000004110,0.85,high,topology / geometry,5,3,3,2,3,458,
00000004111,0.85,high,number theory,4,3,3,2,2,451,
00000004112,0.85,high,topology / geometry,5,3,3,2,2,481,
00000004113,0.85,high,topology / geometry,3,2,3,2,3,490,no_quant
00000004114,0.85,high,number theory,3,2,3,2,5,446,no_quant
00000004115,0.85,high,topology / geometry,5,3,3,2,3,431,
00000004118,0.85,high,algebra / representation theory,3,2,3,2,4,415,no_quant
00000004119,0.85,high,combinatorics / discrete,3,2,3,2,4,432,no_quant
00000004120,0.85,high,topology / geometry,5,2,3,2,3,439,
00000004123,0.85,high,algebra / representation theory,5,4,2,2,4,478,
00000004124,0.85,high,combinatorics / discrete,3,3,2,2,4,482,no_quant
00000004125,0.85,high,algebra / representation theory,3,2,3,2,3,492,no_quant
00000004131,0.85,high,number theory,4,3,3,3,3,539,
00000004132,0.85,high,number theory,5,4,3,3,3,496,
00000004133,0.85,high,logic / complexity,3,4,2,3,3,458,no_quant
00000004134,0.85,high,number theory,5,4,3,3,3,423,
00000004135,0.85,high,combinatorics / discrete,3,2,3,2,3,550,no_quant
00000004139,0.85,high,combinatorics / discrete,5,3,2,2,2,443,
00000004140,0.85,high,logic / complexity,5,3,2,2,3,464,
00000004141,0.85,high,number theory,3,3,3,3,3,440,no_quant
00000004143,0.85,high,logic / complexity,3,3,2,2,4,489,no_quant
00000004144,0.85,high,algebra / representation theory,3,2,3,2,3,503,no_quant
00000004146,0.85,high,analysis / PDE / dynamics,3,2,3,2,4,465,no_quant
00000004148,0.85,high,analysis / PDE / dynamics,3,2,3,2,4,476,no_quant
00000004149,0.85,high,analysis / PDE / dynamics,3,2,3,2,5,459,no_quant
00000004151,0.85,high,number theory,3,2,3,2,4,557,no_quant
00000004152,0.85,high,number theory,3,2,3,2,3,465,no_quant
00000004153,0.85,high,number theory,2,3,3,3,3,447,no_quant
00000004155,0.85,high,number theory,3,2,3,2,4,474,no_quant
00000004156,0.85,high,number theory,3,3,3,3,3,444,no_quant
00000004159,0.85,high,probability,3,3,3,2,3,459,no_quant
00000004160,0.85,high,number theory,5,2,3,2,3,452,
00000004161,0.85,high,number theory,3,5,2,5,4,437,grand|no_quant
00000004162,0.85,high,number theory,4,3,3,3,5,518,
00000004163,0.85,high,number theory,5,4,3,4,2,479,
00000004164,0.85,high,algebra / representation theory,5,2,3,2,3,430,
00000004165,0.85,high,combinatorics / discrete,2,2,3,2,4,483,no_quant
00000004166,0.85,high,number theory,3,2,3,2,5,472,no_quant
00000004167,0.85,high,algebra / representation theory,3,2,3,2,4,489,no_quant
00000004168,0.85,high,algebra / representation theory,3,2,3,2,3,398,no_quant
00000004169,0.85,high,number theory,3,2,3,2,3,488,no_quant
00000004170,0.85,high,number theory,5,2,3,2,4,510,
00000004172,0.85,high,algebra / representation theory,3,2,3,2,4,430,no_quant
00000004174,0.85,high,number theory,5,3,3,3,4,506,
00000004175,0.85,high,number theory,5,3,3,2,3,455,
00000004176,0.85,high,number theory,3,4,3,4,3,449,no_quant
00000004177,0.85,high,number theory,3,2,3,2,5,482,no_quant
00000004179,0.85,high,number theory,3,2,3,2,4,390,no_quant
00000004180,0.85,high,algebra / representation theory,5,2,3,2,4,486,
00000004181,0.85,high,algebra / representation theory,3,3,3,3,4,554,no_quant
00000004182,0.85,high,topology / geometry,3,2,3,2,3,562,no_quant
00000004183,0.85,high,topology / geometry,5,3,3,3,5,423,
00000004184,0.85,high,probability,3,3,3,3,5,449,no_quant
00000004186,0.85,high,analysis / PDE / dynamics,3,2,3,2,4,507,no_quant
00000004187,0.85,high,topology / geometry,5,3,3,2,2,474,
00000004189,0.85,high,topology / geometry,3,2,3,2,4,483,no_quant
00000004190,0.85,high,analysis / PDE / dynamics,5,4,3,3,3,507,
00000004191,0.85,high,topology / geometry,3,2,3,2,3,471,no_quant
00000004192,0.85,high,number theory,3,3,3,3,5,632,no_quant
00000004193,0.85,high,number theory,3,5,2,4,5,504,
00000004194,0.85,high,analysis / PDE / dynamics,3,2,3,2,5,509,no_quant
00000004196,0.85,high,analysis / PDE / dynamics,3,2,3,2,5,459,no_quant
00000004197,0.85,high,analysis / PDE / dynamics,3,3,3,3,4,514,no_quant
00000004200,0.85,high,topology / geometry,5,2,3,2,3,412,
00000004201,0.85,high,topology / geometry,3,2,3,2,3,507,no_quant
00000004202,0.85,high,topology / geometry,2,2,3,2,4,511,no_quant
00000004203,0.85,high,topology / geometry,4,4,2,2,2,437,
00000004204,0.85,high,analysis / PDE / dynamics,5,4,3,3,4,418,
00000004205,0.85,high,analysis / PDE / dynamics,3,4,3,4,4,473,no_quant
00000004206,0.85,high,algebra / representation theory,3,2,3,2,3,473,no_quant
00000004209,0.85,high,topology / geometry,3,3,3,3,5,524,no_quant
00000004211,0.85,high,number theory,3,2,3,2,3,514,no_quant
00000004212,0.85,high,topology / geometry,3,2,3,2,3,462,no_quant
00000004213,0.85,high,number theory,3,3,3,2,2,553,no_quant
00000004214,0.85,high,number theory,3,3,3,2,4,462,no_quant
00000004215,0.85,high,topology / geometry,3,2,3,2,4,508,no_quant
00000004216,0.85,high,number theory,3,2,3,2,4,459,no_quant
00000004217,0.85,high,number theory,5,3,3,1,1,513,
00000004218,0.85,high,probability,3,2,3,2,4,410,no_quant
00000004219,0.85,high,number theory,3,2,3,2,4,477,no_quant
00000004220,0.85,high,topology / geometry,5,3,3,2,3,462,
00000004222,0.85,high,number theory,3,3,2,2,2,516,no_quant
00000004223,0.85,high,topology / geometry,4,3,2,2,3,458,
00000004224,0.85,high,number theory,3,2,3,2,4,441,no_quant
00000004225,0.85,high,analysis / PDE / dynamics,3,3,3,3,3,463,no_quant
00000004227,0.85,high,number theory,3,2,3,2,3,478,no_quant
00000004228,0.85,high,number theory,5,3,3,2,3,492,
00000004229,0.85,high,number theory,3,2,3,2,4,514,no_quant
00000004230,0.85,high,number theory,5,2,3,2,3,481,
00000004231,0.85,high,topology / geometry,3,2,3,2,5,454,no_quant
00000004232,0.85,high,combinatorics / discrete,3,2,3,2,4,435,no_quant
00000004233,0.85,high,topology / geometry,3,3,3,2,3,479,no_quant
00000004234,0.85,high,topology / geometry,3,2,3,2,4,494,no_quant
00000004235,0.85,high,topology / geometry,3,2,3,2,5,428,no_quant
00000004237,0.85,high,combinatorics / discrete,3,3,2,2,4,426,no_quant
00000004238,0.85,high,topology / geometry,4,3,2,2,4,460,
00000004239,0.85,high,number theory,3,2,3,2,4,484,no_quant
00000004240,0.85,high,combinatorics / discrete,5,2,3,2,3,444,
00000004241,0.85,high,number theory,3,4,2,3,4,533,no_quant
00000004242,0.85,high,algebra / representation theory,5,3,2,2,4,496,
00000004243,0.85,high,number theory,3,2,3,2,3,555,no_quant
00000004245,0.85,high,number theory,3,4,2,3,4,475,no_quant
00000004246,0.85,high,topology / geometry,5,3,3,2,3,485,
00000004247,0.85,high,number theory,3,3,2,2,3,517,no_quant
00000004248,0.85,high,number theory,3,3,2,2,3,448,no_quant
00000004249,0.85,high,algebraic geometry,3,3,2,1,3,471,no_quant
00000004250,0.85,high,algebraic geometry,5,3,2,2,3,516,
00000004251,0.85,high,number theory,3,3,2,2,3,526,no_quant
00000004253,0.85,high,algebraic geometry,3,3,2,2,3,464,no_quant
00000004254,0.85,high,algebraic geometry,4,3,2,2,3,511,
00000004255,0.85,high,algebra / representation theory,3,4,2,3,4,509,no_quant
00000004256,0.85,high,number theory,3,2,3,2,3,527,no_quant
00000004258,0.85,high,number theory,3,2,3,2,4,509,no_quant
00000004259,0.85,high,analysis / PDE / dynamics,3,3,3,3,5,515,no_quant
00000004260,0.85,high,number theory,5,3,3,2,3,521,
00000004261,0.85,high,analysis / PDE / dynamics,5,3,3,2,2,504,
00000004262,0.85,high,number theory,5,3,3,2,2,471,
00000004263,0.85,high,algebraic geometry,4,4,3,3,2,528,
00000004264,0.85,high,number theory,3,2,3,2,3,516,no_quant
00000004265,0.85,high,number theory,3,2,3,2,4,455,no_quant
00000004267,0.85,high,number theory,3,3,3,3,4,490,no_quant
00000004268,0.85,high,number theory,3,2,3,1,1,464,no_quant
00000004269,0.85,high,algebra / representation theory,3,2,3,2,3,460,no_quant
00000004270,0.85,high,number theory,5,2,3,2,2,485,
00000004274,0.85,high,algebra / representation theory,4,3,3,2,3,522,
00000004275,0.85,high,number theory,3,3,2,2,3,496,no_quant
00000004276,0.85,high,number theory,4,3,3,2,3,473,
00000004278,0.85,high,algebra / representation theory,3,2,3,2,3,613,no_quant
00000004280,0.85,high,algebra / representation theory,5,2,3,2,3,424,
00000004282,0.85,high,logic / complexity,3,2,3,2,5,424,no_quant
00000004283,0.85,high,number theory,3,2,3,2,3,518,no_quant
00000004284,0.85,high,number theory,4,3,3,2,4,458,
00000004288,0.85,high,number theory,4,4,2,3,4,511,
00000004289,0.85,high,logic / complexity,5,3,3,2,2,767,
00000004290,0.85,high,logic / complexity,5,2,3,2,3,417,
00000004291,0.85,high,algebra / representation theory,3,2,3,2,4,514,no_quant
00000004292,0.85,high,probability,3,2,3,2,5,462,no_quant
00000004293,0.85,high,number theory,5,3,3,2,3,451,
00000004294,0.85,high,number theory,3,3,2,2,2,557,no_quant
00000004295,0.85,high,number theory,4,3,3,3,5,518,
00000004296,0.85,high,algebra / representation theory,3,2,3,2,4,508,no_quant
00000004298,0.85,high,algebra / representation theory,3,2,3,2,4,473,no_quant
00000004300,0.85,high,algebra / representation theory,5,2,3,2,3,522,
00000004301,0.85,high,number theory,3,3,2,2,4,532,no_quant
00000004303,0.85,high,number theory,3,2,3,2,5,476,no_quant
00000004306,0.85,high,probability,4,3,3,1,2,501,
00000004307,0.85,high,number theory,3,2,3,2,2,402,no_quant
00000004308,0.85,high,number theory,3,2,3,2,4,531,no_quant
00000004309,0.85,high,number theory,3,3,2,2,2,492,no_quant
00000004310,0.85,high,number theory,5,3,2,2,3,502,
00000004311,0.85,high,probability,4,2,3,2,4,539,
00000004312,0.85,high,number theory,2,2,3,2,5,448,no_quant
00000004314,0.85,high,number theory,3,2,3,2,5,498,no_quant
00000004315,0.85,high,number theory,3,2,3,2,4,490,no_quant
00000004316,0.85,high,number theory,3,2,3,2,4,450,
00000004317,0.85,high,number theory,3,2,3,2,4,450,no_quant
00000004318,0.85,high,number theory,4,3,3,2,2,438,
00000004319,0.85,high,number theory,3,3,3,3,3,411,no_quant
00000004320,0.85,high,number theory,4,2,3,2,3,539,
00000004322,0.85,high,number theory,3,3,3,3,3,475,no_quant
00000004325,0.85,high,number theory,3,2,3,2,4,436,no_quant
00000004328,0.85,high,number theory,3,3,2,2,2,534,no_quant
00000004330,0.85,high,number theory,5,3,2,2,3,457,
00000004331,0.85,high,analysis / PDE / dynamics,4,3,2,2,4,502,
00000004332,0.85,high,analysis / PDE / dynamics,3,4,2,3,4,479,no_quant
00000004333,0.85,high,topology / geometry,3,2,3,2,4,497,no_quant
00000004334,0.85,high,topology / geometry,3,2,3,2,4,507,no_quant
00000004335,0.85,high,analysis / PDE / dynamics,3,2,3,2,4,574,no_quant
00000004336,0.85,high,number theory,3,2,3,2,4,516,no_quant
00000004337,0.85,high,probability,3,2,3,2,3,464,no_quant
00000004338,0.85,high,probability,3,2,3,2,4,563,no_quant
00000004340,0.85,high,analysis / PDE / dynamics,4,3,3,2,3,489,
00000004344,0.85,high,analysis / PDE / dynamics,3,2,3,2,5,490,no_quant
00000004345,0.85,high,topology / geometry,3,2,3,2,4,533,no_quant
00000004347,0.85,high,analysis / PDE / dynamics,3,3,3,2,3,504,no_quant
00000004349,0.85,high,analysis / PDE / dynamics,3,2,3,2,5,495,no_quant
00000004350,0.85,high,analysis / PDE / dynamics,5,3,3,2,3,500,
00000004351,0.85,high,probability,3,2,3,2,5,528,no_quant
00000004352,0.85,high,probability,3,2,3,2,3,482,no_quant
00000004353,0.85,high,analysis / PDE / dynamics,3,2,3,2,5,488,no_quant
00000004354,0.85,high,probability,3,2,3,2,4,456,no_quant
00000004355,0.85,high,analysis / PDE / dynamics,3,2,3,2,5,448,no_quant
00000004356,0.85,high,analysis / PDE / dynamics,5,2,3,2,2,475,
00000004357,0.85,high,number theory,3,3,3,3,4,556,no_quant
00000004361,0.85,high,number theory,3,2,3,2,3,521,no_quant
00000004362,0.85,high,number theory,3,2,3,2,3,545,no_quant
00000004363,0.85,high,number theory,4,3,3,2,4,539,
00000004364,0.85,high,topology / geometry,5,3,2,2,4,520,
00000004365,0.85,high,topology / geometry,3,2,3,2,3,424,no_quant
00000004366,0.85,high,algebraic geometry,3,3,3,3,4,426,no_quant
00000004367,0.85,high,algebraic geometry,3,3,3,3,4,471,no_quant
00000004368,0.85,high,number theory,3,2,3,2,3,531,no_quant
00000004369,0.85,high,topology / geometry,3,3,3,2,1,521,no_quant
00000004370,0.85,high,algebra / representation theory,5,3,2,2,3,432,
00000004371,0.85,high,topology / geometry,4,3,3,3,5,480,
00000004372,0.85,high,algebra / representation theory,5,3,3,2,3,581,
00000004373,0.85,high,algebraic geometry,3,4,3,4,3,490,no_quant
00000004375,0.85,high,algebraic geometry,4,4,3,4,3,459,
00000004376,0.85,high,algebraic geometry,3,3,3,3,3,479,no_quant
00000004378,0.85,high,analysis / PDE / dynamics,3,3,2,2,4,449,no_quant
00000004379,0.85,high,topology / geometry,3,3,2,2,4,429,no_quant
00000004380,0.85,high,algebra / representation theory,5,3,2,2,3,487,
00000004382,0.85,high,number theory,3,4,3,4,2,724,no_quant
00000004388,0.85,high,number theory,5,3,3,1,1,748,
00000004391,0.85,high,analysis / PDE / dynamics,3,3,3,3,5,591,no_quant
00000004392,0.85,high,combinatorics / discrete,5,2,3,2,3,558,
00000004393,0.85,high,analysis / PDE / dynamics,3,2,3,2,4,503,no_quant
00000004395,0.85,high,combinatorics / discrete,3,2,3,2,4,492,no_quant
00000004396,0.85,high,number theory,5,3,3,2,4,458,
00000004397,0.85,high,number theory,3,2,3,2,5,598,no_quant
00000004398,0.85,high,combinatorics / discrete,5,3,3,3,4,507,
00000004399,0.85,high,combinatorics / discrete,5,3,3,2,3,428,
00000004400,0.85,high,analysis / PDE / dynamics,5,3,3,2,3,508,
00000004401,0.85,high,number theory,3,4,3,4,4,484,no_quant
00000004402,0.85,high,number theory,3,3,3,3,4,553,no_quant
00000004404,0.85,high,number theory,3,3,2,2,5,520,no_quant
00000004405,0.85,high,combinatorics / discrete,3,3,3,2,3,430,no_quant
00000004406,0.85,high,combinatorics / discrete,3,2,3,2,3,448,no_quant
00000004407,0.85,high,combinatorics / discrete,3,3,3,2,4,470,no_quant
00000004408,0.85,high,combinatorics / discrete,5,3,2,2,3,537,
00000004410,0.85,high,probability,4,3,3,2,3,515,
00000004412,0.85,high,analysis / PDE / dynamics,3,2,3,2,5,580,no_quant
00000004414,0.85,high,analysis / PDE / dynamics,3,3,3,2,4,513,no_quant
00000004415,0.85,high,combinatorics / discrete,3,2,3,2,5,519,no_quant
00000004417,0.85,high,analysis / PDE / dynamics,3,2,3,2,4,516,no_quant
00000004418,0.85,high,analysis / PDE / dynamics,3,3,3,2,2,508,no_quant
00000004419,0.85,high,analysis / PDE / dynamics,3,2,3,2,4,468,no_quant
00000004420,0.85,high,combinatorics / discrete,4,3,2,2,3,536,
00000004421,0.85,high,analysis / PDE / dynamics,3,2,3,2,4,529,no_quant
00000004423,0.85,high,probability,3,2,3,2,5,467,no_quant
00000004424,0.85,high,number theory,3,3,2,2,4,530,no_quant
00000004425,0.85,high,number theory,4,4,3,3,4,420,
00000004426,0.85,high,number theory,3,2,3,2,4,501,no_quant
00000004428,0.85,high,probability,3,3,2,2,3,466,no_quant
00000004429,0.85,high,probability,3,2,3,2,5,464,no_quant
00000004430,0.85,high,probability,4,3,3,2,3,492,
00000004431,0.85,high,number theory,3,3,3,3,4,496,no_quant
00000004432,0.85,high,analysis / PDE / dynamics,3,3,3,3,4,466,no_quant
00000004433,0.85,high,number theory,4,2,3,2,3,456,
00000004434,0.85,high,number theory,3,3,3,3,4,452,no_quant
00000004435,0.85,high,analysis / PDE / dynamics,3,2,3,2,3,475,no_quant
00000004437,0.85,high,number theory,3,2,3,2,3,424,no_quant
00000004438,0.85,high,algebra / representation theory,3,3,3,3,4,484,no_quant
00000004439,0.85,high,analysis / PDE / dynamics,5,4,3,3,3,446,
00000004440,0.85,high,number theory,4,3,3,3,3,532,
00000004442,0.85,high,analysis / PDE / dynamics,3,2,3,2,4,453,no_quant
00000004443,0.85,high,topology / geometry,3,2,3,2,3,368,no_quant
00000004444,0.85,high,analysis / PDE / dynamics,3,2,3,2,4,522,no_quant
00000004446,0.85,high,number theory,3,2,3,2,3,414,no_quant
00000004450,0.85,high,probability,5,3,2,2,3,503,
00000004451,0.85,high,algebra / representation theory,3,2,3,2,4,548,no_quant
00000004452,0.85,high,algebraic geometry,3,3,3,3,4,480,no_quant
00000004453,0.85,high,number theory,3,3,2,2,4,521,no_quant
00000004454,0.85,high,number theory,3,2,3,2,4,485,no_quant
00000004455,0.85,high,algebra / representation theory,3,2,3,2,4,490,no_quant
00000004456,0.85,high,number theory,3,3,3,3,4,464,no_quant
00000004457,0.85,high,algebra / representation theory,4,4,2,3,4,770,
00000004458,0.85,high,number theory,3,2,3,2,4,510,no_quant
00000004459,0.85,high,topology / geometry,3,3,3,2,2,487,no_quant
00000004460,0.85,high,topology / geometry,5,2,3,1,1,470,
00000004461,0.85,high,number theory,3,4,2,3,3,451,no_quant
00000004462,0.85,high,algebraic geometry,4,3,2,2,4,422,
00000004463,0.85,high,number theory,3,3,2,2,4,441,no_quant
00000004464,0.85,high,number theory,3,3,3,3,4,432,no_quant
00000004465,0.85,high,algebra / representation theory,5,4,2,3,4,509,
00000004466,0.85,high,number theory,3,2,3,2,5,489,no_quant
00000004467,0.85,high,number theory,3,2,3,2,3,422,no_quant
00000004468,0.85,high,algebraic geometry,3,3,3,3,4,435,no_quant
00000004469,0.85,high,number theory,4,4,3,3,4,463,
00000004470,0.85,high,algebra / representation theory,5,3,3,3,3,415,
00000004471,0.85,high,algebra / representation theory,3,2,3,2,3,451,no_quant
00000004473,0.85,high,number theory,4,3,3,2,3,847,
00000004474,0.85,high,algebraic geometry,3,2,3,2,3,455,no_quant
00000004475,0.85,high,analysis / PDE / dynamics,3,2,3,2,4,475,no_quant
00000004480,0.85,high,algebraic geometry,5,4,3,3,3,435,
00000004481,0.85,high,algebraic geometry,3,2,3,2,4,551,no_quant
00000004482,0.85,high,algebraic geometry,3,2,3,2,4,536,no_quant
00000004483,0.85,high,algebraic geometry,3,2,3,2,4,485,no_quant
00000004484,0.85,high,analysis / PDE / dynamics,3,2,3,2,2,529,no_quant
00000004485,0.85,high,algebraic geometry,4,3,3,2,4,479,
00000004486,0.85,high,algebraic geometry,3,2,3,2,4,488,no_quant
00000004488,0.85,high,logic / complexity,5,3,3,2,4,496,
00000004489,0.85,high,number theory,3,3,3,3,2,432,no_quant
00000004495,0.85,high,topology / geometry,3,2,3,2,4,523,no_quant
00000004496,0.85,high,algebra / representation theory,3,2,3,2,4,482,no_quant
00000004498,0.85,high,combinatorics / discrete,4,3,3,2,4,473,
00000004501,0.85,high,algebra / representation theory,3,2,3,2,4,468,no_quant
00000004502,0.85,high,logic / complexity,3,3,2,2,3,598,no_quant
00000004504,0.85,high,analysis / PDE / dynamics,3,3,3,2,4,433,no_quant
00000004505,0.85,high,logic / complexity,3,2,3,2,3,488,no_quant
00000004506,0.85,high,logic / complexity,4,2,3,2,3,460,
00000004507,0.85,high,number theory,3,2,3,2,4,451,no_quant
00000004511,0.85,high,number theory,3,3,2,2,4,606,no_quant
00000004515,0.85,high,probability,2,2,3,2,4,473,no_quant
00000004516,0.85,high,analysis / PDE / dynamics,2,2,3,2,5,488,no_quant
00000004517,0.85,high,combinatorics / discrete,3,2,3,2,5,522,no_quant
00000004521,0.85,high,probability,3,2,3,2,5,496,no_quant
00000004522,0.85,high,algebraic geometry,3,2,3,2,4,467,no_quant
00000004524,0.85,high,analysis / PDE / dynamics,4,3,3,3,4,504,
00000004525,0.85,high,combinatorics / discrete,3,3,3,3,5,463,no_quant
00000004526,0.85,high,analysis / PDE / dynamics,3,2,3,2,3,472,no_quant
00000004527,0.85,high,algebraic geometry,3,2,3,2,3,440,no_quant
00000004528,0.85,high,probability,3,2,3,2,4,517,no_quant
00000004529,0.85,high,probability,2,2,3,2,5,498,no_quant
00000004532,0.85,high,algebra / representation theory,4,2,3,2,4,435,
00000004533,0.85,high,algebraic geometry,3,2,3,2,3,427,no_quant
00000004534,0.85,high,number theory,3,2,3,2,4,472,no_quant
00000004535,0.85,high,combinatorics / discrete,3,2,3,2,2,512,no_quant
00000004536,0.85,high,combinatorics / discrete,3,2,3,2,2,470,no_quant
00000004538,0.85,high,combinatorics / discrete,3,2,3,2,5,487,no_quant
00000004539,0.85,high,analysis / PDE / dynamics,3,2,3,2,4,635,no_quant
00000004540,0.85,high,probability,4,2,3,2,2,492,
00000004541,0.85,high,probability,3,2,3,2,3,564,no_quant
00000004542,0.85,high,analysis / PDE / dynamics,4,4,3,3,5,519,
00000004545,0.85,high,logic / complexity,3,2,3,2,4,494,no_quant
00000004547,0.85,high,number theory,3,4,2,3,5,477,no_quant
00000004549,0.85,high,number theory,3,2,3,2,4,494,no_quant
00000004551,0.85,high,number theory,3,2,3,2,5,499,no_quant
00000004552,0.85,high,number theory,3,4,3,4,5,481,no_quant
00000004554,0.85,high,number theory,3,2,3,2,4,471,no_quant
00000004555,0.85,high,number theory,3,2,3,2,4,461,no_quant
00000004556,0.85,high,analysis / PDE / dynamics,3,2,3,2,5,474,no_quant
00000004557,0.85,high,number theory,3,2,3,2,4,497,no_quant
00000004560,0.85,high,algebra / representation theory,5,2,3,2,3,543,
00000004561,0.85,high,number theory,5,3,3,2,4,391,
00000004562,0.85,high,algebraic geometry,4,2,3,2,3,454,
00000004563,0.85,high,analysis / PDE / dynamics,3,2,3,2,4,480,no_quant
00000004564,0.85,high,number theory,3,2,3,2,4,432,no_quant
00000004565,0.85,high,algebraic geometry,3,3,3,3,4,507,no_quant
00000004566,0.85,high,algebraic geometry,3,2,3,2,4,457,no_quant
00000004568,0.85,high,number theory,3,4,2,4,4,505,no_quant
00000004570,0.85,high,number theory,4,3,3,2,3,505,
00000004571,0.85,high,number theory,3,3,3,2,4,518,
00000004573,0.85,high,analysis / PDE / dynamics,3,2,3,2,2,557,no_quant
00000004576,0.85,high,topology / geometry,3,2,3,2,3,494,no_quant
00000004578,0.85,high,algebra / representation theory,3,3,3,3,5,496,no_quant
00000004579,0.85,high,analysis / PDE / dynamics,3,2,3,2,4,470,no_quant
00000004580,0.85,high,topology / geometry,4,3,2,2,3,459,
00000004581,0.85,high,topology / geometry,3,2,3,2,4,459,no_quant
00000004582,0.85,high,topology / geometry,3,3,3,3,5,449,
00000004584,0.85,high,number theory,3,4,3,3,5,473,no_quant
00000004585,0.85,high,topology / geometry,5,4,3,3,3,477,
00000004586,0.85,high,topology / geometry,3,2,3,2,5,485,no_quant
00000004587,0.85,high,topology / geometry,3,2,3,2,4,423,no_quant
00000004588,0.85,high,topology / geometry,3,3,2,2,5,473,no_quant
00000004589,0.85,high,algebraic geometry,4,3,3,2,4,504,
00000004590,0.85,high,topology / geometry,5,3,3,2,3,441,
00000004591,0.85,high,number theory,3,3,3,2,2,495,no_quant
00000004592,0.85,high,topology / geometry,2,2,3,2,4,452,no_quant
00000004593,0.85,high,analysis / PDE / dynamics,4,2,3,2,3,470,
00000004594,0.85,high,topology / geometry,3,2,3,2,3,444,no_quant
00000004595,0.85,high,topology / geometry,3,3,3,3,5,461,no_quant
00000004596,0.85,high,topology / geometry,4,3,3,2,4,456,
00000004597,0.85,high,number theory,3,2,3,2,4,468,no_quant
00000004598,0.85,high,analysis / PDE / dynamics,3,3,3,2,5,478,no_quant
00000004599,0.85,high,number theory,3,2,3,2,4,465,no_quant
00000004600,0.85,high,number theory,5,3,3,3,3,477,
00000004601,0.85,high,number theory,3,3,3,3,5,529,no_quant
00000004605,0.85,high,analysis / PDE / dynamics,3,3,3,3,4,512,no_quant
00000004606,0.85,high,topology / geometry,5,2,3,2,3,511,
00000004607,0.85,high,analysis / PDE / dynamics,3,2,3,2,4,453,no_quant
00000004608,0.85,high,algebraic geometry,3,2,3,2,3,470,no_quant
00000004609,0.85,high,number theory,3,3,3,3,4,443,no_quant
00000004616,0.85,high,number theory,3,4,2,3,3,476,no_quant
00000004617,0.85,high,topology / geometry,3,2,3,2,4,483,no_quant
00000004618,0.85,high,analysis / PDE / dynamics,4,2,3,2,3,527,
00000004619,0.85,high,analysis / PDE / dynamics,3,2,3,2,4,668,no_quant
00000004621,0.85,high,topology / geometry,3,3,3,3,5,431,no_quant
00000004622,0.85,high,algebraic geometry,3,2,3,2,4,477,no_quant
00000004623,0.85,high,topology / geometry,3,3,3,3,5,458,no_quant
00000004624,0.85,high,number theory,3,2,3,2,4,478,no_quant
00000004625,0.85,high,algebraic geometry,4,2,3,1,2,456,
00000004626,0.85,high,algebraic geometry,3,2,3,2,3,460,no_quant
00000004627,0.85,high,topology / geometry,2,3,3,2,5,455,no_quant
00000004628,0.85,high,topology / geometry,5,3,3,2,4,486,
00000004630,0.85,high,algebraic geometry,5,2,3,2,3,499,
00000004632,0.85,high,number theory,4,3,3,2,2,789,
00000004633,0.85,high,number theory,3,2,3,2,4,520,no_quant
00000004635,0.85,high,number theory,5,3,3,2,4,504,
00000004637,0.85,high,algebra / representation theory,4,3,3,2,4,449,
00000004638,0.85,high,number theory,3,4,2,3,4,442,no_quant
00000004639,0.85,high,algebraic geometry,2,2,3,2,4,532,no_quant
00000004640,0.85,high,algebra / representation theory,5,3,2,2,3,468,
00000004641,0.85,high,algebraic geometry,2,2,3,2,4,498,no_quant
00000004643,0.85,high,number theory,3,2,3,2,5,459,no_quant
00000004644,0.85,high,algebra / representation theory,3,2,3,2,4,510,no_quant
00000004645,0.85,high,number theory,3,2,3,2,5,469,no_quant
00000004646,0.85,high,algebra / representation theory,3,2,3,2,4,487,no_quant
00000004647,0.85,high,algebra / representation theory,4,3,3,2,4,482,
00000004648,0.85,high,algebra / representation theory,3,3,2,2,3,753,no_quant
00000004649,0.85,high,algebraic geometry,3,3,3,3,4,416,no_quant
00000004650,0.85,high,algebra / representation theory,5,2,3,2,3,506,
00000004651,0.85,high,number theory,3,2,3,2,5,519,no_quant
00000004652,0.85,high,number theory,4,4,3,4,5,748,
00000004653,0.85,high,number theory,3,2,3,2,4,487,no_quant
00000004655,0.85,high,number theory,3,2,3,2,4,412,no_quant
00000004656,0.85,high,number theory,3,3,3,3,4,463,no_quant
00000004657,0.85,high,number theory,3,4,3,3,4,411,no_quant
00000004658,0.85,high,number theory,3,3,3,3,4,456,no_quant
00000004659,0.85,high,number theory,3,3,3,3,4,447,no_quant
00000004660,0.85,high,number theory,4,3,3,3,3,492,
00000004661,0.85,high,algebra / representation theory,3,2,3,2,3,514,no_quant
00000004662,0.85,high,number theory,4,3,2,2,3,479,
00000004665,0.85,high,analysis / PDE / dynamics,3,3,3,3,4,481,no_quant
00000004667,0.85,high,algebraic geometry,3,3,3,3,5,477,no_quant
00000004669,0.85,high,number theory,5,2,3,2,3,629,
00000004671,0.85,high,number theory,4,3,3,2,4,481,
00000004672,0.85,high,analysis / PDE / dynamics,4,2,3,2,2,487,
00000004673,0.85,high,number theory,3,2,3,2,3,444,no_quant
00000004674,0.85,high,combinatorics / discrete,3,2,3,2,3,457,no_quant
00000004675,0.85,high,number theory,3,2,3,2,4,499,no_quant
00000004677,0.85,high,algebra / representation theory,3,3,3,3,4,420,no_quant
00000004678,0.85,high,algebra / representation theory,3,3,2,2,4,491,no_quant
00000004680,0.85,high,algebraic geometry,4,2,3,2,3,490,
00000004681,0.85,high,number theory,3,2,3,2,4,512,no_quant
00000004682,0.85,high,algebraic geometry,3,4,2,3,4,511,no_quant
00000004687,0.85,high,number theory,3,2,3,2,4,468,no_quant
00000004688,0.85,high,number theory,3,4,3,4,4,487,no_quant
00000004689,0.85,high,algebra / representation theory,5,3,3,3,4,817,
00000004690,0.85,high,number theory,5,3,2,2,3,439,
00000004692,0.85,high,analysis / PDE / dynamics,3,3,2,2,4,590,no_quant
00000004693,0.85,high,analysis / PDE / dynamics,3,2,3,2,5,510,no_quant
00000004694,0.85,high,analysis / PDE / dynamics,3,2,3,2,4,508,no_quant
00000004695,0.85,high,analysis / PDE / dynamics,3,3,2,2,5,524,no_quant
00000004696,0.85,high,analysis / PDE / dynamics,3,2,3,2,4,472,no_quant
00000004697,0.85,high,number theory,3,2,3,2,5,486,no_quant
00000004698,0.85,high,algebra / representation theory,3,3,3,3,5,448,no_quant
00000004699,0.85,high,topology / geometry,3,3,2,2,5,434,no_quant
00000004706,0.85,high,analysis / PDE / dynamics,3,4,3,3,3,478,no_quant
00000004707,0.85,high,number theory,3,2,3,2,4,435,no_quant
00000004709,0.85,high,number theory,3,2,3,2,4,461,no_quant
00000004710,0.85,high,analysis / PDE / dynamics,5,4,3,3,3,489,
00000004711,0.85,high,analysis / PDE / dynamics,3,2,3,2,5,436,no_quant
00000004712,0.85,high,number theory,4,3,3,2,4,413,
00000004713,0.85,high,algebraic geometry,4,3,3,3,4,471,
00000004714,0.85,high,combinatorics / discrete,3,3,2,2,4,464,no_quant
00000004716,0.85,high,logic / complexity,3,2,3,2,4,462,no_quant
00000004717,0.85,high,combinatorics / discrete,3,2,3,2,5,387,no_quant
00000004718,0.85,high,combinatorics / discrete,3,2,3,1,1,460,no_quant
00000004723,0.85,high,algebraic geometry,3,3,3,3,4,442,no_quant
00000004724,0.85,high,algebraic geometry,3,3,3,3,3,470,no_quant
00000004725,0.85,high,number theory,3,3,3,3,2,790,no_quant
00000004726,0.85,high,number theory,3,4,2,3,3,485,no_quant
00000004727,0.85,high,number theory,3,4,2,3,4,496,no_quant
00000004728,0.85,high,number theory,3,3,3,3,4,530,no_quant
00000004730,0.85,high,number theory,4,4,2,3,3,478,
00000004731,0.85,high,algebraic geometry,3,3,3,3,4,493,no_quant
00000004732,0.85,high,algebraic geometry,5,4,3,3,2,851,
00000004733,0.85,high,algebraic geometry,3,4,3,4,4,476,no_quant
00000004734,0.85,high,algebraic geometry,4,4,3,3,3,455,
00000004735,0.85,high,number theory,3,2,3,2,4,450,no_quant
00000004736,0.85,high,algebraic geometry,3,4,3,4,2,793,no_quant
00000004737,0.85,high,algebraic geometry,3,4,3,4,4,506,no_quant
00000004738,0.85,high,number theory,3,3,3,3,4,427,no_quant
00000004739,0.85,high,algebraic geometry,3,3,3,3,3,477,no_quant
00000004740,0.85,high,topology / geometry,4,3,2,2,3,470,
00000004741,0.85,high,number theory,3,4,3,4,4,497,no_quant
00000004742,0.85,high,algebraic geometry,3,4,3,4,4,501,no_quant
00000004744,0.85,high,algebraic geometry,3,3,3,3,4,515,no_quant
00000004745,0.85,high,number theory,5,4,2,3,2,850,
00000004746,0.85,high,number theory,3,3,3,2,5,462,no_quant
00000004749,0.85,high,number theory,3,3,2,2,4,496,no_quant
00000004750,0.85,high,number theory,4,4,2,3,3,514,
00000004751,0.85,high,number theory,3,3,3,3,4,480,no_quant
00000004753,0.85,high,probability,5,3,3,2,4,435,
00000004755,0.85,high,analysis / PDE / dynamics,3,2,3,2,4,436,no_quant
00000004757,0.85,high,analysis / PDE / dynamics,3,3,2,2,5,509,no_quant
00000004758,0.85,high,algebra / representation theory,3,4,2,3,3,700,no_quant
00000004759,0.85,high,number theory,3,3,3,3,3,415,no_quant
00000004760,0.85,high,analysis / PDE / dynamics,4,3,2,2,3,470,
00000004761,0.85,high,number theory,3,4,2,3,4,451,no_quant
00000004762,0.85,high,number theory,3,3,3,3,4,418,no_quant
00000004763,0.85,high,combinatorics / discrete,3,2,3,2,3,717,no_quant
00000004764,0.85,high,number theory,3,3,3,3,4,470,no_quant
00000004766,0.85,high,number theory,3,2,3,2,4,430,no_quant
00000004767,0.85,high,probability,3,4,2,3,4,445,no_quant
00000004768,0.85,high,number theory,3,4,2,3,4,415,no_quant
00000004769,0.85,high,number theory,3,4,2,3,4,430,no_quant
00000004770,0.85,high,number theory,4,4,2,3,3,488,
00000004772,0.85,high,analysis / PDE / dynamics,3,2,3,2,5,457,no_quant
00000004774,0.85,high,algebra / representation theory,3,3,2,2,5,445,no_quant
00000004775,0.85,high,number theory,3,2,3,2,3,814,no_quant
00000004776,0.85,high,analysis / PDE / dynamics,3,2,3,2,4,452,no_quant
00000004777,0.85,high,analysis / PDE / dynamics,3,3,3,3,4,434,no_quant
00000004778,0.85,high,analysis / PDE / dynamics,3,4,2,3,5,462,no_quant
00000004780,0.85,high,analysis / PDE / dynamics,4,4,2,3,5,491,
00000004781,0.85,high,algebraic geometry,3,2,3,2,5,459,no_quant
00000004783,0.85,high,algebraic geometry,3,3,2,2,5,439,no_quant
00000004784,0.85,high,algebraic geometry,3,3,3,2,4,447,no_quant
00000004785,0.85,high,number theory,4,4,2,3,4,450,
00000004786,0.85,high,algebraic geometry,3,2,3,2,4,450,no_quant
00000004788,0.85,high,algebraic geometry,3,3,3,3,3,555,no_quant
00000004789,0.85,high,algebraic geometry,3,2,3,2,4,430,no_quant
00000004790,0.85,high,number theory,4,2,3,2,3,458,
00000004791,0.85,high,number theory,3,2,3,2,4,382,no_quant
00000004792,0.85,high,algebraic geometry,3,4,3,4,3,731,no_quant
00000004793,0.85,high,number theory,3,2,3,2,4,400,no_quant
00000004794,0.85,high,number theory,3,3,2,2,4,462,no_quant
00000004795,0.85,high,algebraic geometry,3,2,3,2,4,433,no_quant
00000004796,0.85,high,algebraic geometry,3,2,3,2,4,454,no_quant
00000004797,0.85,high,number theory,3,2,3,2,4,599,no_quant
00000004798,0.85,high,number theory,3,2,3,2,4,457,no_quant
00000004799,0.85,high,algebraic geometry,3,2,3,2,4,491,no_quant
00000004800,0.85,high,algebraic geometry,4,3,2,2,3,457,
00000004801,0.85,high,algebraic geometry,3,3,3,3,5,407,no_quant
00000004802,0.85,high,algebraic geometry,3,3,3,3,2,444,no_quant
00000004803,0.85,high,algebraic geometry,3,3,3,3,5,473,no_quant
00000004804,0.85,high,number theory,3,2,3,2,4,412,no_quant
00000004807,0.85,high,algebraic geometry,3,2,3,2,4,408,no_quant
00000004808,0.85,high,number theory,4,3,2,2,3,441,
00000004809,0.85,high,algebraic geometry,3,2,3,2,5,427,no_quant
00000004810,0.85,high,algebraic geometry,4,3,3,3,3,472,
00000004814,0.85,high,probability,3,2,3,2,4,433,no_quant
00000004815,0.85,high,number theory,5,4,3,3,3,506,
00000004820,0.85,high,number theory,4,4,3,4,4,460,
00000004821,0.85,high,analysis / PDE / dynamics,3,3,3,3,4,474,no_quant
00000004822,0.85,high,analysis / PDE / dynamics,4,3,3,2,4,491,
00000004823,0.85,high,number theory,3,2,3,2,5,439,no_quant
00000004825,0.85,high,number theory,2,5,2,5,4,483,grand|no_quant
00000004827,0.85,high,number theory,4,4,3,3,4,442,
00000004828,0.85,high,number theory,3,4,3,3,4,481,no_quant
00000004829,0.85,high,number theory,2,2,3,1,1,407,no_quant
00000004830,0.85,high,algebra / representation theory,5,3,3,3,3,464,
00000004832,0.85,high,number theory,3,4,3,4,5,406,no_quant
00000004833,0.85,high,algebra / representation theory,3,4,3,4,5,471,no_quant
00000004835,0.85,high,number theory,3,4,3,4,4,481,no_quant
00000004836,0.85,high,analysis / PDE / dynamics,4,4,3,3,4,484,
00000004837,0.85,high,number theory,3,3,3,3,3,545,no_quant
00000004839,0.85,high,algebra / representation theory,3,5,2,4,3,472,grand|no_quant
00000004840,0.85,high,number theory,4,4,3,4,3,486,
00000004841,0.85,high,algebra / representation theory,3,3,3,3,4,570,no_quant
00000004842,0.85,high,topology / geometry,3,3,3,3,4,434,no_quant
00000004843,0.85,high,topology / geometry,3,3,3,3,4,490,no_quant
00000004844,0.85,high,topology / geometry,3,3,3,3,4,454,no_quant
00000004845,0.85,high,algebraic geometry,4,4,3,3,3,665,
00000004846,0.85,high,number theory,5,4,3,3,2,681,
00000004847,0.85,high,algebra / representation theory,4,5,3,5,5,527,
00000004849,0.85,high,topology / geometry,3,3,3,3,5,461,no_quant
00000004850,0.85,high,topology / geometry,4,3,3,3,3,491,
00000004851,0.85,high,algebraic geometry,3,2,3,2,4,437,no_quant
00000004854,0.85,high,combinatorics / discrete,4,3,2,2,3,425,
00000004857,0.85,high,algebra / representation theory,3,3,3,3,4,472,no_quant
00000004859,0.85,high,analysis / PDE / dynamics,4,4,2,3,3,680,
00000004860,0.85,high,topology / geometry,4,4,2,3,3,457,
00000004861,0.85,high,topology / geometry,3,3,3,3,5,465,no_quant
00000004863,0.85,high,analysis / PDE / dynamics,3,3,2,2,5,421,no_quant
00000004864,0.85,high,topology / geometry,5,3,2,2,3,401,
00000004865,0.85,high,analysis / PDE / dynamics,3,2,3,2,4,454,no_quant
00000004866,0.85,high,analysis / PDE / dynamics,3,3,3,3,4,445,no_quant
00000004867,0.85,high,topology / geometry,3,3,3,3,4,485,no_quant
00000004868,0.85,high,analysis / PDE / dynamics,3,2,3,2,3,478,no_quant
00000004869,0.85,high,topology / geometry,3,2,3,2,4,482,no_quant
00000004870,0.85,high,topology / geometry,4,4,2,3,3,484,
00000004871,0.85,high,combinatorics / discrete,4,3,3,3,5,514,
00000004872,0.85,high,combinatorics / discrete,4,4,3,3,5,488,
00000004873,0.85,high,combinatorics / discrete,3,2,3,2,3,663,no_quant
00000004874,0.85,high,logic / complexity,3,2,3,2,4,521,no_quant
00000004875,0.85,high,probability,3,2,3,2,5,485,no_quant
00000004876,0.85,high,logic / complexity,3,2,3,2,4,459,no_quant
00000004877,0.85,high,logic / complexity,3,2,3,2,4,472,no_quant
00000004878,0.85,high,probability,3,3,3,1,2,493,no_quant
00000004879,0.85,high,number theory,3,2,3,2,4,470,no_quant
00000004880,0.85,high,combinatorics / discrete,4,3,3,2,3,512,
00000004881,0.85,high,topology / geometry,4,4,3,3,3,621,
00000004882,0.85,high,combinatorics / discrete,2,2,3,2,5,549,no_quant
00000004883,0.85,high,combinatorics / discrete,3,2,3,2,3,772,no_quant
00000004884,0.85,high,combinatorics / discrete,3,2,3,2,4,489,no_quant
00000004885,0.85,high,logic / complexity,3,2,3,2,4,499,no_quant
00000004886,0.85,high,combinatorics / discrete,3,3,3,3,3,479,no_quant
00000004887,0.85,high,combinatorics / discrete,3,3,3,2,4,447,no_quant
00000004888,0.85,high,combinatorics / discrete,3,2,3,2,4,460,no_quant
00000004889,0.85,high,number theory,3,3,3,3,4,418,no_quant
00000004890,0.85,high,logic / complexity,4,2,3,2,3,520,
00000004891,0.85,high,algebraic geometry,3,5,2,5,4,455,grand|no_quant
00000004892,0.85,high,algebra / representation theory,3,3,3,2,4,465,no_quant
00000004894,0.85,high,algebraic geometry,3,2,3,2,4,478,no_quant
00000004895,0.85,high,number theory,3,3,3,3,4,485,no_quant
00000004897,0.85,high,logic / complexity,3,2,3,2,4,468,no_quant
00000004898,0.85,high,number theory,3,2,3,2,4,467,no_quant
00000004899,0.85,high,topology / geometry,3,2,3,2,4,424,no_quant
00000004900,0.85,high,combinatorics / discrete,4,3,2,2,3,541,
00000004904,0.85,high,number theory,4,4,3,4,5,502,
00000004905,0.85,high,combinatorics / discrete,3,3,3,2,4,426,no_quant
00000004907,0.85,high,algebra / representation theory,3,2,3,2,5,512,no_quant
00000004913,0.85,high,combinatorics / discrete,3,3,3,2,5,451,no_quant
00000004916,0.85,high,probability,3,2,3,2,4,429,no_quant
00000004917,0.85,high,probability,3,2,3,2,5,452,no_quant
00000004920,0.85,high,algebra / representation theory,4,2,3,2,4,467,
00000004921,0.85,high,analysis / PDE / dynamics,3,3,3,3,5,432,no_quant
00000004922,0.85,high,analysis / PDE / dynamics,3,4,3,3,3,393,no_quant
00000004924,0.85,high,algebraic geometry,3,2,3,2,4,439,no_quant
00000004925,0.85,high,probability,3,3,3,3,5,473,no_quant
00000004926,0.85,high,number theory,3,2,3,2,4,466,no_quant
00000004927,0.85,high,probability,3,2,3,2,4,477,no_quant
00000004928,0.85,high,analysis / PDE / dynamics,3,3,3,3,5,435,no_quant
00000004931,0.85,high,topology / geometry,3,2,3,2,5,630,no_quant
00000004932,0.85,high,topology / geometry,3,2,3,2,5,494,no_quant
00000004933,0.85,high,number theory,4,3,3,2,4,431,
00000004934,0.85,high,number theory,3,3,3,2,3,459,
00000004936,0.85,high,algebra / representation theory,3,4,2,3,3,736,no_quant
00000004937,0.85,high,number theory,3,3,2,2,4,422,no_quant
00000004938,0.85,high,topology / geometry,3,2,3,2,3,654,no_quant
00000004939,0.85,high,number theory,3,2,3,1,1,526,no_quant
00000004940,0.85,high,topology / geometry,4,3,2,2,3,503,
00000004941,0.85,high,algebra / representation theory,3,2,3,2,3,503,no_quant
00000004942,0.85,high,topology / geometry,3,2,3,2,3,651,no_quant
00000004943,0.85,high,algebra / representation theory,3,2,3,2,4,487,no_quant
00000004944,0.85,high,analysis / PDE / dynamics,3,2,3,2,4,479,no_quant
00000004947,0.85,high,topology / geometry,3,3,3,3,4,473,no_quant
00000004949,0.85,high,algebra / representation theory,3,3,3,2,4,471,no_quant
00000004950,0.85,high,topology / geometry,5,2,3,2,3,466,
00000004951,0.85,high,number theory,3,4,2,3,3,684,no_quant
00000004952,0.85,high,number theory,3,4,3,4,4,470,no_quant
00000004953,0.85,high,number theory,3,3,2,2,3,435,no_quant
00000004954,0.85,high,algebraic geometry,3,2,3,2,4,520,no_quant
00000004956,0.85,high,topology / geometry,3,2,3,2,3,763,no_quant
00000004957,0.85,high,topology / geometry,3,2,3,2,4,541,no_quant
00000004958,0.85,high,topology / geometry,3,2,3,2,4,449,no_quant
00000004959,0.85,high,number theory,3,2,3,2,2,758,no_quant
00000004960,0.85,high,topology / geometry,4,3,3,2,3,514,
00000004961,0.85,high,algebra / representation theory,3,2,3,2,4,476,no_quant
00000004964,0.85,high,number theory,3,2,3,2,5,440,no_quant
00000004965,0.85,high,algebraic geometry,5,3,3,2,4,433,
00000004966,0.85,high,number theory,3,3,3,3,4,412,no_quant
00000004968,0.85,high,number theory,3,3,3,3,4,454,no_quant
00000004970,0.85,high,algebra / representation theory,5,2,3,2,3,465,
00000004975,0.85,high,probability,3,2,3,2,5,460,no_quant
00000004979,0.85,high,number theory,3,2,3,2,4,501,no_quant
00000004981,0.85,high,number theory,3,2,3,2,4,483,no_quant
00000004982,0.85,high,number theory,3,2,3,2,4,473,no_quant
00000004983,0.85,high,analysis / PDE / dynamics,3,2,3,2,4,436,no_quant
00000004985,0.85,high,probability,3,2,3,2,4,451,no_quant
00000004987,0.85,high,number theory,2,2,3,2,4,478,no_quant
00000004990,0.85,high,analysis / PDE / dynamics,4,2,3,2,3,451,
00000004991,0.85,high,topology / geometry,4,3,3,3,5,501,
00000004992,0.85,high,topology / geometry,4,4,3,4,4,489,
00000004994,0.85,high,algebra / representation theory,3,2,3,2,4,478,no_quant
00000004995,0.85,high,topology / geometry,3,2,3,2,5,465,no_quant
00000004996,0.85,high,topology / geometry,4,3,3,2,3,452,
00000004997,0.85,high,topology / geometry,3,2,3,2,4,479,no_quant
00000004998,0.85,high,topology / geometry,3,2,3,2,4,395,no_quant
00000004999,0.85,high,topology / geometry,3,2,3,2,5,499,no_quant
00000005000,0.85,high,topology / geometry,4,2,3,2,3,436,
00000005001,0.85,high,topology / geometry,3,3,2,2,4,483,no_quant
00000005002,0.85,high,analysis / PDE / dynamics,3,3,3,3,4,457,no_quant
00000005004,0.85,high,algebra / representation theory,3,2,3,2,3,670,no_quant
00000005005,0.85,high,algebra / representation theory,3,2,3,2,5,467,no_quant
00000005006,0.85,high,algebraic geometry,3,2,3,2,4,451,no_quant
00000005007,0.85,high,algebraic geometry,3,2,3,2,5,458,no_quant
00000005008,0.85,high,topology / geometry,4,3,3,2,4,455,
00000005009,0.85,high,topology / geometry,3,2,3,2,4,451,no_quant
00000005010,0.85,high,algebraic geometry,4,3,2,2,3,476,
00000005011,0.85,high,topology / geometry,4,3,3,3,3,468,
00000005012,0.85,high,topology / geometry,3,2,3,2,5,476,no_quant
00000005013,0.85,high,algebraic geometry,4,2,3,2,4,442,
00000005014,0.85,high,topology / geometry,3,3,2,2,4,444,no_quant
00000005016,0.85,high,analysis / PDE / dynamics,3,2,3,2,2,661,no_quant
00000005020,0.85,high,topology / geometry,4,3,2,2,3,439,
00000005022,0.85,high,number theory,3,2,3,2,4,543,no_quant
00000005023,0.85,high,number theory,3,2,3,2,2,682,
00000005024,0.85,high,number theory,4,2,3,2,3,517,
00000005025,0.85,high,number theory,3,2,3,2,4,511,no_quant
00000005027,0.85,high,probability,3,2,3,2,4,696,no_quant
00000005028,0.85,high,logic / complexity,5,2,3,2,4,625,
00000005029,0.85,high,combinatorics / discrete,3,2,3,2,3,603,no_quant
00000005030,0.85,high,probability,4,2,3,2,4,457,
00000005031,0.85,high,analysis / PDE / dynamics,4,2,3,2,3,541,
00000005032,0.85,high,number theory,3,2,3,2,4,447,no_quant
00000005033,0.85,high,combinatorics / discrete,3,2,3,2,4,399,no_quant
00000005038,0.85,high,analysis / PDE / dynamics,3,2,3,2,4,432,no_quant
00000005040,0.85,high,probability,4,2,3,2,4,476,
00000005042,0.85,high,combinatorics / discrete,3,2,3,2,5,452,no_quant
00000005044,0.85,high,logic / complexity,4,3,3,2,4,461,
00000005045,0.85,high,number theory,4,4,3,3,2,590,
00000005046,0.85,high,combinatorics / discrete,3,2,3,2,4,458,no_quant
00000005048,0.85,high,number theory,4,3,2,2,3,694,
00000005051,0.85,high,analysis / PDE / dynamics,3,2,3,2,5,535,no_quant
00000005052,0.85,high,analysis / PDE / dynamics,3,2,3,2,4,453,no_quant
00000005053,0.85,high,combinatorics / discrete,3,2,3,2,4,447,no_quant
00000005054,0.85,high,logic / complexity,3,3,3,2,4,520,no_quant
00000005055,0.85,high,probability,3,3,3,2,5,424,no_quant
00000005056,0.85,high,analysis / PDE / dynamics,3,2,3,2,4,489,no_quant
00000005058,0.85,high,analysis / PDE / dynamics,3,3,3,3,4,419,no_quant
00000005060,0.85,high,analysis / PDE / dynamics,4,2,3,2,3,434,
00000005061,0.85,high,analysis / PDE / dynamics,4,3,3,3,5,446,
00000005062,0.85,high,analysis / PDE / dynamics,5,3,3,2,3,799,
00000005063,0.85,high,analysis / PDE / dynamics,3,2,3,2,4,513,no_quant
00000005064,0.85,high,analysis / PDE / dynamics,3,3,3,3,5,454,no_quant
00000005066,0.85,high,analysis / PDE / dynamics,3,2,3,2,5,411,no_quant
00000005067,0.85,high,analysis / PDE / dynamics,3,2,3,2,4,498,no_quant
00000005070,0.85,high,analysis / PDE / dynamics,4,2,3,2,3,455,
00000005071,0.85,high,probability,3,2,3,2,4,484,no_quant
00000005072,0.85,high,probability,3,2,3,2,5,416,no_quant
00000005077,0.85,high,probability,3,2,3,2,5,475,no_quant
00000005078,0.85,high,analysis / PDE / dynamics,3,2,3,2,4,473,no_quant
00000005082,0.85,high,analysis / PDE / dynamics,3,3,3,2,4,506,no_quant
00000005084,0.85,high,algebra / representation theory,3,3,3,3,4,410,no_quant
00000005088,0.85,high,algebraic geometry,3,4,2,3,4,439,no_quant
00000005090,0.85,high,algebraic geometry,4,3,3,3,3,492,
00000005091,0.85,high,algebra / representation theory,3,4,2,3,4,440,no_quant
00000005092,0.85,high,number theory,3,3,3,3,4,393,no_quant
00000005093,0.85,high,algebra / representation theory,5,4,3,4,4,437,
00000005094,0.85,high,number theory,3,2,3,2,4,455,no_quant
00000005095,0.85,high,algebraic geometry,3,2,3,2,4,629,no_quant
00000005096,0.85,high,algebraic geometry,3,2,3,2,4,418,no_quant
00000005097,0.85,high,number theory,3,2,3,2,4,475,no_quant
00000005098,0.85,high,number theory,3,3,3,3,4,385,no_quant
00000005099,0.85,high,number theory,3,3,3,3,5,615,no_quant
00000005100,0.85,high,algebraic geometry,4,3,3,3,3,468,
00000005101,0.85,high,number theory,3,4,2,3,4,431,no_quant
00000005102,0.85,high,number theory,3,4,3,4,4,452,no_quant
00000005103,0.85,high,algebra / representation theory,3,5,2,5,4,631,grand|no_quant
00000005104,0.85,high,analysis / PDE / dynamics,3,2,3,2,4,461,no_quant
00000005105,0.85,high,number theory,3,2,3,2,4,490,no_quant
00000005106,0.85,high,algebra / representation theory,3,2,3,2,2,683,no_quant
00000005107,0.85,high,analysis / PDE / dynamics,3,3,2,2,4,437,no_quant
00000005109,0.85,high,analysis / PDE / dynamics,3,3,3,2,4,458,no_quant
00000005112,0.85,high,number theory,3,2,3,2,5,524,no_quant
00000005113,0.85,high,logic / complexity,3,2,3,2,4,465,no_quant
00000005114,0.85,high,number theory,5,2,3,2,3,483,
00000005117,0.85,high,probability,3,2,3,2,5,469,no_quant
00000005118,0.85,high,analysis / PDE / dynamics,3,2,3,2,5,458,no_quant
00000005119,0.85,high,analysis / PDE / dynamics,3,2,3,2,4,502,no_quant
00000005121,0.85,high,analysis / PDE / dynamics,3,2,3,2,5,470,no_quant
00000005122,0.85,high,number theory,3,4,2,3,4,495,no_quant
00000005123,0.85,high,analysis / PDE / dynamics,3,2,3,2,5,454,no_quant
00000005124,0.85,high,analysis / PDE / dynamics,3,2,3,2,4,419,no_quant
00000005127,0.85,high,analysis / PDE / dynamics,3,3,3,3,5,451,no_quant
00000005129,0.85,high,combinatorics / discrete,3,3,3,3,4,419,no_quant
00000005130,0.85,high,algebra / representation theory,4,2,3,2,3,463,
00000005131,0.85,high,analysis / PDE / dynamics,3,3,3,3,3,924,no_quant
00000005134,0.85,high,number theory,3,3,3,3,5,413,no_quant
00000005135,0.85,high,analysis / PDE / dynamics,3,2,3,2,4,477,no_quant
00000005138,0.85,high,analysis / PDE / dynamics,3,3,3,3,5,473,no_quant
00000005139,0.85,high,number theory,3,2,3,2,5,440,no_quant
00000005140,0.85,high,probability,4,2,3,2,4,460,
00000005141,0.85,high,number theory,4,3,3,2,4,470,
00000005142,0.85,high,algebraic geometry,3,3,3,2,2,568,no_quant
00000005144,0.85,high,algebraic geometry,5,4,2,3,5,429,
00000005145,0.85,high,number theory,4,2,3,2,3,441,
00000005146,0.85,high,algebraic geometry,3,2,3,2,4,733,no_quant
00000005147,0.85,high,algebraic geometry,3,2,3,2,4,461,no_quant
00000005148,0.85,high,algebraic geometry,3,2,3,1,2,458,no_quant
00000005149,0.85,high,number theory,3,3,3,3,4,458,no_quant
00000005150,0.85,high,algebraic geometry,4,3,3,2,3,442,
00000005151,0.85,high,algebraic geometry,3,2,3,2,2,653,no_quant
00000005152,0.85,high,number theory,3,3,3,3,3,416,no_quant
00000005153,0.85,high,algebraic geometry,3,2,3,2,5,426,no_quant
00000005154,0.85,high,analysis / PDE / dynamics,3,3,3,2,2,637,no_quant
00000005155,0.85,high,number theory,3,2,3,2,5,423,no_quant
00000005156,0.85,high,analysis / PDE / dynamics,3,3,3,2,4,442,no_quant
00000005159,0.85,high,number theory,3,2,3,1,2,413,no_quant
00000005160,0.85,high,algebraic geometry,4,4,2,4,3,421,
00000005161,0.85,high,algebraic geometry,3,2,3,2,3,662,no_quant
00000005163,0.85,high,algebraic geometry,3,3,3,3,4,705,no_quant
00000005164,0.85,high,algebraic geometry,3,2,3,2,4,441,no_quant
00000005165,0.85,high,analysis / PDE / dynamics,3,2,3,2,4,432,no_quant
00000005166,0.85,high,algebraic geometry,3,3,3,2,4,405,no_quant
00000005167,0.85,high,algebraic geometry,3,3,3,2,4,454,no_quant
00000005168,0.85,high,algebraic geometry,3,3,3,3,2,637,no_quant
00000005169,0.85,high,algebraic geometry,4,3,3,2,4,432,
00000005170,0.85,high,analysis / PDE / dynamics,4,2,3,2,3,461,
00000005178,0.85,high,algebra / representation theory,3,3,3,3,3,415,no_quant
00000005181,0.85,high,number theory,3,2,3,2,4,484,no_quant
00000005182,0.85,high,algebraic geometry,5,3,3,2,3,632,
00000005183,0.85,high,algebraic geometry,3,2,3,2,4,404,no_quant
00000005186,0.85,high,algebraic geometry,3,2,3,1,2,676,no_quant
00000005187,0.85,high,number theory,3,2,3,2,4,468,no_quant
00000005188,0.85,high,algebraic geometry,3,2,3,2,3,642,no_quant
00000005189,0.85,high,algebraic geometry,3,2,3,2,3,576,no_quant
00000005191,0.85,high,algebraic geometry,3,3,2,2,4,484,no_quant
00000005192,0.85,high,combinatorics / discrete,3,2,3,2,4,539,no_quant
00000005193,0.85,high,topology / geometry,3,2,3,2,2,730,no_quant
00000005194,0.85,high,topology / geometry,3,2,3,1,2,439,no_quant
00000005195,0.85,high,number theory,3,3,3,3,4,585,no_quant
00000005196,0.85,high,topology / geometry,3,3,2,2,4,395,no_quant
00000005197,0.85,high,algebraic geometry,3,3,3,3,4,432,no_quant
00000005198,0.85,high,number theory,3,4,2,3,4,696,no_quant
00000005199,0.85,high,number theory,3,2,3,2,4,409,no_quant
00000005200,0.85,high,topology / geometry,4,3,2,2,3,522,
00000005201,0.85,high,analysis / PDE / dynamics,3,3,2,2,4,524,no_quant
00000005202,0.85,high,number theory,3,2,3,2,4,475,no_quant
00000005206,0.85,high,number theory,3,3,2,2,4,467,no_quant
00000005207,0.85,high,number theory,4,3,3,2,2,632,
00000005208,0.85,high,algebraic geometry,3,2,3,2,5,406,no_quant
00000005209,0.85,high,number theory,3,2,3,2,4,459,no_quant
00000005210,0.85,high,analysis / PDE / dynamics,4,2,3,2,3,422,
00000005211,0.85,high,number theory,3,3,2,2,3,656,no_quant
00000005214,0.85,high,topology / geometry,3,2,3,2,4,448,no_quant
00000005216,0.85,high,number theory,3,3,3,3,3,600,no_quant
00000005218,0.85,high,combinatorics / discrete,3,2,3,2,4,403,no_quant
00000005219,0.85,high,combinatorics / discrete,3,3,2,2,3,621,no_quant
00000005220,0.85,high,topology / geometry,4,3,2,2,3,481,
00000005221,0.85,high,combinatorics / discrete,3,2,3,2,5,545,no_quant
00000005222,0.85,high,number theory,4,3,3,3,5,474,
00000005223,0.85,high,analysis / PDE / dynamics,3,2,3,2,4,409,no_quant
00000005224,0.85,high,number theory,3,2,3,2,5,453,no_quant
00000005225,0.85,high,analysis / PDE / dynamics,3,3,3,3,5,426,no_quant
00000005227,0.85,high,analysis / PDE / dynamics,3,3,3,3,5,464,no_quant
00000005228,0.85,high,number theory,3,3,2,2,5,418,no_quant
00000005229,0.85,high,number theory,3,2,3,2,5,455,no_quant
00000005230,0.85,high,probability,4,2,3,2,3,484,
00000005231,0.85,high,algebraic geometry,3,2,3,2,4,416,no_quant
00000005232,0.85,high,algebraic geometry,3,2,3,1,2,432,no_quant
00000005233,0.85,high,algebraic geometry,3,2,3,2,4,412,no_quant
00000005234,0.85,high,algebraic geometry,3,2,3,2,3,651,no_quant
00000005235,0.85,high,number theory,3,3,3,2,4,481,no_quant
00000005236,0.85,high,algebraic geometry,3,2,3,1,2,453,no_quant
00000005237,0.85,high,algebraic geometry,3,3,3,3,4,432,no_quant
00000005238,0.85,high,combinatorics / discrete,4,3,3,2,4,483,
00000005239,0.85,high,number theory,3,2,3,2,4,461,no_quant
00000005240,0.85,high,algebraic geometry,4,3,3,3,3,470,
00000005241,0.85,high,algebraic geometry,3,2,3,1,1,681,no_quant
00000005242,0.85,high,number theory,3,2,3,2,3,580,no_quant
00000005243,0.85,high,algebraic geometry,3,2,3,2,3,540,no_quant
00000005244,0.85,high,algebraic geometry,3,2,3,2,2,569,no_quant
00000005245,0.85,high,algebraic geometry,3,3,3,3,3,580,no_quant
00000005246,0.85,high,algebraic geometry,3,2,3,2,4,428,no_quant
00000005247,0.85,high,algebraic geometry,3,3,3,3,4,450,no_quant
00000005248,0.85,high,number theory,3,2,3,2,4,429,no_quant
00000005249,0.85,high,number theory,3,3,3,3,4,416,no_quant
00000005250,0.85,high,number theory,4,2,3,2,3,435,
00000005251,0.85,high,number theory,3,2,3,2,3,654,no_quant
00000005252,0.85,high,algebraic geometry,3,2,3,2,4,457,no_quant
00000005253,0.85,high,algebra / representation theory,3,2,3,2,4,414,no_quant
00000005254,0.85,high,algebraic geometry,3,3,3,3,4,428,no_quant
00000005255,0.85,high,algebraic geometry,3,2,3,2,4,431,no_quant
00000005256,0.85,high,number theory,3,3,3,3,4,417,no_quant
00000005257,0.85,high,algebraic geometry,3,2,3,2,4,446,no_quant
00000005258,0.85,high,algebraic geometry,3,2,3,2,4,412,no_quant
00000005259,0.85,high,number theory,3,4,2,3,3,655,no_quant
00000005260,0.85,high,algebraic geometry,4,2,3,2,3,469,
00000005261,0.85,high,analysis / PDE / dynamics,3,3,3,3,2,776,no_quant
00000005262,0.85,high,analysis / PDE / dynamics,3,3,3,2,5,545,no_quant
00000005263,0.85,high,analysis / PDE / dynamics,3,2,3,2,4,493,no_quant
00000005268,0.85,high,analysis / PDE / dynamics,3,2,3,2,4,446,no_quant
00000005269,0.85,high,number theory,3,2,3,2,3,477,no_quant
00000005270,0.85,high,algebra / representation theory,4,2,3,2,3,470,
00000005272,0.85,high,algebraic geometry,3,2,3,2,5,475,no_quant
00000005273,0.85,high,algebraic geometry,3,2,3,2,5,418,no_quant
00000005275,0.85,high,combinatorics / discrete,3,2,3,2,4,455,no_quant
00000005281,0.85,high,number theory,3,2,3,2,5,431,no_quant
00000005282,0.85,high,algebraic geometry,3,2,3,2,5,455,no_quant
00000005284,0.85,high,number theory,4,2,3,2,4,491,
00000005286,0.85,high,algebraic geometry,4,2,3,2,3,481,
00000005288,0.85,high,topology / geometry,3,2,3,2,4,455,no_quant
00000005291,0.85,high,algebra / representation theory,3,3,3,3,4,513,no_quant
00000005293,0.85,high,number theory,3,2,3,2,5,450,no_quant
00000005294,0.85,high,combinatorics / discrete,3,2,3,2,4,510,no_quant
00000005295,0.85,high,number theory,3,4,3,4,4,448,no_quant
00000005296,0.85,high,algebra / representation theory,3,4,3,3,1,485,no_quant
00000005297,0.85,high,number theory,3,3,2,2,3,438,no_quant
00000005298,0.85,high,topology / geometry,3,2,3,2,3,386,no_quant
00000005299,0.85,high,number theory,3,2,3,2,4,469,no_quant
00000005300,0.85,high,algebra / representation theory,4,3,3,2,3,459,
00000005301,0.85,high,combinatorics / discrete,3,2,3,2,4,430,no_quant
00000005303,0.85,high,topology / geometry,3,2,3,2,4,411,no_quant
00000005304,0.85,high,probability,3,2,3,2,4,413,no_quant
00000005305,0.85,high,number theory,4,3,3,3,2,736,
00000005306,0.85,high,number theory,3,4,3,3,4,620,no_quant
00000005307,0.85,high,number theory,3,3,3,3,2,570,no_quant
00000005308,0.85,high,algebra / representation theory,3,3,3,3,4,460,no_quant
00000005310,0.85,high,number theory,4,3,3,3,3,430,
00000005313,0.85,high,number theory,3,2,3,2,4,383,no_quant
00000005314,0.85,high,analysis / PDE / dynamics,3,4,3,4,5,450,no_quant
00000005315,0.85,high,algebraic geometry,2,2,3,2,4,415,no_quant
00000005316,0.85,high,number theory,3,3,3,3,4,395,no_quant
00000005317,0.85,high,algebraic geometry,3,3,3,3,5,420,no_quant
00000005318,0.85,high,number theory,3,3,3,3,4,426,no_quant
00000005319,0.85,high,number theory,3,2,3,2,4,690,no_quant
00000005320,0.85,high,algebraic geometry,4,2,3,2,4,453,
00000005322,0.85,high,topology / geometry,3,3,3,3,2,592,no_quant
00000005323,0.85,high,topology / geometry,3,3,2,2,4,383,no_quant
00000005325,0.85,high,topology / geometry,3,2,3,2,4,410,no_quant
00000005326,0.85,high,topology / geometry,3,3,3,3,5,417,no_quant
00000005327,0.85,high,topology / geometry,3,2,3,2,4,428,no_quant
00000005329,0.85,high,algebraic geometry,3,3,2,2,4,406,no_quant
00000005330,0.85,high,topology / geometry,4,3,3,3,3,419,
00000005331,0.85,high,number theory,3,2,3,2,4,427,no_quant
00000005333,0.85,high,algebra / representation theory,3,2,3,2,4,450,no_quant
00000005334,0.85,high,algebra / representation theory,3,2,3,2,4,411,no_quant
00000005335,0.85,high,topology / geometry,3,3,3,3,2,567,no_quant
00000005336,0.85,high,number theory,3,2,3,2,5,400,no_quant
00000005337,0.85,high,topology / geometry,3,2,3,2,4,440,no_quant
00000005338,0.85,high,algebra / representation theory,3,2,3,2,4,396,no_quant
00000005339,0.85,high,number theory,3,3,3,3,5,443,no_quant
00000005340,0.85,high,algebra / representation theory,4,3,3,2,3,400,
00000005341,0.85,high,algebraic geometry,3,2,3,1,2,509,no_quant
00000005342,0.85,high,algebraic geometry,3,3,3,2,4,563,no_quant
00000005343,0.85,high,number theory,3,4,2,3,3,536,no_quant
00000005345,0.85,high,combinatorics / discrete,3,2,3,1,2,394,no_quant
00000005346,0.85,high,combinatorics / discrete,3,4,2,3,4,586,no_quant
00000005347,0.85,high,number theory,3,2,3,2,4,357,no_quant
00000005348,0.85,high,algebraic geometry,3,2,3,2,4,384,no_quant
00000005349,0.85,high,combinatorics / discrete,3,2,3,2,4,419,no_quant
00000005350,0.85,high,topology / geometry,4,4,2,3,3,441,
00000005351,0.85,high,number theory,3,3,3,3,3,784,no_quant
00000005352,0.85,high,combinatorics / discrete,3,3,3,3,4,544,no_quant
00000005353,0.85,high,combinatorics / discrete,3,3,3,3,4,419,no_quant
00000005354,0.85,high,combinatorics / discrete,3,2,3,1,2,394,no_quant
00000005355,0.85,high,topology / geometry,3,4,2,3,4,457,no_quant
00000005357,0.85,high,number theory,3,3,3,3,5,454,no_quant
00000005359,0.85,high,number theory,3,2,3,2,2,576,no_quant
00000005360,0.85,high,topology / geometry,4,4,2,3,3,441,
00000005361,0.85,high,topology / geometry,3,3,3,2,5,497,no_quant
00000005363,0.85,high,analysis / PDE / dynamics,3,4,2,3,4,421,no_quant
00000005365,0.85,high,topology / geometry,3,2,3,2,4,410,no_quant
00000005366,0.85,high,topology / geometry,3,2,3,2,4,691,no_quant
00000005367,0.85,high,combinatorics / discrete,3,3,2,2,4,411,no_quant
00000005370,0.85,high,algebra / representation theory,4,3,3,3,3,472,
00000005371,0.85,high,number theory,3,2,3,1,2,445,no_quant
00000005372,0.85,high,algebra / representation theory,3,3,2,2,4,439,no_quant
00000005373,0.85,high,probability,3,2,3,2,5,406,no_quant
00000005375,0.85,high,algebra / representation theory,3,3,2,2,4,468,no_quant
00000005376,0.85,high,number theory,3,2,3,2,5,446,no_quant
00000005377,0.85,high,algebra / representation theory,3,2,3,2,5,421,no_quant
00000005378,0.85,high,combinatorics / discrete,3,3,3,2,4,457,no_quant
00000005379,0.85,high,algebra / representation theory,3,2,3,2,4,428,no_quant
00000005380,0.85,high,topology / geometry,4,3,2,2,3,498,
00000005381,0.85,high,number theory,3,3,2,2,4,496,no_quant
00000005386,0.85,high,algebra / representation theory,4,3,3,2,3,681,
00000005388,0.85,high,number theory,3,2,3,2,5,420,no_quant
00000005391,0.85,high,number theory,5,3,3,3,5,464,
00000005392,0.85,high,number theory,3,3,3,3,4,426,no_quant
00000005393,0.85,high,analysis / PDE / dynamics,3,3,3,3,4,418,no_quant
00000005394,0.85,high,number theory,3,2,3,2,5,465,no_quant
00000005395,0.85,high,number theory,3,4,3,4,3,680,no_quant
00000005397,0.85,high,analysis / PDE / dynamics,5,3,3,3,3,768,
00000005398,0.85,high,analysis / PDE / dynamics,3,3,3,3,5,413,no_quant
00000005399,0.85,high,analysis / PDE / dynamics,3,2,3,2,4,427,no_quant
00000005400,0.85,high,analysis / PDE / dynamics,4,3,3,2,3,463,
00000005401,0.85,high,analysis / PDE / dynamics,3,3,3,3,3,679,no_quant
00000005402,0.85,high,number theory,4,3,3,2,2,692,
00000005403,0.85,high,probability,3,3,2,2,4,675,no_quant
00000005404,0.85,high,number theory,3,2,3,2,4,432,no_quant
00000005405,0.85,high,probability,3,2,3,2,4,434,no_quant
00000005406,0.85,high,number theory,3,2,3,2,4,399,no_quant
00000005407,0.85,high,algebraic geometry,4,4,3,4,3,457,
00000005408,0.85,high,probability,3,2,3,2,4,439,no_quant
00000005409,0.85,high,number theory,3,2,3,2,4,401,no_quant
00000005410,0.85,high,number theory,4,2,3,2,3,473,
00000005411,0.85,high,analysis / PDE / dynamics,4,3,3,2,2,697,
00000005412,0.85,high,analysis / PDE / dynamics,3,3,3,2,4,428,no_quant
00000005413,0.85,high,analysis / PDE / dynamics,3,2,3,2,4,484,no_quant
00000005414,0.85,high,number theory,4,2,3,2,3,555,
00000005415,0.85,high,analysis / PDE / dynamics,3,2,3,2,4,429,no_quant
00000005416,0.85,high,analysis / PDE / dynamics,3,2,3,2,3,591,no_quant
00000005417,0.85,high,analysis / PDE / dynamics,3,2,3,2,5,512,no_quant
00000005418,0.85,high,analysis / PDE / dynamics,4,3,3,2,4,428,
00000005419,0.85,high,analysis / PDE / dynamics,3,2,3,2,3,427,no_quant
00000005420,0.85,high,analysis / PDE / dynamics,4,2,3,2,3,414,
00000005421,0.85,high,algebraic geometry,3,3,2,2,4,404,no_quant
00000005422,0.85,high,algebraic geometry,3,2,3,2,4,360,no_quant
00000005424,0.85,high,topology / geometry,3,2,3,2,4,461,no_quant
00000005425,0.85,high,analysis / PDE / dynamics,3,2,3,2,4,400,no_quant
00000005426,0.85,high,topology / geometry,3,3,3,3,4,414,no_quant
00000005427,0.85,high,analysis / PDE / dynamics,3,3,3,2,4,418,no_quant
00000005429,0.85,high,number theory,3,2,3,2,4,377,no_quant
00000005430,0.85,high,analysis / PDE / dynamics,4,2,3,2,3,465,
00000005431,0.85,high,probability,3,2,3,2,4,415,no_quant
00000005432,0.85,high,analysis / PDE / dynamics,3,3,3,3,5,439,no_quant
00000005435,0.85,high,analysis / PDE / dynamics,3,2,3,2,5,481,no_quant
00000005437,0.85,high,analysis / PDE / dynamics,3,3,3,3,4,408,no_quant
00000005438,0.85,high,analysis / PDE / dynamics,3,2,3,2,4,452,no_quant
00000005439,0.85,high,topology / geometry,3,2,3,2,4,416,no_quant
00000005440,0.85,high,analysis / PDE / dynamics,4,3,3,2,3,436,
00000005441,0.85,high,number theory,3,2,3,2,5,534,no_quant
00000005442,0.85,high,number theory,3,2,3,2,4,413,no_quant
00000005444,0.85,high,number theory,3,2,3,2,5,417,no_quant
00000005445,0.85,high,probability,2,2,3,2,5,478,no_quant
00000005446,0.85,high,number theory,3,2,3,2,5,755,no_quant
00000005447,0.85,high,number theory,3,2,3,2,5,467,no_quant
00000005449,0.85,high,probability,3,2,3,2,3,709,no_quant
00000005450,0.85,high,number theory,4,2,3,2,3,431,
00000005451,0.85,high,combinatorics / discrete,2,2,3,2,5,452,no_quant
00000005452,0.85,high,number theory,3,2,3,2,5,460,no_quant
00000005455,0.85,high,probability,3,2,3,2,5,404,no_quant
00000005456,0.85,high,combinatorics / discrete,3,2,3,2,4,445,no_quant
00000005458,0.85,high,number theory,3,2,3,2,4,400,no_quant
00000005459,0.85,high,analysis / PDE / dynamics,3,2,3,2,5,397,no_quant
00000005460,0.85,high,logic / complexity,4,2,3,2,3,466,
00000005461,0.85,high,number theory,2,2,3,2,5,486,no_quant
00000005462,0.85,high,number theory,2,2,3,2,5,405,no_quant
00000005466,0.85,high,number theory,3,3,2,2,5,421,no_quant
00000005467,0.85,high,number theory,4,3,3,2,3,401,
00000005468,0.85,high,number theory,3,3,3,3,4,463,no_quant
00000005469,0.85,high,number theory,3,2,3,2,4,415,no_quant
00000005470,0.85,high,number theory,4,2,3,2,4,406,
00000005471,0.85,high,number theory,3,2,3,2,4,501,no_quant
00000005472,0.85,high,algebra / representation theory,3,2,3,2,4,440,no_quant
00000005473,0.85,high,algebra / representation theory,3,2,3,2,4,484,no_quant
00000005474,0.85,high,number theory,3,2,3,2,3,795,no_quant
00000005475,0.85,high,analysis / PDE / dynamics,3,2,3,2,4,416,no_quant
00000005476,0.85,high,number theory,3,2,3,2,4,435,no_quant
00000005477,0.85,high,number theory,3,2,3,2,4,419,no_quant
00000005478,0.85,high,number theory,3,2,3,2,3,590,no_quant
00000005479,0.85,high,topology / geometry,3,2,3,2,4,453,no_quant
00000005480,0.85,high,number theory,4,2,3,2,3,418,
00000005481,0.85,high,number theory,3,2,3,2,3,722,no_quant
00000005482,0.85,high,algebra / representation theory,3,2,3,2,4,403,no_quant
00000005483,0.85,high,number theory,2,2,3,2,4,622,no_quant
00000005484,0.85,high,number theory,3,2,3,2,4,426,no_quant
00000005485,0.85,high,analysis / PDE / dynamics,3,2,3,2,4,449,no_quant
00000005488,0.85,high,analysis / PDE / dynamics,3,3,3,3,4,402,no_quant
00000005489,0.85,high,algebra / representation theory,3,2,3,2,4,412,no_quant
00000005491,0.85,high,number theory,3,4,2,3,3,690,no_quant
00000005494,0.85,high,combinatorics / discrete,3,2,3,2,4,401,no_quant
00000005495,0.85,high,algebra / representation theory,3,2,3,2,3,451,no_quant
00000005496,0.85,high,algebra / representation theory,3,2,3,2,4,441,no_quant
00000005498,0.85,high,number theory,3,3,3,3,4,751,no_quant
00000005499,0.85,high,analysis / PDE / dynamics,3,2,3,2,4,430,no_quant
00000005500,0.85,high,analysis / PDE / dynamics,4,3,3,2,3,466,
00000005501,0.85,high,probability,3,2,3,2,3,596,no_quant
00000005502,0.85,high,probability,3,2,3,2,4,437,no_quant
00000005503,0.85,high,analysis / PDE / dynamics,3,2,3,2,2,733,no_quant
00000005504,0.85,high,algebra / representation theory,3,2,3,2,2,638,no_quant
00000005506,0.85,high,combinatorics / discrete,3,2,3,2,4,380,no_quant
00000005508,0.85,high,combinatorics / discrete,3,2,3,2,2,619,no_quant
00000005509,0.85,high,analysis / PDE / dynamics,3,2,3,2,4,443,no_quant
00000005510,0.85,high,probability,4,2,3,2,3,472,
00000005511,0.85,high,analysis / PDE / dynamics,3,2,3,2,5,449,no_quant
00000005512,0.85,high,topology / geometry,3,2,3,2,5,702,no_quant
00000005514,0.85,high,topology / geometry,4,3,3,2,4,427,
00000005517,0.85,high,probability,4,3,3,2,4,442,
00000005518,0.85,high,probability,3,2,3,2,4,452,no_quant
00000005519,0.85,high,number theory,3,2,3,2,4,424,no_quant
00000005520,0.85,high,algebraic geometry,4,2,3,2,3,443,
00000005521,0.85,high,number theory,3,2,3,2,3,667,no_quant
00000005522,0.85,high,probability,3,2,3,2,4,723,no_quant
00000005523,0.85,high,analysis / PDE / dynamics,3,3,3,3,5,409,no_quant
00000005524,0.85,high,algebra / representation theory,3,3,3,2,4,430,no_quant
00000005525,0.85,high,algebra / representation theory,4,3,3,2,4,434,
00000005527,0.85,high,probability,3,2,3,2,5,392,no_quant
00000005528,0.85,high,probability,3,2,3,2,5,383,no_quant
00000005529,0.85,high,number theory,3,2,3,2,4,394,no_quant
00000005530,0.85,high,analysis / PDE / dynamics,4,3,3,2,3,459,
00000005531,0.85,high,number theory,3,2,3,2,5,470,no_quant
00000005532,0.85,high,algebra / representation theory,3,3,3,3,4,390,no_quant
00000005533,0.85,high,number theory,3,2,3,2,4,456,no_quant
00000005535,0.85,high,number theory,3,2,3,2,4,419,no_quant
00000005536,0.85,high,number theory,3,2,3,2,5,393,no_quant
00000005537,0.85,high,number theory,3,2,3,2,4,697,no_quant
00000005538,0.85,high,algebraic geometry,3,2,3,2,4,428,no_quant
00000005540,0.85,high,algebraic geometry,4,4,3,3,3,471,
00000005541,0.85,high,analysis / PDE / dynamics,3,2,3,2,4,487,no_quant
00000005542,0.85,high,number theory,3,2,3,2,4,444,no_quant
00000005543,0.85,high,topology / geometry,2,2,3,2,3,738,no_quant
00000005544,0.85,high,algebra / representation theory,3,2,3,2,4,487,no_quant
00000005545,0.85,high,analysis / PDE / dynamics,3,2,3,2,4,414,no_quant
00000005546,0.85,high,algebra / representation theory,3,2,3,2,4,444,no_quant
00000005548,0.85,high,algebra / representation theory,3,2,3,2,4,455,no_quant
00000005549,0.85,high,topology / geometry,3,2,3,2,4,435,no_quant
00000005550,0.85,high,algebra / representation theory,4,2,3,2,3,428,
00000005551,0.85,high,number theory,3,4,3,4,4,438,no_quant
00000005552,0.85,high,number theory,3,4,3,4,4,450,no_quant
00000005553,0.85,high,analysis / PDE / dynamics,3,2,3,2,5,400,no_quant
00000005554,0.85,high,analysis / PDE / dynamics,3,2,3,2,5,390,no_quant
00000005555,0.85,high,algebraic geometry,3,4,2,3,4,417,no_quant
00000005556,0.85,high,number theory,3,2,3,2,4,375,no_quant
00000005557,0.85,high,number theory,3,3,3,2,4,403,no_quant
00000005560,0.85,high,algebra / representation theory,4,3,3,2,3,438,
00000005561,0.85,high,number theory,3,2,3,2,4,426,no_quant
00000005562,0.85,high,algebra / representation theory,3,2,3,2,3,659,no_quant
00000005563,0.85,high,algebraic geometry,3,3,3,3,4,404,no_quant
00000005564,0.85,high,number theory,3,2,3,2,4,438,no_quant
00000005565,0.85,high,combinatorics / discrete,3,2,3,2,2,581,no_quant
00000005566,0.85,high,algebra / representation theory,3,2,3,2,4,471,no_quant
00000005567,0.85,high,combinatorics / discrete,3,2,3,2,5,392,no_quant
00000005568,0.85,high,number theory,5,2,3,2,2,409,
00000005570,0.85,high,algebra / representation theory,4,2,3,2,3,447,
00000005571,0.85,high,combinatorics / discrete,3,2,3,2,2,749,no_quant
00000005572,0.85,high,number theory,3,2,3,2,4,417,no_quant
00000005573,0.85,high,number theory,4,3,3,2,4,583,
00000005575,0.85,high,combinatorics / discrete,4,2,3,2,3,651,
00000005577,0.85,high,number theory,3,3,3,3,4,433,no_quant
00000005578,0.85,high,combinatorics / discrete,3,2,3,2,4,466,no_quant
00000005581,0.85,high,number theory,3,2,3,2,2,666,no_quant
00000005583,0.85,high,number theory,3,2,3,2,3,594,no_quant
00000005584,0.85,high,number theory,3,2,3,2,3,627,no_quant
00000005585,0.85,high,algebra / representation theory,3,2,3,2,4,462,no_quant
00000005589,0.85,high,number theory,3,2,3,2,4,418,no_quant
00000005591,0.85,high,number theory,3,3,2,2,5,495,no_quant
00000005592,0.85,high,number theory,3,3,2,2,5,426,no_quant
00000005594,0.85,high,number theory,3,2,3,2,4,469,no_quant
00000005595,0.85,high,number theory,3,2,3,2,2,658,no_quant
00000005596,0.85,high,number theory,3,2,3,2,5,462,no_quant
00000005598,0.85,high,combinatorics / discrete,3,2,3,2,4,405,no_quant
00000005600,0.85,high,number theory,4,2,3,2,3,423,
00000005601,0.85,high,number theory,3,2,3,2,4,441,no_quant
00000005602,0.85,high,analysis / PDE / dynamics,3,2,3,2,5,664,no_quant
00000005603,0.85,high,analysis / PDE / dynamics,2,2,3,2,4,412,no_quant
00000005604,0.85,high,number theory,3,2,3,2,5,441,no_quant
00000005605,0.85,high,number theory,3,3,2,2,4,422,no_quant
00000005606,0.85,high,number theory,2,3,2,2,3,625,no_quant
00000005607,0.85,high,analysis / PDE / dynamics,3,2,3,2,5,434,no_quant
00000005608,0.85,high,number theory,3,2,3,2,5,456,no_quant
00000005610,0.85,high,algebra / representation theory,4,2,3,2,3,430,
00000005612,0.85,high,number theory,2,2,3,2,5,409,no_quant
00000005614,0.85,high,number theory,3,2,3,2,4,451,no_quant
00000005615,0.85,high,combinatorics / discrete,3,2,3,2,3,426,no_quant
00000005616,0.85,high,number theory,3,2,3,2,4,444,no_quant
00000005617,0.85,high,number theory,3,2,3,2,3,600,no_quant
00000005619,0.85,high,number theory,4,2,3,2,3,403,
00000005620,0.85,high,number theory,4,2,3,2,3,467,
00000005621,0.85,high,analysis / PDE / dynamics,3,3,2,2,5,474,no_quant
00000005622,0.85,high,number theory,3,3,2,2,4,445,no_quant
00000005625,0.85,high,analysis / PDE / dynamics,3,2,3,2,4,399,no_quant
00000005626,0.85,high,number theory,3,3,3,2,3,792,
00000005628,0.85,high,analysis / PDE / dynamics,3,2,3,2,4,398,no_quant
00000005629,0.85,high,probability,2,2,3,2,5,419,no_quant
00000005634,0.85,high,number theory,4,4,3,3,2,707,
00000005635,0.85,high,combinatorics / discrete,3,2,3,2,3,716,no_quant
00000005637,0.85,high,topology / geometry,3,2,3,2,4,416,no_quant
00000005638,0.85,high,combinatorics / discrete,3,2,3,2,4,435,no_quant
00000005639,0.85,high,combinatorics / discrete,3,2,3,2,5,371,no_quant
00000005640,0.85,high,combinatorics / discrete,4,2,3,2,3,457,
00000005642,0.85,high,number theory,3,3,3,3,5,364,no_quant
00000005644,0.85,high,number theory,3,4,3,3,4,434,no_quant
00000005645,0.85,high,analysis / PDE / dynamics,3,2,3,2,4,674,no_quant
00000005647,0.85,high,combinatorics / discrete,4,2,3,2,2,612,
00000005648,0.85,high,algebra / representation theory,3,3,2,2,4,726,no_quant
00000005649,0.85,high,analysis / PDE / dynamics,3,2,3,2,4,562,no_quant
00000005651,0.85,high,analysis / PDE / dynamics,2,3,3,3,4,521,no_quant
00000005652,0.85,high,combinatorics / discrete,3,2,3,2,4,478,no_quant
00000005653,0.85,high,combinatorics / discrete,3,2,3,2,4,455,no_quant
00000005654,0.85,high,combinatorics / discrete,3,2,3,2,5,433,no_quant
00000005655,0.85,high,combinatorics / discrete,4,3,3,3,5,402,
00000005656,0.85,high,combinatorics / discrete,4,3,3,2,4,464,
00000005658,0.85,high,combinatorics / discrete,3,2,3,2,4,456,no_quant
00000005660,0.85,high,combinatorics / discrete,4,2,3,2,3,410,
00000005661,0.85,high,combinatorics / discrete,3,3,3,2,3,441,no_quant
00000005662,0.85,high,combinatorics / discrete,3,3,2,1,3,656,no_quant
00000005663,0.85,high,combinatorics / discrete,3,2,3,2,5,472,no_quant
00000005664,0.85,high,analysis / PDE / dynamics,3,2,3,2,4,397,no_quant
00000005667,0.85,high,analysis / PDE / dynamics,3,3,2,2,4,401,no_quant
00000005668,0.85,high,number theory,3,2,3,2,3,503,no_quant
00000005669,0.85,high,number theory,3,2,3,2,4,314,no_quant
00000005670,0.85,high,algebra / representation theory,4,2,3,2,4,433,
00000005671,0.85,high,analysis / PDE / dynamics,3,3,3,3,3,828,no_quant
00000005672,0.85,high,algebraic geometry,3,2,3,2,3,404,no_quant
00000005673,0.85,high,algebra / representation theory,3,2,3,2,4,429,no_quant
00000005674,0.85,high,analysis / PDE / dynamics,3,2,3,2,5,404,no_quant
00000005677,0.85,high,probability,3,2,3,2,4,379,no_quant
00000005678,0.85,high,analysis / PDE / dynamics,3,2,3,2,4,400,no_quant
00000005679,0.85,high,probability,3,2,3,2,4,420,no_quant
00000005681,0.85,high,algebra / representation theory,3,2,3,2,3,575,no_quant
00000005682,0.85,high,algebra / representation theory,3,3,2,2,3,438,no_quant
00000005683,0.85,high,number theory,3,2,3,2,4,390,no_quant
00000005684,0.85,high,algebra / representation theory,3,2,3,2,4,726,no_quant
00000005685,0.85,high,algebra / representation theory,3,2,3,2,4,442,no_quant
00000005688,0.85,high,algebra / representation theory,3,2,3,2,2,673,no_quant
00000005689,0.85,high,algebra / representation theory,3,2,3,2,4,397,no_quant
00000005690,0.85,high,algebra / representation theory,4,2,3,2,3,443,
00000005691,0.85,high,algebra / representation theory,3,2,3,2,4,443,no_quant
00000005693,0.85,high,number theory,3,2,3,2,3,615,no_quant
00000005695,0.85,high,number theory,3,2,3,2,4,431,no_quant
00000005696,0.85,high,algebra / representation theory,3,2,3,2,3,416,no_quant
00000005697,0.85,high,algebra / representation theory,3,3,2,2,4,369,no_quant
00000005699,0.85,high,algebra / representation theory,3,2,3,2,3,644,no_quant
00000005700,0.85,high,algebra / representation theory,4,2,3,2,3,414,
00000005701,0.85,high,combinatorics / discrete,3,3,2,2,4,393,no_quant
00000005702,0.85,high,combinatorics / discrete,3,3,2,2,4,391,no_quant
00000005703,0.85,high,algebra / representation theory,3,3,2,2,4,448,no_quant
00000005704,0.85,high,number theory,3,2,3,2,4,389,no_quant
00000005705,0.85,high,topology / geometry,3,4,2,3,4,712,no_quant
00000005706,0.85,high,topology / geometry,3,2,3,2,4,398,no_quant
00000005709,0.85,high,topology / geometry,3,2,3,2,4,375,no_quant
00000005710,0.85,high,topology / geometry,4,3,2,2,3,477,
00000005713,0.85,high,number theory,3,2,3,2,3,617,no_quant
00000005714,0.85,high,number theory,2,2,3,2,4,655,no_quant
00000005715,0.85,high,number theory,3,2,3,2,4,432,no_quant
00000005720,0.85,high,algebraic geometry,4,2,3,2,3,469,
00000005721,0.85,high,topology / geometry,3,2,3,2,3,676,no_quant
00000005722,0.85,high,analysis / PDE / dynamics,3,2,3,2,5,723,no_quant
00000005725,0.85,high,algebraic geometry,3,2,3,2,5,372,no_quant
00000005726,0.85,high,analysis / PDE / dynamics,4,2,3,2,3,456,
00000005727,0.85,high,topology / geometry,3,3,2,2,4,464,no_quant
00000005730,0.85,high,algebraic geometry,4,2,3,2,4,467,
00000005731,0.85,high,analysis / PDE / dynamics,3,2,3,2,5,418,no_quant
00000005732,0.85,high,analysis / PDE / dynamics,3,2,3,2,4,642,no_quant
00000005733,0.85,high,analysis / PDE / dynamics,3,2,3,2,4,434,no_quant
00000005737,0.85,high,algebraic geometry,3,2,3,2,3,599,no_quant
00000005739,0.85,high,number theory,3,2,3,2,5,440,no_quant
00000005741,0.85,high,algebraic geometry,3,2,3,2,4,692,no_quant
00000005742,0.85,high,number theory,3,2,3,2,4,422,no_quant
00000005743,0.85,high,number theory,3,3,2,2,5,419,no_quant
00000005744,0.85,high,algebraic geometry,3,2,3,2,4,402,no_quant
00000005745,0.85,high,algebraic geometry,3,4,2,3,4,684,no_quant
00000005746,0.85,high,algebra / representation theory,3,3,2,2,4,404,no_quant
00000005747,0.85,high,topology / geometry,3,2,3,2,5,552,no_quant
00000005748,0.85,high,algebraic geometry,3,3,3,3,4,424,no_quant
00000005749,0.85,high,number theory,3,3,3,3,4,434,no_quant
00000005750,0.85,high,algebraic geometry,4,3,3,3,3,474,
00000005751,0.85,high,algebraic geometry,3,2,3,2,5,405,no_quant
00000005752,0.85,high,number theory,3,2,3,2,5,621,no_quant
00000005753,0.85,high,analysis / PDE / dynamics,3,2,3,2,5,397,no_quant
00000005754,0.85,high,number theory,3,2,3,2,2,586,no_quant
00000005755,0.85,high,number theory,3,2,3,2,4,387,no_quant
00000005757,0.85,high,algebraic geometry,3,3,3,3,4,393,no_quant
00000005758,0.85,high,algebraic geometry,3,3,3,3,4,384,no_quant
00000005759,0.85,high,algebraic geometry,3,3,3,3,4,382,no_quant
00000005760,0.85,high,algebraic geometry,4,4,3,4,3,419,
00000005761,0.85,high,algebraic geometry,3,4,3,4,4,406,no_quant
00000005762,0.85,high,algebraic geometry,3,4,3,4,4,385,no_quant
00000005763,0.85,high,algebraic geometry,3,3,3,3,4,399,no_quant
00000005764,0.85,high,algebraic geometry,3,4,3,4,4,614,no_quant
00000005765,0.85,high,analysis / PDE / dynamics,3,3,3,3,5,389,no_quant
00000005766,0.85,high,algebraic geometry,3,3,3,3,5,672,no_quant
00000005767,0.85,high,algebraic geometry,3,3,3,3,4,371,no_quant
00000005768,0.85,high,algebraic geometry,3,3,3,3,4,422,no_quant
00000005769,0.85,high,algebraic geometry,3,3,3,3,4,396,no_quant
00000005770,0.85,high,algebraic geometry,4,3,3,3,3,444,
00000005772,0.85,high,number theory,4,4,3,3,4,415,
00000005773,0.85,high,topology / geometry,3,2,3,2,4,409,no_quant
00000005774,0.85,high,topology / geometry,3,2,3,2,4,425,no_quant
00000005775,0.85,high,topology / geometry,3,2,3,2,4,419,no_quant
00000005777,0.85,high,analysis / PDE / dynamics,3,2,3,2,4,430,no_quant
00000005778,0.85,high,probability,3,3,3,2,4,429,no_quant
00000005779,0.85,high,probability,3,3,2,2,4,643,no_quant
00000005780,0.85,high,probability,4,2,3,2,3,468,
00000005782,0.85,high,analysis / PDE / dynamics,3,2,3,2,4,381,no_quant
00000005783,0.85,high,analysis / PDE / dynamics,3,2,3,2,4,402,no_quant
00000005784,0.85,high,topology / geometry,3,2,3,2,4,361,no_quant
00000005785,0.85,high,topology / geometry,3,3,2,2,4,609,no_quant
00000005788,0.85,high,analysis / PDE / dynamics,3,3,2,2,4,633,no_quant
00000005789,0.85,high,combinatorics / discrete,3,2,3,2,4,386,no_quant
00000005791,0.85,high,topology / geometry,3,2,3,2,5,433,no_quant
00000005792,0.85,high,logic / complexity,3,2,3,2,4,740,no_quant
00000005793,0.85,high,analysis / PDE / dynamics,3,2,3,2,4,455,no_quant
00000005794,0.85,high,topology / geometry,3,2,3,2,5,456,no_quant
00000005796,0.85,high,number theory,3,3,2,2,4,455,no_quant
00000005801,0.85,high,topology / geometry,3,2,3,2,5,490,no_quant
00000005803,0.85,high,analysis / PDE / dynamics,3,2,3,2,5,658,no_quant
00000005804,0.85,high,analysis / PDE / dynamics,3,2,3,2,5,567,no_quant
00000005805,0.85,high,algebraic geometry,3,2,3,2,4,378,no_quant
00000005806,0.85,high,number theory,3,2,3,2,3,389,no_quant
00000005807,0.85,high,analysis / PDE / dynamics,3,2,3,2,4,592,no_quant
00000005809,0.85,high,analysis / PDE / dynamics,3,2,3,2,3,639,no_quant
00000005812,0.85,high,analysis / PDE / dynamics,3,2,3,2,3,651,no_quant
00000005817,0.85,high,topology / geometry,3,3,2,2,4,419,no_quant
00000005818,0.85,high,topology / geometry,3,3,3,3,5,435,no_quant
00000005819,0.85,high,analysis / PDE / dynamics,3,3,3,3,5,411,no_quant
00000005821,0.85,high,analysis / PDE / dynamics,3,3,3,3,5,458,no_quant
00000005822,0.85,high,analysis / PDE / dynamics,3,2,3,2,4,449,no_quant
00000005823,0.85,high,combinatorics / discrete,3,2,3,2,5,395,no_quant
00000005824,0.85,high,topology / geometry,3,2,3,2,4,361,no_quant
00000005825,0.85,high,analysis / PDE / dynamics,3,2,3,2,4,450,no_quant
00000005827,0.85,high,topology / geometry,3,2,3,2,3,612,no_quant
00000005828,0.85,high,analysis / PDE / dynamics,3,3,2,2,4,425,no_quant
00000005831,0.85,high,number theory,3,2,3,2,5,493,no_quant
00000005832,0.85,high,algebra / representation theory,3,2,3,2,4,636,no_quant
00000005833,0.85,high,number theory,3,3,2,2,4,383,no_quant
00000005834,0.85,high,number theory,3,3,3,3,2,671,no_quant
00000005835,0.85,high,number theory,3,2,3,2,4,420,no_quant
00000005836,0.85,high,number theory,5,3,3,3,2,685,
00000005838,0.85,high,number theory,3,3,3,3,4,569,no_quant
00000005839,0.85,high,number theory,3,2,3,2,4,592,no_quant
00000005841,0.85,high,number theory,3,2,3,2,3,397,no_quant
00000005843,0.85,high,number theory,3,2,3,2,4,380,no_quant
00000005844,0.85,high,algebra / representation theory,3,2,3,2,3,649,no_quant
00000005845,0.85,high,algebra / representation theory,3,2,3,2,4,608,no_quant
00000005846,0.85,high,algebra / representation theory,3,3,3,3,4,382,no_quant
00000005848,0.85,high,algebra / representation theory,3,2,3,2,4,385,no_quant
00000005849,0.85,high,algebra / representation theory,3,2,3,2,4,378,no_quant
00000005851,0.85,high,number theory,3,3,3,3,2,641,no_quant
00000005852,0.85,high,algebraic geometry,3,3,3,3,4,570,no_quant
00000005853,0.85,high,number theory,3,3,3,3,4,405,no_quant
00000005855,0.85,high,algebra / representation theory,3,2,3,2,2,550,no_quant
00000005856,0.85,high,number theory,3,2,3,2,3,575,no_quant
00000005857,0.85,high,algebra / representation theory,3,2,3,2,2,550,no_quant
00000005858,0.85,high,number theory,3,3,2,2,3,579,no_quant
00000005861,0.85,high,number theory,3,2,3,2,4,505,no_quant
00000005862,0.85,high,analysis / PDE / dynamics,3,3,3,2,5,498,no_quant
00000005865,0.85,high,number theory,3,2,3,2,5,408,no_quant
00000005866,0.85,high,algebraic geometry,3,2,3,2,5,446,no_quant
00000005869,0.85,high,number theory,2,2,3,2,4,600,no_quant
00000005873,0.85,high,algebraic geometry,3,2,3,2,4,615,no_quant
00000005874,0.85,high,probability,3,2,3,2,5,386,no_quant
00000005878,0.85,high,logic / complexity,3,2,3,2,5,425,no_quant
00000005883,0.85,high,number theory,3,2,3,2,5,413,no_quant
00000005884,0.85,high,analysis / PDE / dynamics,3,2,3,2,5,398,no_quant
00000005885,0.85,high,algebraic geometry,3,2,3,2,4,423,no_quant
00000005886,0.85,high,analysis / PDE / dynamics,3,3,3,2,4,408,no_quant
00000005887,0.85,high,number theory,3,2,3,2,4,433,no_quant
00000005888,0.85,high,number theory,3,2,3,2,4,439,no_quant
00000005890,0.85,high,algebraic geometry,4,3,3,3,5,470,
00000005891,0.85,high,combinatorics / discrete,3,2,3,2,4,474,no_quant
00000005892,0.85,high,combinatorics / discrete,3,2,3,1,2,439,no_quant
00000005896,0.85,high,algebra / representation theory,3,2,3,2,3,584,no_quant
00000005897,0.85,high,number theory,3,4,2,3,4,575,no_quant
00000005898,0.85,high,analysis / PDE / dynamics,3,2,3,2,4,417,no_quant
00000005899,0.85,high,analysis / PDE / dynamics,3,2,3,2,4,371,no_quant
00000005900,0.85,high,algebra / representation theory,4,2,3,2,3,509,
00000005901,0.85,high,algebra / representation theory,3,2,3,2,5,418,no_quant
00000005902,0.85,high,algebra / representation theory,3,2,3,2,4,387,no_quant
00000005903,0.85,high,algebra / representation theory,3,2,3,2,4,384,no_quant
00000005904,0.85,high,algebra / representation theory,3,2,3,2,5,426,no_quant
00000005905,0.85,high,number theory,3,2,3,2,4,410,no_quant
00000005907,0.85,high,analysis / PDE / dynamics,3,2,3,2,4,419,no_quant
00000005908,0.85,high,topology / geometry,3,2,3,2,4,438,no_quant
00000005909,0.85,high,topology / geometry,3,2,3,2,4,586,no_quant
00000005910,0.85,high,algebra / representation theory,4,2,3,2,3,425,
00000005911,0.85,high,algebra / representation theory,3,3,3,2,4,399,no_quant
00000005912,0.85,high,combinatorics / discrete,3,2,3,2,5,401,no_quant
00000005913,0.85,high,topology / geometry,3,2,3,2,4,400,no_quant
00000005915,0.85,high,algebra / representation theory,3,3,2,2,4,399,no_quant
00000005917,0.85,high,algebra / representation theory,3,3,3,2,3,682,no_quant
00000005919,0.85,high,probability,3,2,3,2,5,384,no_quant
00000005920,0.85,high,probability,4,2,3,2,3,495,
00000005922,0.85,high,algebra / representation theory,3,3,3,3,4,424,no_quant
00000005923,0.85,high,number theory,4,3,3,2,4,423,
00000005924,0.85,high,number theory,3,3,3,3,4,416,no_quant
00000005925,0.85,high,probability,3,2,3,2,4,423,no_quant
00000005927,0.85,high,probability,3,2,3,2,3,585,no_quant
00000005929,0.85,high,probability,3,2,3,2,4,416,no_quant
00000005932,0.85,high,probability,4,3,3,2,3,622,
00000005933,0.85,high,analysis / PDE / dynamics,4,3,3,2,3,635,
00000005934,0.85,high,probability,3,2,3,2,5,402,no_quant
00000005935,0.85,high,probability,3,2,3,2,4,451,no_quant
00000005936,0.85,high,probability,3,2,3,2,4,412,no_quant
00000005937,0.85,high,probability,3,2,3,2,3,667,no_quant
00000005941,0.85,high,analysis / PDE / dynamics,3,3,2,2,3,659,no_quant
00000005942,0.85,high,topology / geometry,3,2,3,2,4,401,no_quant
00000005944,0.85,high,probability,3,2,3,2,4,382,no_quant
00000005945,0.85,high,probability,3,3,2,2,4,405,no_quant
00000005947,0.85,high,probability,3,2,3,1,3,661,no_quant
00000005951,0.85,high,probability,3,3,3,3,4,436,no_quant
00000005952,0.85,high,analysis / PDE / dynamics,3,3,3,3,4,434,no_quant
00000005953,0.85,high,analysis / PDE / dynamics,3,3,3,3,4,377,no_quant
00000005956,0.85,high,probability,3,3,3,3,4,429,no_quant
00000005957,0.85,high,probability,3,2,3,2,4,354,no_quant
00000005958,0.85,high,probability,3,2,3,2,4,395,no_quant
00000005959,0.85,high,analysis / PDE / dynamics,4,3,3,2,4,412,
00000005960,0.85,high,analysis / PDE / dynamics,4,3,3,3,3,466,
00000005961,0.85,high,analysis / PDE / dynamics,3,3,3,3,4,437,no_quant
00000005962,0.85,high,combinatorics / discrete,3,2,3,2,4,436,no_quant
00000005963,0.85,high,analysis / PDE / dynamics,3,3,2,2,5,390,no_quant
00000005965,0.85,high,probability,3,2,3,2,4,357,no_quant
00000005967,0.85,high,analysis / PDE / dynamics,3,3,3,3,4,438,no_quant
00000005969,0.85,high,number theory,3,3,2,2,4,388,no_quant
00000005971,0.85,high,probability,3,2,3,2,4,521,no_quant
00000005972,0.85,high,analysis / PDE / dynamics,2,2,3,2,4,399,no_quant
00000005973,0.85,high,probability,3,2,3,2,4,434,no_quant
00000005974,0.85,high,probability,3,3,3,3,5,412,no_quant
00000005975,0.85,high,topology / geometry,3,2,3,2,4,387,no_quant
00000005976,0.85,high,analysis / PDE / dynamics,3,3,3,3,4,411,no_quant
00000005977,0.85,high,analysis / PDE / dynamics,3,2,3,2,4,439,no_quant
00000005978,0.85,high,probability,3,2,3,2,4,429,no_quant
00000005979,0.85,high,analysis / PDE / dynamics,3,2,3,2,4,399,no_quant
00000005981,0.85,high,number theory,3,2,3,2,5,433,no_quant
00000005982,0.85,high,algebraic geometry,3,2,3,2,4,419,no_quant
00000005983,0.85,high,algebraic geometry,3,2,3,2,5,404,no_quant
00000005984,0.85,high,number theory,3,2,3,2,4,406,no_quant
00000005985,0.85,high,number theory,3,2,3,2,3,620,no_quant
00000005986,0.85,high,algebraic geometry,3,2,3,2,4,413,no_quant
00000005987,0.85,high,algebraic geometry,3,2,3,2,3,634,no_quant
00000005988,0.85,high,algebraic geometry,3,2,3,2,4,364,no_quant
00000005989,0.85,high,analysis / PDE / dynamics,3,3,3,2,4,411,no_quant
00000005990,0.85,high,algebraic geometry,4,3,2,2,3,467,
00000005991,0.85,high,algebraic geometry,3,2,3,2,4,425,no_quant
00000005994,0.85,high,analysis / PDE / dynamics,3,3,3,2,4,370,no_quant
00000005996,0.85,high,number theory,4,3,3,3,5,370,
00000005997,0.85,high,algebraic geometry,5,3,3,2,4,423,
00000005998,0.85,high,number theory,4,4,3,3,2,686,
00000006000,0.85,high,algebraic geometry,4,2,3,2,3,455,
00000006001,0.85,high,number theory,5,2,3,2,3,471,
00000006002,0.85,high,number theory,3,2,3,2,4,451,no_quant
00000006003,0.85,high,number theory,3,2,3,2,4,436,no_quant
00000006004,0.85,high,algebraic geometry,3,2,3,2,4,670,no_quant
00000006006,0.85,high,algebra / representation theory,3,2,3,2,4,590,no_quant
00000006007,0.85,high,combinatorics / discrete,3,3,3,2,4,419,no_quant
00000006010,0.85,high,algebraic geometry,4,2,3,2,3,446,
00000006011,0.85,high,number theory,3,3,2,2,4,508,no_quant
00000006014,0.85,high,algebraic geometry,5,3,2,2,3,600,
00000006015,0.85,high,number theory,3,3,2,2,4,666,no_quant
00000006017,0.85,high,analysis / PDE / dynamics,3,2,3,2,4,688,no_quant
00000006018,0.85,high,analysis / PDE / dynamics,3,2,3,2,4,470,no_quant
00000006019,0.85,high,analysis / PDE / dynamics,3,2,3,2,4,674,no_quant
00000006020,0.85,high,analysis / PDE / dynamics,4,3,2,2,3,454,
00000006022,0.85,high,combinatorics / discrete,3,2,3,2,5,402,no_quant
00000006023,0.85,high,analysis / PDE / dynamics,3,2,3,2,5,632,no_quant
00000006027,0.85,high,analysis / PDE / dynamics,3,2,3,2,4,416,no_quant
00000006028,0.85,high,topology / geometry,3,2,3,2,4,407,no_quant
00000006031,0.85,high,analysis / PDE / dynamics,3,2,3,2,4,414,no_quant
00000006032,0.85,high,number theory,3,2,3,2,4,626,no_quant
00000006034,0.85,high,topology / geometry,3,2,3,2,3,619,no_quant
00000006035,0.85,high,topology / geometry,3,3,2,2,4,379,no_quant
00000006036,0.85,high,topology / geometry,3,2,3,2,3,697,no_quant
00000006037,0.85,high,analysis / PDE / dynamics,5,2,3,2,3,396,
00000006038,0.85,high,topology / geometry,3,2,3,2,4,383,no_quant
00000006041,0.85,high,number theory,3,2,3,2,4,401,no_quant
00000006042,0.85,high,algebra / representation theory,3,2,3,2,4,409,no_quant
00000006043,0.85,high,combinatorics / discrete,3,2,3,2,4,585,no_quant
00000006045,0.85,high,number theory,3,2,3,2,4,363,no_quant
00000006046,0.85,high,analysis / PDE / dynamics,3,2,3,2,5,639,no_quant
00000006047,0.85,high,analysis / PDE / dynamics,3,2,3,2,4,391,no_quant
00000006048,0.85,high,combinatorics / discrete,3,2,3,2,5,572,no_quant
00000006050,0.85,high,algebra / representation theory,4,3,3,2,3,398,
00000006051,0.85,high,combinatorics / discrete,3,2,3,2,4,645,no_quant
00000006054,0.85,high,analysis / PDE / dynamics,3,2,3,2,4,579,no_quant
00000006055,0.85,high,combinatorics / discrete,3,2,3,2,4,529,no_quant
00000006057,0.85,high,number theory,3,2,3,2,4,528,no_quant
00000006060,0.85,high,algebra / representation theory,4,3,3,2,3,458,
00000006061,0.85,high,number theory,3,2,3,2,4,406,no_quant
00000006062,0.85,high,analysis / PDE / dynamics,3,2,3,2,3,547,no_quant
00000006063,0.85,high,number theory,3,3,2,2,4,413,no_quant
00000006064,0.85,high,number theory,3,2,3,2,4,361,no_quant
00000006065,0.85,high,analysis / PDE / dynamics,3,2,3,2,4,445,no_quant
00000006066,0.85,high,number theory,3,2,3,2,4,638,no_quant
00000006067,0.85,high,number theory,3,2,3,2,4,562,no_quant
00000006068,0.85,high,analysis / PDE / dynamics,3,2,3,2,4,541,no_quant
00000006069,0.85,high,number theory,3,2,3,2,5,531,no_quant
00000006071,0.85,high,analysis / PDE / dynamics,3,2,3,2,4,439,no_quant
00000006073,0.85,high,topology / geometry,3,2,3,2,4,648,no_quant
00000006074,0.85,high,algebraic geometry,3,2,3,2,4,465,no_quant
00000006075,0.85,high,topology / geometry,3,2,3,2,4,381,no_quant
00000006076,0.85,high,topology / geometry,3,2,3,2,4,417,no_quant
00000006077,0.85,high,analysis / PDE / dynamics,3,2,3,2,4,380,no_quant
00000006078,0.85,high,number theory,3,2,3,2,4,417,no_quant
00000006081,0.85,high,number theory,3,2,3,2,4,367,no_quant
00000006082,0.85,high,number theory,3,2,3,2,3,577,no_quant
00000006083,0.85,high,number theory,3,2,3,2,4,429,no_quant
00000006085,0.85,high,topology / geometry,3,2,3,2,4,418,no_quant
00000006087,0.85,high,probability,3,2,3,2,5,405,no_quant
00000006088,0.85,high,analysis / PDE / dynamics,3,2,3,2,5,413,no_quant
00000006089,0.85,high,topology / geometry,3,2,3,2,4,488,no_quant
00000006091,0.85,high,topology / geometry,3,3,2,2,5,400,no_quant
00000006093,0.85,high,probability,3,3,2,2,4,426,no_quant
00000006094,0.85,high,probability,3,2,3,2,4,705,no_quant
00000006095,0.85,high,analysis / PDE / dynamics,3,2,3,2,5,412,no_quant
00000006096,0.85,high,analysis / PDE / dynamics,3,3,3,3,4,374,no_quant
00000006097,0.85,high,analysis / PDE / dynamics,3,3,3,3,5,406,no_quant
00000006098,0.85,high,analysis / PDE / dynamics,3,2,3,2,4,394,no_quant
00000006099,0.85,high,algebra / representation theory,3,2,3,2,5,421,no_quant
00000006100,0.85,high,topology / geometry,4,4,2,3,3,484,
00000006101,0.85,high,analysis / PDE / dynamics,3,3,3,3,4,410,no_quant
00000006102,0.85,high,analysis / PDE / dynamics,3,4,3,3,5,432,no_quant
00000006104,0.85,high,analysis / PDE / dynamics,3,3,3,2,4,418,no_quant
00000006105,0.85,high,analysis / PDE / dynamics,3,3,3,2,4,642,no_quant
00000006106,0.85,high,probability,3,2,3,2,4,379,no_quant
00000006107,0.85,high,analysis / PDE / dynamics,3,2,3,2,4,392,no_quant
00000006108,0.85,high,analysis / PDE / dynamics,3,3,2,2,4,388,no_quant
00000006109,0.85,high,analysis / PDE / dynamics,3,3,3,3,5,649,no_quant
00000006110,0.85,high,analysis / PDE / dynamics,4,3,3,3,3,433,
00000006112,0.85,high,analysis / PDE / dynamics,3,3,3,3,4,598,no_quant
00000006113,0.85,high,analysis / PDE / dynamics,3,4,3,3,4,387,no_quant
00000006115,0.85,high,analysis / PDE / dynamics,3,2,3,2,4,383,no_quant
00000006116,0.85,high,probability,3,2,3,2,4,600,no_quant
00000006120,0.85,high,analysis / PDE / dynamics,4,3,3,2,3,461,
00000006122,0.85,high,analysis / PDE / dynamics,3,2,3,2,5,652,no_quant
00000006123,0.85,high,analysis / PDE / dynamics,3,2,3,2,4,439,no_quant
00000006125,0.85,high,analysis / PDE / dynamics,3,2,3,2,4,389,no_quant
00000006127,0.85,high,algebraic geometry,3,2,3,2,4,422,no_quant
00000006128,0.85,high,probability,3,2,3,2,4,354,no_quant
00000006129,0.85,high,probability,3,2,3,2,5,373,no_quant
00000006130,0.85,high,number theory,4,3,2,2,3,455,
00000006131,0.85,high,algebraic geometry,3,2,3,2,4,424,no_quant
00000006132,0.85,high,topology / geometry,3,2,3,2,4,404,no_quant
00000006133,0.85,high,algebraic geometry,3,2,3,2,4,430,no_quant
00000006134,0.85,high,number theory,3,2,3,2,4,394,no_quant
00000006135,0.85,high,analysis / PDE / dynamics,4,3,2,1,2,630,
00000006136,0.85,high,number theory,3,2,3,2,4,456,no_quant
00000006138,0.85,high,topology / geometry,3,3,3,3,3,580,no_quant
00000006141,0.85,high,algebraic geometry,3,2,3,2,4,403,no_quant
00000006142,0.85,high,algebraic geometry,3,2,3,2,4,698,no_quant
00000006143,0.85,high,algebra / representation theory,3,2,3,2,4,423,no_quant
00000006144,0.85,high,number theory,3,2,3,2,3,584,no_quant
00000006145,0.85,high,algebraic geometry,3,2,3,2,4,411,no_quant
00000006148,0.85,high,algebra / representation theory,4,2,3,2,3,616,
00000006149,0.85,high,algebraic geometry,3,2,3,2,2,565,no_quant
00000006150,0.85,high,algebraic geometry,4,3,3,3,3,466,
00000006151,0.85,high,algebraic geometry,3,3,3,3,4,398,no_quant
00000006152,0.85,high,algebraic geometry,3,3,3,3,4,637,no_quant
00000006153,0.85,high,algebraic geometry,3,2,3,2,4,399,no_quant
00000006154,0.85,high,algebraic geometry,3,2,3,2,5,393,no_quant
00000006155,0.85,high,algebraic geometry,3,2,3,2,5,391,no_quant
00000006156,0.85,high,number theory,3,2,3,2,5,608,no_quant
00000006157,0.85,high,algebraic geometry,3,3,3,3,4,420,no_quant
00000006158,0.85,high,algebraic geometry,4,4,3,4,4,594,
00000006160,0.85,high,algebraic geometry,4,3,3,3,3,463,
00000006161,0.85,high,analysis / PDE / dynamics,3,2,3,2,5,446,no_quant
00000006163,0.85,high,number theory,3,2,3,2,5,660,no_quant
00000006164,0.85,high,analysis / PDE / dynamics,3,2,3,2,4,406,no_quant
00000006165,0.85,high,number theory,3,2,3,2,4,646,no_quant
00000006166,0.85,high,combinatorics / discrete,3,2,3,2,4,482,no_quant
00000006168,0.85,high,analysis / PDE / dynamics,3,2,3,2,4,428,no_quant
00000006171,0.85,high,probability,3,2,3,2,4,380,no_quant
00000006172,0.85,high,combinatorics / discrete,3,2,3,2,4,408,no_quant
00000006175,0.85,high,combinatorics / discrete,3,2,3,2,4,464,no_quant
00000006176,0.85,high,number theory,3,3,3,3,4,630,no_quant
00000006177,0.85,high,analysis / PDE / dynamics,3,3,2,2,5,404,no_quant
00000006178,0.85,high,topology / geometry,3,4,3,3,5,721,no_quant
00000006179,0.85,high,algebra / representation theory,3,2,3,2,4,385,no_quant
00000006180,0.85,high,combinatorics / discrete,4,2,3,2,4,448,
00000006181,0.85,high,probability,3,2,3,2,4,604,no_quant
00000006182,0.85,high,combinatorics / discrete,4,3,3,3,4,718,
00000006183,0.85,high,combinatorics / discrete,3,2,3,2,4,385,no_quant
00000006184,0.85,high,combinatorics / discrete,3,2,3,2,3,601,no_quant
00000006185,0.85,high,combinatorics / discrete,3,3,3,3,4,436,no_quant
00000006186,0.85,high,combinatorics / discrete,3,2,3,2,4,393,no_quant
00000006187,0.85,high,combinatorics / discrete,3,2,3,2,5,416,no_quant
00000006188,0.85,high,combinatorics / discrete,3,3,3,2,5,600,no_quant
00000006190,0.85,high,combinatorics / discrete,4,2,3,2,4,457,
00000006191,0.85,high,algebraic geometry,3,3,2,2,4,419,no_quant
00000006192,0.85,high,algebra / representation theory,3,2,3,2,5,432,no_quant
00000006194,0.85,high,algebra / representation theory,3,2,3,2,3,445,no_quant
00000006195,0.85,high,algebraic geometry,4,2,3,2,3,543,
00000006196,0.85,high,analysis / PDE / dynamics,3,2,3,2,4,432,no_quant
00000006197,0.85,high,number theory,3,3,3,3,4,614,no_quant
00000006198,0.85,high,algebraic geometry,3,3,2,2,3,415,no_quant
00000006199,0.85,high,algebraic geometry,3,2,3,2,4,402,no_quant
00000006200,0.85,high,algebraic geometry,4,2,3,2,3,427,
00000006201,0.85,high,analysis / PDE / dynamics,3,2,3,2,4,372,no_quant
00000006203,0.85,high,number theory,3,2,3,2,4,606,no_quant
00000006204,0.85,high,analysis / PDE / dynamics,3,2,3,2,4,540,no_quant
00000006206,0.85,high,algebra / representation theory,3,3,3,3,5,582,no_quant
00000006207,0.85,high,algebra / representation theory,3,2,3,2,4,382,no_quant
00000006208,0.85,high,algebra / representation theory,3,3,3,3,3,623,no_quant
00000006209,0.85,high,analysis / PDE / dynamics,3,2,3,2,4,417,no_quant
00000006211,0.85,high,probability,3,2,3,2,4,390,no_quant
00000006212,0.85,high,probability,3,2,3,1,2,619,no_quant
00000006213,0.85,high,algebra / representation theory,3,2,3,2,4,409,no_quant
00000006214,0.85,high,analysis / PDE / dynamics,3,2,3,2,2,562,no_quant
00000006215,0.85,high,analysis / PDE / dynamics,3,3,2,2,5,374,no_quant
00000006216,0.85,high,analysis / PDE / dynamics,3,2,3,2,5,600,no_quant
00000006218,0.85,high,analysis / PDE / dynamics,3,2,3,2,5,583,no_quant
00000006219,0.85,high,analysis / PDE / dynamics,3,2,3,2,4,410,no_quant
00000006221,0.85,high,algebraic geometry,3,2,3,2,4,397,no_quant
00000006222,0.85,high,algebraic geometry,3,2,3,2,4,397,no_quant
00000006224,0.85,high,algebraic geometry,3,2,3,2,4,647,no_quant
00000006225,0.85,high,probability,3,3,2,2,3,556,no_quant
00000006226,0.85,high,algebra / representation theory,3,2,3,2,4,427,no_quant
00000006227,0.85,high,topology / geometry,3,2,3,2,4,702,no_quant
00000006230,0.85,high,algebraic geometry,4,2,3,2,3,429,
00000006231,0.85,high,algebraic geometry,3,2,3,2,5,466,no_quant
00000006232,0.85,high,algebraic geometry,3,3,2,2,4,600,no_quant
00000006235,0.85,high,algebraic geometry,3,2,3,2,4,380,no_quant
00000006236,0.85,high,algebraic geometry,3,3,3,3,4,656,no_quant
00000006238,0.85,high,number theory,3,2,3,2,3,652,no_quant
00000006241,0.85,high,algebraic geometry,3,2,3,2,4,397,no_quant
00000006242,0.85,high,analysis / PDE / dynamics,3,2,3,2,4,602,no_quant
00000006244,0.85,high,logic / complexity,3,2,3,2,4,702,no_quant
00000006245,0.85,high,algebra / representation theory,3,2,3,2,4,656,no_quant
00000006246,0.85,high,algebraic geometry,3,2,3,2,4,599,no_quant
00000006247,0.85,high,algebraic geometry,3,2,3,2,5,467,no_quant
00000006248,0.85,high,algebraic geometry,3,3,2,2,4,659,no_quant
00000006249,0.85,high,topology / geometry,3,3,2,2,4,370,no_quant
00000006250,0.85,high,algebraic geometry,4,2,3,2,3,446,
00000006251,0.85,high,analysis / PDE / dynamics,3,3,2,2,4,401,no_quant
00000006252,0.85,high,number theory,3,3,3,3,3,464,no_quant
00000006253,0.85,high,analysis / PDE / dynamics,3,3,3,3,5,662,no_quant
00000006254,0.85,high,combinatorics / discrete,3,2,3,2,4,449,no_quant
00000006255,0.85,high,analysis / PDE / dynamics,3,3,2,2,5,640,no_quant
00000006256,0.85,high,analysis / PDE / dynamics,3,3,3,2,5,621,no_quant
00000006257,0.85,high,analysis / PDE / dynamics,3,2,3,2,4,391,no_quant
00000006258,0.85,high,analysis / PDE / dynamics,3,2,3,2,3,574,no_quant
00000006259,0.85,high,analysis / PDE / dynamics,3,2,3,2,5,368,no_quant
00000006260,0.85,high,analysis / PDE / dynamics,4,2,3,2,3,402,
00000006261,0.85,high,analysis / PDE / dynamics,5,2,3,2,2,463,
00000006262,0.85,high,analysis / PDE / dynamics,3,2,3,2,5,576,no_quant
00000006263,0.85,high,analysis / PDE / dynamics,5,2,3,2,4,600,
00000006264,0.85,high,analysis / PDE / dynamics,3,2,3,2,5,570,no_quant
00000006265,0.85,high,analysis / PDE / dynamics,3,2,3,2,4,587,no_quant
00000006269,0.85,high,analysis / PDE / dynamics,3,3,3,3,4,569,no_quant
00000006270,0.85,high,analysis / PDE / dynamics,4,2,3,2,3,465,
00000006271,0.85,high,number theory,3,3,2,2,4,366,no_quant
00000006273,0.85,high,number theory,3,2,3,2,4,434,no_quant
00000006274,0.85,high,number theory,3,2,3,2,4,668,no_quant
00000006275,0.85,high,analysis / PDE / dynamics,3,2,3,2,5,466,no_quant
00000006277,0.85,high,analysis / PDE / dynamics,3,4,2,4,5,577,no_quant
00000006278,0.85,high,number theory,3,3,3,3,4,451,no_quant
00000006279,0.85,high,number theory,3,2,3,2,4,611,no_quant
00000006280,0.85,high,analysis / PDE / dynamics,5,3,2,2,3,435,
00000006281,0.85,high,algebra / representation theory,3,2,3,2,4,475,no_quant
00000006282,0.85,high,algebra / representation theory,3,2,3,2,3,461,no_quant
00000006283,0.85,high,number theory,4,3,3,2,3,608,
00000006284,0.85,high,topology / geometry,3,2,3,2,4,406,no_quant
00000006286,0.85,high,topology / geometry,3,2,3,2,4,457,no_quant
00000006287,0.85,high,analysis / PDE / dynamics,3,2,3,2,4,400,no_quant
00000006288,0.85,high,algebra / representation theory,3,2,3,2,4,471,no_quant
00000006289,0.85,high,algebra / representation theory,3,2,3,2,3,544,no_quant
00000006290,0.85,high,algebra / representation theory,4,2,3,2,3,426,
00000006291,0.85,high,algebra / representation theory,3,3,2,2,4,483,no_quant
00000006292,0.85,high,algebra / representation theory,3,2,3,2,4,649,no_quant
00000006293,0.85,high,algebra / representation theory,3,2,3,2,4,379,no_quant
00000006294,0.85,high,number theory,3,3,2,2,4,581,no_quant
00000006295,0.85,high,analysis / PDE / dynamics,3,2,3,2,4,448,no_quant
00000006297,0.85,high,topology / geometry,3,4,3,4,4,466,no_quant
00000006298,0.85,high,topology / geometry,3,4,2,3,4,417,no_quant
00000006299,0.85,high,topology / geometry,3,2,3,2,4,471,no_quant
00000006300,0.85,high,algebra / representation theory,4,2,3,2,3,424,
00000006301,0.85,high,analysis / PDE / dynamics,3,2,3,2,5,420,no_quant
00000006302,0.85,high,number theory,3,2,3,2,4,547,no_quant
00000006303,0.85,high,number theory,3,4,3,4,4,503,no_quant
00000006304,0.85,high,number theory,3,2,3,2,3,543,no_quant
00000006306,0.85,high,algebraic geometry,3,3,3,3,4,441,no_quant
00000006307,0.85,high,number theory,3,2,3,2,4,475,no_quant
00000006308,0.85,high,analysis / PDE / dynamics,3,2,3,2,4,648,no_quant
00000006309,0.85,high,analysis / PDE / dynamics,3,2,3,2,4,482,no_quant
00000006310,0.85,high,algebra / representation theory,4,2,3,2,3,435,
00000006311,0.85,high,number theory,3,3,3,3,5,415,no_quant
00000006312,0.85,high,analysis / PDE / dynamics,3,2,3,2,4,395,no_quant
00000006313,0.85,high,probability,3,2,3,2,5,371,no_quant
00000006314,0.85,high,analysis / PDE / dynamics,3,3,3,3,5,633,no_quant
00000006316,0.85,high,number theory,4,4,3,4,5,540,
00000006317,0.85,high,number theory,4,3,3,2,4,376,
00000006318,0.85,high,number theory,3,2,3,2,5,596,no_quant
00000006319,0.85,high,combinatorics / discrete,3,2,3,2,4,402,no_quant
00000006321,0.85,high,number theory,3,2,3,2,4,411,no_quant
00000006322,0.85,high,algebra / representation theory,3,2,3,1,2,523,no_quant
00000006326,0.85,high,algebra / representation theory,3,2,3,2,5,574,no_quant
00000006327,0.85,high,number theory,3,2,3,2,2,601,no_quant
00000006328,0.85,high,number theory,3,2,3,2,4,443,no_quant
00000006329,0.85,high,analysis / PDE / dynamics,5,3,3,2,4,596,
00000006330,0.85,high,number theory,4,2,3,2,3,485,
00000006332,0.85,high,number theory,3,2,3,2,5,597,no_quant
00000006333,0.85,high,topology / geometry,3,2,3,2,4,374,no_quant
00000006335,0.85,high,number theory,4,2,3,2,3,407,
00000006336,0.85,high,number theory,3,3,3,3,3,638,no_quant
00000006337,0.85,high,combinatorics / discrete,4,2,3,2,3,396,
00000006338,0.85,high,combinatorics / discrete,3,2,3,2,4,567,no_quant
00000006340,0.85,high,analysis / PDE / dynamics,4,3,3,3,3,463,
00000006341,0.85,high,number theory,3,2,3,2,4,409,no_quant
00000006343,0.85,high,algebraic geometry,3,2,3,2,4,491,no_quant
00000006344,0.85,high,combinatorics / discrete,3,2,3,2,5,472,no_quant
00000006345,0.85,high,algebra / representation theory,3,2,3,2,4,502,no_quant
00000006346,0.85,high,algebraic geometry,3,2,3,2,4,395,no_quant
00000006349,0.85,high,algebra / representation theory,3,2,3,2,4,593,no_quant
00000006351,0.85,high,algebra / representation theory,3,2,3,2,4,409,no_quant
00000006352,0.85,high,algebra / representation theory,3,2,3,2,4,448,no_quant
00000006353,0.85,high,number theory,3,2,3,2,4,424,no_quant
00000006354,0.85,high,algebraic geometry,3,2,3,1,2,389,no_quant
00000006355,0.85,high,algebra / representation theory,3,3,3,3,4,411,no_quant
00000006357,0.85,high,algebraic geometry,3,3,3,3,4,427,no_quant
00000006358,0.85,high,algebra / representation theory,3,3,3,3,4,543,no_quant
00000006359,0.85,high,analysis / PDE / dynamics,5,2,3,2,3,416,
00000006360,0.85,high,algebra / representation theory,4,3,3,3,3,444,
00000006361,0.85,high,algebra / representation theory,3,2,3,2,4,447,no_quant
00000006362,0.85,high,number theory,3,3,3,3,4,479,no_quant
00000006365,0.85,high,number theory,3,2,3,2,4,344,no_quant
00000006366,0.85,high,number theory,3,2,3,2,4,439,no_quant
00000006368,0.85,high,algebra / representation theory,3,3,3,3,2,547,no_quant
00000006370,0.85,high,algebra / representation theory,4,2,3,2,3,454,
00000006374,0.85,high,analysis / PDE / dynamics,2,2,3,2,5,395,no_quant
00000006376,0.85,high,logic / complexity,3,3,3,3,4,501,no_quant
00000006379,0.85,high,analysis / PDE / dynamics,3,2,3,2,4,425,no_quant
00000006380,0.85,high,algebraic geometry,4,2,3,2,3,452,
00000006381,0.85,high,probability,3,2,3,2,5,403,no_quant
00000006384,0.85,high,algebraic geometry,3,2,3,2,4,514,no_quant
00000006385,0.85,high,number theory,3,2,3,2,4,413,no_quant
00000006386,0.85,high,analysis / PDE / dynamics,3,2,3,2,5,547,no_quant
00000006389,0.85,high,analysis / PDE / dynamics,3,3,3,3,4,471,no_quant
00000006391,0.85,high,probability,3,3,2,2,4,385,no_quant
00000006392,0.85,high,combinatorics / discrete,3,2,3,2,4,429,no_quant
00000006394,0.85,high,algebraic geometry,3,2,3,2,5,546,no_quant
00000006395,0.85,high,number theory,3,2,3,2,4,389,no_quant
00000006396,0.85,high,analysis / PDE / dynamics,3,3,3,3,3,519,no_quant
00000006397,0.85,high,algebra / representation theory,3,3,3,3,5,378,no_quant
00000006398,0.85,high,algebraic geometry,3,2,3,2,4,515,no_quant
00000006399,0.85,high,algebra / representation theory,3,2,3,2,5,365,no_quant
00000006401,0.85,high,analysis / PDE / dynamics,3,3,2,2,4,511,no_quant
00000006403,0.85,high,number theory,3,2,3,2,4,474,no_quant
00000006405,0.85,high,analysis / PDE / dynamics,4,3,2,2,3,607,
00000006407,0.85,high,analysis / PDE / dynamics,3,2,3,2,3,473,no_quant
00000006409,0.85,high,number theory,3,3,3,3,4,551,no_quant
00000006411,0.85,high,analysis / PDE / dynamics,3,3,2,2,4,451,no_quant
00000006412,0.85,high,analysis / PDE / dynamics,3,2,3,2,4,385,no_quant
00000006413,0.85,high,analysis / PDE / dynamics,3,2,3,2,4,386,no_quant
00000006414,0.85,high,analysis / PDE / dynamics,3,3,3,2,4,439,no_quant
00000006419,0.85,high,combinatorics / discrete,3,3,3,3,4,366,no_quant
00000006422,0.85,high,combinatorics / discrete,3,3,2,2,3,514,no_quant
00000006423,0.85,high,analysis / PDE / dynamics,3,3,3,2,4,431,no_quant
00000006424,0.85,high,analysis / PDE / dynamics,3,2,3,2,4,404,no_quant
00000006425,0.85,high,analysis / PDE / dynamics,3,3,3,2,4,408,no_quant
00000006426,0.85,high,analysis / PDE / dynamics,3,3,3,2,4,389,no_quant
00000006427,0.85,high,combinatorics / discrete,3,2,3,2,5,407,no_quant
00000006428,0.85,high,analysis / PDE / dynamics,3,3,3,2,5,583,no_quant
00000006429,0.85,high,analysis / PDE / dynamics,3,3,3,2,4,484,no_quant
00000006430,0.85,high,number theory,4,2,3,2,3,464,
00000006432,0.85,high,analysis / PDE / dynamics,3,2,3,2,5,415,no_quant
00000006433,0.85,high,number theory,3,4,3,4,4,504,no_quant
00000006434,0.85,high,analysis / PDE / dynamics,3,4,2,3,4,399,no_quant
00000006436,0.85,high,number theory,3,3,3,3,5,359,no_quant
00000006437,0.85,high,analysis / PDE / dynamics,3,3,3,3,4,467,no_quant
00000006438,0.85,high,analysis / PDE / dynamics,3,2,3,2,5,408,no_quant
00000006439,0.85,high,algebra / representation theory,3,3,2,2,4,372,no_quant
00000006440,0.85,high,algebra / representation theory,4,2,3,2,3,401,
00000006442,0.85,high,analysis / PDE / dynamics,3,2,3,2,5,553,no_quant
00000006445,0.85,high,algebra / representation theory,3,5,2,5,4,410,grand|no_quant
00000006446,0.85,high,number theory,3,4,3,4,4,541,no_quant
00000006447,0.85,high,analysis / PDE / dynamics,3,2,3,2,3,539,no_quant
00000006449,0.85,high,analysis / PDE / dynamics,3,3,3,3,4,371,no_quant
00000006452,0.85,high,analysis / PDE / dynamics,3,2,3,2,5,503,no_quant
00000006453,0.85,high,analysis / PDE / dynamics,3,2,3,2,5,381,no_quant
00000006454,0.85,high,number theory,3,2,3,2,4,410,no_quant
00000006455,0.85,high,number theory,3,2,3,2,4,385,no_quant
00000006456,0.85,high,algebraic geometry,3,2,3,2,5,535,no_quant
00000006457,0.85,high,number theory,3,2,3,2,4,364,no_quant
00000006458,0.85,high,number theory,3,2,3,2,5,485,no_quant
00000006459,0.85,high,analysis / PDE / dynamics,3,2,3,2,3,555,no_quant
00000006460,0.85,high,analysis / PDE / dynamics,4,3,3,3,4,461,
00000006461,0.85,high,analysis / PDE / dynamics,3,2,3,2,5,397,no_quant
00000006462,0.85,high,analysis / PDE / dynamics,3,2,3,2,5,456,no_quant
00000006463,0.85,high,number theory,3,2,3,2,5,512,no_quant
00000006464,0.85,high,analysis / PDE / dynamics,3,4,3,3,4,394,no_quant
00000006468,0.85,high,analysis / PDE / dynamics,3,2,3,2,5,373,no_quant
00000006469,0.85,high,probability,3,2,3,2,5,503,no_quant
00000006470,0.85,high,analysis / PDE / dynamics,4,2,3,2,4,447,
00000006471,0.85,high,analysis / PDE / dynamics,3,3,3,2,4,402,no_quant
00000006472,0.85,high,analysis / PDE / dynamics,3,2,3,2,4,515,no_quant
00000006473,0.85,high,combinatorics / discrete,3,2,3,2,4,377,no_quant
00000006474,0.85,high,probability,3,2,3,2,5,438,no_quant
00000006475,0.85,high,probability,3,2,3,2,4,523,no_quant
00000006476,0.85,high,analysis / PDE / dynamics,3,2,3,2,4,511,no_quant
00000006479,0.85,high,analysis / PDE / dynamics,3,3,3,2,3,531,no_quant
00000006480,0.85,high,probability,4,2,3,2,3,461,
00000006481,0.85,high,combinatorics / discrete,3,2,3,2,4,389,no_quant
00000006483,0.85,high,analysis / PDE / dynamics,3,2,3,2,4,438,no_quant
00000006484,0.85,high,number theory,3,2,3,2,4,503,no_quant
00000006485,0.85,high,analysis / PDE / dynamics,3,2,3,2,5,423,no_quant
00000006486,0.85,high,probability,3,2,3,2,3,485,no_quant
00000006487,0.85,high,analysis / PDE / dynamics,3,3,2,2,4,415,no_quant
00000006488,0.85,high,analysis / PDE / dynamics,3,2,3,2,4,536,no_quant
00000006489,0.85,high,probability,4,2,3,2,3,452,
00000006490,0.85,high,analysis / PDE / dynamics,4,3,3,2,3,485,
00000006491,0.85,high,topology / geometry,3,3,2,2,4,436,no_quant
00000006492,0.85,high,topology / geometry,3,2,3,2,4,421,no_quant
00000006493,0.85,high,topology / geometry,3,2,3,2,4,473,no_quant
00000006494,0.85,high,topology / geometry,3,2,3,2,4,428,no_quant
00000006495,0.85,high,number theory,3,2,3,2,4,445,no_quant
00000006496,0.85,high,topology / geometry,3,2,3,2,4,394,no_quant
00000006497,0.85,high,number theory,3,3,3,2,4,435,no_quant
00000006498,0.85,high,number theory,3,3,3,2,4,417,no_quant
00000006499,0.85,high,number theory,3,2,3,2,4,362,no_quant
00000006502,0.85,high,number theory,3,2,3,2,4,409,no_quant
00000006503,0.85,high,algebra / representation theory,3,3,2,2,4,435,no_quant
00000006504,0.85,high,topology / geometry,3,2,3,2,4,380,no_quant
00000006506,0.85,high,topology / geometry,3,2,3,2,4,344,no_quant
00000006507,0.85,high,algebraic geometry,3,3,3,3,4,348,no_quant
00000006511,0.85,high,topology / geometry,3,3,3,2,4,371,no_quant
00000006512,0.85,high,analysis / PDE / dynamics,3,2,3,2,4,435,no_quant
00000006514,0.85,high,number theory,3,3,2,2,4,373,no_quant
00000006516,0.85,high,number theory,3,3,2,2,4,386,no_quant
00000006517,0.85,high,algebraic geometry,3,3,3,3,4,421,no_quant
00000006518,0.85,high,number theory,3,2,3,2,4,417,no_quant
00000006521,0.85,high,algebraic geometry,3,3,3,3,5,420,no_quant
00000006523,0.85,high,analysis / PDE / dynamics,3,2,3,2,4,449,no_quant
00000006525,0.85,high,topology / geometry,3,2,3,2,5,516,no_quant
00000006526,0.85,high,topology / geometry,3,3,2,2,4,399,no_quant
00000006527,0.85,high,analysis / PDE / dynamics,3,2,3,2,5,560,no_quant
00000006528,0.85,high,topology / geometry,3,2,3,2,4,394,no_quant
00000006530,0.85,high,analysis / PDE / dynamics,4,2,3,2,4,442,
00000006531,0.85,high,algebra / representation theory,3,3,2,2,4,407,no_quant
00000006533,0.85,high,number theory,3,3,2,2,4,423,no_quant
00000006534,0.85,high,topology / geometry,3,2,3,2,4,591,no_quant
00000006535,0.85,high,topology / geometry,3,3,3,3,4,414,no_quant
00000006536,0.85,high,topology / geometry,3,3,3,3,5,555,no_quant
00000006537,0.85,high,number theory,3,3,3,3,4,443,no_quant
00000006539,0.85,high,probability,3,2,3,2,4,396,no_quant
00000006540,0.85,high,topology / geometry,4,2,3,2,3,448,
00000006541,0.85,high,combinatorics / discrete,3,2,3,2,4,456,no_quant
00000006542,0.85,high,number theory,3,2,3,2,4,537,no_quant
00000006543,0.85,high,number theory,3,2,3,2,4,369,no_quant
00000006544,0.85,high,number theory,3,2,3,2,4,426,no_quant
00000006545,0.85,high,number theory,3,2,3,2,4,451,no_quant
00000006546,0.85,high,topology / geometry,3,2,3,2,4,542,no_quant
00000006547,0.85,high,analysis / PDE / dynamics,3,3,3,3,4,364,no_quant
00000006548,0.85,high,analysis / PDE / dynamics,3,2,3,2,5,472,no_quant
00000006549,0.85,high,algebra / representation theory,3,2,3,2,4,416,no_quant
00000006551,0.85,high,algebraic geometry,3,2,3,2,5,387,no_quant
00000006556,0.85,high,combinatorics / discrete,3,2,3,1,2,571,no_quant
00000006557,0.85,high,algebraic geometry,3,2,3,2,3,568,no_quant
00000006558,0.85,high,algebraic geometry,3,2,3,2,4,467,no_quant
00000006561,0.85,high,algebraic geometry,3,2,3,2,4,444,no_quant
00000006563,0.85,high,algebra / representation theory,3,2,3,2,4,471,no_quant
00000006564,0.85,high,algebraic geometry,3,2,3,2,4,502,no_quant
00000006565,0.85,high,algebra / representation theory,3,3,2,2,4,452,no_quant
00000006566,0.85,high,algebra / representation theory,3,2,3,2,4,507,no_quant
00000006567,0.85,high,probability,3,3,2,2,5,469,no_quant
00000006569,0.85,high,algebraic geometry,3,2,3,2,5,532,no_quant
00000006571,0.85,high,algebraic geometry,3,2,3,2,4,478,no_quant
00000006573,0.85,high,algebraic geometry,3,2,3,2,4,528,no_quant
00000006575,0.85,high,algebraic geometry,3,2,3,2,4,423,no_quant
00000006577,0.85,high,probability,3,2,3,2,4,465,no_quant
00000006578,0.85,high,probability,3,2,3,2,4,456,no_quant
00000006579,0.85,high,algebraic geometry,3,2,3,2,4,407,no_quant
00000006581,0.85,high,algebra / representation theory,3,2,3,2,5,584,no_quant
00000006582,0.85,high,analysis / PDE / dynamics,5,3,3,2,3,430,
00000006583,0.85,high,algebraic geometry,3,2,3,2,5,549,no_quant
00000006584,0.85,high,analysis / PDE / dynamics,4,3,3,2,3,410,
00000006588,0.85,high,topology / geometry,3,2,3,2,4,464,no_quant
00000006590,0.85,high,algebraic geometry,4,3,3,3,3,462,
00000006591,0.85,high,algebraic geometry,3,2,3,2,4,414,no_quant
00000006593,0.85,high,algebra / representation theory,3,2,3,1,2,494,no_quant
00000006594,0.85,high,algebraic geometry,3,2,3,2,5,529,no_quant
00000006595,0.85,high,algebraic geometry,3,2,3,2,5,432,no_quant
00000006597,0.85,high,topology / geometry,3,2,3,2,4,465,no_quant
00000006598,0.85,high,algebraic geometry,3,3,3,3,3,494,no_quant
00000006599,0.85,high,number theory,3,3,3,3,3,579,no_quant
00000006601,0.85,high,algebraic geometry,3,3,2,2,4,530,no_quant
00000006602,0.85,high,topology / geometry,3,2,3,2,4,480,no_quant
00000006605,0.85,high,algebra / representation theory,3,3,2,2,4,483,no_quant
00000006606,0.85,high,algebraic geometry,3,2,3,2,4,436,no_quant
00000006607,0.85,high,algebra / representation theory,3,2,3,2,4,385,no_quant
00000006608,0.85,high,algebraic geometry,3,2,3,2,5,510,no_quant
00000006609,0.85,high,analysis / PDE / dynamics,3,2,3,2,4,405,no_quant
00000006610,0.85,high,algebra / representation theory,4,3,3,3,3,440,
00000006611,0.85,high,analysis / PDE / dynamics,3,2,3,2,5,440,no_quant
00000006612,0.85,high,analysis / PDE / dynamics,3,2,3,2,4,413,no_quant
00000006614,0.85,high,analysis / PDE / dynamics,3,2,3,2,4,423,no_quant
00000006616,0.85,high,number theory,3,4,2,3,4,472,no_quant
00000006617,0.85,high,number theory,3,3,3,3,4,526,no_quant
00000006618,0.85,high,number theory,3,3,3,1,2,425,no_quant
00000006621,0.85,high,analysis / PDE / dynamics,3,2,3,2,4,487,no_quant
00000006623,0.85,high,analysis / PDE / dynamics,3,3,3,2,4,375,no_quant
00000006625,0.85,high,analysis / PDE / dynamics,3,2,3,2,5,397,no_quant
00000006628,0.85,high,probability,3,2,3,2,4,505,no_quant
00000006629,0.85,high,combinatorics / discrete,3,2,3,2,4,434,no_quant
00000006630,0.85,high,analysis / PDE / dynamics,4,3,3,2,3,456,
00000006631,0.85,high,combinatorics / discrete,3,3,3,2,4,359,no_quant
00000006632,0.85,high,analysis / PDE / dynamics,3,2,3,2,4,415,no_quant
00000006634,0.85,high,analysis / PDE / dynamics,3,2,3,2,4,502,no_quant
00000006635,0.85,high,combinatorics / discrete,3,4,2,3,4,380,no_quant
00000006636,0.85,high,analysis / PDE / dynamics,3,4,3,4,5,352,no_quant
00000006639,0.85,high,combinatorics / discrete,3,2,3,2,4,445,no_quant
00000006641,0.85,high,number theory,3,2,3,2,4,430,no_quant
00000006642,0.85,high,number theory,3,2,3,2,4,423,no_quant
00000006643,0.85,high,number theory,3,2,3,2,4,385,no_quant
00000006644,0.85,high,number theory,3,2,3,2,4,424,no_quant
00000006647,0.85,high,number theory,3,2,3,2,4,441,no_quant
00000006649,0.85,high,analysis / PDE / dynamics,3,2,3,2,4,368,no_quant
00000006651,0.85,high,algebra / representation theory,3,2,3,2,4,396,no_quant
00000006652,0.85,high,combinatorics / discrete,3,2,3,2,4,396,no_quant
00000006653,0.85,high,number theory,3,2,3,2,4,401,no_quant
00000006654,0.85,high,number theory,3,2,3,2,4,421,no_quant
00000006655,0.85,high,number theory,3,3,3,2,4,371,no_quant
00000006657,0.85,high,algebra / representation theory,3,2,3,2,4,417,no_quant
00000006658,0.85,high,algebra / representation theory,3,2,3,2,4,401,no_quant
00000006661,0.85,high,algebra / representation theory,3,3,3,3,4,433,no_quant
00000006662,0.85,high,algebra / representation theory,3,2,3,2,4,412,no_quant
00000006663,0.85,high,number theory,3,2,3,2,4,390,no_quant
00000006664,0.85,high,number theory,3,3,3,3,4,401,no_quant
00000006665,0.85,high,analysis / PDE / dynamics,3,2,3,2,4,415,no_quant
00000006667,0.85,high,number theory,3,2,3,2,4,444,no_quant
00000006674,0.85,high,combinatorics / discrete,3,2,3,2,4,459,no_quant
00000006675,0.85,high,number theory,3,2,3,2,4,439,no_quant
00000006676,0.85,high,number theory,3,2,3,2,5,439,no_quant
00000006677,0.85,high,number theory,3,2,3,2,4,523,no_quant
00000006678,0.85,high,analysis / PDE / dynamics,3,2,3,2,5,444,no_quant
00000006679,0.85,high,analysis / PDE / dynamics,3,3,3,3,3,455,no_quant
00000006681,0.85,high,number theory,3,2,3,2,5,475,no_quant
00000006682,0.85,high,analysis / PDE / dynamics,3,2,3,2,4,493,no_quant
00000006684,0.85,high,analysis / PDE / dynamics,3,2,3,2,4,491,no_quant
00000006685,0.85,high,number theory,3,3,3,3,4,357,no_quant
00000006687,0.85,high,analysis / PDE / dynamics,3,2,3,2,5,502,no_quant
00000006688,0.85,high,analysis / PDE / dynamics,3,2,3,2,4,546,no_quant
00000006690,0.85,high,combinatorics / discrete,4,2,3,2,3,433,
00000006692,0.85,high,algebra / representation theory,3,2,3,2,4,444,no_quant
00000006693,0.85,high,analysis / PDE / dynamics,3,3,2,2,4,420,no_quant
00000006694,0.85,high,analysis / PDE / dynamics,3,2,3,2,4,455,no_quant
00000006695,0.85,high,topology / geometry,3,2,3,2,4,519,no_quant
00000006699,0.85,high,analysis / PDE / dynamics,4,2,3,2,3,418,
00000006700,0.85,high,combinatorics / discrete,4,3,3,2,3,477,
00000006701,0.85,high,probability,3,2,3,2,4,347,no_quant
00000006702,0.85,high,number theory,3,3,3,3,4,370,no_quant
00000006703,0.85,high,probability,3,2,3,2,4,350,no_quant
00000006704,0.85,high,number theory,3,3,3,3,4,411,no_quant
00000006705,0.85,high,analysis / PDE / dynamics,3,2,3,2,4,340,no_quant
00000006706,0.85,high,analysis / PDE / dynamics,3,2,3,2,4,374,no_quant
00000006707,0.85,high,analysis / PDE / dynamics,3,2,3,2,4,401,no_quant
00000006708,0.85,high,number theory,3,2,3,2,4,387,no_quant
00000006709,0.85,high,probability,3,2,3,2,4,354,no_quant
00000006710,0.85,high,analysis / PDE / dynamics,3,2,3,2,4,374,no_quant
00000006713,0.85,high,probability,3,2,3,2,4,346,no_quant
00000006714,0.85,high,number theory,3,2,3,2,4,416,no_quant
00000006716,0.85,high,probability,3,2,3,2,4,354,no_quant
00000006719,0.85,high,probability,3,2,3,2,4,375,no_quant
00000006720,0.85,high,probability,3,2,3,2,4,374,no_quant
00000006721,0.85,high,probability,3,2,3,2,4,383,no_quant
00000006722,0.85,high,probability,3,2,3,2,4,352,no_quant
00000006724,0.85,high,probability,3,2,3,2,4,406,no_quant
00000006725,0.85,high,number theory,3,2,3,2,4,425,no_quant
00000006726,0.85,high,analysis / PDE / dynamics,3,2,3,2,4,394,no_quant
00000006727,0.85,high,analysis / PDE / dynamics,3,2,3,2,4,335,no_quant
00000006728,0.85,high,probability,3,3,3,2,4,380,no_quant
00000006731,0.85,high,algebra / representation theory,3,2,3,2,4,458,no_quant
00000006733,0.85,high,algebra / representation theory,3,2,3,2,4,382,no_quant
00000006735,0.85,high,algebra / representation theory,3,3,3,3,4,397,no_quant
00000006737,0.85,high,number theory,3,3,3,3,4,475,no_quant
00000006739,0.85,high,algebra / representation theory,3,2,3,2,4,499,no_quant
00000006740,0.85,high,algebra / representation theory,4,3,3,3,3,444,
00000006741,0.85,high,algebra / representation theory,5,3,3,3,2,478,
00000006742,0.85,high,algebra / representation theory,3,2,3,2,4,497,no_quant
00000006743,0.85,high,algebra / representation theory,3,2,3,2,4,412,no_quant
00000006744,0.85,high,analysis / PDE / dynamics,3,2,3,2,3,401,no_quant
00000006745,0.85,high,algebra / representation theory,3,3,3,3,4,479,no_quant
00000006746,0.85,high,algebraic geometry,3,2,3,1,2,431,no_quant
00000006747,0.85,high,algebra / representation theory,3,3,3,3,4,468,no_quant
00000006748,0.85,high,combinatorics / discrete,3,3,2,2,4,451,no_quant
00000006749,0.85,high,algebra / representation theory,3,2,3,2,4,466,no_quant
00000006755,0.85,high,analysis / PDE / dynamics,3,2,3,2,4,484,no_quant
00000006757,0.85,high,combinatorics / discrete,3,3,2,2,4,450,no_quant
00000006760,0.85,high,algebra / representation theory,4,3,2,2,3,439,
00000006761,0.85,high,analysis / PDE / dynamics,3,3,3,2,5,452,no_quant
00000006762,0.85,high,topology / geometry,3,2,3,2,5,372,no_quant
00000006763,0.85,high,analysis / PDE / dynamics,3,2,3,2,4,357,no_quant
00000006765,0.85,high,analysis / PDE / dynamics,3,3,2,2,4,365,no_quant
00000006766,0.85,high,analysis / PDE / dynamics,3,4,3,3,4,370,no_quant
00000006767,0.85,high,topology / geometry,3,3,3,2,4,345,no_quant
00000006769,0.85,high,topology / geometry,3,3,3,2,4,306,no_quant
00000006774,0.85,high,analysis / PDE / dynamics,3,3,2,2,4,352,no_quant
00000006775,0.85,high,analysis / PDE / dynamics,5,2,3,2,3,324,
00000006776,0.85,high,analysis / PDE / dynamics,3,3,3,3,4,378,no_quant
00000006778,0.85,high,algebra / representation theory,5,3,3,3,3,315,
00000006779,0.85,high,analysis / PDE / dynamics,3,3,3,3,4,322,no_quant
00000006780,0.85,high,analysis / PDE / dynamics,3,2,3,2,4,319,no_quant
00000006781,0.85,high,analysis / PDE / dynamics,3,3,3,2,4,319,no_quant
00000006782,0.85,high,analysis / PDE / dynamics,5,2,3,2,3,309,
00000006783,0.85,high,analysis / PDE / dynamics,5,3,3,2,3,306,
00000006784,0.85,high,analysis / PDE / dynamics,3,3,3,2,4,357,no_quant
00000006785,0.85,high,analysis / PDE / dynamics,3,2,3,2,4,338,no_quant
00000006787,0.85,high,number theory,3,2,3,2,4,329,no_quant
00000006788,0.85,high,topology / geometry,3,2,3,2,4,372,no_quant
00000006790,0.85,high,analysis / PDE / dynamics,3,2,3,2,5,354,no_quant
00000006791,0.85,high,analysis / PDE / dynamics,3,2,3,2,5,385,no_quant
00000006793,0.85,high,combinatorics / discrete,3,2,3,2,4,309,no_quant
00000006794,0.85,high,probability,3,2,3,2,4,296,no_quant
00000006795,0.85,high,analysis / PDE / dynamics,3,2,3,2,5,313,no_quant
00000006796,0.85,high,analysis / PDE / dynamics,3,2,3,2,4,329,no_quant
00000006797,0.85,high,combinatorics / discrete,3,2,3,2,4,312,no_quant
00000006798,0.85,high,analysis / PDE / dynamics,3,2,3,2,4,321,no_quant
00000006800,0.85,high,combinatorics / discrete,3,2,3,2,5,317,no_quant
00000006801,0.85,high,analysis / PDE / dynamics,3,2,3,2,4,357,no_quant
00000006805,0.85,high,analysis / PDE / dynamics,3,2,3,2,4,340,no_quant
00000006806,0.85,high,analysis / PDE / dynamics,3,2,3,2,5,317,no_quant
00000006807,0.85,high,analysis / PDE / dynamics,3,2,3,2,4,317,no_quant
00000006808,0.85,high,number theory,3,2,3,2,4,322,no_quant
00000006809,0.85,high,analysis / PDE / dynamics,3,2,3,2,4,314,no_quant
00000006811,0.85,high,analysis / PDE / dynamics,3,2,3,2,4,299,no_quant
00000006812,0.85,high,analysis / PDE / dynamics,3,2,3,2,4,327,no_quant
00000006813,0.85,high,analysis / PDE / dynamics,3,2,3,2,4,295,no_quant
00000006814,0.85,high,analysis / PDE / dynamics,3,2,3,2,4,346,no_quant
00000006816,0.85,high,algebra / representation theory,3,3,3,3,4,338,no_quant
00000006817,0.85,high,analysis / PDE / dynamics,3,2,3,2,5,338,no_quant
00000006818,0.85,high,analysis / PDE / dynamics,3,2,3,2,4,353,no_quant
00000006819,0.85,high,analysis / PDE / dynamics,3,2,3,2,4,338,no_quant
00000006820,0.85,high,analysis / PDE / dynamics,3,2,3,2,4,314,no_quant
00000006821,0.85,high,analysis / PDE / dynamics,5,5,2,5,4,388,grand
00000006822,0.85,high,analysis / PDE / dynamics,5,3,3,2,3,364,
00000006823,0.85,high,analysis / PDE / dynamics,3,4,2,3,4,379,no_quant
00000006826,0.85,high,analysis / PDE / dynamics,3,4,2,3,4,361,no_quant
00000006828,0.85,high,probability,3,4,2,3,4,328,no_quant
00000006829,0.85,high,analysis / PDE / dynamics,3,2,3,2,4,306,no_quant
00000006831,0.85,high,probability,3,4,2,3,4,333,no_quant
00000006834,0.85,high,analysis / PDE / dynamics,3,4,2,3,4,335,no_quant
00000006835,0.85,high,analysis / PDE / dynamics,3,3,2,2,4,355,no_quant
00000006836,0.85,high,algebra / representation theory,3,4,2,3,4,358,no_quant
00000006837,0.85,high,analysis / PDE / dynamics,3,4,2,3,4,324,no_quant
00000006838,0.85,high,probability,3,3,2,2,4,346,no_quant
00000006840,0.85,high,topology / geometry,3,3,2,2,4,353,no_quant
00000006841,0.85,high,analysis / PDE / dynamics,3,2,3,2,4,332,no_quant
00000006842,0.85,high,probability,3,3,2,2,4,342,no_quant
00000006844,0.85,high,analysis / PDE / dynamics,3,4,2,3,4,306,no_quant
00000006845,0.85,high,analysis / PDE / dynamics,3,3,2,2,4,357,no_quant
00000006846,0.85,high,analysis / PDE / dynamics,3,4,2,3,4,334,no_quant
00000006847,0.85,high,analysis / PDE / dynamics,3,2,3,2,4,307,no_quant
00000006848,0.85,high,analysis / PDE / dynamics,3,2,3,2,4,299,no_quant
00000006850,0.85,high,analysis / PDE / dynamics,3,3,2,2,4,356,no_quant
00000006851,0.85,high,probability,3,2,3,2,4,352,no_quant
00000006853,0.85,high,probability,3,2,3,2,4,368,no_quant
00000006854,0.85,high,combinatorics / discrete,3,2,3,2,4,383,no_quant
00000006856,0.85,high,analysis / PDE / dynamics,3,2,3,2,4,326,no_quant
00000006857,0.85,high,probability,3,2,3,2,4,343,no_quant
00000006859,0.85,high,analysis / PDE / dynamics,3,2,3,2,4,374,no_quant
00000006861,0.85,high,probability,5,2,3,2,3,351,
00000006862,0.85,high,number theory,3,2,3,2,4,337,no_quant
00000006863,0.85,high,analysis / PDE / dynamics,3,2,3,2,4,346,no_quant
00000006865,0.85,high,combinatorics / discrete,3,2,3,2,4,319,no_quant
00000006866,0.85,high,algebra / representation theory,3,2,3,2,4,349,no_quant
00000006867,0.85,high,analysis / PDE / dynamics,3,2,3,2,4,326,no_quant
00000006868,0.85,high,analysis / PDE / dynamics,3,2,3,2,4,375,no_quant
00000006869,0.85,high,probability,3,2,3,2,4,340,no_quant
00000006870,0.85,high,analysis / PDE / dynamics,3,2,3,2,4,320,no_quant
00000006872,0.85,high,probability,3,2,3,2,4,360,no_quant
00000006873,0.85,high,analysis / PDE / dynamics,3,2,3,2,4,428,no_quant
00000006875,0.85,high,analysis / PDE / dynamics,3,2,3,2,4,364,no_quant
00000006876,0.85,high,analysis / PDE / dynamics,3,3,2,2,4,319,no_quant
00000006878,0.85,high,analysis / PDE / dynamics,3,2,3,2,4,337,no_quant
00000006879,0.85,high,number theory,3,2,3,2,4,332,no_quant
00000006880,0.85,high,number theory,3,2,3,2,4,365,no_quant
00000006881,0.85,high,number theory,4,2,3,2,3,558,
00000006882,0.85,high,algebraic geometry,3,2,3,2,4,500,no_quant
00000006883,0.85,high,number theory,3,2,3,2,5,517,no_quant
00000006884,0.85,high,number theory,4,3,3,2,3,469,
00000006885,0.85,high,algebra / representation theory,3,2,3,2,4,459,no_quant
00000006886,0.85,high,number theory,3,3,3,3,5,491,no_quant
00000006888,0.85,high,number theory,3,3,3,3,4,524,no_quant
00000006889,0.85,high,number theory,3,2,3,2,4,524,no_quant
00000006890,0.85,high,algebra / representation theory,4,2,3,2,3,440,
00000006891,0.85,high,algebraic geometry,3,2,3,2,3,435,no_quant
00000006892,0.85,high,analysis / PDE / dynamics,3,2,3,1,2,439,no_quant
00000006895,0.85,high,algebraic geometry,3,2,3,2,4,414,no_quant
00000006896,0.85,high,combinatorics / discrete,3,2,3,2,5,397,no_quant
00000006897,0.85,high,analysis / PDE / dynamics,3,2,3,2,4,436,no_quant
00000006899,0.85,high,combinatorics / discrete,3,2,3,2,5,432,no_quant
00000006902,0.85,high,logic / complexity,3,2,3,2,4,543,no_quant
00000006905,0.85,high,analysis / PDE / dynamics,3,2,3,2,4,508,no_quant
00000006907,0.85,high,number theory,3,2,3,2,4,429,no_quant
00000006909,0.85,high,number theory,3,2,3,2,3,472,no_quant
00000006910,0.85,high,number theory,4,2,3,2,3,444,
00000006911,0.85,high,analysis / PDE / dynamics,3,3,3,2,4,372,no_quant
00000006913,0.85,high,topology / geometry,3,3,2,2,4,341,no_quant
00000006914,0.85,high,topology / geometry,3,2,3,2,4,319,no_quant
00000006916,0.85,high,topology / geometry,3,3,3,3,4,358,no_quant
00000006917,0.85,high,algebra / representation theory,3,2,3,2,4,331,no_quant
00000006918,0.85,high,analysis / PDE / dynamics,3,2,3,2,4,330,no_quant
00000006920,0.85,high,algebra / representation theory,3,2,3,2,4,315,no_quant
00000006922,0.85,high,number theory,3,3,3,2,4,336,no_quant
00000006923,0.85,high,algebra / representation theory,3,3,2,2,4,337,no_quant
00000006927,0.85,high,topology / geometry,3,3,2,2,4,292,no_quant
00000006928,0.85,high,analysis / PDE / dynamics,3,2,3,2,4,360,no_quant
00000006929,0.85,high,number theory,3,2,3,2,4,346,no_quant
00000006931,0.85,high,algebra / representation theory,3,3,2,2,4,308,no_quant
00000006932,0.85,high,algebra / representation theory,3,3,2,2,4,357,no_quant
00000006936,0.85,high,topology / geometry,3,2,3,2,4,313,no_quant
00000006937,0.85,high,algebra / representation theory,3,2,3,2,4,320,no_quant
00000006938,0.85,high,probability,3,2,3,2,4,354,no_quant
00000006940,0.85,high,algebra / representation theory,3,2,3,2,4,312,no_quant
00000006941,0.85,high,probability,3,2,3,2,5,353,no_quant
00000006942,0.85,high,analysis / PDE / dynamics,3,2,3,2,4,347,no_quant
00000006944,0.85,high,number theory,3,3,2,2,4,343,no_quant
00000006945,0.85,high,number theory,3,2,3,2,4,323,no_quant
00000006946,0.85,high,algebra / representation theory,3,2,3,2,4,328,no_quant
00000006947,0.85,high,combinatorics / discrete,3,2,3,2,4,449,no_quant
00000006948,0.85,high,probability,3,2,3,2,4,334,no_quant
00000006949,0.85,high,analysis / PDE / dynamics,3,2,3,2,4,344,no_quant
00000006950,0.85,high,combinatorics / discrete,3,2,3,2,5,343,no_quant
00000006952,0.85,high,probability,3,2,3,2,4,329,no_quant
00000006954,0.85,high,probability,2,2,3,2,4,285,no_quant
00000006955,0.85,high,algebra / representation theory,3,2,3,2,4,323,no_quant
00000006956,0.85,high,analysis / PDE / dynamics,3,2,3,2,4,301,no_quant
00000006959,0.85,high,analysis / PDE / dynamics,3,2,3,2,5,326,no_quant
00000006961,0.85,high,probability,3,2,3,2,4,319,no_quant
00000006962,0.85,high,analysis / PDE / dynamics,3,2,3,2,4,309,no_quant
00000006963,0.85,high,combinatorics / discrete,3,2,3,2,4,304,no_quant
00000006965,0.85,high,analysis / PDE / dynamics,3,2,3,2,4,292,no_quant
00000006968,0.85,high,probability,3,2,3,2,4,352,no_quant
00000006971,0.85,high,analysis / PDE / dynamics,3,3,3,3,4,435,no_quant
00000006972,0.85,high,algebra / representation theory,3,2,3,2,4,407,no_quant
00000006974,0.85,high,algebra / representation theory,3,3,3,3,4,444,no_quant
00000006975,0.85,high,analysis / PDE / dynamics,3,2,3,2,5,468,no_quant
00000006976,0.85,high,analysis / PDE / dynamics,3,2,3,2,4,454,no_quant
00000006977,0.85,high,number theory,3,2,3,2,5,454,no_quant
00000006979,0.85,high,algebra / representation theory,3,2,3,2,5,493,no_quant
00000006980,0.85,high,algebra / representation theory,4,2,3,2,3,479,
00000006986,0.85,high,analysis / PDE / dynamics,3,2,3,2,4,487,no_quant
00000006988,0.85,high,combinatorics / discrete,3,3,2,2,4,460,no_quant
00000006989,0.85,high,analysis / PDE / dynamics,3,3,3,2,4,450,no_quant
00000006990,0.85,high,analysis / PDE / dynamics,4,2,3,2,3,435,
00000006991,0.85,high,probability,3,2,3,2,4,415,no_quant
00000006992,0.85,high,analysis / PDE / dynamics,3,3,3,3,4,430,no_quant
00000006993,0.85,high,topology / geometry,3,3,3,2,4,414,no_quant
00000006994,0.85,high,analysis / PDE / dynamics,3,2,3,2,3,483,no_quant
00000006996,0.85,high,analysis / PDE / dynamics,3,2,3,2,4,368,no_quant
00000006997,0.85,high,combinatorics / discrete,3,3,3,2,4,398,no_quant
00000006998,0.85,high,analysis / PDE / dynamics,3,3,3,2,4,470,no_quant
00000007000,0.85,high,algebra / representation theory,4,3,3,2,3,430,
00000007001,0.85,high,combinatorics / discrete,3,2,3,2,4,380,no_quant
00000007002,0.85,high,algebraic geometry,3,2,3,2,4,326,no_quant
00000007003,0.85,high,number theory,3,2,3,2,4,371,no_quant
00000007004,0.85,high,combinatorics / discrete,3,3,3,2,4,348,no_quant
00000007007,0.85,high,algebra / representation theory,3,3,3,2,4,353,no_quant
00000007008,0.85,high,number theory,3,2,3,2,4,382,no_quant
00000007009,0.85,high,topology / geometry,3,2,3,2,5,348,no_quant
00000007010,0.85,high,topology / geometry,3,2,3,2,4,346,no_quant
00000007012,0.85,high,analysis / PDE / dynamics,3,3,3,2,5,347,no_quant
00000007013,0.85,high,analysis / PDE / dynamics,3,3,3,2,4,359,no_quant
00000007017,0.85,high,topology / geometry,3,2,3,2,4,356,no_quant
00000007019,0.85,high,combinatorics / discrete,3,2,3,2,4,368,no_quant
00000007021,0.85,high,topology / geometry,3,2,3,2,4,307,no_quant
00000007023,0.85,high,topology / geometry,3,3,3,2,4,355,no_quant
00000007024,0.85,high,analysis / PDE / dynamics,3,2,3,2,4,405,no_quant
00000007025,0.85,high,topology / geometry,3,2,3,2,4,304,no_quant
00000007027,0.85,high,analysis / PDE / dynamics,3,2,3,2,4,341,no_quant
00000007028,0.85,high,analysis / PDE / dynamics,3,2,3,2,4,363,no_quant
00000007031,0.85,high,combinatorics / discrete,3,2,3,2,5,365,no_quant
00000007032,0.85,high,combinatorics / discrete,3,4,3,4,4,475,no_quant
00000007033,0.85,high,combinatorics / discrete,3,4,3,4,5,346,no_quant
00000007034,0.85,high,combinatorics / discrete,3,3,3,2,5,308,no_quant
00000007035,0.85,high,combinatorics / discrete,3,4,3,4,4,334,no_quant
00000007036,0.85,high,topology / geometry,3,2,3,2,4,323,no_quant
00000007039,0.85,high,number theory,3,2,3,2,5,323,no_quant
00000007041,0.85,high,algebraic geometry,3,2,3,2,4,354,no_quant
00000007042,0.85,high,combinatorics / discrete,3,3,2,2,4,337,no_quant
00000007046,0.85,high,algebraic geometry,3,2,3,2,4,331,no_quant
00000007048,0.85,high,combinatorics / discrete,3,2,3,2,4,352,no_quant
00000007049,0.85,high,combinatorics / discrete,3,2,3,2,4,321,no_quant
00000007050,0.85,high,algebraic geometry,3,2,3,2,4,321,no_quant
00000007053,0.85,high,analysis / PDE / dynamics,3,2,3,2,4,335,no_quant
00000007055,0.85,high,combinatorics / discrete,3,4,3,4,4,301,no_quant
00000007057,0.85,high,analysis / PDE / dynamics,3,3,3,3,4,304,no_quant
00000007058,0.85,high,analysis / PDE / dynamics,3,3,3,2,4,356,no_quant
00000007060,0.85,high,analysis / PDE / dynamics,3,2,3,2,4,315,no_quant
00000007061,0.85,high,topology / geometry,3,2,3,2,4,464,no_quant
00000007062,0.85,high,topology / geometry,3,2,3,2,4,438,no_quant
00000007063,0.85,high,topology / geometry,3,2,3,2,5,386,no_quant
00000007064,0.85,high,algebraic geometry,3,3,2,2,4,418,no_quant
00000007065,0.85,high,algebra / representation theory,3,2,3,2,4,442,no_quant
00000007066,0.85,high,topology / geometry,3,2,3,2,4,357,no_quant
00000007067,0.85,high,algebraic geometry,3,4,3,4,4,411,no_quant
00000007068,0.85,high,topology / geometry,3,2,3,2,4,419,no_quant
00000007069,0.85,high,topology / geometry,3,2,3,2,5,370,no_quant
00000007070,0.85,high,algebraic geometry,3,3,3,3,4,408,no_quant
00000007072,0.85,high,algebraic geometry,3,2,3,2,4,375,no_quant
00000007073,0.85,high,topology / geometry,3,2,3,2,4,378,no_quant
00000007075,0.85,high,analysis / PDE / dynamics,3,3,2,2,4,398,no_quant
00000007077,0.85,high,number theory,3,3,2,2,4,368,no_quant
00000007078,0.85,high,topology / geometry,3,2,3,2,4,369,no_quant
00000007079,0.85,high,analysis / PDE / dynamics,3,2,3,2,4,406,no_quant
00000007080,0.85,high,topology / geometry,3,2,3,2,4,456,no_quant
00000007081,0.85,high,analysis / PDE / dynamics,3,2,3,2,4,358,no_quant
00000007083,0.85,high,algebraic geometry,3,2,3,2,4,409,no_quant
00000007085,0.85,high,algebra / representation theory,3,2,3,2,4,417,no_quant
00000007086,0.85,high,algebraic geometry,3,2,3,2,4,395,no_quant
00000007087,0.85,high,topology / geometry,3,2,3,2,4,372,no_quant
00000007089,0.85,high,topology / geometry,3,3,3,2,4,431,no_quant
00000007090,0.85,high,topology / geometry,3,2,3,2,4,419,no_quant
00000007093,0.85,high,analysis / PDE / dynamics,3,2,3,2,5,333,no_quant
00000007094,0.85,high,probability,3,2,3,2,5,316,no_quant
00000007095,0.85,high,analysis / PDE / dynamics,3,2,3,2,5,328,no_quant
00000007101,0.85,high,logic / complexity,3,2,3,2,5,360,no_quant
00000007102,0.85,high,analysis / PDE / dynamics,3,2,3,2,5,326,no_quant
00000007103,0.85,high,probability,3,2,3,2,4,357,no_quant
00000007105,0.85,high,analysis / PDE / dynamics,3,2,3,2,5,348,no_quant
00000007108,0.85,high,analysis / PDE / dynamics,3,2,3,2,4,371,no_quant
00000007110,0.85,high,logic / complexity,3,2,3,2,4,380,no_quant
00000007111,0.85,high,probability,3,2,3,2,5,362,no_quant
00000007112,0.85,high,number theory,3,2,3,2,4,379,no_quant
00000007117,0.85,high,analysis / PDE / dynamics,3,2,3,2,4,372,no_quant
00000007121,0.85,high,analysis / PDE / dynamics,3,2,3,2,5,429,no_quant
00000007123,0.85,high,number theory,3,2,3,2,4,397,no_quant
00000007125,0.85,high,combinatorics / discrete,3,3,3,2,4,439,no_quant
00000007128,0.85,high,number theory,3,3,2,2,4,412,no_quant
00000007130,0.85,high,number theory,3,2,3,2,4,363,no_quant
00000007131,0.85,high,number theory,3,2,3,2,4,382,no_quant
00000007132,0.85,high,number theory,3,2,3,2,4,377,no_quant
00000007133,0.85,high,number theory,3,2,3,2,4,384,no_quant
00000007134,0.85,high,combinatorics / discrete,3,4,2,3,4,383,no_quant
00000007135,0.85,high,combinatorics / discrete,3,2,3,2,5,346,no_quant
00000007136,0.85,high,number theory,3,2,3,2,4,359,no_quant
00000007137,0.85,high,combinatorics / discrete,3,3,3,3,4,377,no_quant
00000007138,0.85,high,combinatorics / discrete,3,3,2,2,4,383,no_quant
00000007139,0.85,high,number theory,3,2,3,2,4,377,no_quant
00000007140,0.85,high,logic / complexity,3,3,3,2,4,396,no_quant
00000007141,0.85,high,topology / geometry,3,3,3,3,4,358,no_quant
00000007142,0.85,high,algebraic geometry,5,2,3,2,3,377,
00000007143,0.85,high,algebra / representation theory,3,2,3,2,4,397,no_quant
00000007144,0.85,high,combinatorics / discrete,3,2,3,2,4,317,no_quant
00000007145,0.85,high,combinatorics / discrete,5,2,3,2,3,361,
00000007146,0.85,high,algebra / representation theory,3,2,3,2,4,415,no_quant
00000007147,0.85,high,combinatorics / discrete,3,2,3,2,4,322,no_quant
00000007148,0.85,high,combinatorics / discrete,3,2,3,2,5,286,no_quant
00000007149,0.85,high,combinatorics / discrete,3,2,3,2,4,349,no_quant
00000007150,0.85,high,probability,3,2,3,2,4,429,no_quant
00000007151,0.85,high,combinatorics / discrete,3,4,3,4,4,347,no_quant
00000007152,0.85,high,combinatorics / discrete,3,4,3,4,4,372,no_quant
00000007153,0.85,high,analysis / PDE / dynamics,3,3,2,2,4,366,no_quant
00000007154,0.85,high,analysis / PDE / dynamics,3,4,3,4,4,402,no_quant
00000007155,0.85,high,analysis / PDE / dynamics,3,4,3,4,4,381,no_quant
00000007156,0.85,high,number theory,3,3,2,2,4,374,no_quant
00000007157,0.85,high,analysis / PDE / dynamics,3,3,3,3,4,386,no_quant
00000007158,0.85,high,analysis / PDE / dynamics,3,4,3,3,4,390,no_quant
00000007159,0.85,high,number theory,3,3,3,2,4,353,no_quant
00000007160,0.85,high,analysis / PDE / dynamics,3,3,3,3,4,383,no_quant
00000007161,0.85,high,analysis / PDE / dynamics,3,3,3,3,4,392,no_quant
00000007162,0.85,high,analysis / PDE / dynamics,3,3,3,3,4,363,no_quant
00000007163,0.85,high,analysis / PDE / dynamics,3,3,3,3,4,400,no_quant
00000007164,0.85,high,combinatorics / discrete,3,2,3,2,4,336,no_quant
00000007165,0.85,high,topology / geometry,3,2,3,2,4,380,no_quant
00000007167,0.85,high,analysis / PDE / dynamics,3,2,3,2,5,363,no_quant
00000007168,0.85,high,analysis / PDE / dynamics,3,3,3,2,5,360,no_quant
00000007169,0.85,high,algebra / representation theory,3,4,3,3,4,353,no_quant
00000007171,0.85,high,analysis / PDE / dynamics,3,2,3,2,4,341,no_quant
00000007172,0.85,high,analysis / PDE / dynamics,3,3,3,2,4,362,no_quant
00000007173,0.85,high,combinatorics / discrete,3,2,3,2,4,335,no_quant
00000007174,0.85,high,analysis / PDE / dynamics,3,2,3,2,5,366,no_quant
00000007175,0.85,high,analysis / PDE / dynamics,5,4,3,3,4,381,
00000007176,0.85,high,analysis / PDE / dynamics,3,3,3,3,5,369,no_quant
00000007177,0.85,high,analysis / PDE / dynamics,3,3,3,3,4,350,no_quant
00000007178,0.85,high,combinatorics / discrete,3,2,3,2,4,372,no_quant
00000007179,0.85,high,analysis / PDE / dynamics,3,3,3,3,4,353,no_quant
00000007180,0.85,high,number theory,3,2,3,2,4,418,no_quant
00000007181,0.85,high,algebraic geometry,3,3,3,3,4,440,no_quant
00000007182,0.85,high,analysis / PDE / dynamics,5,3,3,2,3,395,
00000007183,0.85,high,number theory,3,4,3,4,4,369,no_quant
00000007184,0.85,high,algebraic geometry,3,3,3,3,4,418,no_quant
00000007185,0.85,high,number theory,3,2,3,2,4,343,no_quant
00000007188,0.85,high,algebraic geometry,3,3,3,3,4,372,no_quant
00000007189,0.85,high,algebraic geometry,3,2,3,2,4,365,no_quant
00000007190,0.85,high,number theory,3,2,3,2,4,353,no_quant
00000007191,0.85,high,algebraic geometry,3,3,3,2,4,347,no_quant
00000007192,0.85,high,algebra / representation theory,3,2,3,2,4,353,no_quant
00000007193,0.85,high,algebraic geometry,3,2,3,2,5,347,no_quant
00000007194,0.85,high,algebraic geometry,3,4,3,4,4,370,no_quant
00000007195,0.85,high,algebraic geometry,3,4,3,3,4,315,no_quant
00000007196,0.85,high,algebraic geometry,3,3,2,2,4,343,no_quant
00000007198,0.85,high,number theory,3,3,3,2,4,474,no_quant
00000007200,0.85,high,number theory,3,3,2,2,4,322,no_quant
00000007202,0.85,high,analysis / PDE / dynamics,3,3,2,2,4,381,no_quant
00000007205,0.85,high,number theory,3,4,3,4,4,377,no_quant
00000007206,0.85,high,algebraic geometry,3,2,3,2,4,374,no_quant
00000007207,0.85,high,number theory,3,3,3,3,4,431,no_quant
00000007208,0.85,high,algebra / representation theory,3,3,2,2,4,351,no_quant
00000007210,0.85,high,algebraic geometry,3,2,3,2,4,392,no_quant
00000007211,0.85,high,analysis / PDE / dynamics,3,2,3,2,5,386,no_quant
00000007212,0.85,high,number theory,3,3,3,2,5,379,no_quant
00000007213,0.85,high,analysis / PDE / dynamics,3,4,3,3,5,439,no_quant
00000007214,0.85,high,analysis / PDE / dynamics,3,4,3,4,4,406,no_quant
00000007215,0.85,high,number theory,3,4,3,3,4,335,no_quant
00000007216,0.85,high,number theory,3,3,3,3,4,387,no_quant
00000007217,0.85,high,algebraic geometry,3,4,3,3,4,370,no_quant
00000007218,0.85,high,analysis / PDE / dynamics,3,3,2,2,4,368,no_quant
00000007219,0.85,high,analysis / PDE / dynamics,3,2,3,2,4,331,no_quant
00000007220,0.85,high,number theory,3,2,3,2,4,364,no_quant
00000007222,0.85,high,number theory,3,2,3,2,4,328,no_quant
00000007223,0.85,high,number theory,3,4,2,3,4,321,no_quant
00000007224,0.85,high,number theory,3,3,3,3,5,342,no_quant
00000007225,0.85,high,algebra / representation theory,3,3,3,3,4,330,no_quant
00000007226,0.85,high,probability,3,2,3,2,4,356,no_quant
00000007227,0.85,high,analysis / PDE / dynamics,3,2,3,2,4,356,no_quant
00000007228,0.85,high,probability,3,3,3,3,4,346,no_quant
00000007229,0.85,high,analysis / PDE / dynamics,3,2,3,2,4,307,no_quant
00000007230,0.85,high,number theory,3,2,3,2,5,330,no_quant
00000007231,0.85,high,analysis / PDE / dynamics,3,3,3,3,4,346,no_quant
00000007233,0.85,high,analysis / PDE / dynamics,3,2,3,2,4,427,no_quant
00000007234,0.85,high,number theory,3,2,3,2,5,374,no_quant
00000007235,0.85,high,analysis / PDE / dynamics,3,3,3,3,4,344,no_quant
00000007236,0.85,high,number theory,3,4,3,4,5,364,no_quant
00000007237,0.85,high,analysis / PDE / dynamics,3,2,3,2,4,407,no_quant
00000007238,0.85,high,analysis / PDE / dynamics,3,2,3,2,4,327,no_quant
00000007239,0.85,high,analysis / PDE / dynamics,3,3,2,2,4,366,no_quant
00000007240,0.85,high,number theory,3,2,3,2,5,368,no_quant
00000007241,0.85,high,analysis / PDE / dynamics,3,3,2,2,5,415,no_quant
00000007246,0.85,high,topology / geometry,3,2,3,2,4,402,no_quant
00000007249,0.85,high,analysis / PDE / dynamics,3,2,3,2,4,336,no_quant
00000007251,0.85,high,analysis / PDE / dynamics,3,2,3,2,5,341,no_quant
00000007256,0.85,high,number theory,3,2,3,2,4,359,no_quant
00000007258,0.85,high,topology / geometry,3,2,3,2,4,361,no_quant
00000007260,0.85,high,analysis / PDE / dynamics,3,3,2,2,5,379,no_quant
00000007261,0.85,high,analysis / PDE / dynamics,3,2,3,2,4,361,no_quant
00000007265,0.85,high,topology / geometry,3,2,3,2,4,341,no_quant
00000007266,0.85,high,analysis / PDE / dynamics,3,3,3,3,4,359,no_quant
00000007267,0.85,high,algebraic geometry,3,2,3,2,4,324,no_quant
00000007270,0.85,high,analysis / PDE / dynamics,3,2,3,2,4,401,no_quant
00000007271,0.85,high,algebra / representation theory,3,2,3,2,4,434,no_quant
00000007272,0.85,high,number theory,3,2,3,2,4,445,no_quant
00000007273,0.85,high,number theory,3,3,3,3,4,360,no_quant
00000007275,0.85,high,combinatorics / discrete,3,2,3,2,4,420,no_quant
00000007276,0.85,high,number theory,3,2,3,2,4,396,no_quant
00000007277,0.85,high,number theory,3,3,3,3,4,369,no_quant
00000007278,0.85,high,combinatorics / discrete,3,2,3,2,4,368,no_quant
00000007279,0.85,high,combinatorics / discrete,3,2,3,2,4,330,no_quant
00000007280,0.85,high,number theory,3,4,2,3,4,386,no_quant
00000007281,0.85,high,number theory,3,4,3,4,5,391,no_quant
00000007282,0.85,high,algebra / representation theory,3,2,3,2,4,331,no_quant
00000007284,0.85,high,number theory,3,4,2,3,4,332,no_quant
00000007285,0.85,high,combinatorics / discrete,3,3,2,2,4,378,no_quant
00000007286,0.85,high,number theory,3,4,3,4,4,336,no_quant
00000007287,0.85,high,number theory,3,4,3,4,4,333,no_quant
00000007288,0.85,high,number theory,3,4,3,3,4,347,no_quant
00000007289,0.85,high,number theory,3,4,3,3,4,360,no_quant
00000007290,0.85,high,analysis / PDE / dynamics,3,2,3,2,4,355,no_quant
00000007291,0.85,high,number theory,3,4,3,4,4,384,no_quant
00000007292,0.85,high,number theory,3,3,3,3,4,371,no_quant
00000007293,0.85,high,number theory,3,3,3,3,4,390,no_quant
00000007295,0.85,high,algebra / representation theory,3,3,2,2,4,328,no_quant
00000007296,0.85,high,number theory,3,3,3,3,5,387,no_quant
00000007297,0.85,high,analysis / PDE / dynamics,3,3,3,3,4,354,no_quant
00000007299,0.85,high,analysis / PDE / dynamics,3,3,2,2,4,405,no_quant
00000007300,0.85,high,combinatorics / discrete,3,2,3,2,4,368,no_quant
00000007301,0.85,high,probability,3,2,3,2,4,383,no_quant
00000007302,0.85,high,analysis / PDE / dynamics,3,2,3,2,5,401,no_quant
00000007303,0.85,high,analysis / PDE / dynamics,3,2,3,2,4,344,no_quant
00000007304,0.85,high,algebra / representation theory,3,2,3,2,4,363,no_quant
00000007306,0.85,high,probability,3,4,2,3,4,369,no_quant
00000007307,0.85,high,probability,3,2,3,2,4,397,no_quant
00000007310,0.85,high,analysis / PDE / dynamics,3,2,3,2,4,340,no_quant
00000007311,0.85,high,combinatorics / discrete,3,2,3,2,4,386,no_quant
00000007312,0.85,high,probability,3,2,3,2,4,370,no_quant
00000007314,0.85,high,analysis / PDE / dynamics,3,2,3,2,4,341,no_quant
00000007315,0.85,high,analysis / PDE / dynamics,3,2,3,2,4,357,no_quant
00000007316,0.85,high,analysis / PDE / dynamics,3,3,3,3,4,329,no_quant
00000007318,0.85,high,algebraic geometry,3,2,3,2,4,329,no_quant
00000007320,0.85,high,analysis / PDE / dynamics,3,2,3,2,3,444,no_quant
00000007321,0.85,high,analysis / PDE / dynamics,3,2,3,2,4,344,no_quant
00000007322,0.85,high,topology / geometry,3,2,3,2,4,365,no_quant
00000007323,0.85,high,analysis / PDE / dynamics,3,2,3,2,4,357,no_quant
00000007324,0.85,high,topology / geometry,3,2,3,2,4,370,no_quant
00000007326,0.85,high,analysis / PDE / dynamics,3,3,2,2,4,338,no_quant
00000007328,0.85,high,number theory,3,2,3,2,4,386,no_quant
00000007330,0.85,high,analysis / PDE / dynamics,3,2,3,2,5,375,no_quant
00000007331,0.85,high,logic / complexity,3,2,3,2,4,349,no_quant
00000007332,0.85,high,analysis / PDE / dynamics,3,2,3,2,4,303,no_quant
00000007334,0.85,high,number theory,3,2,3,2,4,376,no_quant
00000007335,0.85,high,analysis / PDE / dynamics,3,2,3,2,4,380,no_quant
00000007338,0.85,high,algebraic geometry,3,2,3,2,4,322,no_quant
00000007339,0.85,high,logic / complexity,3,2,3,2,4,317,no_quant
00000007341,0.85,high,combinatorics / discrete,3,2,3,2,4,365,no_quant
00000007342,0.85,high,analysis / PDE / dynamics,3,2,3,2,4,348,no_quant
00000007343,0.85,high,analysis / PDE / dynamics,3,2,3,2,5,346,no_quant
00000007344,0.85,high,algebra / representation theory,3,2,3,2,4,327,no_quant
00000007345,0.85,high,algebra / representation theory,5,3,3,3,5,375,
00000007347,0.85,high,number theory,3,2,3,2,4,342,no_quant
00000007348,0.85,high,analysis / PDE / dynamics,3,3,3,2,5,385,no_quant
00000007351,0.85,high,topology / geometry,3,2,3,2,4,365,no_quant
00000007353,0.85,high,analysis / PDE / dynamics,3,2,3,2,4,267,no_quant
00000007355,0.85,high,analysis / PDE / dynamics,5,3,3,2,4,369,
00000007356,0.85,high,combinatorics / discrete,3,3,2,2,4,366,no_quant
00000007360,0.85,high,analysis / PDE / dynamics,3,3,3,3,4,404,no_quant
00000007362,0.85,high,algebraic geometry,3,2,3,2,4,376,no_quant
00000007363,0.85,high,combinatorics / discrete,3,2,3,1,2,378,no_quant
00000007364,0.85,high,algebraic geometry,5,2,3,2,4,343,
00000007367,0.85,high,analysis / PDE / dynamics,3,2,3,2,4,351,no_quant
00000007368,0.85,high,topology / geometry,3,2,3,2,4,321,no_quant
00000007369,0.85,high,analysis / PDE / dynamics,3,2,3,2,4,331,no_quant
00000007370,0.85,high,analysis / PDE / dynamics,3,2,3,2,5,351,no_quant
00000007371,0.85,high,algebraic geometry,3,2,3,2,4,331,no_quant
00000007372,0.85,high,analysis / PDE / dynamics,3,2,3,2,5,321,no_quant
00000007373,0.85,high,algebraic geometry,3,2,3,2,4,376,no_quant
00000007374,0.85,high,number theory,3,2,3,2,5,332,no_quant
00000007375,0.85,high,algebraic geometry,3,2,3,2,4,372,no_quant
00000007377,0.85,high,algebraic geometry,3,2,3,2,5,345,no_quant
00000007378,0.85,high,algebraic geometry,3,2,3,2,4,360,no_quant
00000007380,0.85,high,algebraic geometry,3,2,3,2,5,328,no_quant
00000007381,0.85,high,algebraic geometry,3,2,3,2,4,331,no_quant
00000007383,0.85,high,analysis / PDE / dynamics,3,2,3,2,4,345,no_quant
00000007384,0.85,high,analysis / PDE / dynamics,3,2,3,2,5,301,no_quant
00000007385,0.85,high,algebraic geometry,3,2,3,2,4,366,no_quant
00000007387,0.85,high,analysis / PDE / dynamics,3,2,3,2,5,330,no_quant
00000007388,0.85,high,algebraic geometry,5,2,3,2,3,315,
00000007389,0.85,high,probability,3,3,2,2,4,350,no_quant
00000007391,0.85,high,algebra / representation theory,3,3,3,3,4,375,no_quant
00000007392,0.85,high,algebra / representation theory,3,2,3,2,4,336,no_quant
00000007394,0.85,high,algebra / representation theory,3,2,3,2,4,368,no_quant
00000007395,0.85,high,algebra / representation theory,3,3,3,3,4,365,no_quant
00000007397,0.85,high,algebra / representation theory,3,3,3,3,4,317,no_quant
00000007398,0.85,high,algebra / representation theory,3,4,2,3,4,358,no_quant
00000007400,0.85,high,algebra / representation theory,3,2,3,2,4,344,no_quant
00000007401,0.85,high,algebra / representation theory,3,4,3,4,4,400,no_quant
00000007402,0.85,high,analysis / PDE / dynamics,3,3,3,3,4,323,no_quant
00000007403,0.85,high,number theory,3,3,3,3,4,365,no_quant
00000007404,0.85,high,number theory,3,2,3,2,4,342,no_quant
00000007405,0.85,high,algebraic geometry,3,4,3,4,4,327,no_quant
00000007406,0.85,high,number theory,3,4,3,4,4,366,no_quant
00000007409,0.85,high,algebra / representation theory,3,3,3,3,5,363,no_quant
00000007411,0.85,high,algebraic geometry,3,4,3,3,4,366,no_quant
00000007412,0.85,high,algebra / representation theory,3,2,3,2,5,346,no_quant
00000007413,0.85,high,number theory,3,2,3,2,4,356,no_quant
00000007414,0.85,high,algebraic geometry,3,2,3,2,4,308,no_quant
00000007415,0.85,high,number theory,3,2,3,2,4,328,no_quant
00000007417,0.85,high,algebra / representation theory,3,3,3,3,4,364,no_quant
00000007421,0.85,high,combinatorics / discrete,3,3,3,3,4,377,no_quant
00000007422,0.85,high,combinatorics / discrete,3,4,3,3,4,347,no_quant
00000007423,0.85,high,combinatorics / discrete,3,3,3,2,4,344,no_quant
00000007424,0.85,high,analysis / PDE / dynamics,3,2,3,2,4,363,no_quant
00000007425,0.85,high,number theory,3,2,3,2,4,341,no_quant
00000007426,0.85,high,combinatorics / discrete,3,4,3,4,4,346,no_quant
00000007428,0.85,high,analysis / PDE / dynamics,3,3,3,2,4,355,no_quant
00000007429,0.85,high,combinatorics / discrete,3,4,3,4,4,360,no_quant
00000007430,0.85,high,number theory,3,2,3,2,5,337,no_quant
00000007431,0.85,high,analysis / PDE / dynamics,3,2,3,2,5,328,no_quant
00000007433,0.85,high,combinatorics / discrete,3,2,3,2,4,331,no_quant
00000007435,0.85,high,number theory,3,2,3,2,5,319,no_quant
00000007436,0.85,high,analysis / PDE / dynamics,3,2,3,2,4,376,no_quant
00000007437,0.85,high,number theory,3,2,3,2,4,339,no_quant
00000007438,0.85,high,combinatorics / discrete,3,2,3,2,4,309,no_quant
00000007439,0.85,high,number theory,3,2,3,2,4,388,no_quant
00000007440,0.85,high,number theory,3,3,3,3,4,324,no_quant
00000007441,0.85,high,combinatorics / discrete,3,2,3,2,4,350,no_quant
00000007442,0.85,high,combinatorics / discrete,3,3,3,2,4,315,no_quant
00000007443,0.85,high,analysis / PDE / dynamics,3,2,3,2,4,312,no_quant
00000007444,0.85,high,combinatorics / discrete,3,3,3,3,5,320,no_quant
00000007445,0.85,high,probability,3,2,3,2,5,335,no_quant
00000007446,0.85,high,combinatorics / discrete,3,3,3,3,4,358,no_quant
00000007448,0.85,high,number theory,3,2,3,2,5,372,no_quant
00000007449,0.85,high,combinatorics / discrete,3,2,3,2,5,329,no_quant
00000007450,0.85,high,combinatorics / discrete,3,2,3,2,4,316,no_quant
00000007451,0.85,high,analysis / PDE / dynamics,3,5,2,5,4,377,grand|no_quant
00000007452,0.85,high,probability,3,2,3,2,4,350,no_quant
00000007453,0.85,high,analysis / PDE / dynamics,3,3,3,3,4,325,no_quant
00000007454,0.85,high,analysis / PDE / dynamics,3,4,2,3,4,353,no_quant
00000007455,0.85,high,analysis / PDE / dynamics,3,3,3,3,4,339,no_quant
00000007456,0.85,high,analysis / PDE / dynamics,3,2,3,2,3,412,no_quant
00000007457,0.85,high,algebra / representation theory,3,2,3,2,4,361,no_quant
00000007458,0.85,high,analysis / PDE / dynamics,3,2,3,2,4,323,no_quant
00000007459,0.85,high,analysis / PDE / dynamics,3,2,3,2,4,338,no_quant
00000007460,0.85,high,analysis / PDE / dynamics,3,2,3,2,4,303,no_quant
00000007461,0.85,high,analysis / PDE / dynamics,3,2,3,2,4,344,no_quant
00000007462,0.85,high,combinatorics / discrete,3,2,3,2,4,328,no_quant
00000007463,0.85,high,number theory,3,2,3,2,5,342,no_quant
00000007464,0.85,high,analysis / PDE / dynamics,3,3,3,3,5,484,no_quant
00000007465,0.85,high,analysis / PDE / dynamics,5,3,3,2,3,328,
00000007466,0.85,high,analysis / PDE / dynamics,3,2,3,2,4,336,no_quant
00000007467,0.85,high,analysis / PDE / dynamics,3,2,3,2,4,340,no_quant
00000007468,0.85,high,analysis / PDE / dynamics,3,2,3,2,4,288,no_quant
00000007469,0.85,high,analysis / PDE / dynamics,3,2,3,2,4,343,no_quant
00000007470,0.85,high,analysis / PDE / dynamics,3,3,3,2,4,384,no_quant
00000007471,0.85,high,analysis / PDE / dynamics,3,2,3,2,4,359,no_quant
00000007472,0.85,high,analysis / PDE / dynamics,3,2,3,2,4,334,no_quant
00000007473,0.85,high,algebra / representation theory,3,2,3,2,4,329,no_quant
00000007474,0.85,high,analysis / PDE / dynamics,3,2,3,2,4,331,no_quant
00000007475,0.85,high,analysis / PDE / dynamics,3,2,3,2,4,398,no_quant
00000007476,0.85,high,analysis / PDE / dynamics,3,2,3,2,3,425,no_quant
00000007477,0.85,high,analysis / PDE / dynamics,3,3,3,3,4,348,no_quant
00000007478,0.85,high,analysis / PDE / dynamics,3,2,3,2,4,349,no_quant
00000007479,0.85,high,analysis / PDE / dynamics,3,2,3,2,4,305,no_quant
00000007480,0.85,high,analysis / PDE / dynamics,3,2,3,2,4,351,no_quant
00000007481,0.85,high,algebraic geometry,3,3,3,2,4,361,no_quant
00000007483,0.85,high,algebraic geometry,3,3,3,3,4,364,no_quant
00000007484,0.85,high,algebraic geometry,3,3,3,3,4,339,no_quant
00000007485,0.85,high,algebraic geometry,3,4,3,4,4,326,no_quant
00000007486,0.85,high,algebraic geometry,3,4,3,4,4,371,no_quant
00000007487,0.85,high,algebraic geometry,3,3,3,3,4,318,no_quant
00000007488,0.85,high,algebraic geometry,3,3,3,3,4,324,no_quant
00000007489,0.85,high,algebraic geometry,3,3,3,3,4,369,no_quant
00000007490,0.85,high,algebraic geometry,3,3,3,3,4,334,no_quant
00000007491,0.85,high,algebraic geometry,3,3,3,3,4,339,no_quant
00000007492,0.85,high,algebraic geometry,3,2,3,2,4,448,no_quant
00000007493,0.85,high,algebraic geometry,3,2,3,2,3,404,no_quant
00000007494,0.85,high,algebraic geometry,3,2,3,2,4,350,no_quant
00000007495,0.85,high,algebraic geometry,3,4,3,3,4,455,no_quant
00000007496,0.85,high,number theory,3,2,3,2,4,319,no_quant
00000007497,0.85,high,number theory,3,3,3,3,4,389,no_quant
00000007498,0.85,high,algebraic geometry,3,2,3,2,4,304,no_quant
00000007499,0.85,high,algebraic geometry,3,3,2,2,4,341,no_quant
00000007500,0.85,high,algebraic geometry,3,4,3,4,4,340,no_quant
00000007502,0.85,high,number theory,3,3,3,3,4,304,no_quant
00000007503,0.85,high,algebraic geometry,3,2,3,2,3,414,no_quant
00000007504,0.85,high,algebraic geometry,3,2,3,2,4,343,no_quant
00000007505,0.85,high,algebraic geometry,3,3,3,3,5,331,no_quant
00000007506,0.85,high,algebraic geometry,3,4,3,4,4,416,no_quant
00000007507,0.85,high,algebraic geometry,3,4,3,4,4,315,no_quant
00000007508,0.85,high,algebraic geometry,3,3,3,3,4,332,no_quant
00000007510,0.85,high,algebra / representation theory,3,2,3,2,4,448,no_quant
00000007511,0.85,high,algebraic geometry,3,4,3,4,4,522,no_quant
00000007512,0.85,high,algebraic geometry,3,3,3,3,4,425,no_quant
00000007513,0.85,high,number theory,3,4,3,4,4,509,no_quant
00000007514,0.85,high,algebraic geometry,3,3,3,3,4,480,no_quant
00000007515,0.85,high,algebraic geometry,3,4,3,4,4,526,no_quant
00000007516,0.85,high,algebraic geometry,3,4,3,3,4,490,no_quant
00000007517,0.85,high,algebraic geometry,3,3,3,3,4,468,no_quant
00000007518,0.85,high,algebraic geometry,3,4,3,4,4,461,no_quant
00000007519,0.85,high,number theory,3,2,3,2,3,434,no_quant
00000007520,0.85,high,algebraic geometry,4,4,3,4,3,401,
00000007521,0.85,high,algebra / representation theory,3,3,3,3,4,418,no_quant
00000007522,0.85,high,algebraic geometry,3,4,3,4,4,403,no_quant
00000007523,0.85,high,analysis / PDE / dynamics,3,4,3,3,3,417,no_quant
00000007526,0.85,high,number theory,3,4,3,3,4,410,no_quant
00000007528,0.85,high,algebraic geometry,3,4,3,4,4,453,no_quant
00000007531,0.85,high,analysis / PDE / dynamics,3,3,3,2,4,401,no_quant
00000007532,0.85,high,algebraic geometry,3,3,3,3,4,405,no_quant
00000007533,0.85,high,algebra / representation theory,4,2,3,2,3,437,
00000007534,0.85,high,algebra / representation theory,3,4,2,4,4,412,no_quant
00000007535,0.85,high,number theory,3,4,3,3,2,408,no_quant
00000007536,0.85,high,number theory,3,4,3,4,4,565,no_quant
00000007537,0.85,high,analysis / PDE / dynamics,3,2,3,2,4,420,no_quant
00000007538,0.85,high,topology / geometry,3,2,3,2,4,406,no_quant
00000007539,0.85,high,algebraic geometry,2,4,3,4,4,476,no_quant
00000007540,0.85,high,algebraic geometry,4,2,3,2,3,424,
00000007542,0.85,high,combinatorics / discrete,3,4,2,3,4,576,no_quant
00000007543,0.85,high,combinatorics / discrete,3,2,3,2,4,499,no_quant
00000007546,0.85,high,combinatorics / discrete,3,2,3,2,4,350,no_quant
00000007547,0.85,high,analysis / PDE / dynamics,3,2,3,2,4,516,no_quant
00000007549,0.85,high,analysis / PDE / dynamics,3,2,3,2,4,414,no_quant
00000007550,0.85,high,combinatorics / discrete,4,3,2,2,3,468,
00000007551,0.85,high,algebra / representation theory,5,3,3,2,4,502,
00000007552,0.85,high,analysis / PDE / dynamics,3,2,3,2,4,508,no_quant
00000007556,0.85,high,analysis / PDE / dynamics,3,3,2,2,3,529,no_quant
00000007557,0.85,high,number theory,3,2,3,2,4,389,no_quant
00000007558,0.85,high,number theory,3,2,3,2,4,459,no_quant
00000007559,0.85,high,number theory,3,2,3,1,2,392,no_quant
00000007560,0.85,high,number theory,4,2,3,2,3,476,
00000007561,0.85,high,analysis / PDE / dynamics,3,3,3,2,4,425,no_quant
00000007562,0.85,high,analysis / PDE / dynamics,3,2,3,2,5,488,no_quant
00000007565,0.85,high,number theory,3,2,3,2,4,386,no_quant
00000007566,0.85,high,analysis / PDE / dynamics,3,2,3,2,5,397,no_quant
00000007567,0.85,high,number theory,3,2,3,2,4,411,no_quant
00000007568,0.85,high,number theory,3,2,3,2,3,565,no_quant
00000007569,0.85,high,topology / geometry,3,2,3,2,4,442,no_quant
00000007570,0.85,high,combinatorics / discrete,4,3,2,2,3,420,
00000007572,0.85,high,topology / geometry,5,3,3,2,3,437,
00000007574,0.85,high,topology / geometry,3,2,3,2,4,387,no_quant
00000007575,0.85,high,algebraic geometry,3,2,3,2,4,505,no_quant
00000007576,0.85,high,algebra / representation theory,3,2,3,2,4,468,no_quant
00000007577,0.85,high,analysis / PDE / dynamics,3,2,3,2,4,412,no_quant
00000007579,0.85,high,logic / complexity,3,2,3,2,4,507,no_quant
00000007580,0.85,high,combinatorics / discrete,4,2,3,2,3,433,
00000007581,0.85,high,analysis / PDE / dynamics,3,2,3,2,5,447,no_quant
00000007582,0.85,high,combinatorics / discrete,3,2,3,2,5,518,no_quant
00000007583,0.85,high,topology / geometry,3,2,3,2,5,421,no_quant
00000007585,0.85,high,probability,3,2,3,2,4,426,no_quant
00000007586,0.85,high,topology / geometry,3,2,3,2,4,432,no_quant
00000007587,0.85,high,topology / geometry,3,2,3,2,4,403,no_quant
00000007588,0.85,high,analysis / PDE / dynamics,3,3,3,2,4,440,no_quant
00000007589,0.85,high,algebra / representation theory,3,2,3,2,4,432,no_quant
00000007590,0.85,high,probability,4,2,3,2,3,460,
00000007591,0.85,high,analysis / PDE / dynamics,3,2,3,2,4,431,no_quant
00000007592,0.85,high,topology / geometry,3,2,3,2,5,382,no_quant
00000007595,0.85,high,analysis / PDE / dynamics,3,2,3,2,3,396,no_quant
00000007596,0.85,high,topology / geometry,3,3,3,3,4,423,no_quant
00000007597,0.85,high,topology / geometry,3,2,3,2,5,412,no_quant
00000007598,0.85,high,analysis / PDE / dynamics,5,2,3,2,3,417,
00000007599,0.85,high,topology / geometry,3,2,3,2,4,434,no_quant
00000007600,0.85,high,algebra / representation theory,4,2,3,2,3,455,
00000007601,0.85,high,number theory,3,2,3,2,4,569,no_quant
00000007603,0.85,high,number theory,3,2,3,2,3,458,no_quant
00000007604,0.85,high,algebra / representation theory,3,2,3,2,3,450,no_quant
00000007605,0.85,high,algebra / representation theory,3,2,3,2,4,492,no_quant
00000007609,0.85,high,algebra / representation theory,3,2,3,2,4,490,no_quant
00000007610,0.85,high,algebra / representation theory,4,2,3,2,3,492,
00000007612,0.85,high,algebra / representation theory,3,2,3,2,2,534,no_quant
00000007613,0.85,high,topology / geometry,3,2,3,2,3,366,no_quant
00000007614,0.85,high,topology / geometry,3,2,3,2,4,530,no_quant
00000007615,0.85,high,algebraic geometry,3,2,3,2,4,467,no_quant
00000007616,0.85,high,analysis / PDE / dynamics,3,2,3,2,4,473,no_quant
00000007621,0.85,high,number theory,3,2,3,2,4,399,no_quant
00000007622,0.85,high,number theory,3,2,3,2,4,498,no_quant
00000007623,0.85,high,algebra / representation theory,3,2,3,2,3,409,no_quant
00000007624,0.85,high,algebra / representation theory,4,2,3,2,3,432,
00000007625,0.85,high,algebra / representation theory,3,2,3,2,4,413,no_quant
00000007627,0.85,high,algebra / representation theory,3,2,3,2,3,360,no_quant
00000007628,0.85,high,algebra / representation theory,3,2,3,2,3,486,no_quant
00000007630,0.85,high,number theory,4,2,3,2,3,474,
00000007631,0.85,high,algebraic geometry,3,2,3,2,5,561,no_quant
00000007632,0.85,high,topology / geometry,3,2,3,2,4,464,no_quant
00000007634,0.85,high,algebraic geometry,3,2,3,2,2,390,no_quant
00000007635,0.85,high,algebraic geometry,3,2,3,2,4,490,no_quant
00000007637,0.85,high,number theory,5,3,2,2,3,395,
00000007638,0.85,high,number theory,3,2,3,2,4,451,no_quant
00000007639,0.85,high,algebraic geometry,3,2,3,2,5,359,no_quant
00000007640,0.85,high,analysis / PDE / dynamics,4,2,3,2,3,456,
00000007641,0.85,high,analysis / PDE / dynamics,3,3,3,3,4,429,no_quant
00000007642,0.85,high,analysis / PDE / dynamics,3,4,3,3,4,562,no_quant
00000007643,0.85,high,topology / geometry,3,2,3,2,5,418,no_quant
00000007644,0.85,high,algebraic geometry,3,2,3,2,3,495,no_quant
00000007645,0.85,high,topology / geometry,3,2,3,2,4,419,no_quant
00000007646,0.85,high,topology / geometry,3,2,3,2,4,448,no_quant
00000007647,0.85,high,topology / geometry,3,2,3,2,3,440,no_quant
00000007648,0.85,high,topology / geometry,3,2,3,2,4,372,no_quant
00000007649,0.85,high,probability,3,2,3,2,4,389,no_quant
00000007650,0.85,high,algebraic geometry,4,2,3,2,3,426,
00000007651,0.85,high,combinatorics / discrete,3,2,3,2,4,398,no_quant
00000007652,0.85,high,algebra / representation theory,3,2,3,2,4,369,no_quant
00000007653,0.85,high,topology / geometry,5,2,3,2,3,380,
00000007655,0.85,high,analysis / PDE / dynamics,3,2,3,2,4,417,no_quant
00000007656,0.85,high,analysis / PDE / dynamics,3,2,3,2,5,400,no_quant
00000007657,0.85,high,probability,3,2,3,2,4,397,no_quant
00000007658,0.85,high,topology / geometry,3,2,3,2,4,511,no_quant
00000007659,0.85,high,analysis / PDE / dynamics,3,2,3,2,4,398,no_quant
00000007661,0.85,high,number theory,5,2,3,2,3,740,
00000007662,0.85,high,number theory,3,3,3,3,3,614,no_quant
00000007663,0.85,high,number theory,4,3,3,2,3,718,
00000007664,0.85,high,number theory,5,3,3,2,2,602,
00000007666,0.85,high,number theory,4,4,3,3,2,926,
00000007667,0.85,high,number theory,5,4,3,3,2,551,
00000007668,0.85,high,algebraic geometry,4,3,3,3,4,652,
00000007670,0.85,high,number theory,5,2,3,2,3,723,
00000007671,0.85,high,analysis / PDE / dynamics,3,2,3,2,4,692,no_quant
00000007672,0.85,high,number theory,3,2,3,2,3,630,no_quant
00000007673,0.85,high,number theory,5,3,3,3,5,701,
00000007674,0.85,high,analysis / PDE / dynamics,5,3,3,2,2,769,
00000007675,0.85,high,number theory,3,3,3,3,2,679,no_quant
00000007676,0.85,high,number theory,5,3,2,2,2,743,
00000007678,0.85,high,number theory,4,4,3,4,4,895,
00000007679,0.85,high,number theory,5,3,3,3,4,681,
00000007680,0.85,high,number theory,5,4,3,3,2,683,
00000007681,0.85,high,number theory,5,3,3,2,2,675,
00000007682,0.85,high,number theory,3,2,3,2,3,572,no_quant
00000007683,0.85,high,number theory,3,3,3,3,5,712,
00000007684,0.85,high,number theory,5,3,3,2,2,855,
00000007685,0.85,high,analysis / PDE / dynamics,3,2,3,2,3,579,no_quant
00000007686,0.85,high,number theory,3,4,2,4,3,665,no_quant
00000007688,0.85,high,number theory,5,3,3,2,3,700,
00000007690,0.85,high,number theory,3,3,3,3,3,763,no_quant
00000007691,0.85,high,analysis / PDE / dynamics,3,3,3,3,4,759,no_quant
00000007692,0.85,high,analysis / PDE / dynamics,5,3,3,2,2,606,
00000007693,0.85,high,analysis / PDE / dynamics,5,2,3,2,3,584,
00000007694,0.85,high,analysis / PDE / dynamics,5,3,3,2,3,698,
00000007695,0.85,high,logic / complexity,5,3,3,1,1,583,
00000007696,0.85,high,number theory,3,2,3,2,2,643,no_quant
00000007697,0.85,high,probability,5,2,3,2,3,553,
00000007699,0.85,high,logic / complexity,3,2,3,2,3,712,no_quant
00000007700,0.85,high,analysis / PDE / dynamics,5,3,3,3,3,563,
00000007701,0.85,high,number theory,5,3,3,2,2,805,
00000007702,0.85,high,topology / geometry,5,3,3,3,4,527,
00000007703,0.85,high,analysis / PDE / dynamics,3,3,2,2,3,667,no_quant
00000007704,0.85,high,number theory,5,4,3,4,5,704,
00000007705,0.85,high,logic / complexity,5,3,3,2,2,687,
00000007706,0.85,high,number theory,5,3,3,2,3,801,
00000007707,0.85,high,number theory,5,4,3,4,4,565,
00000007708,0.85,high,number theory,3,2,3,2,4,696,no_quant
00000007709,0.85,high,analysis / PDE / dynamics,3,2,3,2,2,576,no_quant
00000007710,0.85,high,analysis / PDE / dynamics,5,3,3,2,3,695,
00000007711,0.85,high,number theory,5,3,3,3,4,756,
00000007712,0.85,high,analysis / PDE / dynamics,5,3,3,2,3,632,
00000007713,0.85,high,number theory,3,2,3,2,3,765,no_quant
00000007714,0.85,high,analysis / PDE / dynamics,3,3,3,3,3,753,no_quant
00000007715,0.85,high,number theory,5,3,3,2,2,549,
00000007716,0.85,high,algebra / representation theory,5,3,3,2,2,563,
00000007717,0.85,high,combinatorics / discrete,4,4,3,3,2,663,
00000007718,0.85,high,analysis / PDE / dynamics,5,4,3,4,4,697,
00000007719,0.85,high,number theory,3,2,3,2,4,811,no_quant
00000007720,0.85,high,analysis / PDE / dynamics,3,3,3,3,2,784,no_quant
00000007721,0.85,high,analysis / PDE / dynamics,3,3,2,2,4,831,no_quant
00000007722,0.85,high,number theory,5,3,3,2,2,811,
00000007723,0.85,high,number theory,3,2,3,2,2,612,no_quant
00000007724,0.85,high,analysis / PDE / dynamics,5,2,3,2,2,632,
00000007725,0.85,high,number theory,3,3,2,2,4,772,no_quant
00000007726,0.85,high,probability,5,3,2,2,3,799,
00000007729,0.85,high,combinatorics / discrete,3,3,3,3,3,899,no_quant
00000007730,0.85,high,analysis / PDE / dynamics,3,3,3,2,3,742,no_quant
00000007731,0.85,high,probability,3,2,3,2,2,719,no_quant
00000007732,0.85,high,number theory,3,2,3,2,4,692,no_quant
00000007733,0.85,high,analysis / PDE / dynamics,4,3,3,2,3,778,
00000007734,0.85,high,number theory,3,3,3,3,4,699,no_quant
00000007737,0.85,high,number theory,3,2,3,2,4,811,no_quant
00000007739,0.85,high,number theory,3,5,2,3,2,736,no_quant
00000007741,0.85,high,analysis / PDE / dynamics,3,2,3,2,4,814,no_quant
00000007742,0.85,high,analysis / PDE / dynamics,5,3,3,2,2,807,
00000007743,0.85,high,probability,3,2,3,2,4,788,no_quant
00000007744,0.85,high,probability,5,3,3,3,5,772,
00000007745,0.85,high,analysis / PDE / dynamics,3,3,3,2,2,764,no_quant
00000007746,0.85,high,analysis / PDE / dynamics,3,3,3,2,3,803,no_quant
00000007747,0.85,high,analysis / PDE / dynamics,3,3,3,3,3,812,no_quant
00000007748,0.85,high,combinatorics / discrete,3,2,3,2,4,701,no_quant
00000007750,0.85,high,analysis / PDE / dynamics,4,4,3,3,3,817,
00000007753,0.85,high,number theory,5,3,3,1,1,775,
00000007754,0.85,high,number theory,5,3,3,2,2,853,
00000007755,0.85,high,number theory,4,3,3,3,4,617,
00000007756,0.85,high,number theory,2,2,3,2,3,841,no_quant
00000007757,0.85,high,algebra / representation theory,3,2,3,2,2,711,no_quant
00000007758,0.85,high,number theory,5,4,3,4,4,710,
00000007759,0.85,high,number theory,5,4,3,4,4,709,
00000007761,0.85,high,probability,3,3,2,2,3,708,no_quant
00000007762,0.85,high,number theory,5,2,3,2,2,796,
00000007764,0.85,high,number theory,5,4,3,3,2,716,
00000007765,0.85,high,number theory,5,4,3,4,2,693,
00000007766,0.85,high,probability,4,3,3,2,2,676,
00000007767,0.85,high,number theory,5,2,3,2,2,651,
00000007768,0.85,high,number theory,3,3,3,3,2,778,no_quant
00000007769,0.85,high,probability,3,3,2,2,4,812,no_quant
00000007770,0.85,high,number theory,3,2,3,2,3,710,no_quant
00000007771,0.85,high,number theory,5,3,3,3,5,669,
00000007772,0.85,high,number theory,5,3,3,3,5,702,
00000007773,0.85,high,number theory,3,4,3,4,3,804,no_quant
00000007775,0.85,high,analysis / PDE / dynamics,3,2,3,1,2,731,no_quant
00000007776,0.85,high,number theory,5,2,3,2,2,774,
00000007777,0.85,high,number theory,4,4,3,3,4,685,
00000007778,0.85,high,number theory,3,3,3,3,4,741,no_quant
00000007779,0.85,high,number theory,3,4,3,4,3,728,no_quant
00000007780,0.85,high,number theory,5,3,3,2,2,780,
00000007782,0.85,high,analysis / PDE / dynamics,4,3,3,3,3,744,
00000007784,0.85,high,probability,3,3,3,3,5,796,
00000007785,0.85,high,combinatorics / discrete,3,3,3,2,3,881,no_quant
00000007787,0.85,high,analysis / PDE / dynamics,3,2,3,2,3,745,no_quant
00000007788,0.85,high,combinatorics / discrete,3,2,3,2,4,749,no_quant
00000007789,0.85,high,analysis / PDE / dynamics,3,3,3,2,3,806,no_quant
00000007790,0.85,high,probability,4,3,3,2,2,723,
00000007793,0.85,high,probability,5,3,3,3,5,594,
00000007795,0.85,high,number theory,4,3,3,3,4,801,
00000007796,0.85,high,analysis / PDE / dynamics,5,3,2,2,2,731,
00000007798,0.85,high,probability,3,3,2,2,3,609,no_quant
00000007799,0.85,high,combinatorics / discrete,3,2,3,2,3,710,no_quant
00000007800,0.85,high,probability,3,2,3,2,3,786,no_quant
00000007802,0.85,high,probability,3,2,3,1,2,724,no_quant
00000007803,0.85,high,probability,3,2,3,2,3,812,no_quant
00000007804,0.85,high,combinatorics / discrete,5,3,3,3,4,779,
00000007806,0.85,high,probability,4,3,3,2,2,769,
00000007807,0.85,high,analysis / PDE / dynamics,3,4,3,4,4,832,
00000007808,0.85,high,probability,3,2,3,2,3,751,no_quant
00000007809,0.85,high,analysis / PDE / dynamics,4,3,3,2,2,809,
00000007810,0.85,high,probability,3,3,3,2,2,755,no_quant
00000007811,0.85,high,algebraic geometry,3,3,3,3,2,730,no_quant
00000007812,0.85,high,number theory,5,4,2,2,1,662,
00000007813,0.85,high,number theory,3,2,3,2,3,857,no_quant
00000007814,0.85,high,number theory,3,3,3,2,2,800,no_quant
00000007815,0.85,high,algebraic geometry,5,4,2,3,2,937,
00000007816,0.85,high,number theory,3,3,2,2,4,927,no_quant
00000007817,0.85,high,number theory,3,4,2,3,3,922,no_quant
00000007818,0.85,high,algebraic geometry,4,3,3,2,2,644,
00000007820,0.85,high,number theory,2,2,3,1,1,691,no_quant
00000007821,0.85,high,number theory,4,3,3,3,4,792,
00000007822,0.85,high,topology / geometry,5,3,3,2,2,763,
00000007823,0.85,high,number theory,3,2,3,2,4,745,no_quant
00000007824,0.85,high,algebraic geometry,5,3,3,2,2,691,
00000007825,0.85,high,number theory,3,3,3,3,4,831,no_quant
00000007826,0.85,high,number theory,5,4,2,2,2,789,
00000007827,0.85,high,number theory,3,3,3,3,4,898,no_quant
00000007828,0.85,high,number theory,5,3,3,2,2,781,
00000007829,0.85,high,number theory,5,3,3,2,2,774,
00000007830,0.85,high,number theory,4,3,3,2,3,832,
00000007831,0.85,high,algebraic geometry,3,3,3,3,3,732,no_quant
00000007832,0.85,high,number theory,5,4,3,3,2,674,
00000007833,0.85,high,algebraic geometry,3,4,2,2,3,836,no_quant
00000007834,0.85,high,number theory,5,4,3,3,1,831,
00000007835,0.85,high,number theory,3,3,3,3,2,780,no_quant
00000007836,0.85,high,algebraic geometry,3,5,2,5,5,850,grand|no_quant
00000007837,0.85,high,number theory,3,4,2,3,2,851,no_quant
00000007838,0.85,high,algebra / representation theory,5,3,3,2,2,763,
00000007839,0.85,high,algebraic geometry,5,3,2,2,2,846,
00000007840,0.85,high,algebraic geometry,3,2,3,2,3,841,no_quant
00000007842,0.85,high,combinatorics / discrete,5,3,3,3,5,724,
00000007843,0.85,high,combinatorics / discrete,3,2,3,2,5,551,no_quant
00000007844,0.85,high,combinatorics / discrete,3,2,3,2,3,766,no_quant
00000007845,0.85,high,analysis / PDE / dynamics,4,4,3,4,5,836,
00000007847,0.85,high,probability,3,2,3,2,3,737,no_quant
00000007849,0.85,high,algebra / representation theory,5,3,3,3,4,678,
00000007850,0.85,high,number theory,3,2,3,2,3,855,no_quant
00000007852,0.85,high,combinatorics / discrete,5,2,3,2,4,881,
00000007853,0.85,high,analysis / PDE / dynamics,4,3,3,3,4,786,
00000007854,0.85,high,probability,3,3,3,2,4,704,no_quant
00000007856,0.85,high,analysis / PDE / dynamics,5,3,3,3,4,936,
00000007857,0.85,high,analysis / PDE / dynamics,3,3,3,3,3,761,no_quant
00000007858,0.85,high,combinatorics / discrete,3,2,3,2,3,939,no_quant
00000007859,0.85,high,analysis / PDE / dynamics,3,2,3,2,2,861,no_quant
00000007860,0.85,high,combinatorics / discrete,5,3,3,3,4,775,
00000007861,0.85,high,probability,3,2,3,2,4,770,no_quant
00000007862,0.85,high,combinatorics / discrete,3,3,3,2,3,814,no_quant
00000007863,0.85,high,number theory,5,3,3,3,4,909,
00000007864,0.85,high,analysis / PDE / dynamics,3,3,3,3,4,919,no_quant
00000007865,0.85,high,probability,3,3,3,3,4,863,no_quant
00000007866,0.85,high,number theory,5,3,3,3,5,779,
00000007868,0.85,high,probability,5,3,3,3,5,876,
00000007870,0.85,high,combinatorics / discrete,3,2,3,2,4,1021,no_quant
00000007871,0.85,high,number theory,3,2,3,2,5,785,no_quant
00000007872,0.85,high,algebra / representation theory,3,3,2,2,3,729,no_quant
00000007873,0.85,high,algebraic geometry,5,3,2,2,3,851,
00000007874,0.85,high,number theory,5,3,3,3,5,861,
00000007875,0.85,high,number theory,5,4,3,3,3,855,
00000007876,0.85,high,algebraic geometry,5,4,2,3,2,788,
00000007877,0.85,high,topology / geometry,4,3,3,3,4,801,
00000007878,0.85,high,number theory,3,2,3,1,2,892,no_quant
00000007879,0.85,high,topology / geometry,5,3,3,2,2,902,
00000007880,0.85,high,algebra / representation theory,3,3,3,3,3,924,no_quant
00000007881,0.85,high,algebraic geometry,5,3,3,2,3,879,
00000007882,0.85,high,algebraic geometry,5,4,3,3,2,913,
00000007883,0.85,high,algebraic geometry,5,4,2,3,2,968,
00000007884,0.85,high,algebra / representation theory,4,3,3,2,3,1007,
00000007885,0.85,high,topology / geometry,3,3,3,3,3,909,no_quant
00000007886,0.85,high,number theory,3,5,2,5,4,881,grand|no_quant
00000007887,0.85,high,topology / geometry,5,3,3,2,2,948,
00000007888,0.85,high,algebraic geometry,3,4,2,4,2,959,no_quant
00000007889,0.85,high,algebraic geometry,5,3,3,2,2,886,
00000007890,0.85,high,logic / complexity,5,3,2,2,4,867,
00000007891,0.85,high,number theory,3,4,3,4,2,889,no_quant
00000007892,0.85,high,number theory,3,4,3,4,4,991,no_quant
00000007893,0.85,high,algebraic geometry,3,2,3,2,3,831,no_quant
00000007894,0.85,high,number theory,5,3,2,2,3,923,
00000007895,0.85,high,analysis / PDE / dynamics,3,3,2,2,3,971,no_quant
00000007896,0.85,high,number theory,3,4,2,3,2,874,no_quant
00000007897,0.85,high,analysis / PDE / dynamics,3,3,3,2,3,915,no_quant
00000007898,0.85,high,algebraic geometry,5,4,2,2,2,801,
00000007899,0.85,high,number theory,3,2,3,1,1,843,no_quant
00000007900,0.85,high,number theory,3,4,2,3,2,947,no_quant
00000007901,0.85,high,number theory,3,4,3,4,4,825,no_quant
00000007903,0.85,high,number theory,3,4,2,3,2,984,no_quant
00000007904,0.85,high,number theory,3,4,3,4,3,830,no_quant
00000007905,0.85,high,number theory,5,2,3,2,3,821,
00000007906,0.85,high,number theory,5,4,3,4,2,1015,
00000007907,0.85,high,number theory,5,5,2,5,4,991,grand
00000007908,0.85,high,number theory,3,2,3,2,3,874,no_quant
00000007909,0.85,high,number theory,3,5,2,5,5,944,grand|no_quant
00000007910,0.85,high,number theory,3,4,3,4,2,862,no_quant
00000007911,0.85,high,number theory,5,5,3,5,4,810,
00000007912,0.85,high,number theory,3,3,3,3,3,942,no_quant
00000007913,0.85,high,number theory,4,5,2,4,5,893,
00000007914,0.85,high,algebra / representation theory,3,2,3,2,3,743,no_quant
00000007915,0.85,high,probability,3,2,3,2,3,928,no_quant
00000007916,0.85,high,algebraic geometry,3,3,3,3,3,936,no_quant
00000007917,0.85,high,analysis / PDE / dynamics,3,5,2,5,4,922,grand|no_quant
00000007918,0.85,high,algebra / representation theory,3,5,2,5,3,985,grand|no_quant
00000007919,0.85,high,analysis / PDE / dynamics,3,3,3,3,4,764,no_quant
00000007920,0.85,high,algebra / representation theory,3,3,3,3,2,1012,no_quant
00000007921,0.85,high,number theory,3,4,2,3,3,909,no_quant
00000007922,0.85,high,number theory,3,4,3,4,3,906,no_quant
00000007923,0.85,high,number theory,3,4,3,4,3,968,no_quant
00000007924,0.85,high,number theory,3,4,2,3,4,974,no_quant
00000007925,0.85,high,number theory,3,3,3,3,3,907,no_quant
00000007926,0.85,high,topology / geometry,5,4,2,3,3,890,
00000007927,0.85,high,algebra / representation theory,3,3,2,2,3,879,no_quant
00000007929,0.85,high,number theory,2,4,3,4,3,895,no_quant
00000007930,0.85,high,number theory,3,5,2,5,4,1050,grand|no_quant
00000007931,0.85,high,algebra / representation theory,3,2,3,2,3,847,no_quant
00000007933,0.85,high,analysis / PDE / dynamics,5,3,3,2,2,1027,
00000007934,0.85,high,algebra / representation theory,5,3,3,2,2,1047,
00000007935,0.85,high,number theory,3,3,3,3,4,950,no_quant
00000007936,0.85,high,analysis / PDE / dynamics,3,3,3,3,3,1012,no_quant
00000007937,0.85,high,combinatorics / discrete,3,2,3,2,4,886,no_quant
00000007938,0.85,high,algebra / representation theory,3,3,3,3,3,837,no_quant
00000007939,0.85,high,analysis / PDE / dynamics,3,3,3,1,2,1051,no_quant
00000007940,0.85,high,algebra / representation theory,3,2,3,2,3,988,no_quant
00000007941,0.85,high,analysis / PDE / dynamics,3,3,2,3,4,947,no_quant
00000007942,0.85,high,number theory,5,3,3,2,2,963,
00000007943,0.85,high,analysis / PDE / dynamics,4,3,3,3,5,839,
00000007944,0.85,high,number theory,3,2,3,2,3,923,no_quant
00000007946,0.85,high,analysis / PDE / dynamics,3,4,3,3,1,938,no_quant
00000007947,0.85,high,number theory,4,4,3,3,3,1093,
00000007948,0.85,high,number theory,3,2,3,2,3,1008,no_quant
00000007949,0.85,high,combinatorics / discrete,5,4,2,3,3,1097,
00000007950,0.85,high,algebra / representation theory,3,2,3,2,3,1204,no_quant
00000007951,0.85,high,analysis / PDE / dynamics,5,3,3,2,4,1109,
00000007952,0.85,high,topology / geometry,3,2,3,2,4,1046,no_quant
00000007953,0.85,high,algebraic geometry,3,2,3,2,3,1041,no_quant
00000007954,0.85,high,algebra / representation theory,5,4,2,3,2,1052,
00000007955,0.85,high,analysis / PDE / dynamics,3,2,3,2,3,1088,no_quant
00000007956,0.85,high,number theory,3,2,3,2,3,1056,no_quant
00000007957,0.85,high,combinatorics / discrete,3,2,3,2,3,881,no_quant
00000007958,0.85,high,number theory,3,3,2,2,3,999,no_quant
00000007959,0.85,high,number theory,5,2,3,2,3,1072,
00000007960,0.85,high,number theory,3,3,2,2,2,1055,no_quant
00000007963,0.85,high,number theory,3,2,3,2,3,906,no_quant
00000007965,0.85,high,combinatorics / discrete,3,3,3,3,2,1008,no_quant
00000007966,0.85,high,number theory,5,3,3,3,4,823,
00000007967,0.85,high,number theory,3,2,3,1,3,928,no_quant
00000007968,0.85,high,number theory,5,3,3,2,2,905,
00000007969,0.85,high,analysis / PDE / dynamics,4,3,3,3,4,989,
00000007970,0.85,high,combinatorics / discrete,5,4,3,3,3,1015,
00000007971,0.85,high,combinatorics / discrete,4,3,3,3,5,992,
00000007972,0.85,high,probability,2,2,3,2,3,964,no_quant
00000007973,0.85,high,number theory,3,4,3,4,3,1117,no_quant
00000007974,0.85,high,number theory,3,4,3,4,2,997,no_quant
00000007976,0.85,high,algebra / representation theory,4,3,2,2,4,876,
00000007977,0.85,high,number theory,4,2,3,2,3,946,
00000007979,0.85,high,algebra / representation theory,3,2,3,2,4,872,no_quant
00000007980,0.85,high,number theory,4,2,3,2,4,769,
00000007981,0.85,high,analysis / PDE / dynamics,3,2,3,2,4,995,no_quant
00000007982,0.85,high,combinatorics / discrete,5,2,3,2,3,914,
00000007983,0.85,high,analysis / PDE / dynamics,5,3,3,3,4,911,
00000007986,0.85,high,algebra / representation theory,3,2,3,2,3,983,no_quant
00000007987,0.85,high,combinatorics / discrete,3,2,3,2,4,1036,no_quant
00000007989,0.85,high,number theory,5,3,3,2,3,919,
00000007992,0.85,high,analysis / PDE / dynamics,3,2,3,2,3,970,no_quant
00000007993,0.85,high,topology / geometry,5,3,3,1,1,1165,
00000007994,0.85,high,topology / geometry,3,2,3,2,2,1135,no_quant
00000007996,0.85,high,analysis / PDE / dynamics,3,3,3,2,4,979,no_quant
00000007999,0.85,high,algebraic geometry,3,2,3,1,3,915,no_quant
00000008000,0.85,high,number theory,3,2,3,2,2,1047,no_quant
00000008001,0.85,high,algebra / representation theory,3,4,2,3,3,910,no_quant
00000008002,0.85,high,topology / geometry,3,2,3,2,4,1034,no_quant
00000008003,0.85,high,combinatorics / discrete,3,3,2,2,3,1011,no_quant
00000008006,0.85,high,number theory,3,2,3,1,3,1117,no_quant
00000008007,0.85,high,topology / geometry,3,3,3,3,2,1129,no_quant
00000008009,0.85,high,number theory,3,3,3,2,2,1042,
00000008010,0.85,high,analysis / PDE / dynamics,4,2,3,2,3,997,
00000008013,0.85,high,analysis / PDE / dynamics,3,3,3,2,2,946,no_quant
00000008016,0.85,high,algebra / representation theory,3,2,3,2,3,1115,no_quant
00000008018,0.85,high,number theory,3,2,3,2,3,1040,no_quant
00000008019,0.85,high,analysis / PDE / dynamics,3,3,3,3,4,1124,no_quant
00000008020,0.85,high,analysis / PDE / dynamics,4,4,2,3,4,1151,
00000008023,0.85,high,algebra / representation theory,5,3,3,2,3,1003,
00000008025,0.85,high,number theory,5,3,3,2,3,952,
00000008027,0.85,high,number theory,3,3,3,2,5,1038,no_quant
00000008028,0.85,high,algebra / representation theory,5,3,2,2,3,1068,
00000008029,0.85,high,number theory,3,2,3,2,4,904,no_quant
00000008031,0.85,high,analysis / PDE / dynamics,5,3,3,2,3,1079,
00000008032,0.85,high,number theory,3,3,3,3,3,995,no_quant
00000008033,0.85,high,algebra / representation theory,3,3,3,3,4,1043,no_quant
00000008034,0.85,high,number theory,3,2,3,2,3,981,no_quant
00000008035,0.85,high,probability,3,3,3,3,4,1017,no_quant
00000008036,0.85,high,number theory,3,2,3,2,4,976,no_quant
00000008037,0.85,high,probability,3,3,3,3,3,920,no_quant
00000008038,0.85,high,combinatorics / discrete,3,2,3,2,2,1046,no_quant
00000008039,0.85,high,topology / geometry,3,2,3,2,2,986,no_quant
00000008041,0.85,high,number theory,4,3,2,2,4,1091,
00000008042,0.85,high,number theory,3,2,3,2,3,926,no_quant
00000008044,0.85,high,combinatorics / discrete,5,3,3,2,3,1100,
00000008045,0.85,high,number theory,3,2,3,2,2,1139,no_quant
00000008046,0.85,high,number theory,3,2,3,2,3,1143,no_quant
00000008047,0.85,high,logic / complexity,3,2,3,2,3,1034,no_quant
00000008048,0.85,high,combinatorics / discrete,3,3,3,2,2,1101,no_quant
00000008049,0.85,high,combinatorics / discrete,4,3,3,3,4,1143,
00000008050,0.85,high,analysis / PDE / dynamics,3,3,3,3,3,1144,no_quant
00000008052,0.85,high,analysis / PDE / dynamics,4,4,3,2,4,942,
00000008053,0.85,high,number theory,3,3,3,3,3,1014,no_quant
00000008054,0.85,high,logic / complexity,3,2,3,2,2,1110,no_quant
00000008055,0.85,high,number theory,5,4,2,3,2,985,
00000008056,0.85,high,analysis / PDE / dynamics,3,3,3,2,5,1074,no_quant
00000008057,0.85,high,logic / complexity,3,2,3,2,3,990,no_quant
00000008058,0.85,high,logic / complexity,4,2,3,2,4,1223,
00000008059,0.85,high,logic / complexity,3,2,3,1,3,1083,no_quant
00000008060,0.85,high,algebra / representation theory,5,4,2,3,3,1018,
00000008061,0.85,high,logic / complexity,3,2,3,2,3,1023,no_quant
00000008062,0.85,high,combinatorics / discrete,3,3,3,1,3,961,no_quant
00000008063,0.85,high,number theory,3,3,2,2,3,1020,no_quant
00000008064,0.85,high,logic / complexity,5,4,2,2,2,1046,
00000008066,0.85,high,combinatorics / discrete,3,3,3,2,4,898,no_quant
00000008067,0.85,high,analysis / PDE / dynamics,5,2,3,2,3,1046,
00000008068,0.85,high,number theory,5,4,3,3,3,907,
00000008069,0.85,high,combinatorics / discrete,4,3,2,2,4,1057,
00000008070,0.85,high,number theory,3,4,2,3,4,1000,no_quant
00000008071,0.85,high,logic / complexity,3,2,3,2,5,1093,no_quant
00000008072,0.85,high,logic / complexity,3,2,3,1,2,1097,no_quant
00000008073,0.85,high,combinatorics / discrete,5,4,2,3,5,1062,
00000008074,0.85,high,number theory,3,2,3,2,3,1054,no_quant
00000008075,0.85,high,number theory,5,3,3,2,4,1145,
00000008078,0.85,high,combinatorics / discrete,5,3,3,2,4,1077,
00000008079,0.85,high,analysis / PDE / dynamics,3,3,3,2,3,1222,no_quant
00000008080,0.85,high,number theory,5,3,3,3,5,1094,
00000008082,0.85,high,topology / geometry,5,3,3,3,5,856,
00000008083,0.85,high,number theory,3,2,3,2,4,1021,no_quant
00000008084,0.85,high,algebra / representation theory,5,4,2,2,2,958,
00000008085,0.85,high,probability,5,4,2,3,4,1003,
00000008086,0.85,high,number theory,5,3,2,2,4,944,
00000008087,0.85,high,number theory,3,3,3,3,3,902,no_quant
00000008088,0.85,high,algebraic geometry,3,5,2,4,3,928,no_quant
00000008089,0.85,high,number theory,2,2,3,2,3,930,no_quant
00000008091,0.85,high,number theory,3,2,3,2,2,943,no_quant
00000008092,0.85,high,algebra / representation theory,3,2,3,2,3,1046,no_quant
00000008093,0.85,high,number theory,3,2,3,2,4,814,no_quant
00000008094,0.85,high,number theory,3,2,3,2,2,856,no_quant
00000008095,0.85,high,algebra / representation theory,3,3,3,3,2,1006,no_quant
00000008097,0.85,high,number theory,3,3,3,3,2,861,no_quant
00000008098,0.85,high,algebraic geometry,3,4,2,3,3,917,no_quant
00000008099,0.85,high,number theory,3,2,3,2,3,788,no_quant
00000008100,0.85,high,number theory,3,3,2,2,2,838,no_quant
00000008101,0.85,high,algebraic geometry,3,3,3,3,2,888,no_quant
00000008102,0.85,high,number theory,3,3,2,2,2,969,no_quant
00000008103,0.85,high,algebraic geometry,3,4,3,4,2,857,no_quant
00000008104,0.85,high,number theory,3,3,3,3,5,826,no_quant
00000008105,0.85,high,number theory,3,3,3,3,2,876,no_quant
00000008106,0.85,high,algebra / representation theory,3,2,3,2,2,962,no_quant
00000008107,0.85,high,topology / geometry,3,2,3,2,2,879,no_quant
00000008108,0.85,high,number theory,5,3,2,2,3,953,
00000008109,0.85,high,number theory,3,3,3,3,4,793,no_quant
00000008110,0.85,high,number theory,5,3,3,3,4,1018,
00000008111,0.85,high,number theory,5,4,3,3,2,932,
00000008112,0.85,high,number theory,3,3,2,1,2,955,no_quant
00000008113,0.85,high,number theory,3,2,3,1,1,891,no_quant
00000008114,0.85,high,number theory,3,3,3,1,2,1071,no_quant
00000008115,0.85,high,algebraic geometry,5,3,3,3,2,1028,
00000008116,0.85,high,algebraic geometry,3,4,2,3,3,834,no_quant
00000008117,0.85,high,algebraic geometry,3,2,3,1,1,919,no_quant
00000008118,0.85,high,number theory,5,3,3,2,3,1085,
00000008119,0.85,high,number theory,3,2,3,2,4,892,no_quant
00000008120,0.85,high,algebra / representation theory,3,3,3,3,2,953,no_quant
00000008121,0.85,high,algebraic geometry,3,2,3,2,3,892,no_quant
00000008122,0.85,high,algebraic geometry,3,3,3,3,2,1105,no_quant
00000008123,0.85,high,number theory,3,2,3,2,4,901,no_quant
00000008124,0.85,high,combinatorics / discrete,3,2,3,2,2,1011,no_quant
00000008125,0.85,high,algebraic geometry,3,2,3,2,3,861,no_quant
00000008126,0.85,high,number theory,3,2,3,2,4,1037,no_quant
00000008127,0.85,high,number theory,3,2,3,2,2,892,no_quant
00000008128,0.85,high,algebraic geometry,3,3,2,2,2,1053,no_quant
00000008129,0.85,high,number theory,5,4,2,3,3,1036,
00000008130,0.85,high,topology / geometry,5,3,2,2,2,1075,
00000008131,0.85,high,number theory,3,3,2,2,2,975,no_quant
00000008132,0.85,high,number theory,3,2,3,2,3,878,no_quant
00000008133,0.85,high,number theory,3,3,2,2,2,1009,no_quant
00000008134,0.85,high,algebraic geometry,5,5,2,4,4,1013,
00000008135,0.85,high,algebraic geometry,3,4,2,3,2,822,no_quant
00000008136,0.85,high,number theory,3,3,3,2,3,1013,no_quant
00000008137,0.85,high,algebraic geometry,3,3,3,1,1,928,no_quant
00000008138,0.85,high,number theory,5,4,2,3,3,1140,
00000008139,0.85,high,algebra / representation theory,3,4,2,3,2,953,no_quant
00000008140,0.85,high,topology / geometry,3,4,3,3,2,1105,no_quant
00000008141,0.85,high,analysis / PDE / dynamics,5,4,3,2,2,914,
00000008142,0.85,high,number theory,3,2,3,2,4,1018,no_quant
00000008143,0.85,high,probability,3,2,3,2,4,905,no_quant
00000008144,0.85,high,algebra / representation theory,3,2,3,2,4,1064,no_quant
00000008145,0.85,high,probability,3,2,3,2,3,1055,no_quant
00000008146,0.85,high,combinatorics / discrete,3,2,3,2,3,848,no_quant
00000008147,0.85,high,probability,5,2,3,2,3,899,
00000008148,0.85,high,probability,3,3,2,1,2,990,no_quant
00000008152,0.85,high,analysis / PDE / dynamics,3,3,2,2,4,983,no_quant
00000008153,0.85,high,probability,3,3,2,2,3,965,no_quant
00000008154,0.85,high,analysis / PDE / dynamics,4,4,3,3,3,1089,
00000008155,0.85,high,algebraic geometry,3,2,3,2,3,900,no_quant
00000008157,0.85,high,analysis / PDE / dynamics,3,4,3,4,3,906,no_quant
00000008158,0.85,high,number theory,3,2,3,2,4,1072,no_quant
00000008159,0.85,high,topology / geometry,3,2,3,2,4,1088,no_quant
00000008160,0.85,high,number theory,3,2,3,2,3,1076,no_quant
00000008161,0.85,high,number theory,5,4,3,3,3,1051,
00000008162,0.85,high,analysis / PDE / dynamics,3,3,3,3,3,981,no_quant
00000008163,0.85,high,algebra / representation theory,3,2,3,2,4,953,no_quant
00000008164,0.85,high,number theory,3,2,3,2,3,963,no_quant
00000008165,0.85,high,number theory,3,3,2,2,3,991,no_quant
00000008166,0.85,high,algebra / representation theory,3,2,3,2,4,945,no_quant
00000008168,0.85,high,topology / geometry,5,3,3,2,3,1008,
00000008169,0.85,high,number theory,3,4,2,4,3,907,no_quant
00000008170,0.85,high,topology / geometry,3,2,3,2,3,1173,no_quant
00000008171,0.85,high,number theory,3,2,3,2,3,1070,no_quant
00000008174,0.85,high,combinatorics / discrete,5,3,3,3,4,948,
00000008177,0.85,high,number theory,3,2,3,1,2,932,no_quant
00000008178,0.85,high,number theory,4,3,3,3,4,908,
00000008180,0.85,high,number theory,3,2,3,1,2,977,no_quant
00000008181,0.85,high,algebraic geometry,3,3,3,3,3,871,no_quant
00000008183,0.85,high,number theory,3,2,3,1,1,911,no_quant
00000008184,0.85,high,number theory,5,3,3,2,2,1055,
00000008186,0.85,high,number theory,3,2,3,2,3,1008,no_quant
00000008187,0.85,high,number theory,3,4,3,4,3,1023,no_quant
00000008188,0.85,high,number theory,3,3,3,3,4,1094,no_quant
00000008189,0.85,high,number theory,3,2,3,2,3,1006,no_quant
00000008190,0.85,high,number theory,3,2,3,2,4,945,no_quant
00000008191,0.85,high,number theory,3,2,3,2,4,1014,no_quant
00000008192,0.85,high,number theory,3,2,3,1,2,945,no_quant
00000008194,0.85,high,number theory,3,3,3,3,3,991,no_quant
00000008195,0.85,high,probability,3,2,3,2,2,934,no_quant
00000008197,0.85,high,probability,5,3,3,3,4,1089,
00000008199,0.85,high,number theory,3,2,3,2,2,1089,no_quant
00000008200,0.85,high,number theory,3,2,3,2,3,1293,no_quant
00000008201,0.85,high,algebra / representation theory,5,3,3,3,4,982,
00000008202,0.85,high,algebra / representation theory,5,3,3,2,3,925,
00000008204,0.85,high,algebra / representation theory,3,3,2,2,3,1050,no_quant
00000008205,0.85,high,number theory,3,2,3,2,2,910,no_quant
00000008206,0.85,high,algebra / representation theory,3,3,3,3,4,1080,no_quant
00000008207,0.85,high,number theory,5,3,3,2,2,1005,
00000008208,0.85,high,algebra / representation theory,5,3,3,2,3,913,
00000008209,0.85,high,number theory,5,4,3,2,1,950,
00000008210,0.85,high,number theory,3,4,3,4,3,1024,no_quant
00000008211,0.85,high,number theory,3,2,3,2,3,1052,no_quant
00000008212,0.85,high,algebra / representation theory,3,2,3,2,3,1032,no_quant
00000008213,0.85,high,algebra / representation theory,3,4,3,4,3,917,no_quant
00000008214,0.85,high,analysis / PDE / dynamics,3,2,3,2,3,874,no_quant
00000008215,0.85,high,number theory,3,3,3,3,3,1023,no_quant
00000008217,0.85,high,number theory,3,2,3,2,2,906,no_quant
00000008218,0.85,high,number theory,5,4,3,4,4,921,
00000008219,0.85,high,algebra / representation theory,3,3,2,2,3,921,no_quant
00000008220,0.85,high,number theory,3,2,3,2,2,941,no_quant
00000008221,0.85,high,algebra / representation theory,3,2,3,2,4,918,no_quant
00000008222,0.85,high,algebra / representation theory,3,5,2,5,3,962,grand|no_quant
00000008223,0.85,high,algebra / representation theory,3,3,3,3,2,927,no_quant
00000008224,0.85,high,algebra / representation theory,5,4,3,3,2,1027,
00000008225,0.85,high,algebra / representation theory,5,3,3,2,3,975,
00000008226,0.85,high,analysis / PDE / dynamics,3,4,2,4,4,1105,no_quant
00000008227,0.85,high,number theory,4,3,3,3,3,950,
00000008228,0.85,high,number theory,3,2,3,2,3,1009,no_quant
00000008229,0.85,high,number theory,3,4,3,4,4,898,no_quant
00000008230,0.85,high,number theory,3,3,3,3,2,941,no_quant
00000008231,0.85,high,number theory,3,2,3,2,3,990,no_quant
00000008232,0.85,high,analysis / PDE / dynamics,3,2,3,1,1,977,no_quant
00000008233,0.85,high,combinatorics / discrete,5,2,3,2,4,1055,
00000008234,0.85,high,number theory,4,3,3,2,2,895,
00000008236,0.85,high,number theory,4,3,3,2,3,982,
00000008239,0.85,high,number theory,5,2,3,2,3,1074,
00000008241,0.85,high,combinatorics / discrete,4,3,3,2,2,919,
00000008242,0.85,high,analysis / PDE / dynamics,5,2,3,2,4,1032,
00000008243,0.85,high,number theory,5,3,3,3,4,937,
00000008245,0.85,high,number theory,4,2,3,2,3,881,
00000008246,0.85,high,combinatorics / discrete,3,2,3,2,4,978,no_quant
00000008247,0.85,high,probability,4,4,2,2,3,966,
00000008248,0.85,high,number theory,5,3,3,3,5,895,
00000008249,0.85,high,combinatorics / discrete,3,2,3,2,4,962,no_quant
00000008250,0.85,high,analysis / PDE / dynamics,4,2,3,2,4,1047,
00000008253,0.85,high,combinatorics / discrete,3,2,3,2,2,877,no_quant
00000008255,0.85,high,number theory,3,2,3,2,3,934,no_quant
00000008256,0.85,high,combinatorics / discrete,3,2,3,1,2,1063,no_quant
00000008260,0.85,high,analysis / PDE / dynamics,5,3,2,2,4,1070,
00000008261,0.85,high,analysis / PDE / dynamics,3,4,3,4,4,851,no_quant
00000008262,0.85,high,algebra / representation theory,3,2,3,2,3,901,no_quant
00000008264,0.85,high,probability,3,2,3,2,3,1197,no_quant
00000008265,0.85,high,number theory,3,3,3,3,4,998,no_quant
00000008266,0.85,high,probability,5,3,3,3,4,1056,
00000008268,0.85,high,algebra / representation theory,5,2,3,2,4,860,
00000008269,0.85,high,probability,3,2,3,2,3,885,no_quant
00000008270,0.85,high,number theory,3,2,3,2,4,1085,no_quant
00000008271,0.85,high,analysis / PDE / dynamics,3,2,3,2,4,1026,no_quant
00000008272,0.85,high,algebra / representation theory,3,2,3,2,3,1043,no_quant
00000008274,0.85,high,analysis / PDE / dynamics,3,3,3,3,3,1045,no_quant
00000008277,0.85,high,algebra / representation theory,3,2,3,2,4,893,no_quant
00000008278,0.85,high,analysis / PDE / dynamics,3,2,3,2,4,1076,no_quant
00000008279,0.85,high,algebra / representation theory,3,2,3,2,4,966,no_quant
00000008280,0.85,high,analysis / PDE / dynamics,3,2,3,2,3,1078,no_quant
00000008284,0.85,high,algebraic geometry,3,2,3,1,2,1162,no_quant
00000008286,0.85,high,probability,3,2,3,2,3,1021,no_quant
00000008287,0.85,high,number theory,4,3,3,3,5,912,
00000008288,0.85,high,algebra / representation theory,3,2,3,2,5,969,no_quant
00000008291,0.85,high,topology / geometry,3,2,3,2,3,953,no_quant
00000008292,0.85,high,topology / geometry,5,4,2,3,4,955,
00000008293,0.85,high,number theory,3,3,2,1,2,1047,no_quant
00000008294,0.85,high,number theory,3,2,3,2,3,1095,no_quant
00000008295,0.85,high,analysis / PDE / dynamics,5,3,2,1,2,1150,
00000008296,0.85,high,topology / geometry,3,2,3,2,2,1038,no_quant
00000008299,0.85,high,algebraic geometry,3,2,3,2,3,1078,no_quant
00000008300,0.85,high,algebraic geometry,5,4,3,4,4,939,
00000008301,0.85,high,algebra / representation theory,3,3,3,3,2,1020,no_quant
00000008302,0.85,high,topology / geometry,3,2,3,2,3,1011,no_quant
00000008303,0.85,high,algebra / representation theory,3,2,3,2,3,1177,no_quant
00000008304,0.85,high,number theory,4,3,3,2,2,999,
00000008305,0.85,high,topology / geometry,5,3,2,2,4,875,
00000008306,0.85,high,topology / geometry,3,2,3,2,2,967,no_quant
00000008307,0.85,high,topology / geometry,3,2,3,2,5,891,no_quant
00000008308,0.85,high,analysis / PDE / dynamics,3,2,3,2,3,877,no_quant
00000008309,0.85,high,logic / complexity,3,2,3,2,4,1138,no_quant
00000008311,0.85,high,topology / geometry,3,4,3,3,4,1000,no_quant
00000008312,0.85,high,algebraic geometry,3,2,3,2,3,990,no_quant
00000008313,0.85,high,topology / geometry,3,3,3,3,4,941,no_quant
00000008314,0.85,high,topology / geometry,5,2,3,1,1,980,
00000008315,0.85,high,number theory,5,3,2,2,3,863,
00000008316,0.85,high,topology / geometry,3,2,3,1,1,1103,no_quant
00000008317,0.85,high,analysis / PDE / dynamics,3,4,2,4,3,970,no_quant
00000008318,0.85,high,analysis / PDE / dynamics,3,2,3,2,2,986,no_quant
00000008319,0.85,high,topology / geometry,3,2,3,2,2,984,no_quant
00000008320,0.85,high,algebraic geometry,3,3,3,3,3,1028,no_quant
00000008321,0.85,high,number theory,4,3,3,2,2,1101,
00000008323,0.85,high,number theory,5,2,3,2,3,1161,
00000008326,0.85,high,number theory,3,2,3,2,3,993,no_quant
00000008327,0.85,high,number theory,3,4,2,3,4,908,no_quant
00000008328,0.85,high,number theory,3,2,3,2,4,974,no_quant
00000008333,0.85,high,number theory,5,4,2,3,5,1149,
00000008334,0.85,high,analysis / PDE / dynamics,3,4,2,3,4,925,no_quant
00000008335,0.85,high,number theory,3,4,2,3,3,1119,no_quant
00000008336,0.85,high,analysis / PDE / dynamics,4,3,3,3,5,1029,
00000008337,0.85,high,number theory,3,4,2,3,5,1073,no_quant
00000008340,0.85,high,analysis / PDE / dynamics,3,3,2,1,2,1056,no_quant
00000008341,0.85,high,analysis / PDE / dynamics,3,2,3,2,4,1024,no_quant
00000008342,0.85,high,analysis / PDE / dynamics,5,2,3,2,3,986,
00000008343,0.85,high,analysis / PDE / dynamics,4,5,2,4,5,915,
00000008344,0.85,high,number theory,3,3,2,2,3,1038,no_quant
00000008345,0.85,high,analysis / PDE / dynamics,3,2,3,2,3,1039,no_quant
00000008347,0.85,high,number theory,4,3,3,1,2,1046,
00000008348,0.85,high,number theory,3,2,3,2,4,1002,no_quant
00000008350,0.85,high,number theory,3,2,3,2,4,1127,no_quant
00000008351,0.85,high,number theory,3,2,3,2,4,882,no_quant
00000008352,0.85,high,combinatorics / discrete,3,4,2,3,3,893,no_quant
00000008354,0.85,high,number theory,2,4,2,3,3,955,no_quant
00000008355,0.85,high,algebraic geometry,3,4,3,3,2,941,no_quant
00000008356,0.85,high,number theory,3,3,2,2,2,1027,no_quant
00000008357,0.85,high,combinatorics / discrete,3,2,3,2,2,981,no_quant
00000008358,0.85,high,analysis / PDE / dynamics,3,2,3,2,3,989,no_quant
00000008359,0.85,high,number theory,3,3,3,3,2,909,no_quant
00000008360,0.85,high,number theory,3,2,3,2,4,957,no_quant
00000008361,0.85,high,algebraic geometry,3,3,3,3,3,869,no_quant
00000008362,0.85,high,number theory,3,2,3,2,2,957,no_quant
00000008363,0.85,high,number theory,3,3,2,2,3,953,no_quant
00000008364,0.85,high,algebra / representation theory,3,2,3,1,1,956,no_quant
00000008365,0.85,high,logic / complexity,3,2,3,2,5,465,no_quant
00000008367,0.85,high,number theory,5,3,2,2,3,878,
00000008368,0.85,high,algebraic geometry,3,3,3,3,3,1072,no_quant
00000008369,0.85,high,analysis / PDE / dynamics,3,2,3,2,3,887,no_quant
00000008370,0.85,high,number theory,3,2,3,2,3,1045,no_quant
00000008371,0.85,high,combinatorics / discrete,3,3,3,2,2,886,no_quant
00000008372,0.85,high,number theory,3,4,3,4,3,901,no_quant
00000008373,0.85,high,topology / geometry,3,3,2,2,3,948,no_quant
00000008375,0.85,high,number theory,3,2,3,2,3,436,no_quant
00000008376,0.85,high,combinatorics / discrete,5,3,3,2,3,907,
00000008377,0.85,high,algebraic geometry,5,4,2,3,4,879,
00000008378,0.85,high,number theory,4,2,3,2,2,975,
00000008379,0.85,high,analysis / PDE / dynamics,3,3,2,2,4,478,no_quant
00000008380,0.85,high,number theory,3,2,3,2,4,468,no_quant
00000008381,0.85,high,algebraic geometry,5,4,3,4,5,826,
00000008382,0.85,high,number theory,5,4,3,4,3,767,
00000008383,0.85,high,algebraic geometry,3,4,2,4,4,687,no_quant
00000008384,0.85,high,analysis / PDE / dynamics,3,3,3,3,4,655,no_quant
00000008385,0.85,high,analysis / PDE / dynamics,3,4,3,3,4,629,no_quant
00000008386,0.85,high,algebraic geometry,3,3,3,3,3,780,no_quant
00000008387,0.85,high,number theory,3,3,3,3,4,711,no_quant
00000008388,0.85,high,algebra / representation theory,3,3,3,3,2,730,no_quant
00000008389,0.85,high,algebraic geometry,5,4,2,3,3,743,
00000008390,0.85,high,algebraic geometry,3,4,2,2,1,691,no_quant
00000008391,0.85,high,algebraic geometry,5,4,2,2,2,615,
00000008392,0.85,high,algebraic geometry,3,4,3,4,2,593,no_quant
00000008393,0.85,high,analysis / PDE / dynamics,3,3,3,3,4,690,no_quant
00000008394,0.85,high,number theory,3,3,3,3,3,705,no_quant
00000008395,0.85,high,number theory,5,4,3,4,4,540,
00000008396,0.85,high,algebraic geometry,3,3,3,3,4,732,no_quant
00000008397,0.85,high,algebraic geometry,3,4,2,2,1,643,no_quant
00000008398,0.85,high,algebraic geometry,3,3,3,3,4,627,no_quant
00000008399,0.85,high,algebraic geometry,3,3,3,3,2,606,no_quant
00000008400,0.85,high,number theory,3,3,3,3,4,696,no_quant
00000008401,0.85,high,number theory,3,3,3,3,4,707,no_quant
00000008402,0.85,high,algebraic geometry,3,4,2,3,2,631,no_quant
00000008403,0.85,high,algebraic geometry,3,3,3,3,4,682,no_quant
00000008404,0.85,high,algebraic geometry,3,3,3,3,5,712,no_quant
00000008405,0.85,high,algebra / representation theory,5,3,3,2,4,677,
00000008406,0.85,high,algebraic geometry,3,3,3,3,4,588,no_quant
00000008407,0.85,high,algebraic geometry,5,4,3,3,2,647,
00000008408,0.85,high,algebraic geometry,3,3,3,3,4,594,no_quant
00000008409,0.85,high,algebraic geometry,3,3,3,3,3,611,no_quant
00000008410,0.85,high,algebraic geometry,5,4,2,3,3,617,
00000008412,0.85,high,number theory,5,3,3,1,1,752,
00000008413,0.85,high,number theory,5,2,3,1,1,661,
00000008414,0.85,high,number theory,5,3,3,2,3,500,
00000008415,0.85,high,combinatorics / discrete,5,3,3,2,2,567,
00000008416,0.85,high,number theory,5,3,3,1,1,682,
00000008419,0.85,high,algebra / representation theory,5,3,3,2,2,607,
00000008421,0.85,high,combinatorics / discrete,5,3,3,3,4,600,
00000008422,0.85,high,number theory,3,2,3,2,2,609,no_quant
00000008423,0.85,high,number theory,4,3,2,2,2,610,
00000008424,0.85,high,number theory,3,3,2,2,4,543,no_quant
00000008425,0.85,high,combinatorics / discrete,3,3,2,2,4,473,no_quant
00000008426,0.85,high,number theory,5,2,3,2,2,513,
00000008427,0.85,high,number theory,3,3,3,3,3,554,no_quant
00000008428,0.85,high,number theory,4,3,3,2,2,481,
00000008429,0.85,high,number theory,4,3,3,2,4,532,
00000008430,0.85,high,number theory,3,2,3,2,3,428,no_quant
00000008431,0.85,high,combinatorics / discrete,4,4,2,3,3,484,
00000008432,0.85,high,combinatorics / discrete,3,3,3,3,3,516,no_quant
00000008433,0.85,high,combinatorics / discrete,5,2,3,2,3,446,
00000008434,0.85,high,combinatorics / discrete,5,3,3,2,3,431,
00000008435,0.85,high,algebra / representation theory,3,2,3,2,3,581,no_quant
00000008437,0.85,high,combinatorics / discrete,3,2,3,2,4,534,no_quant
00000008438,0.85,high,number theory,5,3,3,2,2,458,
00000008439,0.85,high,number theory,3,2,3,2,4,487,no_quant
00000008440,0.85,high,combinatorics / discrete,5,2,3,2,3,533,
00000008441,0.85,high,number theory,5,4,3,3,3,567,
00000008442,0.85,high,number theory,3,4,2,3,3,547,no_quant
00000008443,0.85,high,topology / geometry,5,4,3,2,1,600,
00000008444,0.85,high,number theory,3,3,3,3,3,576,no_quant
00000008445,0.85,high,topology / geometry,3,4,3,3,2,466,no_quant
00000008446,0.85,high,number theory,3,2,3,2,2,574,no_quant
00000008447,0.85,high,topology / geometry,3,3,3,3,2,470,no_quant
00000008448,0.85,high,number theory,3,4,2,3,2,557,no_quant
00000008449,0.85,high,number theory,3,2,3,2,5,478,no_quant
00000008450,0.85,high,number theory,3,3,2,1,1,565,no_quant
00000008451,0.85,high,analysis / PDE / dynamics,3,3,3,3,4,470,no_quant
00000008453,0.85,high,topology / geometry,3,3,3,2,2,442,
00000008454,0.85,high,algebraic geometry,3,3,3,3,3,429,no_quant
00000008455,0.85,high,topology / geometry,3,3,3,3,3,458,no_quant
00000008456,0.85,high,topology / geometry,3,3,3,3,3,407,no_quant
00000008457,0.85,high,topology / geometry,3,2,3,2,3,442,no_quant
00000008458,0.85,high,topology / geometry,3,3,3,3,2,379,no_quant
00000008459,0.85,high,algebraic geometry,3,4,2,3,2,456,no_quant
00000008460,0.85,high,topology / geometry,5,3,3,3,3,518,
00000008461,0.85,high,topology / geometry,4,3,3,2,4,413,
00000008462,0.85,high,topology / geometry,3,3,3,3,4,392,no_quant
00000008463,0.85,high,number theory,3,3,3,3,4,320,no_quant
00000008464,0.85,high,algebra / representation theory,5,4,3,4,3,417,
00000008465,0.85,high,number theory,3,4,2,4,3,391,no_quant
00000008466,0.85,high,number theory,3,3,3,3,3,508,no_quant
00000008467,0.85,high,number theory,3,3,3,2,2,459,no_quant
00000008468,0.85,high,topology / geometry,3,3,2,1,2,512,no_quant
00000008469,0.85,high,number theory,3,3,3,3,3,553,no_quant
00000008470,0.85,high,topology / geometry,5,3,3,3,2,413,
00000008471,0.85,high,analysis / PDE / dynamics,3,3,2,2,3,834,no_quant
00000008472,0.85,high,number theory,5,3,3,2,2,785,
00000008475,0.85,high,analysis / PDE / dynamics,3,2,3,2,3,833,no_quant
00000008477,0.85,high,analysis / PDE / dynamics,3,2,3,2,5,886,no_quant
00000008478,0.85,high,number theory,3,2,3,2,3,668,no_quant
00000008479,0.85,high,number theory,4,3,3,2,3,786,
00000008480,0.85,high,probability,3,3,3,3,3,795,no_quant
00000008482,0.85,high,combinatorics / discrete,5,5,3,4,5,715,
00000008483,0.85,high,combinatorics / discrete,5,2,3,2,3,740,
00000008484,0.85,high,analysis / PDE / dynamics,3,3,3,3,3,778,
00000008485,0.85,high,analysis / PDE / dynamics,3,3,3,3,2,901,no_quant
00000008486,0.85,high,analysis / PDE / dynamics,5,2,3,2,3,880,
00000008487,0.85,high,analysis / PDE / dynamics,5,3,3,3,5,766,
00000008488,0.85,high,analysis / PDE / dynamics,4,4,3,4,5,789,
00000008489,0.85,high,logic / complexity,3,2,3,2,3,761,no_quant
00000008490,0.85,high,combinatorics / discrete,4,2,3,2,4,712,
00000008491,0.85,high,topology / geometry,4,3,3,2,2,752,
00000008492,0.85,high,combinatorics / discrete,3,4,3,3,5,729,no_quant
00000008493,0.85,high,analysis / PDE / dynamics,4,3,3,3,2,753,
00000008494,0.85,high,analysis / PDE / dynamics,5,4,2,3,4,798,
00000008495,0.85,high,analysis / PDE / dynamics,5,3,3,2,3,743,
00000008497,0.85,high,analysis / PDE / dynamics,4,4,3,3,3,806,
00000008499,0.85,high,analysis / PDE / dynamics,4,3,3,3,3,854,
00000008501,0.85,high,number theory,3,2,3,2,3,769,no_quant
00000008502,0.85,high,number theory,4,3,3,2,2,542,
00000008503,0.85,high,algebra / representation theory,3,2,3,2,3,629,no_quant
00000008504,0.85,high,number theory,3,2,3,2,3,606,no_quant
00000008505,0.85,high,number theory,3,2,3,2,5,606,no_quant
00000008506,0.85,high,algebra / representation theory,3,3,3,2,2,497,no_quant
00000008509,0.85,high,number theory,3,2,3,2,2,530,no_quant
00000008510,0.85,high,algebra / representation theory,3,2,3,2,4,487,no_quant
00000008512,0.85,high,algebra / representation theory,3,2,3,2,4,558,no_quant
00000008513,0.85,high,number theory,3,2,3,2,4,559,no_quant
00000008514,0.85,high,number theory,3,3,2,2,3,546,no_quant
00000008516,0.85,high,analysis / PDE / dynamics,3,2,3,2,4,461,no_quant
00000008518,0.85,high,algebra / representation theory,3,3,3,3,3,372,no_quant
00000008519,0.85,high,number theory,3,2,3,2,4,484,no_quant
00000008520,0.85,high,number theory,3,3,3,2,4,463,no_quant
00000008521,0.85,high,probability,3,2,3,2,5,460,no_quant
00000008522,0.85,high,number theory,3,2,3,2,3,483,no_quant
00000008523,0.85,high,number theory,3,2,3,2,2,475,no_quant
00000008524,0.85,high,analysis / PDE / dynamics,3,3,2,2,3,445,no_quant
00000008525,0.85,high,algebra / representation theory,3,2,3,2,5,443,no_quant
00000008526,0.85,high,number theory,3,3,3,3,3,465,no_quant
00000008527,0.85,high,number theory,3,2,3,2,4,483,no_quant
00000008528,0.85,high,number theory,3,2,3,2,3,441,no_quant
00000008529,0.85,high,algebra / representation theory,3,2,3,2,4,450,no_quant
00000008530,0.85,high,number theory,5,3,2,2,3,426,
00000008532,0.85,high,combinatorics / discrete,3,2,3,2,3,442,no_quant
00000008534,0.85,high,number theory,3,2,3,2,4,429,no_quant
00000008535,0.85,high,number theory,3,2,3,2,4,566,no_quant
00000008536,0.85,high,algebra / representation theory,3,2,3,2,3,456,no_quant
00000008537,0.85,high,number theory,3,2,3,2,3,381,no_quant
00000008538,0.85,high,number theory,3,2,3,2,3,415,no_quant
00000008539,0.85,high,number theory,3,2,3,2,3,404,no_quant
00000008540,0.85,high,number theory,3,2,3,1,1,427,no_quant
00000008543,0.85,high,algebra / representation theory,3,2,3,2,4,401,no_quant
00000008544,0.85,high,combinatorics / discrete,3,2,3,2,4,394,no_quant
00000008545,0.85,high,number theory,3,2,3,2,3,386,no_quant
00000008546,0.85,high,algebra / representation theory,3,2,3,2,4,429,no_quant
00000008547,0.85,high,number theory,5,4,3,3,4,412,
00000008548,0.85,high,number theory,3,3,2,2,4,384,no_quant
00000008549,0.85,high,number theory,3,3,3,3,4,361,no_quant
00000008550,0.85,high,number theory,3,2,3,2,4,374,no_quant
00000008551,0.85,high,number theory,3,2,3,2,5,457,no_quant
00000008552,0.85,high,number theory,3,2,3,1,2,352,no_quant
00000008554,0.85,high,number theory,3,2,3,2,2,346,no_quant
00000008555,0.85,high,algebra / representation theory,3,2,3,2,3,399,no_quant
00000008556,0.85,high,algebra / representation theory,3,3,3,3,3,473,no_quant
00000008557,0.85,high,number theory,3,2,3,2,5,397,no_quant
00000008561,0.85,high,analysis / PDE / dynamics,3,3,3,3,3,871,no_quant
00000008562,0.85,high,analysis / PDE / dynamics,3,2,3,2,4,906,no_quant
00000008563,0.85,high,analysis / PDE / dynamics,3,3,2,2,3,899,no_quant
00000008564,0.85,high,analysis / PDE / dynamics,3,2,3,2,5,923,no_quant
00000008565,0.85,high,analysis / PDE / dynamics,5,4,3,4,5,891,
00000008566,0.85,high,analysis / PDE / dynamics,4,3,3,2,3,800,
00000008567,0.85,high,number theory,3,3,3,2,3,738,no_quant
00000008568,0.85,high,combinatorics / discrete,3,2,3,2,4,715,no_quant
00000008569,0.85,high,algebra / representation theory,3,2,3,2,3,700,no_quant
00000008571,0.85,high,analysis / PDE / dynamics,3,2,3,2,5,704,no_quant
00000008572,0.85,high,number theory,3,2,3,2,3,1009,no_quant
00000008573,0.85,high,analysis / PDE / dynamics,5,3,3,2,4,922,
00000008574,0.85,high,analysis / PDE / dynamics,3,3,3,3,3,597,no_quant
00000008575,0.85,high,number theory,5,4,2,3,4,853,
00000008576,0.85,high,analysis / PDE / dynamics,5,4,2,3,5,751,
00000008577,0.85,high,analysis / PDE / dynamics,3,2,3,2,3,823,no_quant
00000008579,0.85,high,number theory,3,4,3,4,5,731,no_quant
00000008580,0.85,high,analysis / PDE / dynamics,3,3,2,2,3,706,no_quant
00000008581,0.85,high,analysis / PDE / dynamics,3,2,3,2,3,799,no_quant
00000008582,0.85,high,analysis / PDE / dynamics,3,4,3,3,5,721,no_quant
00000008583,0.85,high,combinatorics / discrete,3,4,2,3,5,824,no_quant
00000008584,0.85,high,analysis / PDE / dynamics,3,3,3,3,5,759,no_quant
00000008585,0.85,high,analysis / PDE / dynamics,3,3,3,3,4,713,no_quant
00000008586,0.85,high,analysis / PDE / dynamics,3,4,2,3,2,877,no_quant
00000008587,0.85,high,algebra / representation theory,5,2,3,2,3,747,
00000008588,0.85,high,analysis / PDE / dynamics,5,3,3,2,2,971,
00000008589,0.85,high,algebra / representation theory,5,2,3,2,3,844,
00000008590,0.85,high,analysis / PDE / dynamics,3,3,3,2,3,801,no_quant
00000008591,0.85,high,analysis / PDE / dynamics,3,3,3,3,4,631,no_quant
00000008594,0.85,high,probability,3,2,3,2,4,436,no_quant
00000008595,0.85,high,combinatorics / discrete,3,2,3,2,3,498,no_quant
00000008598,0.85,high,combinatorics / discrete,3,2,3,2,4,382,no_quant
00000008599,0.85,high,probability,3,2,3,2,2,418,no_quant
00000008600,0.85,high,algebra / representation theory,3,2,3,2,2,460,no_quant
00000008603,0.85,high,probability,4,3,3,3,5,444,
00000008605,0.85,high,analysis / PDE / dynamics,3,3,3,3,3,493,no_quant
00000008606,0.85,high,combinatorics / discrete,3,2,3,2,4,372,no_quant
00000008607,0.85,high,probability,3,2,3,2,3,364,no_quant
00000008610,0.85,high,analysis / PDE / dynamics,3,3,3,3,4,456,no_quant
00000008611,0.85,high,number theory,3,3,3,3,4,413,no_quant
00000008612,0.85,high,combinatorics / discrete,3,2,3,2,3,365,no_quant
00000008616,0.85,high,number theory,3,2,3,2,3,418,no_quant
00000008619,0.85,high,algebra / representation theory,3,2,3,2,4,375,no_quant
00000008621,0.85,high,analysis / PDE / dynamics,3,2,3,2,3,490,no_quant
00000008624,0.85,high,number theory,3,2,3,2,4,468,no_quant
00000008626,0.85,high,analysis / PDE / dynamics,2,2,3,2,4,422,no_quant
00000008628,0.85,high,probability,3,2,3,2,4,741,no_quant
00000008629,0.85,high,number theory,3,2,3,2,3,362,no_quant
00000008630,0.85,high,topology / geometry,3,2,3,2,4,399,no_quant
00000008631,0.85,high,analysis / PDE / dynamics,3,2,3,2,4,392,no_quant
00000008633,0.85,high,probability,3,2,3,2,4,406,no_quant
00000008634,0.85,high,number theory,3,3,3,3,4,392,no_quant
00000008635,0.85,high,combinatorics / discrete,3,2,3,2,4,341,no_quant
00000008636,0.85,high,analysis / PDE / dynamics,3,2,3,2,4,343,no_quant
00000008637,0.85,high,analysis / PDE / dynamics,3,2,3,2,5,435,no_quant
00000008639,0.85,high,topology / geometry,3,3,3,3,4,350,no_quant
00000008640,0.85,high,algebra / representation theory,3,2,3,2,4,373,no_quant
00000008641,0.85,high,number theory,3,3,2,2,4,399,no_quant
00000008642,0.85,high,number theory,3,3,3,3,4,401,no_quant
00000008643,0.85,high,number theory,3,2,3,2,4,302,no_quant
00000008644,0.85,high,number theory,3,3,3,3,3,322,no_quant
00000008648,0.85,high,probability,3,2,3,2,4,311,no_quant
00000008649,0.85,high,probability,3,2,3,2,4,284,no_quant
00000008650,0.85,high,analysis / PDE / dynamics,3,2,3,2,4,324,no_quant
00000008651,0.85,high,algebra / representation theory,4,3,3,3,4,867,
00000008652,0.85,high,number theory,3,2,3,2,2,657,no_quant
00000008653,0.85,high,number theory,3,2,3,2,4,880,no_quant
00000008654,0.85,high,topology / geometry,3,4,3,4,4,942,no_quant
00000008655,0.85,high,algebra / representation theory,3,3,3,3,3,585,no_quant
00000008656,0.85,high,number theory,3,2,3,2,4,789,no_quant
00000008657,0.85,high,topology / geometry,3,2,3,1,2,730,no_quant
00000008658,0.85,high,number theory,5,3,3,2,2,826,
00000008659,0.85,high,topology / geometry,5,4,2,3,4,918,
00000008660,0.85,high,number theory,3,2,3,2,3,578,no_quant
00000008661,0.85,high,logic / complexity,3,2,3,2,4,594,no_quant
00000008662,0.85,high,topology / geometry,5,2,3,2,4,515,
00000008663,0.85,high,topology / geometry,3,2,3,2,2,741,no_quant
00000008664,0.85,high,number theory,5,3,3,2,4,510,
00000008665,0.85,high,number theory,3,4,3,3,4,482,no_quant
00000008667,0.85,high,analysis / PDE / dynamics,3,2,3,2,5,527,no_quant
00000008669,0.85,high,topology / geometry,3,3,3,3,3,508,no_quant
00000008671,0.85,high,topology / geometry,4,5,3,5,5,502,
00000008672,0.85,high,number theory,5,3,3,2,3,685,
00000008673,0.85,high,algebra / representation theory,3,3,3,3,4,749,no_quant
00000008675,0.85,high,topology / geometry,3,3,3,3,5,551,no_quant
00000008676,0.85,high,probability,5,2,3,2,3,625,
00000008677,0.85,high,logic / complexity,3,2,3,2,4,443,no_quant
00000008678,0.85,high,number theory,3,2,3,2,5,516,no_quant
00000008679,0.85,high,topology / geometry,5,3,3,3,3,683,
00000008680,0.85,high,number theory,3,2,3,2,3,445,no_quant
00000008681,0.85,high,topology / geometry,3,2,3,2,4,543,no_quant
00000008682,0.85,high,analysis / PDE / dynamics,3,3,3,2,2,837,no_quant
00000008684,0.85,high,number theory,3,3,3,2,3,745,no_quant
00000008686,0.85,high,analysis / PDE / dynamics,3,3,2,2,5,581,no_quant
00000008687,0.85,high,analysis / PDE / dynamics,3,2,3,2,4,422,no_quant
00000008688,0.85,high,analysis / PDE / dynamics,3,4,3,3,4,586,no_quant
00000008689,0.85,high,topology / geometry,3,3,2,2,5,365,no_quant
00000008692,0.85,high,analysis / PDE / dynamics,3,3,3,3,4,619,no_quant
00000008693,0.85,high,analysis / PDE / dynamics,3,2,3,2,5,671,no_quant
00000008694,0.85,high,algebraic geometry,3,2,3,2,5,472,no_quant
00000008695,0.85,high,topology / geometry,3,2,3,2,4,420,no_quant
00000008696,0.85,high,analysis / PDE / dynamics,3,2,3,2,4,643,no_quant
00000008698,0.85,high,analysis / PDE / dynamics,3,2,3,2,4,359,no_quant
00000008699,0.85,high,combinatorics / discrete,5,2,3,2,3,495,
00000008700,0.85,high,algebra / representation theory,3,3,3,2,4,372,no_quant
00000008701,0.85,high,analysis / PDE / dynamics,3,2,3,2,3,642,no_quant
00000008702,0.85,high,analysis / PDE / dynamics,3,2,3,2,4,373,no_quant
00000008703,0.85,high,analysis / PDE / dynamics,3,3,3,2,4,422,no_quant
00000008704,0.85,high,number theory,3,2,3,2,4,408,no_quant
00000008705,0.85,high,logic / complexity,3,2,3,2,3,400,no_quant
00000008706,0.85,high,topology / geometry,3,2,3,2,4,387,no_quant
00000008708,0.85,high,analysis / PDE / dynamics,3,3,3,2,4,399,no_quant
00000008710,0.85,high,analysis / PDE / dynamics,3,3,3,3,4,458,no_quant
00000008711,0.85,high,analysis / PDE / dynamics,4,2,3,2,2,761,
00000008712,0.85,high,analysis / PDE / dynamics,5,4,3,3,3,827,
00000008713,0.85,high,analysis / PDE / dynamics,3,2,3,2,4,744,no_quant
00000008714,0.85,high,probability,3,3,3,3,4,669,no_quant
00000008715,0.85,high,analysis / PDE / dynamics,3,3,3,2,2,915,no_quant
00000008716,0.85,high,probability,3,2,3,2,5,506,no_quant
00000008717,0.85,high,analysis / PDE / dynamics,3,2,3,2,4,500,no_quant
00000008719,0.85,high,probability,3,2,3,2,5,737,no_quant
00000008720,0.85,high,number theory,3,3,2,2,5,730,no_quant
00000008721,0.85,high,probability,5,3,3,3,5,707,
00000008722,0.85,high,combinatorics / discrete,5,4,3,4,3,498,
00000008723,0.85,high,probability,5,2,3,2,3,483,
00000008725,0.85,high,analysis / PDE / dynamics,4,3,3,3,3,729,
00000008726,0.85,high,algebra / representation theory,3,2,3,2,5,674,no_quant
00000008727,0.85,high,probability,4,3,2,2,4,568,
00000008728,0.85,high,analysis / PDE / dynamics,3,2,3,2,4,659,no_quant
00000008729,0.85,high,number theory,3,2,3,2,4,529,no_quant
00000008732,0.85,high,analysis / PDE / dynamics,3,2,3,2,4,675,no_quant
00000008735,0.85,high,number theory,4,2,3,2,3,636,
00000008736,0.85,high,probability,3,2,3,2,3,471,no_quant
00000008739,0.85,high,analysis / PDE / dynamics,3,3,3,3,5,561,no_quant
00000008740,0.85,high,probability,3,2,3,2,4,540,no_quant
00000008742,0.85,high,number theory,5,2,3,1,1,784,
00000008743,0.85,high,number theory,3,2,3,2,3,645,no_quant
00000008744,0.85,high,algebraic geometry,4,2,3,2,3,756,
00000008745,0.85,high,algebraic geometry,4,3,3,3,3,733,
00000008746,0.85,high,topology / geometry,3,3,3,2,4,564,no_quant
00000008747,0.85,high,topology / geometry,5,3,2,2,3,576,
00000008749,0.85,high,number theory,5,2,3,2,2,621,
00000008750,0.85,high,topology / geometry,3,3,3,2,4,456,no_quant
00000008752,0.85,high,algebraic geometry,5,4,3,4,3,610,
00000008753,0.85,high,algebraic geometry,5,3,3,2,2,625,
00000008754,0.85,high,analysis / PDE / dynamics,3,2,3,2,4,361,no_quant
00000008755,0.85,high,number theory,3,3,3,3,5,465,no_quant
00000008756,0.85,high,topology / geometry,3,2,3,2,4,546,no_quant
00000008757,0.85,high,algebraic geometry,3,3,2,2,4,488,no_quant
00000008758,0.85,high,topology / geometry,3,2,3,2,4,390,no_quant
00000008759,0.85,high,algebraic geometry,3,4,3,4,4,471,no_quant
00000008760,0.85,high,algebraic geometry,3,3,3,3,3,381,no_quant
00000008761,0.85,high,algebra / representation theory,3,2,3,2,4,460,no_quant
00000008763,0.85,high,algebraic geometry,3,3,2,2,4,449,no_quant
00000008764,0.85,high,algebra / representation theory,3,3,3,2,3,458,no_quant
00000008765,0.85,high,algebraic geometry,5,4,3,4,5,469,
00000008766,0.85,high,number theory,3,3,2,2,4,486,no_quant
00000008767,0.85,high,probability,3,3,3,2,4,461,no_quant
00000008768,0.85,high,algebra / representation theory,3,2,3,2,2,460,no_quant
00000008769,0.85,high,algebra / representation theory,4,2,3,2,4,487,
00000008770,0.85,high,algebra / representation theory,3,2,3,2,4,418,no_quant
00000008773,0.85,high,number theory,3,2,3,2,4,708,no_quant
00000008777,0.85,high,analysis / PDE / dynamics,3,3,3,3,4,558,no_quant
00000008779,0.85,high,probability,3,2,3,2,4,662,no_quant
00000008780,0.85,high,analysis / PDE / dynamics,5,3,3,3,4,1021,
00000008781,0.85,high,probability,3,2,3,2,4,566,no_quant
00000008782,0.85,high,probability,3,2,3,2,4,538,no_quant
00000008783,0.85,high,analysis / PDE / dynamics,3,2,3,2,4,605,no_quant
00000008786,0.85,high,probability,4,2,3,2,3,560,
00000008787,0.85,high,probability,3,2,3,2,4,409,no_quant
00000008788,0.85,high,probability,5,2,3,2,4,556,
00000008789,0.85,high,probability,3,2,3,2,5,386,no_quant
00000008790,0.85,high,probability,5,3,3,2,2,1015,
00000008791,0.85,high,probability,3,2,3,2,4,420,no_quant
00000008793,0.85,high,combinatorics / discrete,3,2,3,2,4,376,no_quant
00000008794,0.85,high,number theory,3,2,3,2,5,408,no_quant
00000008795,0.85,high,algebra / representation theory,3,3,3,2,2,428,no_quant
00000008796,0.85,high,probability,3,2,3,2,5,355,no_quant
00000008797,0.85,high,probability,3,2,3,2,4,363,no_quant
00000008798,0.85,high,algebra / representation theory,3,3,3,3,4,447,no_quant
00000008799,0.85,high,probability,3,2,3,2,5,409,no_quant
00000008800,0.85,high,probability,3,2,3,2,4,398,no_quant
00000008801,0.85,high,number theory,3,3,2,2,4,746,no_quant
00000008803,0.85,high,logic / complexity,2,2,3,2,5,655,no_quant
00000008805,0.85,high,probability,3,2,3,2,4,430,no_quant
00000008806,0.85,high,analysis / PDE / dynamics,3,2,3,2,4,471,no_quant
00000008808,0.85,high,number theory,3,2,3,2,5,422,no_quant
00000008809,0.85,high,analysis / PDE / dynamics,4,2,3,2,3,1034,
00000008810,0.85,high,analysis / PDE / dynamics,3,2,3,2,5,368,no_quant
00000008811,0.85,high,analysis / PDE / dynamics,3,2,3,2,4,405,no_quant
00000008813,0.85,high,analysis / PDE / dynamics,3,2,3,2,4,375,no_quant
00000008814,0.85,high,analysis / PDE / dynamics,3,2,3,2,4,368,no_quant
00000008815,0.85,high,analysis / PDE / dynamics,3,2,3,2,5,511,no_quant
00000008816,0.85,high,combinatorics / discrete,3,2,3,2,5,307,no_quant
00000008817,0.85,high,analysis / PDE / dynamics,3,3,3,3,4,379,no_quant
00000008818,0.85,high,analysis / PDE / dynamics,3,2,3,2,5,341,no_quant
00000008823,0.85,high,analysis / PDE / dynamics,3,2,3,2,4,394,no_quant
00000008827,0.85,high,analysis / PDE / dynamics,3,2,3,2,3,1001,no_quant
00000008831,0.85,high,analysis / PDE / dynamics,3,2,3,2,4,603,no_quant
00000008833,0.85,high,analysis / PDE / dynamics,3,2,3,2,4,446,no_quant
00000008835,0.85,high,analysis / PDE / dynamics,3,2,3,2,5,356,no_quant
00000008837,0.85,high,probability,3,3,3,3,4,404,no_quant
00000008839,0.85,high,analysis / PDE / dynamics,3,2,3,2,5,379,no_quant
00000008840,0.85,high,combinatorics / discrete,3,3,3,2,4,347,no_quant
00000008841,0.85,high,analysis / PDE / dynamics,3,2,3,2,5,398,no_quant
00000008842,0.85,high,combinatorics / discrete,3,3,3,2,5,367,no_quant
00000008843,0.85,high,analysis / PDE / dynamics,3,2,3,2,4,405,no_quant
00000008844,0.85,high,analysis / PDE / dynamics,3,2,3,2,3,341,no_quant
00000008845,0.85,high,analysis / PDE / dynamics,3,2,3,2,4,374,no_quant
00000008846,0.85,high,analysis / PDE / dynamics,3,3,3,2,5,393,no_quant
00000008847,0.85,high,combinatorics / discrete,5,2,3,2,3,345,
00000008849,0.85,high,analysis / PDE / dynamics,4,2,3,2,3,915,
00000008850,0.85,high,combinatorics / discrete,3,2,3,2,2,955,no_quant
00000008851,0.85,high,analysis / PDE / dynamics,3,2,3,2,3,898,no_quant
00000008852,0.85,high,analysis / PDE / dynamics,3,2,3,2,3,858,no_quant
00000008853,0.85,high,analysis / PDE / dynamics,3,2,3,2,5,354,no_quant
00000008854,0.85,high,analysis / PDE / dynamics,3,3,2,2,4,362,no_quant
00000008855,0.85,high,analysis / PDE / dynamics,3,2,3,2,4,385,no_quant
00000008856,0.85,high,algebra / representation theory,3,2,3,2,4,875,no_quant
00000008857,0.85,high,analysis / PDE / dynamics,3,2,3,2,4,359,no_quant
00000008858,0.85,high,analysis / PDE / dynamics,3,2,3,2,4,1003,no_quant
00000008861,0.85,high,combinatorics / discrete,5,3,3,3,5,746,
00000008862,0.85,high,combinatorics / discrete,3,2,3,2,3,648,no_quant
00000008863,0.85,high,probability,3,2,3,2,5,417,no_quant
00000008865,0.85,high,algebra / representation theory,3,2,3,2,4,401,no_quant
00000008866,0.85,high,combinatorics / discrete,3,2,3,2,4,382,no_quant
00000008868,0.85,high,logic / complexity,3,2,3,2,5,628,no_quant
00000008869,0.85,high,number theory,5,3,3,3,4,969,
00000008870,0.85,high,algebra / representation theory,3,2,3,2,4,401,no_quant
00000008871,0.85,high,probability,3,2,3,2,4,568,no_quant
00000008872,0.85,high,number theory,5,3,2,2,3,1024,
00000008874,0.85,high,combinatorics / discrete,3,2,3,2,4,347,no_quant
00000008875,0.85,high,number theory,3,2,3,2,5,546,no_quant
00000008877,0.85,high,combinatorics / discrete,3,2,3,2,4,437,no_quant
00000008879,0.85,high,number theory,3,2,3,2,4,421,no_quant
00000008883,0.85,high,combinatorics / discrete,4,3,3,2,4,443,
00000008886,0.85,high,algebra / representation theory,3,2,3,2,4,338,no_quant
00000008887,0.85,high,combinatorics / discrete,3,2,3,2,3,569,no_quant
00000008889,0.85,high,logic / complexity,3,2,3,2,4,462,no_quant
00000008890,0.85,high,number theory,3,2,3,2,4,609,no_quant
00000008891,0.85,high,combinatorics / discrete,3,2,3,2,5,393,no_quant
00000008892,0.85,high,combinatorics / discrete,3,2,3,2,5,330,no_quant
00000008893,0.85,high,combinatorics / discrete,3,2,3,2,5,363,no_quant
00000008894,0.85,high,combinatorics / discrete,3,2,3,2,4,346,no_quant
00000008895,0.85,high,number theory,3,2,3,2,4,352,no_quant
00000008896,0.85,high,probability,3,2,3,2,5,331,no_quant
00000008898,0.85,high,number theory,3,2,3,2,4,391,no_quant
00000008899,0.85,high,combinatorics / discrete,3,3,2,2,4,360,no_quant
00000008900,0.85,high,combinatorics / discrete,3,2,3,2,4,342,no_quant
00000008901,0.85,high,combinatorics / discrete,3,2,3,2,5,397,no_quant
00000008902,0.85,high,combinatorics / discrete,3,2,3,2,4,348,no_quant
00000008903,0.85,high,combinatorics / discrete,3,2,3,2,5,496,no_quant
00000008904,0.85,high,algebra / representation theory,3,2,3,2,4,374,no_quant
00000008905,0.85,high,analysis / PDE / dynamics,3,3,3,3,4,340,no_quant
00000008906,0.85,high,logic / complexity,3,2,3,2,4,338,no_quant
00000008907,0.85,high,number theory,3,2,3,2,4,334,no_quant
00000008908,0.85,high,combinatorics / discrete,3,2,3,2,4,416,no_quant
00000008909,0.85,high,combinatorics / discrete,3,2,3,2,4,334,no_quant
00000008910,0.85,high,number theory,3,2,3,2,4,324,no_quant
00000008911,0.85,high,combinatorics / discrete,3,2,3,2,5,341,no_quant
00000008912,0.85,high,probability,3,2,3,2,4,368,no_quant
00000008913,0.85,high,number theory,3,3,3,3,4,354,no_quant
00000008915,0.85,high,combinatorics / discrete,3,2,3,2,3,458,no_quant
00000008916,0.85,high,analysis / PDE / dynamics,3,3,3,3,4,361,no_quant
00000008918,0.85,high,combinatorics / discrete,3,2,3,2,4,339,no_quant
00000008919,0.85,high,combinatorics / discrete,3,3,2,2,4,371,no_quant
00000008921,0.85,high,analysis / PDE / dynamics,3,3,3,2,4,396,no_quant
00000008922,0.85,high,logic / complexity,3,3,3,2,4,387,no_quant
00000008923,0.85,high,analysis / PDE / dynamics,3,3,3,2,4,365,no_quant
00000008924,0.85,high,number theory,3,2,3,2,4,492,no_quant
00000008925,0.85,high,algebra / representation theory,3,3,3,2,4,336,no_quant
00000008926,0.85,high,analysis / PDE / dynamics,3,2,3,2,4,323,no_quant
00000008927,0.85,high,analysis / PDE / dynamics,3,3,3,2,4,348,no_quant
00000008928,0.85,high,combinatorics / discrete,3,3,3,2,4,375,no_quant
00000008929,0.85,high,analysis / PDE / dynamics,3,3,3,2,4,337,no_quant
00000008930,0.85,high,analysis / PDE / dynamics,3,3,3,2,4,341,no_quant
00000008931,0.85,high,combinatorics / discrete,3,2,3,2,5,330,no_quant
00000008932,0.85,high,analysis / PDE / dynamics,3,3,3,2,4,331,no_quant
00000008933,0.85,high,analysis / PDE / dynamics,3,3,2,2,4,374,no_quant
00000008934,0.85,high,analysis / PDE / dynamics,3,2,3,2,4,328,no_quant
00000008935,0.85,high,analysis / PDE / dynamics,3,2,3,2,4,356,no_quant
00000008936,0.85,high,analysis / PDE / dynamics,3,2,3,2,4,351,no_quant
00000008937,0.85,high,analysis / PDE / dynamics,3,2,3,2,4,335,no_quant
00000008938,0.85,high,analysis / PDE / dynamics,3,3,3,2,5,367,no_quant
00000008939,0.85,high,algebraic geometry,3,2,3,2,4,385,no_quant
00000008940,0.85,high,analysis / PDE / dynamics,3,2,3,2,4,343,no_quant
00000008941,0.85,high,analysis / PDE / dynamics,3,3,2,2,4,370,no_quant
00000008942,0.85,high,combinatorics / discrete,3,2,3,2,3,459,no_quant
00000008944,0.85,high,algebraic geometry,3,2,3,2,5,322,no_quant
00000008945,0.85,high,analysis / PDE / dynamics,3,3,3,2,4,384,no_quant
00000008946,0.85,high,number theory,3,3,3,3,4,345,no_quant
00000008947,0.85,high,analysis / PDE / dynamics,3,2,3,2,4,366,no_quant
00000008948,0.85,high,analysis / PDE / dynamics,3,3,3,2,5,353,no_quant
00000008949,0.85,high,analysis / PDE / dynamics,3,3,2,2,4,358,no_quant
00000008950,0.85,high,analysis / PDE / dynamics,3,2,3,2,4,332,no_quant
00000008952,0.85,high,algebraic geometry,3,2,3,2,4,355,no_quant
00000008953,0.85,high,analysis / PDE / dynamics,3,2,3,2,3,310,no_quant
00000008954,0.85,high,number theory,3,2,3,2,4,371,no_quant
00000008955,0.85,high,algebra / representation theory,3,3,3,3,3,370,no_quant
00000008956,0.85,high,algebra / representation theory,3,2,3,2,4,382,no_quant
00000008957,0.85,high,algebra / representation theory,3,3,3,3,4,372,no_quant
00000008959,0.85,high,algebra / representation theory,3,3,2,2,4,344,no_quant
00000008960,0.85,high,analysis / PDE / dynamics,3,2,3,2,4,324,no_quant
00000008961,0.85,high,algebra / representation theory,3,2,3,2,4,341,no_quant
00000008962,0.85,high,analysis / PDE / dynamics,3,3,2,2,4,334,no_quant
00000008963,0.85,high,number theory,3,2,3,2,4,331,no_quant
00000008965,0.85,high,topology / geometry,3,2,3,2,4,334,no_quant
00000008968,0.85,high,analysis / PDE / dynamics,3,2,3,2,4,323,no_quant
00000008971,0.85,high,number theory,3,2,3,2,4,358,no_quant
00000008972,0.85,high,algebra / representation theory,5,3,3,2,2,348,
00000008975,0.85,high,number theory,3,2,3,2,2,307,no_quant
00000008976,0.85,high,number theory,3,2,3,2,4,631,no_quant
00000008978,0.85,high,algebra / representation theory,3,2,3,2,4,405,no_quant
00000008979,0.85,high,analysis / PDE / dynamics,3,2,3,2,4,439,no_quant
00000008980,0.85,high,analysis / PDE / dynamics,4,3,3,2,3,343,
00000008981,0.85,high,number theory,3,3,2,2,5,439,no_quant
00000008982,0.85,high,number theory,3,2,3,2,4,400,no_quant
00000008983,0.85,high,number theory,3,2,3,2,5,385,no_quant
00000008987,0.85,high,number theory,3,2,3,2,4,405,no_quant
00000008989,0.85,high,analysis / PDE / dynamics,3,2,3,2,4,360,no_quant
00000008995,0.85,high,topology / geometry,3,2,3,2,4,363,no_quant
00000008996,0.85,high,number theory,3,2,3,2,5,357,no_quant
00000008998,0.85,high,analysis / PDE / dynamics,3,2,3,2,4,396,no_quant
00000008999,0.85,high,analysis / PDE / dynamics,3,2,3,2,4,351,no_quant
00000009000,0.85,high,topology / geometry,3,3,2,2,4,372,no_quant
00000009002,0.85,high,algebra / representation theory,3,2,3,2,4,481,no_quant
00000009004,0.85,high,topology / geometry,3,2,3,2,4,370,no_quant
00000009008,0.85,high,topology / geometry,3,2,3,2,4,365,no_quant
00000009009,0.85,high,analysis / PDE / dynamics,3,2,3,2,4,356,no_quant
00000009011,0.85,high,number theory,3,4,3,4,3,384,no_quant
00000009012,0.85,high,analysis / PDE / dynamics,3,4,3,4,4,323,no_quant
00000009013,0.85,high,number theory,3,2,3,2,3,308,no_quant
00000009014,0.85,high,algebra / representation theory,3,2,3,2,4,426,no_quant
00000009015,0.85,high,number theory,3,3,2,2,4,414,no_quant
00000009016,0.85,high,number theory,3,3,3,3,3,402,no_quant
00000009017,0.85,high,number theory,3,4,3,4,4,358,no_quant
00000009018,0.85,high,number theory,3,3,3,3,4,382,no_quant
00000009019,0.85,high,analysis / PDE / dynamics,3,3,3,2,4,426,no_quant
00000009021,0.85,high,analysis / PDE / dynamics,3,2,3,2,4,316,no_quant
00000009022,0.85,high,analysis / PDE / dynamics,3,2,3,2,3,311,no_quant
00000009023,0.85,high,number theory,3,2,3,2,3,279,no_quant
00000009024,0.85,high,algebra / representation theory,3,3,3,3,4,341,no_quant
00000009025,0.85,high,algebra / representation theory,3,2,3,2,3,302,no_quant
00000009026,0.85,high,number theory,3,3,3,3,3,376,no_quant
00000009027,0.85,high,analysis / PDE / dynamics,3,4,3,4,4,348,no_quant
00000009028,0.85,high,number theory,3,2,3,2,4,360,no_quant
00000009029,0.85,high,number theory,3,3,3,3,4,267,no_quant
00000009030,0.85,high,analysis / PDE / dynamics,3,5,2,5,5,351,grand|no_quant
00000009031,0.85,high,number theory,3,4,3,4,4,378,no_quant
00000009032,0.85,high,number theory,3,2,3,2,3,486,no_quant
00000009033,0.85,high,analysis / PDE / dynamics,3,2,3,2,4,385,no_quant
00000009034,0.85,high,number theory,3,2,3,2,4,346,no_quant
00000009035,0.85,high,number theory,2,2,3,2,5,298,no_quant
00000009036,0.85,high,analysis / PDE / dynamics,3,3,3,3,4,319,no_quant
00000009038,0.85,high,analysis / PDE / dynamics,3,2,3,2,3,352,no_quant
00000009039,0.85,high,number theory,3,3,3,3,3,344,no_quant
00000009040,0.85,high,number theory,3,3,3,3,4,373,no_quant
00000009041,0.85,high,analysis / PDE / dynamics,3,2,3,2,4,399,no_quant
00000009042,0.85,high,topology / geometry,3,2,3,2,4,370,no_quant
00000009044,0.85,high,topology / geometry,3,2,3,2,4,372,no_quant
00000009045,0.85,high,topology / geometry,3,3,2,2,4,397,no_quant
00000009046,0.85,high,topology / geometry,3,2,3,2,4,333,no_quant
00000009047,0.85,high,number theory,3,2,3,2,4,487,no_quant
00000009048,0.85,high,analysis / PDE / dynamics,3,3,3,2,4,405,no_quant
00000009049,0.85,high,topology / geometry,3,2,3,2,5,404,no_quant
00000009050,0.85,high,topology / geometry,3,2,3,2,4,311,no_quant
00000009054,0.85,high,topology / geometry,3,2,3,2,4,385,no_quant
00000009055,0.85,high,topology / geometry,3,2,3,2,4,386,no_quant
00000009056,0.85,high,analysis / PDE / dynamics,3,2,3,2,4,411,no_quant
00000009057,0.85,high,analysis / PDE / dynamics,3,4,3,3,5,378,no_quant
00000009058,0.85,high,topology / geometry,3,3,3,2,4,334,no_quant
00000009059,0.85,high,topology / geometry,3,2,3,2,2,340,no_quant
00000009061,0.85,high,topology / geometry,3,2,3,2,4,349,no_quant
00000009062,0.85,high,analysis / PDE / dynamics,3,3,2,2,4,371,no_quant
00000009063,0.85,high,algebra / representation theory,3,3,3,3,4,300,no_quant
00000009064,0.85,high,topology / geometry,3,2,3,2,4,389,no_quant
00000009065,0.85,high,topology / geometry,3,2,3,2,5,452,no_quant
00000009066,0.85,high,topology / geometry,3,2,3,2,4,383,no_quant
00000009068,0.85,high,topology / geometry,3,2,3,2,4,437,no_quant
00000009069,0.85,high,number theory,3,3,2,2,4,372,no_quant
00000009071,0.85,high,logic / complexity,3,2,3,2,4,300,no_quant
00000009073,0.85,high,analysis / PDE / dynamics,3,2,3,2,4,265,no_quant
00000009077,0.85,high,number theory,3,3,3,3,4,283,no_quant
00000009079,0.85,high,combinatorics / discrete,3,2,3,2,4,310,no_quant
00000009085,0.85,high,combinatorics / discrete,3,2,3,2,4,335,no_quant
00000009091,0.85,high,analysis / PDE / dynamics,3,2,3,2,4,338,no_quant
00000009093,0.85,high,algebra / representation theory,3,3,3,2,4,298,no_quant
00000009101,0.85,high,analysis / PDE / dynamics,3,2,3,2,5,368,no_quant
00000009102,0.85,high,combinatorics / discrete,3,2,3,2,4,387,no_quant
00000009105,0.85,high,analysis / PDE / dynamics,3,2,3,2,4,415,no_quant
00000009106,0.85,high,algebra / representation theory,3,3,3,3,4,271,no_quant
00000009107,0.85,high,analysis / PDE / dynamics,3,3,2,2,4,389,no_quant
00000009108,0.85,high,topology / geometry,3,2,3,2,4,513,no_quant
00000009109,0.85,high,topology / geometry,3,2,3,2,4,430,no_quant
00000009110,0.85,high,topology / geometry,3,3,2,2,3,400,no_quant
00000009111,0.85,high,number theory,3,2,3,2,4,384,no_quant
00000009113,0.85,high,combinatorics / discrete,3,2,3,2,4,293,no_quant
00000009114,0.85,high,algebra / representation theory,3,3,3,2,3,361,no_quant
00000009115,0.85,high,analysis / PDE / dynamics,3,2,3,2,4,369,no_quant
00000009116,0.85,high,analysis / PDE / dynamics,3,2,3,2,4,370,no_quant
00000009120,0.85,high,combinatorics / discrete,3,2,3,2,4,453,no_quant
00000009122,0.85,high,analysis / PDE / dynamics,3,2,3,2,4,426,no_quant
00000009123,0.85,high,algebra / representation theory,3,3,3,3,5,356,no_quant
00000009124,0.85,high,number theory,3,3,3,2,4,377,no_quant
00000009125,0.85,high,analysis / PDE / dynamics,3,2,3,2,4,362,no_quant
00000009126,0.85,high,analysis / PDE / dynamics,3,2,3,2,5,383,no_quant
00000009128,0.85,high,analysis / PDE / dynamics,5,3,3,1,2,464,
00000009130,0.85,high,combinatorics / discrete,3,2,3,2,4,462,no_quant
00000009131,0.85,high,algebra / representation theory,3,3,2,2,4,389,no_quant
00000009133,0.85,high,number theory,3,3,3,3,4,364,no_quant
00000009134,0.85,high,algebra / representation theory,3,2,3,2,4,329,no_quant
00000009135,0.85,high,number theory,3,2,3,2,4,355,no_quant
00000009136,0.85,high,algebra / representation theory,3,2,3,2,4,352,no_quant
00000009137,0.85,high,algebraic geometry,3,3,3,3,4,333,no_quant
00000009138,0.85,high,algebra / representation theory,3,2,3,2,4,304,no_quant
00000009139,0.85,high,algebra / representation theory,3,2,3,2,4,311,no_quant
00000009141,0.85,high,algebra / representation theory,3,3,3,3,4,314,no_quant
00000009142,0.85,high,number theory,3,2,3,2,5,357,no_quant
00000009143,0.85,high,algebra / representation theory,3,2,3,2,4,337,no_quant
00000009144,0.85,high,algebra / representation theory,3,2,3,2,4,325,no_quant
00000009145,0.85,high,algebra / representation theory,3,2,3,2,4,368,no_quant
00000009147,0.85,high,algebra / representation theory,3,2,3,2,4,343,no_quant
00000009148,0.85,high,algebra / representation theory,3,2,3,1,1,448,no_quant
00000009150,0.85,high,topology / geometry,3,2,3,2,4,338,no_quant
00000009151,0.85,high,combinatorics / discrete,3,2,3,2,4,333,no_quant
00000009152,0.85,high,algebra / representation theory,3,2,3,2,4,313,no_quant
00000009153,0.85,high,number theory,3,2,3,2,4,325,no_quant
00000009155,0.85,high,algebra / representation theory,3,2,3,2,4,331,no_quant
00000009156,0.85,high,number theory,3,3,3,3,5,386,no_quant
00000009158,0.85,high,algebra / representation theory,3,2,3,2,3,505,no_quant
00000009159,0.85,high,algebra / representation theory,3,2,3,2,4,352,no_quant
00000009160,0.85,high,algebraic geometry,3,2,3,2,4,377,no_quant
00000009162,0.85,high,logic / complexity,3,2,3,2,5,340,no_quant
00000009164,0.85,high,logic / complexity,3,2,3,2,4,403,no_quant
00000009166,0.85,high,combinatorics / discrete,3,2,3,2,4,369,no_quant
00000009167,0.85,high,logic / complexity,3,2,3,2,4,371,no_quant
00000009168,0.85,high,number theory,3,3,3,2,4,329,no_quant
00000009170,0.85,high,number theory,3,3,3,2,4,386,no_quant
00000009174,0.85,high,combinatorics / discrete,3,2,3,2,4,334,no_quant
00000009175,0.85,high,logic / complexity,3,2,3,2,4,354,no_quant
00000009180,0.85,high,analysis / PDE / dynamics,3,2,3,2,5,337,no_quant
00000009181,0.85,high,logic / complexity,3,2,3,2,4,365,no_quant
00000009182,0.85,high,combinatorics / discrete,3,2,3,2,5,348,no_quant
00000009183,0.85,high,combinatorics / discrete,3,2,3,2,4,322,no_quant
00000009187,0.85,high,combinatorics / discrete,3,2,3,2,5,334,no_quant
00000009188,0.85,high,combinatorics / discrete,3,2,3,2,4,342,no_quant
00000009189,0.85,high,analysis / PDE / dynamics,3,2,3,2,4,339,no_quant
00000009191,0.85,high,probability,3,2,3,2,4,420,no_quant
00000009193,0.85,high,algebra / representation theory,3,3,3,2,5,368,no_quant
00000009194,0.85,high,algebra / representation theory,3,2,3,2,4,395,no_quant
00000009195,0.85,high,algebra / representation theory,3,2,3,2,4,378,no_quant
00000009196,0.85,high,probability,3,2,3,2,4,367,no_quant
00000009197,0.85,high,algebra / representation theory,3,2,3,2,4,388,no_quant
00000009198,0.85,high,probability,3,2,3,2,4,338,no_quant
00000009199,0.85,high,probability,3,2,3,2,3,454,no_quant
00000009200,0.85,high,analysis / PDE / dynamics,3,2,3,2,4,396,no_quant
00000009202,0.85,high,algebra / representation theory,3,2,3,2,4,386,no_quant
00000009205,0.85,high,probability,3,2,3,2,4,361,no_quant
00000009206,0.85,high,algebra / representation theory,3,3,3,3,4,393,no_quant
00000009209,0.85,high,algebra / representation theory,3,2,3,2,4,383,no_quant
00000009211,0.85,high,analysis / PDE / dynamics,3,2,3,2,4,425,no_quant
00000009212,0.85,high,probability,3,2,3,2,4,351,no_quant
00000009213,0.85,high,probability,3,2,3,2,4,353,no_quant
00000009215,0.85,high,analysis / PDE / dynamics,3,2,3,2,4,377,no_quant
00000009216,0.85,high,probability,3,2,3,2,4,406,no_quant
00000009217,0.85,high,probability,3,2,3,2,4,371,no_quant
00000009219,0.85,high,probability,3,2,3,2,4,328,no_quant
00000009220,0.85,high,probability,3,2,3,2,4,367,no_quant
00000009221,0.85,high,algebraic geometry,5,2,3,2,3,407,
00000009225,0.85,high,combinatorics / discrete,3,2,3,2,4,548,no_quant
00000009229,0.85,high,algebraic geometry,3,2,3,2,4,347,no_quant
00000009230,0.85,high,algebraic geometry,3,2,3,2,4,388,no_quant
00000009231,0.85,high,algebraic geometry,3,2,3,2,4,383,no_quant
00000009232,0.85,high,number theory,3,3,3,3,4,409,no_quant
00000009234,0.85,high,algebraic geometry,3,2,3,2,4,351,no_quant
00000009235,0.85,high,algebraic geometry,3,2,3,2,4,438,no_quant
00000009236,0.85,high,algebraic geometry,3,3,2,2,4,346,no_quant
00000009237,0.85,high,algebraic geometry,3,2,3,2,4,381,no_quant
00000009238,0.85,high,algebraic geometry,3,4,3,4,4,341,no_quant
00000009239,0.85,high,algebraic geometry,3,2,3,2,4,333,no_quant
00000009240,0.85,high,algebraic geometry,3,3,3,2,4,417,no_quant
00000009242,0.85,high,algebraic geometry,3,2,3,2,4,308,no_quant
00000009245,0.85,high,algebraic geometry,3,2,3,2,4,364,no_quant
00000009246,0.85,high,algebraic geometry,3,2,3,2,4,317,no_quant
00000009247,0.85,high,algebraic geometry,5,2,3,2,3,360,
00000009248,0.85,high,algebraic geometry,3,2,3,2,3,367,no_quant
00000009249,0.85,high,algebraic geometry,3,2,3,2,4,349,no_quant
00000009250,0.85,high,algebraic geometry,3,3,3,3,4,385,no_quant
00000009251,0.85,high,analysis / PDE / dynamics,3,2,3,2,5,447,no_quant
00000009252,0.85,high,number theory,3,2,3,2,5,399,no_quant
00000009255,0.85,high,probability,3,2,3,2,4,362,no_quant
00000009256,0.85,high,analysis / PDE / dynamics,3,2,3,2,4,378,no_quant
00000009258,0.85,high,analysis / PDE / dynamics,3,2,3,2,4,325,no_quant
00000009262,0.85,high,analysis / PDE / dynamics,3,2,3,2,4,340,no_quant
00000009263,0.85,high,analysis / PDE / dynamics,3,2,3,2,5,398,no_quant
00000009264,0.85,high,analysis / PDE / dynamics,3,2,3,2,4,343,no_quant
00000009266,0.85,high,analysis / PDE / dynamics,3,2,3,2,4,339,no_quant
00000009267,0.85,high,probability,3,3,2,2,4,343,no_quant
00000009268,0.85,high,number theory,3,2,3,2,4,373,no_quant
00000009269,0.85,high,analysis / PDE / dynamics,3,2,3,2,4,370,no_quant
00000009273,0.85,high,analysis / PDE / dynamics,3,2,3,2,4,353,no_quant
00000009275,0.85,high,algebra / representation theory,3,3,3,3,4,375,no_quant
00000009276,0.85,high,analysis / PDE / dynamics,3,2,3,2,4,328,no_quant
00000009278,0.85,high,algebra / representation theory,3,2,3,2,5,366,no_quant
00000009279,0.85,high,topology / geometry,3,2,3,2,4,355,no_quant
00000009280,0.85,high,analysis / PDE / dynamics,3,2,3,2,4,367,no_quant
00000009281,0.85,high,probability,3,2,3,2,5,447,no_quant
00000009282,0.85,high,analysis / PDE / dynamics,3,2,3,2,5,383,no_quant
00000009283,0.85,high,combinatorics / discrete,3,2,3,2,4,367,no_quant
00000009284,0.85,high,combinatorics / discrete,3,2,3,2,4,353,no_quant
00000009285,0.85,high,combinatorics / discrete,3,2,3,2,5,377,no_quant
00000009286,0.85,high,combinatorics / discrete,3,2,3,2,4,334,no_quant
00000009287,0.85,high,probability,3,2,3,2,5,364,no_quant
00000009288,0.85,high,probability,3,2,3,2,4,315,no_quant
00000009289,0.85,high,probability,3,2,3,2,5,378,no_quant
00000009291,0.85,high,number theory,3,3,3,3,5,364,no_quant
00000009293,0.85,high,probability,3,2,3,2,4,391,no_quant
00000009295,0.85,high,analysis / PDE / dynamics,3,2,3,2,4,341,no_quant
00000009296,0.85,high,combinatorics / discrete,3,2,3,2,5,367,no_quant
00000009297,0.85,high,probability,3,2,3,2,5,301,no_quant
00000009300,0.85,high,analysis / PDE / dynamics,3,2,3,2,4,336,no_quant
00000009302,0.85,high,combinatorics / discrete,3,2,3,2,5,346,no_quant
00000009303,0.85,high,number theory,3,2,3,2,4,356,no_quant
00000009305,0.85,high,combinatorics / discrete,3,3,3,3,4,346,no_quant
00000009306,0.85,high,combinatorics / discrete,3,2,3,2,5,307,no_quant
00000009308,0.85,high,analysis / PDE / dynamics,3,2,3,2,5,303,no_quant
00000009310,0.85,high,analysis / PDE / dynamics,3,2,3,2,5,347,no_quant
00000009311,0.85,high,algebraic geometry,3,3,3,3,4,467,no_quant
00000009312,0.85,high,algebra / representation theory,3,2,3,2,4,395,no_quant
00000009313,0.85,high,algebra / representation theory,3,2,3,2,4,425,no_quant
00000009314,0.85,high,analysis / PDE / dynamics,3,2,3,2,4,347,no_quant
00000009316,0.85,high,algebraic geometry,3,4,2,3,4,359,no_quant
00000009318,0.85,high,algebra / representation theory,3,2,3,2,4,402,no_quant
00000009320,0.85,high,number theory,3,2,3,2,4,378,no_quant
00000009322,0.85,high,algebra / representation theory,3,2,3,2,4,350,no_quant
00000009323,0.85,high,algebraic geometry,3,2,3,2,4,323,no_quant
00000009324,0.85,high,number theory,3,2,3,2,4,342,no_quant
00000009325,0.85,high,algebraic geometry,3,3,2,2,4,356,no_quant
00000009326,0.85,high,algebraic geometry,3,3,2,2,4,342,no_quant
00000009327,0.85,high,number theory,3,3,2,2,4,369,no_quant
00000009328,0.85,high,number theory,3,3,3,3,4,353,no_quant
00000009329,0.85,high,algebraic geometry,3,3,2,2,4,333,no_quant
00000009331,0.85,high,algebra / representation theory,3,2,3,2,4,406,no_quant
00000009332,0.85,high,number theory,3,2,3,2,4,358,no_quant
00000009333,0.85,high,algebraic geometry,3,2,3,2,4,377,no_quant
00000009334,0.85,high,combinatorics / discrete,3,2,3,2,4,322,no_quant
00000009336,0.85,high,algebraic geometry,3,3,3,3,4,372,no_quant
00000009337,0.85,high,algebraic geometry,3,5,2,5,4,391,grand|no_quant
00000009339,0.85,high,algebraic geometry,3,4,2,3,4,341,no_quant
00000009340,0.85,high,topology / geometry,3,2,3,2,4,380,no_quant
00000009341,0.85,high,probability,3,2,3,2,5,402,no_quant
00000009342,0.85,high,number theory,3,3,3,2,4,406,no_quant
00000009344,0.85,high,algebra / representation theory,3,2,3,2,4,377,no_quant
00000009345,0.85,high,probability,3,2,3,2,4,361,no_quant
00000009347,0.85,high,number theory,3,3,3,3,4,392,no_quant
00000009348,0.85,high,number theory,3,3,3,3,4,380,no_quant
00000009349,0.85,high,algebra / representation theory,3,3,3,3,4,401,no_quant
00000009351,0.85,high,algebra / representation theory,3,2,3,2,4,360,no_quant
00000009352,0.85,high,algebra / representation theory,3,2,3,2,4,370,no_quant
00000009353,0.85,high,algebra / representation theory,3,2,3,2,4,372,no_quant
00000009356,0.85,high,algebra / representation theory,3,2,3,2,4,388,no_quant
00000009358,0.85,high,topology / geometry,3,2,3,2,4,380,no_quant
00000009359,0.85,high,algebra / representation theory,3,2,3,2,4,378,no_quant
00000009360,0.85,high,number theory,3,3,3,3,4,335,no_quant
00000009361,0.85,high,probability,3,2,3,2,4,406,no_quant
00000009362,0.85,high,probability,3,2,3,2,4,345,no_quant
00000009363,0.85,high,algebra / representation theory,3,2,3,1,2,351,no_quant
00000009366,0.85,high,number theory,3,3,3,3,4,397,no_quant
00000009367,0.85,high,combinatorics / discrete,3,2,3,2,4,313,no_quant
00000009368,0.85,high,number theory,3,3,3,3,5,358,no_quant
00000009369,0.85,high,analysis / PDE / dynamics,3,2,3,2,4,332,no_quant
00000009370,0.85,high,probability,3,2,3,2,5,364,no_quant
00000009371,0.85,high,combinatorics / discrete,3,3,3,2,4,448,no_quant
00000009372,0.85,high,number theory,3,2,3,2,4,341,no_quant
00000009373,0.85,high,analysis / PDE / dynamics,3,3,3,2,4,390,no_quant
00000009376,0.85,high,analysis / PDE / dynamics,3,4,3,3,4,356,no_quant
00000009377,0.85,high,algebra / representation theory,3,3,3,3,4,373,no_quant
00000009378,0.85,high,number theory,3,3,3,2,4,330,no_quant
00000009379,0.85,high,analysis / PDE / dynamics,3,2,3,2,5,413,no_quant
00000009380,0.85,high,algebra / representation theory,3,3,3,2,4,381,no_quant
00000009381,0.85,high,combinatorics / discrete,3,2,3,2,4,354,no_quant
00000009382,0.85,high,number theory,3,4,3,3,4,368,no_quant
00000009384,0.85,high,number theory,3,2,3,2,4,316,no_quant
00000009385,0.85,high,combinatorics / discrete,3,2,3,2,4,335,no_quant
00000009386,0.85,high,number theory,3,3,3,2,4,352,no_quant
00000009387,0.85,high,combinatorics / discrete,3,3,3,2,4,378,no_quant
00000009389,0.85,high,number theory,3,3,3,2,4,374,no_quant
00000009392,0.85,high,probability,3,2,3,2,4,371,no_quant
00000009393,0.85,high,number theory,3,2,3,2,4,365,no_quant
00000009394,0.85,high,number theory,3,3,3,2,4,339,no_quant
00000009396,0.85,high,algebra / representation theory,3,2,3,2,4,333,no_quant
00000009398,0.85,high,combinatorics / discrete,3,2,3,2,4,379,no_quant
00000009399,0.85,high,number theory,3,3,3,3,4,363,no_quant
00000009400,0.85,high,number theory,3,2,3,2,4,405,no_quant
00000009401,0.85,high,topology / geometry,3,2,3,2,4,415,no_quant
00000009403,0.85,high,topology / geometry,3,2,3,2,4,387,no_quant
00000009404,0.85,high,topology / geometry,3,3,3,3,4,374,no_quant
00000009407,0.85,high,algebra / representation theory,3,4,2,3,4,340,no_quant
00000009410,0.85,high,number theory,5,2,3,2,3,378,
00000009411,0.85,high,algebra / representation theory,3,2,3,2,4,341,no_quant
00000009413,0.85,high,algebra / representation theory,3,2,3,2,4,381,no_quant
00000009415,0.85,high,algebraic geometry,3,4,3,3,4,364,no_quant
00000009418,0.85,high,analysis / PDE / dynamics,3,3,3,3,4,364,no_quant
00000009420,0.85,high,topology / geometry,3,3,2,2,4,365,no_quant
00000009421,0.85,high,algebra / representation theory,3,3,2,2,4,378,no_quant
00000009422,0.85,high,topology / geometry,3,2,3,2,4,315,no_quant
00000009423,0.85,high,topology / geometry,3,2,3,2,4,295,no_quant
00000009426,0.85,high,topology / geometry,3,2,3,2,4,362,no_quant
00000009427,0.85,high,algebraic geometry,3,3,3,3,4,398,no_quant
00000009429,0.85,high,topology / geometry,3,2,3,2,5,368,no_quant
00000009430,0.85,high,topology / geometry,3,2,3,2,4,398,no_quant
00000009431,0.85,high,number theory,3,3,2,2,4,411,no_quant
00000009432,0.85,high,number theory,3,2,3,2,4,365,no_quant
00000009433,0.85,high,analysis / PDE / dynamics,3,2,3,2,4,401,no_quant
00000009434,0.85,high,number theory,3,3,3,3,4,373,no_quant
00000009437,0.85,high,number theory,3,2,3,2,4,380,no_quant
00000009439,0.85,high,number theory,3,3,3,2,4,350,no_quant
00000009440,0.85,high,number theory,3,3,3,2,4,399,no_quant
00000009442,0.85,high,number theory,3,2,3,2,5,360,no_quant
00000009443,0.85,high,number theory,3,3,3,3,4,349,no_quant
00000009444,0.85,high,number theory,3,2,3,2,3,353,no_quant
00000009447,0.85,high,number theory,3,2,3,2,4,344,no_quant
00000009448,0.85,high,number theory,3,3,3,3,4,355,no_quant
00000009450,0.85,high,number theory,3,2,3,2,4,399,no_quant
00000009451,0.85,high,analysis / PDE / dynamics,3,2,3,2,4,347,no_quant
00000009453,0.85,high,number theory,3,4,3,4,4,355,no_quant
00000009454,0.85,high,number theory,3,2,3,2,3,354,no_quant
00000009455,0.85,high,number theory,3,2,3,2,4,373,no_quant
00000009457,0.85,high,number theory,3,2,3,2,4,390,no_quant
00000009458,0.85,high,number theory,3,2,3,2,4,383,no_quant
00000009459,0.85,high,number theory,3,2,3,2,4,362,no_quant
00000009461,0.85,high,algebra / representation theory,5,2,3,2,3,387,
00000009462,0.85,high,analysis / PDE / dynamics,3,2,3,2,4,426,no_quant
00000009463,0.85,high,analysis / PDE / dynamics,3,2,3,2,4,384,no_quant
00000009464,0.85,high,analysis / PDE / dynamics,3,2,3,2,4,378,no_quant
00000009466,0.85,high,analysis / PDE / dynamics,3,3,3,2,4,387,no_quant
00000009467,0.85,high,topology / geometry,3,2,3,2,4,391,no_quant
00000009468,0.85,high,analysis / PDE / dynamics,3,2,3,2,4,405,no_quant
00000009469,0.85,high,algebra / representation theory,3,3,3,3,5,361,no_quant
00000009470,0.85,high,probability,3,4,2,3,4,392,no_quant
00000009471,0.85,high,combinatorics / discrete,3,2,3,2,4,391,no_quant
00000009473,0.85,high,analysis / PDE / dynamics,3,2,3,2,4,401,no_quant
00000009475,0.85,high,analysis / PDE / dynamics,3,2,3,2,4,395,no_quant
00000009476,0.85,high,algebra / representation theory,3,3,3,3,4,377,no_quant
00000009478,0.85,high,logic / complexity,3,2,3,2,4,378,no_quant
00000009479,0.85,high,algebra / representation theory,3,2,3,2,4,335,no_quant
00000009480,0.85,high,algebra / representation theory,3,4,3,3,4,407,no_quant
00000009481,0.85,high,analysis / PDE / dynamics,3,2,3,2,4,360,no_quant
00000009484,0.85,high,analysis / PDE / dynamics,3,2,3,2,4,379,no_quant
00000009485,0.85,high,algebra / representation theory,3,2,3,2,4,362,no_quant
00000009488,0.85,high,analysis / PDE / dynamics,3,2,3,2,5,399,no_quant
00000009489,0.85,high,analysis / PDE / dynamics,3,2,3,2,4,365,no_quant
00000009490,0.85,high,analysis / PDE / dynamics,3,2,3,2,4,409,no_quant
00000009491,0.85,high,number theory,3,3,3,2,4,408,no_quant
00000009492,0.85,high,number theory,3,3,2,2,5,371,no_quant
00000009493,0.85,high,number theory,3,2,3,2,4,361,no_quant
00000009494,0.85,high,probability,3,2,3,2,5,398,no_quant
00000009498,0.85,high,number theory,3,2,3,2,5,381,no_quant
00000009500,0.85,high,number theory,3,2,3,2,4,332,no_quant
00000009501,0.85,high,number theory,3,2,3,2,4,368,no_quant
00000009502,0.85,high,number theory,3,3,3,3,5,365,no_quant
00000009503,0.85,high,analysis / PDE / dynamics,5,3,3,2,3,400,
00000009505,0.85,high,number theory,3,2,3,2,5,384,no_quant
00000009506,0.85,high,combinatorics / discrete,3,2,3,2,4,384,no_quant
00000009507,0.85,high,number theory,3,3,3,3,5,342,no_quant
00000009508,0.85,high,number theory,3,3,3,3,4,353,no_quant
00000009509,0.85,high,number theory,3,2,3,2,4,359,no_quant
00000009511,0.85,high,combinatorics / discrete,3,3,3,3,4,383,no_quant
00000009512,0.85,high,combinatorics / discrete,3,2,3,2,4,305,no_quant
00000009513,0.85,high,number theory,3,2,3,2,4,361,no_quant
00000009514,0.85,high,number theory,3,2,3,2,4,342,no_quant
00000009515,0.85,high,combinatorics / discrete,3,2,3,2,4,374,no_quant
00000009517,0.85,high,number theory,3,2,3,2,4,397,no_quant
00000009518,0.85,high,number theory,3,2,3,2,4,372,no_quant
00000009519,0.85,high,number theory,3,3,3,3,4,397,no_quant
00000009520,0.85,high,number theory,3,2,3,2,4,409,no_quant
00000009521,0.85,high,analysis / PDE / dynamics,5,3,3,2,2,1040,
00000009522,0.85,high,analysis / PDE / dynamics,5,4,3,3,3,1030,
00000009524,0.85,high,probability,3,2,3,2,3,803,no_quant
00000009526,0.85,high,analysis / PDE / dynamics,4,2,3,2,4,826,
00000009528,0.85,high,number theory,5,3,3,2,3,799,
00000009529,0.85,high,topology / geometry,3,2,3,2,4,842,no_quant
00000009530,0.85,high,analysis / PDE / dynamics,5,3,3,2,2,907,
00000009531,0.85,high,analysis / PDE / dynamics,3,3,2,2,2,689,no_quant
00000009532,0.85,high,analysis / PDE / dynamics,4,4,3,3,5,919,
00000009534,0.85,high,algebra / representation theory,3,4,2,3,2,738,no_quant
00000009538,0.85,high,analysis / PDE / dynamics,5,3,3,3,4,767,
00000009539,0.85,high,probability,5,3,3,3,4,732,
00000009540,0.85,high,probability,5,4,2,3,4,823,
00000009542,0.85,high,combinatorics / discrete,3,2,3,2,4,716,no_quant
00000009543,0.85,high,probability,5,3,3,3,4,880,
00000009544,0.85,high,combinatorics / discrete,3,2,3,1,2,822,no_quant
00000009545,0.85,high,analysis / PDE / dynamics,3,3,3,2,2,820,no_quant
00000009546,0.85,high,number theory,5,3,3,2,3,721,
00000009547,0.85,high,analysis / PDE / dynamics,5,3,3,2,2,767,
00000009548,0.85,high,algebra / representation theory,4,3,3,2,3,822,
00000009550,0.85,high,analysis / PDE / dynamics,3,2,3,1,1,788,no_quant
00000009553,0.85,high,analysis / PDE / dynamics,2,2,3,1,2,710,no_quant
00000009555,0.85,high,combinatorics / discrete,4,3,3,3,4,869,
00000009557,0.85,high,number theory,3,4,2,3,2,760,no_quant
00000009558,0.85,high,algebraic geometry,3,2,3,2,3,733,no_quant
00000009559,0.85,high,number theory,4,4,3,3,2,671,
00000009561,0.85,high,analysis / PDE / dynamics,5,3,3,3,4,717,
00000009562,0.85,high,analysis / PDE / dynamics,3,2,3,2,3,790,no_quant
00000009563,0.85,high,number theory,3,2,3,2,5,796,no_quant
00000009564,0.85,high,algebra / representation theory,5,3,3,2,3,700,
00000009565,0.85,high,number theory,3,3,2,2,5,463,no_quant
00000009567,0.85,high,probability,3,2,3,2,4,808,no_quant
00000009569,0.85,high,number theory,3,2,3,2,4,645,no_quant
00000009570,0.85,high,topology / geometry,3,2,3,2,4,771,no_quant
00000009571,0.85,high,number theory,5,3,3,2,2,664,
00000009572,0.85,high,number theory,4,2,3,1,1,770,
00000009573,0.85,high,topology / geometry,3,2,3,2,4,801,no_quant
00000009574,0.85,high,topology / geometry,4,4,3,4,5,641,
00000009575,0.85,high,analysis / PDE / dynamics,3,3,3,3,3,771,no_quant
00000009576,0.85,high,algebra / representation theory,3,2,3,2,3,716,no_quant
00000009577,0.85,high,algebraic geometry,5,4,3,3,2,672,
00000009578,0.85,high,analysis / PDE / dynamics,5,5,2,4,4,691,
00000009580,0.85,high,analysis / PDE / dynamics,5,4,3,3,4,712,
00000009581,0.85,high,number theory,4,3,3,3,3,766,
00000009582,0.85,high,topology / geometry,3,3,3,3,4,693,no_quant
00000009584,0.85,high,combinatorics / discrete,5,3,3,2,2,654,
00000009585,0.85,high,analysis / PDE / dynamics,3,4,3,3,3,685,
00000009586,0.85,high,algebra / representation theory,3,3,3,3,3,725,no_quant
00000009587,0.85,high,analysis / PDE / dynamics,5,4,3,3,5,699,
00000009588,0.85,high,topology / geometry,5,3,3,3,4,662,
00000009589,0.85,high,topology / geometry,5,4,3,3,2,646,
00000009591,0.85,high,algebraic geometry,3,2,3,1,1,705,no_quant
00000009592,0.85,high,topology / geometry,3,2,3,1,1,679,no_quant
00000009593,0.85,high,topology / geometry,5,3,3,3,4,603,
00000009594,0.85,high,topology / geometry,3,3,2,1,2,664,no_quant
00000009595,0.85,high,algebraic geometry,4,3,3,2,2,621,
00000009596,0.85,high,number theory,5,3,3,2,3,638,
00000009598,0.85,high,topology / geometry,3,3,3,3,3,631,no_quant
00000009599,0.85,high,topology / geometry,3,2,3,1,2,613,no_quant
00000009600,0.85,high,topology / geometry,5,3,3,2,2,602,
00000009601,0.85,high,topology / geometry,5,2,3,2,2,580,
00000009602,0.85,high,topology / geometry,3,2,3,2,3,673,no_quant
00000009603,0.85,high,topology / geometry,5,4,3,3,3,718,
00000009604,0.85,high,number theory,5,3,3,2,3,529,
00000009605,0.85,high,topology / geometry,5,2,3,2,3,556,
00000009607,0.85,high,analysis / PDE / dynamics,2,3,3,3,4,614,no_quant
00000009608,0.85,high,topology / geometry,5,3,2,2,2,694,
00000009609,0.85,high,topology / geometry,5,2,3,2,3,561,
00000009610,0.85,high,topology / geometry,3,2,3,2,5,737,no_quant
00000009611,0.85,high,number theory,3,3,3,3,3,796,no_quant
00000009612,0.85,high,number theory,4,3,3,2,3,713,
00000009615,0.85,high,analysis / PDE / dynamics,3,3,2,2,4,601,no_quant
00000009616,0.85,high,analysis / PDE / dynamics,3,2,3,2,3,706,no_quant
00000009617,0.85,high,number theory,3,2,3,1,1,636,no_quant
00000009620,0.85,high,algebra / representation theory,3,3,3,2,4,704,no_quant
00000009621,0.85,high,number theory,3,3,3,2,2,685,no_quant
00000009623,0.85,high,analysis / PDE / dynamics,3,2,3,2,4,718,no_quant
00000009624,0.85,high,algebra / representation theory,3,3,3,2,3,608,no_quant
00000009625,0.85,high,logic / complexity,5,3,3,1,2,555,
00000009626,0.85,high,analysis / PDE / dynamics,5,3,3,2,2,634,
00000009627,0.85,high,topology / geometry,3,3,2,2,3,704,no_quant
00000009629,0.85,high,analysis / PDE / dynamics,4,3,3,2,4,650,
00000009633,0.85,high,analysis / PDE / dynamics,3,4,3,4,4,584,no_quant
00000009634,0.85,high,number theory,3,2,3,1,1,647,no_quant
00000009635,0.85,high,number theory,3,2,3,2,3,662,no_quant
00000009636,0.85,high,analysis / PDE / dynamics,3,3,3,3,4,619,no_quant
00000009637,0.85,high,combinatorics / discrete,3,2,3,2,4,593,no_quant
00000009640,0.85,high,logic / complexity,3,2,3,2,4,649,no_quant
00000009641,0.85,high,analysis / PDE / dynamics,3,2,3,1,3,687,no_quant
00000009643,0.85,high,algebra / representation theory,5,3,3,3,4,734,
00000009646,0.85,high,algebra / representation theory,3,3,3,3,4,695,no_quant
00000009648,0.85,high,analysis / PDE / dynamics,5,5,3,5,4,666,
00000009649,0.85,high,probability,4,4,3,4,5,614,
00000009651,0.85,high,number theory,3,2,3,2,4,660,no_quant
00000009652,0.85,high,analysis / PDE / dynamics,3,2,3,2,5,647,no_quant
00000009653,0.85,high,probability,4,3,3,2,4,605,
00000009655,0.85,high,probability,4,3,3,3,5,629,
00000009656,0.85,high,probability,3,2,3,2,5,717,no_quant
00000009658,0.85,high,combinatorics / discrete,3,3,3,3,4,545,no_quant
00000009660,0.85,high,number theory,3,5,2,5,5,695,grand|no_quant
00000009661,0.85,high,number theory,3,4,3,4,5,716,no_quant
00000009662,0.85,high,analysis / PDE / dynamics,5,4,3,4,5,581,
00000009663,0.85,high,probability,3,2,3,2,4,614,no_quant
00000009664,0.85,high,analysis / PDE / dynamics,3,3,3,3,2,598,no_quant
00000009665,0.85,high,analysis / PDE / dynamics,3,3,3,3,3,625,no_quant
00000009667,0.85,high,analysis / PDE / dynamics,3,3,3,3,5,597,no_quant
00000009669,0.85,high,probability,3,3,3,3,4,539,no_quant
00000009674,0.85,high,number theory,3,4,2,3,3,649,no_quant
00000009675,0.85,high,number theory,3,2,3,2,2,712,no_quant
00000009677,0.85,high,number theory,3,3,3,3,4,748,no_quant
00000009679,0.85,high,number theory,4,4,3,3,2,653,
00000009681,0.85,high,number theory,3,2,3,2,3,484,no_quant
00000009682,0.85,high,analysis / PDE / dynamics,5,3,3,2,2,609,
00000009683,0.85,high,number theory,4,3,3,2,3,591,
00000009684,0.85,high,algebraic geometry,3,2,3,1,2,602,no_quant
00000009685,0.85,high,number theory,3,2,3,2,4,631,no_quant
00000009687,0.85,high,number theory,5,4,3,3,2,614,
00000009689,0.85,high,number theory,3,2,3,2,4,577,no_quant
00000009693,0.85,high,number theory,3,2,3,2,4,570,no_quant
00000009695,0.85,high,number theory,5,2,3,2,3,626,
00000009696,0.85,high,algebraic geometry,3,2,3,2,3,573,no_quant
00000009697,0.85,high,analysis / PDE / dynamics,4,3,3,2,3,624,
00000009699,0.85,high,number theory,3,3,3,3,5,532,no_quant
00000009700,0.85,high,combinatorics / discrete,4,3,3,1,2,628,
00000009704,0.85,high,algebra / representation theory,4,5,2,5,4,596,grand
00000009705,0.85,high,analysis / PDE / dynamics,4,3,3,3,4,698,
00000009708,0.85,high,analysis / PDE / dynamics,4,3,3,3,5,586,
00000009709,0.85,high,algebra / representation theory,3,3,3,3,3,560,no_quant
00000009710,0.85,high,analysis / PDE / dynamics,3,2,3,2,4,591,no_quant
00000009711,0.85,high,number theory,3,3,3,3,4,569,no_quant
00000009712,0.85,high,algebra / representation theory,3,2,3,2,2,549,no_quant
00000009713,0.85,high,analysis / PDE / dynamics,3,3,3,3,4,516,no_quant
00000009714,0.85,high,algebra / representation theory,5,3,3,3,5,547,
00000009715,0.85,high,analysis / PDE / dynamics,4,3,3,2,3,651,
00000009717,0.85,high,analysis / PDE / dynamics,3,3,3,3,5,625,no_quant
00000009718,0.85,high,algebra / representation theory,3,2,3,2,4,569,no_quant
00000009720,0.85,high,algebra / representation theory,3,2,3,2,3,562,no_quant
00000009721,0.85,high,probability,3,2,3,2,4,449,no_quant
00000009722,0.85,high,algebra / representation theory,3,2,3,2,3,558,no_quant
00000009723,0.85,high,topology / geometry,5,2,3,2,3,586,
00000009724,0.85,high,algebra / representation theory,4,3,3,3,5,554,
00000009725,0.85,high,algebra / representation theory,4,2,3,2,3,555,
00000009727,0.85,high,algebra / representation theory,3,3,3,3,3,600,no_quant
00000009728,0.85,high,analysis / PDE / dynamics,3,2,3,2,3,576,no_quant
00000009729,0.85,high,number theory,3,2,3,2,4,558,no_quant
00000009730,0.85,high,number theory,3,2,3,2,4,578,no_quant
00000009731,0.85,high,algebra / representation theory,3,3,3,2,4,675,no_quant
00000009732,0.85,high,probability,3,2,3,1,2,591,no_quant
00000009735,0.85,high,probability,3,2,3,2,5,554,no_quant
00000009736,0.85,high,logic / complexity,3,3,2,2,4,590,no_quant
00000009737,0.85,high,algebra / representation theory,3,2,3,2,3,541,no_quant
00000009738,0.85,high,probability,3,2,3,2,4,583,no_quant
00000009739,0.85,high,logic / complexity,3,2,3,2,4,603,no_quant
00000009740,0.85,high,probability,5,3,3,3,5,528,
00000009741,0.85,high,number theory,5,2,3,1,1,618,
00000009742,0.85,high,combinatorics / discrete,3,3,2,2,3,609,no_quant
00000009744,0.85,high,number theory,3,3,3,3,4,595,no_quant
00000009745,0.85,high,combinatorics / discrete,3,2,3,2,3,579,no_quant
00000009746,0.85,high,analysis / PDE / dynamics,3,2,3,1,2,546,no_quant
00000009747,0.85,high,analysis / PDE / dynamics,3,2,3,2,4,617,no_quant
00000009748,0.85,high,combinatorics / discrete,3,3,3,2,3,671,no_quant
00000009749,0.85,high,algebra / representation theory,3,3,3,1,1,554,no_quant
00000009750,0.85,high,number theory,3,2,3,2,4,619,no_quant
00000009751,0.85,high,algebra / representation theory,3,2,3,1,3,604,no_quant
00000009752,0.85,high,combinatorics / discrete,3,2,3,2,3,550,no_quant
00000009753,0.85,high,analysis / PDE / dynamics,3,2,3,2,5,538,no_quant
00000009756,0.85,high,logic / complexity,3,2,3,2,4,612,no_quant
00000009759,0.85,high,number theory,2,2,3,2,5,524,no_quant
00000009760,0.85,high,probability,4,3,3,2,4,594,
00000009763,0.85,high,algebra / representation theory,3,3,2,2,4,615,no_quant
00000009764,0.85,high,analysis / PDE / dynamics,3,2,3,2,4,610,no_quant
00000009765,0.85,high,analysis / PDE / dynamics,3,4,3,3,4,676,no_quant
00000009766,0.85,high,analysis / PDE / dynamics,3,4,3,3,4,602,no_quant
00000009768,0.85,high,analysis / PDE / dynamics,3,3,3,3,4,671,no_quant
00000009769,0.85,high,analysis / PDE / dynamics,5,4,3,3,2,669,
00000009770,0.85,high,analysis / PDE / dynamics,3,4,3,3,4,577,no_quant
00000009772,0.85,high,analysis / PDE / dynamics,3,4,2,3,4,628,no_quant
00000009773,0.85,high,algebraic geometry,3,4,3,4,4,619,no_quant
00000009774,0.85,high,number theory,3,3,3,2,5,597,no_quant
00000009775,0.85,high,algebra / representation theory,3,3,3,3,3,556,no_quant
00000009778,0.85,high,number theory,4,3,3,3,4,562,
00000009780,0.85,high,number theory,3,2,3,2,5,581,no_quant
00000009781,0.85,high,analysis / PDE / dynamics,3,2,3,2,4,569,no_quant
00000009783,0.85,high,algebra / representation theory,3,2,3,2,3,561,no_quant
00000009784,0.85,high,analysis / PDE / dynamics,3,3,2,2,3,571,no_quant
00000009786,0.85,high,analysis / PDE / dynamics,3,2,3,2,4,544,no_quant
00000009789,0.85,high,analysis / PDE / dynamics,3,2,3,2,5,564,no_quant
00000009790,0.85,high,number theory,3,2,3,2,4,564,no_quant
00000009791,0.85,high,topology / geometry,3,2,3,2,4,708,no_quant
00000009792,0.85,high,topology / geometry,3,3,2,2,4,630,no_quant
00000009793,0.85,high,algebra / representation theory,3,2,3,2,4,585,no_quant
00000009794,0.85,high,topology / geometry,3,3,3,3,5,633,no_quant
00000009795,0.85,high,analysis / PDE / dynamics,3,3,3,3,5,609,no_quant
00000009796,0.85,high,topology / geometry,3,2,3,2,5,605,no_quant
00000009797,0.85,high,analysis / PDE / dynamics,3,3,3,3,5,646,no_quant
00000009798,0.85,high,number theory,3,2,3,2,4,491,no_quant
00000009799,0.85,high,algebraic geometry,3,3,2,2,5,563,no_quant
00000009800,0.85,high,algebraic geometry,3,2,3,1,2,581,no_quant
00000009801,0.85,high,algebraic geometry,3,2,3,1,2,525,no_quant
00000009803,0.85,high,combinatorics / discrete,3,2,3,2,4,500,no_quant
00000009804,0.85,high,number theory,3,2,3,2,5,521,no_quant
00000009805,0.85,high,analysis / PDE / dynamics,3,3,3,3,4,446,no_quant
00000009806,0.85,high,algebra / representation theory,5,3,2,2,4,624,
00000009807,0.85,high,algebraic geometry,3,3,2,2,5,548,no_quant
00000009810,0.85,high,number theory,3,3,3,2,5,572,no_quant
00000009812,0.85,high,topology / geometry,3,4,2,3,4,490,no_quant
00000009813,0.85,high,topology / geometry,3,3,3,2,4,512,no_quant
00000009814,0.85,high,topology / geometry,5,2,3,2,2,663,
00000009815,0.85,high,number theory,3,3,3,3,4,517,no_quant
00000009817,0.85,high,algebraic geometry,5,2,3,2,3,529,
00000009819,0.85,high,analysis / PDE / dynamics,3,2,3,2,3,610,no_quant
00000009820,0.85,high,logic / complexity,4,3,3,3,5,539,
00000009821,0.85,high,analysis / PDE / dynamics,3,2,3,2,4,645,no_quant
00000009823,0.85,high,analysis / PDE / dynamics,3,3,3,2,4,592,no_quant
00000009824,0.85,high,analysis / PDE / dynamics,5,3,3,2,3,610,
00000009826,0.85,high,number theory,3,3,3,2,4,634,no_quant
00000009827,0.85,high,analysis / PDE / dynamics,3,3,3,2,4,632,no_quant
00000009828,0.85,high,analysis / PDE / dynamics,3,3,3,2,4,520,no_quant
00000009829,0.85,high,analysis / PDE / dynamics,4,3,3,2,4,455,
00000009831,0.85,high,algebra / representation theory,3,2,3,2,4,551,no_quant
00000009833,0.85,high,analysis / PDE / dynamics,3,2,3,2,4,575,no_quant
00000009834,0.85,high,analysis / PDE / dynamics,4,3,3,3,5,516,
00000009835,0.85,high,probability,3,2,3,2,4,463,no_quant
00000009836,0.85,high,topology / geometry,3,2,3,2,3,537,no_quant
00000009837,0.85,high,algebra / representation theory,3,2,3,2,4,574,no_quant
00000009838,0.85,high,analysis / PDE / dynamics,5,3,3,2,3,478,
00000009839,0.85,high,analysis / PDE / dynamics,3,2,3,2,3,525,no_quant
00000009840,0.85,high,analysis / PDE / dynamics,3,3,3,2,4,543,no_quant
00000009843,0.85,high,analysis / PDE / dynamics,5,3,3,2,4,527,
00000009844,0.85,high,number theory,3,2,3,2,4,472,no_quant
00000009845,0.85,high,analysis / PDE / dynamics,3,3,3,2,3,491,no_quant
00000009846,0.85,high,number theory,3,2,3,2,4,508,no_quant
00000009847,0.85,high,analysis / PDE / dynamics,3,3,3,2,3,556,no_quant
00000009849,0.85,high,analysis / PDE / dynamics,3,2,3,2,4,526,no_quant
00000009851,0.85,high,topology / geometry,4,3,3,3,5,676,
00000009855,0.85,high,algebra / representation theory,4,3,3,2,4,637,
00000009857,0.85,high,analysis / PDE / dynamics,3,2,3,2,4,586,no_quant
00000009860,0.85,high,probability,3,2,3,2,4,563,no_quant
00000009861,0.85,high,algebra / representation theory,3,2,3,2,5,557,no_quant
00000009863,0.85,high,number theory,3,4,3,4,4,528,no_quant
00000009864,0.85,high,algebra / representation theory,5,4,3,3,4,575,
00000009865,0.85,high,probability,3,2,3,2,4,553,no_quant
00000009866,0.85,high,probability,3,2,3,2,3,530,no_quant
00000009867,0.85,high,probability,3,2,3,2,4,589,no_quant
00000009868,0.85,high,probability,3,2,3,2,5,586,no_quant
00000009869,0.85,high,algebra / representation theory,4,3,3,2,4,600,
00000009872,0.85,high,probability,3,2,3,2,4,563,no_quant
00000009874,0.85,high,analysis / PDE / dynamics,3,3,3,3,4,573,no_quant
00000009876,0.85,high,probability,3,2,3,2,3,526,no_quant
00000009879,0.85,high,probability,3,2,3,2,5,620,no_quant
00000009881,0.85,high,algebra / representation theory,4,4,3,3,2,747,
00000009882,0.85,high,algebra / representation theory,4,4,3,3,3,603,
00000009883,0.85,high,algebra / representation theory,3,3,3,3,4,558,no_quant
00000009884,0.85,high,number theory,5,2,3,2,3,690,
00000009885,0.85,high,number theory,3,2,3,2,4,575,no_quant
00000009886,0.85,high,number theory,3,3,3,3,4,630,no_quant
00000009887,0.85,high,algebra / representation theory,3,4,3,4,4,567,no_quant
00000009889,0.85,high,algebraic geometry,3,4,2,4,5,600,no_quant
00000009892,0.85,high,combinatorics / discrete,3,2,3,2,4,641,no_quant
00000009893,0.85,high,algebra / representation theory,3,4,2,3,4,586,no_quant
00000009894,0.85,high,algebraic geometry,4,3,3,2,3,619,
00000009895,0.85,high,algebra / representation theory,3,4,2,3,4,643,no_quant
00000009896,0.85,high,number theory,3,2,3,2,4,582,no_quant
00000009897,0.85,high,algebraic geometry,3,3,3,2,2,561,no_quant
00000009898,0.85,high,algebra / representation theory,3,3,3,3,4,633,no_quant
00000009900,0.85,high,algebra / representation theory,3,3,3,3,4,587,no_quant
00000009901,0.85,high,combinatorics / discrete,5,2,3,2,3,519,
00000009902,0.85,high,algebra / representation theory,3,2,3,2,3,569,no_quant
00000009903,0.85,high,number theory,3,3,3,3,4,523,no_quant
00000009904,0.85,high,algebra / representation theory,3,3,3,3,4,608,no_quant
00000009905,0.85,high,algebra / representation theory,3,2,3,2,3,471,no_quant
00000009908,0.85,high,algebra / representation theory,5,3,3,3,2,620,
00000009909,0.85,high,combinatorics / discrete,3,2,3,2,4,554,no_quant
00000009910,0.85,high,algebra / representation theory,3,3,3,3,3,580,no_quant
00000009912,0.85,high,analysis / PDE / dynamics,3,2,3,2,4,607,no_quant
00000009914,0.85,high,analysis / PDE / dynamics,3,2,3,2,5,583,no_quant
00000009915,0.85,high,algebra / representation theory,5,3,3,2,4,582,
00000009917,0.85,high,probability,3,3,3,2,4,501,no_quant
00000009918,0.85,high,probability,3,2,3,2,5,504,no_quant
00000009919,0.85,high,topology / geometry,4,2,3,2,4,622,
00000009920,0.85,high,topology / geometry,3,2,3,2,4,589,no_quant
00000009922,0.85,high,analysis / PDE / dynamics,3,2,3,2,3,585,no_quant
00000009923,0.85,high,analysis / PDE / dynamics,3,2,3,2,4,540,no_quant
00000009924,0.85,high,analysis / PDE / dynamics,3,3,3,3,4,606,no_quant
00000009926,0.85,high,topology / geometry,5,3,2,2,2,543,
00000009927,0.85,high,topology / geometry,3,3,2,2,4,533,no_quant
00000009928,0.85,high,analysis / PDE / dynamics,5,2,3,2,2,473,
00000009930,0.85,high,analysis / PDE / dynamics,3,2,3,2,5,606,no_quant
00000009931,0.85,high,number theory,5,3,3,2,3,502,
00000009932,0.85,high,analysis / PDE / dynamics,3,3,3,2,4,554,no_quant
00000009933,0.85,high,topology / geometry,3,2,3,2,4,534,no_quant
00000009934,0.85,high,probability,3,3,3,2,4,539,no_quant
00000009935,0.85,high,analysis / PDE / dynamics,3,2,3,2,4,576,no_quant
00000009936,0.85,high,combinatorics / discrete,3,2,3,2,4,570,no_quant
00000009937,0.85,high,probability,3,2,3,2,4,542,no_quant
00000009939,0.85,high,analysis / PDE / dynamics,3,3,3,2,4,549,no_quant
00000009940,0.85,high,analysis / PDE / dynamics,2,2,3,2,3,580,no_quant
00000009941,0.85,high,analysis / PDE / dynamics,4,4,2,3,5,776,
00000009943,0.85,high,analysis / PDE / dynamics,3,3,3,2,5,566,no_quant
00000009944,0.85,high,analysis / PDE / dynamics,3,2,3,2,4,651,no_quant
00000009945,0.85,high,topology / geometry,3,2,3,1,2,681,no_quant
00000009947,0.85,high,analysis / PDE / dynamics,3,3,2,2,3,630,no_quant
00000009948,0.85,high,topology / geometry,3,3,3,3,4,673,no_quant
00000009950,0.85,high,topology / geometry,3,2,3,2,5,547,no_quant
00000009951,0.85,high,analysis / PDE / dynamics,3,2,3,2,3,614,no_quant
00000009952,0.85,high,algebraic geometry,3,3,2,2,4,697,no_quant
00000009953,0.85,high,analysis / PDE / dynamics,3,3,2,2,3,619,no_quant
00000009954,0.85,high,analysis / PDE / dynamics,3,4,2,4,4,562,no_quant
00000009956,0.85,high,analysis / PDE / dynamics,3,3,3,2,5,605,no_quant
00000009957,0.85,high,analysis / PDE / dynamics,5,4,2,2,3,605,
00000009958,0.85,high,analysis / PDE / dynamics,3,3,2,2,3,677,no_quant
00000009960,0.85,high,analysis / PDE / dynamics,3,2,3,2,3,666,no_quant
00000009961,0.85,high,topology / geometry,3,3,3,3,3,603,no_quant
00000009962,0.85,high,analysis / PDE / dynamics,3,2,3,2,4,551,no_quant
00000009963,0.85,high,analysis / PDE / dynamics,3,3,2,2,4,642,no_quant
00000009964,0.85,high,number theory,3,3,3,3,4,627,no_quant
00000009966,0.85,high,analysis / PDE / dynamics,3,3,3,3,5,612,no_quant
00000009967,0.85,high,combinatorics / discrete,3,2,3,2,4,580,no_quant
00000009968,0.85,high,analysis / PDE / dynamics,5,4,2,3,4,649,
00000009969,0.85,high,analysis / PDE / dynamics,3,4,2,3,4,615,no_quant
00000009971,0.85,high,number theory,3,3,3,3,4,694,no_quant
00000009973,0.85,high,number theory,3,2,3,2,4,710,no_quant
00000009974,0.85,high,topology / geometry,4,3,3,2,4,674,
00000009975,0.85,high,number theory,3,3,3,3,4,561,no_quant
00000009976,0.85,high,number theory,3,2,3,2,4,599,no_quant
00000009977,0.85,high,algebraic geometry,3,4,2,3,4,671,no_quant
00000009978,0.85,high,algebra / representation theory,3,2,3,2,4,641,no_quant
00000009979,0.85,high,algebra / representation theory,3,2,3,2,4,586,no_quant
00000009980,0.85,high,algebraic geometry,3,4,2,3,4,566,no_quant
00000009981,0.85,high,algebra / representation theory,3,3,3,3,4,520,no_quant
00000009982,0.85,high,algebraic geometry,3,4,2,3,3,609,no_quant
00000009983,0.85,high,number theory,3,2,3,2,3,615,no_quant
00000009984,0.85,high,algebra / representation theory,5,4,2,3,4,596,
00000009985,0.85,high,algebra / representation theory,3,3,3,2,1,578,no_quant
00000009986,0.85,high,number theory,3,3,3,3,3,565,no_quant
00000009987,0.85,high,algebraic geometry,3,3,2,2,4,558,no_quant
00000009988,0.85,high,algebraic geometry,3,2,3,2,3,626,no_quant
00000009990,0.85,high,algebra / representation theory,3,2,3,2,4,527,no_quant
00000009991,0.85,high,combinatorics / discrete,5,3,3,2,4,601,
00000009992,0.85,high,number theory,3,4,3,4,4,630,no_quant
00000009993,0.85,high,algebraic geometry,3,3,3,3,3,589,no_quant
00000009995,0.85,high,algebra / representation theory,3,2,3,2,4,617,no_quant
00000009996,0.85,high,number theory,3,2,3,2,4,625,no_quant
00000009997,0.85,high,number theory,3,2,3,2,4,571,no_quant
00000009999,0.85,high,algebra / representation theory,3,3,3,3,3,585,no_quant
00000010000,0.85,high,algebra / representation theory,3,2,3,2,4,551,no_quant
