REACHABLE	Conjecture1663.not_reconstructionRigidity	Conjecture1663.Proof	theorem	body=true
REACHABLE	Conjecture1663.editDistance_self	Conjecture1663.Proof	theorem	body=true
REACHABLE	Fin	Init.Prelude	inductive	body=false
REACHABLE	Nat	Init.Prelude	inductive	body=false
REACHABLE	Conjecture1663.editDistance_iso	Conjecture1663.Proof	theorem	body=true
REACHABLE	Nat.eq_zero_of_le_zero	Init.Data.Nat.Basic	theorem	body=true
REACHABLE	OfNat.ofNat	Init.Prelude	definition	body=true
REACHABLE	OfNat	Init.Prelude	inductive	body=false
REACHABLE	Nat.le_antisymm	Init.Prelude	theorem	body=true
REACHABLE	rfl	Init.Prelude	definition	body=true
REACHABLE	Eq.refl	Init.Prelude	constructor	body=false
REACHABLE	Eq	Init.Prelude	inductive	body=false
REACHABLE	Nat.succ	Init.Prelude	constructor	body=false
REACHABLE	instLTNat	Init.Prelude	definition	body=true
REACHABLE	Nat.lt	Init.Prelude	definition	body=true
REACHABLE	Nat.le	Init.Prelude	inductive	body=false
REACHABLE	LT.mk	Init.Prelude	constructor	body=false
REACHABLE	LT	Init.Prelude	inductive	body=false
REACHABLE	LT.lt	Init.Prelude	definition	body=true
REACHABLE	Nat.lt_irrefl	Init.Prelude	theorem	body=true
REACHABLE	Nat.not_succ_le_self	Init.Prelude	theorem	body=true
REACHABLE	Not	Init.Prelude	definition	body=true
REACHABLE	False	Init.Prelude	inductive	body=false
REACHABLE	instAddNat	Init.Prelude	definition	body=true
REACHABLE	Nat.add	Init.Prelude	definition	body=true
REACHABLE	Nat.add.match_1	Init.Prelude	definition	body=true
REACHABLE	Nat.casesOn	Init.Prelude	definition	body=true
REACHABLE	Nat.zero	Init.Prelude	constructor	body=false
REACHABLE	Nat.rec	Init.Prelude	recursor	body=false
REACHABLE	Nat.below	Init.Prelude	definition	body=true
REACHABLE	PUnit	Init.Prelude	inductive	body=false
REACHABLE	PProd	Init.Prelude	inductive	body=false
REACHABLE	Nat.brecOn	Init.Prelude	definition	body=true
REACHABLE	PUnit.unit	Init.Prelude	constructor	body=false
REACHABLE	PProd.mk	Init.Prelude	constructor	body=false
REACHABLE	Add.mk	Init.Prelude	constructor	body=false
REACHABLE	Add	Init.Prelude	inductive	body=false
REACHABLE	HAdd.hAdd	Init.Prelude	definition	body=true
REACHABLE	HAdd	Init.Prelude	inductive	body=false
REACHABLE	outParam	Init.Prelude	definition	body=true
REACHABLE	Nat.le_of_succ_le_succ	Init.Prelude	theorem	body=true
REACHABLE	Nat.pred_le_pred	Init.Prelude	theorem	body=true
REACHABLE	Nat.pred	Init.Prelude	definition	body=true
REACHABLE	Unit	Init.Prelude	definition	body=true
REACHABLE	instOfNatNat	Init.Prelude	definition	body=true
REACHABLE	OfNat.mk	Init.Prelude	constructor	body=false
REACHABLE	Nat.pow.match_1	Init.Prelude	definition	body=true
REACHABLE	Unit.unit	Init.Prelude	definition	body=true
REACHABLE	Nat.pred_le_pred.match_1	Init.Prelude	definition	body=true
REACHABLE	Nat.noConfusion	Init.Prelude	definition	body=true
REACHABLE	Nat.noConfusionType	Init.Prelude	definition	body=true
REACHABLE	Eq.ndrec	Init.Prelude	definition	body=true
REACHABLE	Eq.rec	Init.Prelude	recursor	body=false
REACHABLE	Eq.symm	Init.Prelude	theorem	body=true
REACHABLE	Nat.le.casesOn	Init.Prelude	definition	body=true
REACHABLE	Nat.le.refl	Init.Prelude	constructor	body=false
REACHABLE	Nat.le.step	Init.Prelude	constructor	body=false
REACHABLE	Nat.le.rec	Init.Prelude	recursor	body=false
REACHABLE	HEq	Init.Prelude	inductive	body=false
REACHABLE	eq_of_heq	Init.Prelude	theorem	body=true
REACHABLE	letFun	Init.Prelude	definition	body=true
REACHABLE	HEq.rec	Init.Prelude	recursor	body=false
REACHABLE	HEq.refl	Init.Prelude	constructor	body=false
REACHABLE	cast	Init.Prelude	definition	body=true
REACHABLE	instLENat	Init.Prelude	definition	body=true
REACHABLE	LE.mk	Init.Prelude	constructor	body=false
REACHABLE	LE	Init.Prelude	inductive	body=false
REACHABLE	LE.le	Init.Prelude	definition	body=true
REACHABLE	Nat.le_trans	Init.Prelude	theorem	body=true
REACHABLE	Nat.le.brecOn	Init.Prelude	theorem	body=true
REACHABLE	Nat.le.below.refl	Init.Prelude	constructor	body=false
REACHABLE	Nat.le.below	Init.Prelude	inductive	body=false
REACHABLE	Nat.le.below.step	Init.Prelude	constructor	body=false
REACHABLE	Nat.le_trans.match_1._@.Init.Prelude._hyg.3644	Init.Prelude	definition	body=true
REACHABLE	Nat.le.below.casesOn	Init.Prelude	definition	body=true
REACHABLE	Nat.le.below.rec	Init.Prelude	recursor	body=false
REACHABLE	Nat.le_succ	Init.Prelude	theorem	body=true
REACHABLE	absurd	Init.Prelude	definition	body=true
REACHABLE	False.rec	Init.Prelude	recursor	body=false
REACHABLE	Nat.not_succ_le_zero	Init.Prelude	theorem	body=true
REACHABLE	Nat.not_succ_le_zero.match_1	Init.Prelude	definition	body=true
REACHABLE	Nat.not_succ_le_zero.match_3	Init.Prelude	definition	body=true
REACHABLE	Nat.not_succ_le_zero.match_2	Init.Prelude	definition	body=true
REACHABLE	instHAdd	Init.Prelude	definition	body=true
REACHABLE	HAdd.mk	Init.Prelude	constructor	body=false
REACHABLE	Add.add	Init.Prelude	definition	body=true
REACHABLE	Nat.not_succ_le_self.match_1	Init.Prelude	definition	body=true
REACHABLE	Nat.lt_of_le_of_lt	Init.Prelude	theorem	body=true
REACHABLE	Nat.succ_le_succ	Init.Prelude	theorem	body=true
REACHABLE	Nat.succ_le_succ.match_1._@.Init.Prelude._hyg.3555	Init.Prelude	definition	body=true
REACHABLE	Nat.le_antisymm.match_1	Init.Prelude	definition	body=true
REACHABLE	Nat.zero_le	Init.Prelude	theorem	body=true
REACHABLE	Nat.zero_le.match_1	Init.Prelude	definition	body=true
REACHABLE	RelIso.toEquiv	Mathlib.Order.RelIso.Basic	definition	body=true
REACHABLE	RelIso	Mathlib.Order.RelIso.Basic	inductive	body=false
REACHABLE	Equiv	Mathlib.Logic.Equiv.Defs	inductive	body=false
REACHABLE	Eq.mp	Init.Core	definition	body=true
REACHABLE	SimpleGraph.Adj	Mathlib.Combinatorics.SimpleGraph.Basic	definition	body=true
REACHABLE	SimpleGraph	Mathlib.Combinatorics.SimpleGraph.Basic	inductive	body=false
REACHABLE	Conjecture1663.Graph	Conjecture1663.Definitions	definition	body=true
REACHABLE	Conjecture1663.editDistance	Conjecture1663.Definitions	definition	body=true
REACHABLE	instDecidableEqNat	Init.Prelude	definition	body=true
REACHABLE	Nat.decEq	Init.Prelude	definition	body=true
REACHABLE	Bool.false	Init.Prelude	constructor	body=false
REACHABLE	Bool	Init.Prelude	inductive	body=false
REACHABLE	Decidable.isFalse	Init.Prelude	constructor	body=false
REACHABLE	Decidable	Init.Prelude	inductive	body=false
REACHABLE	Nat.eq_of_beq_eq_true	Init.Prelude	theorem	body=true
REACHABLE	Nat.eq_of_beq_eq_true.match_1	Init.Prelude	definition	body=true
REACHABLE	Bool.true	Init.Prelude	constructor	body=false
REACHABLE	Nat.beq	Init.Prelude	definition	body=true
REACHABLE	Nat.beq.match_1	Init.Prelude	definition	body=true
REACHABLE	Bool.noConfusion	Init.Prelude	definition	body=true
REACHABLE	Bool.noConfusionType	Init.Prelude	definition	body=true
REACHABLE	Bool.casesOn	Init.Prelude	definition	body=true
REACHABLE	Bool.rec	Init.Prelude	recursor	body=false
REACHABLE	Nat.decEq.match_1	Init.Prelude	definition	body=true
REACHABLE	Nat.ne_of_beq_eq_false	Init.Prelude	theorem	body=true
REACHABLE	Nat.ne_of_beq_eq_false.match_1	Init.Prelude	definition	body=true
REACHABLE	Decidable.isTrue	Init.Prelude	constructor	body=false
REACHABLE	DecidableEq	Init.Prelude	definition	body=true
REACHABLE	Nat.find	Mathlib.Data.Nat.Find	definition	body=true
REACHABLE	Nat.findX	Mathlib.Data.Nat.Find	definition	body=true
REACHABLE	Nat.findX._proof_5	Mathlib.Data.Nat.Find	theorem	body=true
REACHABLE	Nat.not_lt_zero	Init.Prelude	theorem	body=true
REACHABLE	Nat.findX._proof_1	Mathlib.Data.Nat.Find	theorem	body=true
REACHABLE	And.intro	Init.Prelude	constructor	body=false
REACHABLE	And	Init.Prelude	inductive	body=false
REACHABLE	WellFounded.fix	Init.WF	definition	body=true
REACHABLE	WellFounded	Init.WF	inductive	body=false
REACHABLE	WellFounded.fixF	Init.WF	definition	body=true
REACHABLE	Acc.rec	Init.WF	recursor	body=false
REACHABLE	Acc.intro	Init.WF	constructor	body=false
REACHABLE	Acc	Init.WF	inductive	body=false
REACHABLE	WellFounded.apply	Init.WF	theorem	body=true
REACHABLE	WellFounded.rec	Init.WF	recursor	body=false
REACHABLE	WellFounded.intro	Init.WF	constructor	body=false
REACHABLE	_private.Mathlib.Data.Nat.Find.0.Nat.lbp	Mathlib.Data.Nat.Find	definition	body=true
REACHABLE	Nat.findX._proof_3	Mathlib.Data.Nat.Find	theorem	body=true
REACHABLE	Nat.findX._proof_2	Mathlib.Data.Nat.Find	theorem	body=true
REACHABLE	Or.elim	Init.Prelude	theorem	body=true
REACHABLE	Or	Init.Prelude	inductive	body=false
REACHABLE	Or.elim.match_1	Init.Prelude	definition	body=true
REACHABLE	Or.inr	Init.Prelude	constructor	body=false
REACHABLE	Or.inl	Init.Prelude	constructor	body=false
REACHABLE	Or.casesOn	Init.Prelude	definition	body=true
REACHABLE	Or.rec	Init.Prelude	recursor	body=false
REACHABLE	Nat.lt_or_eq_of_le	Init.Data.Nat.Basic	theorem	body=true
REACHABLE	Or.imp_right	Init.SimpLemmas	theorem	body=true
REACHABLE	Or.imp	Init.SimpLemmas	theorem	body=true
REACHABLE	Function.comp	Init.Prelude	definition	body=true
REACHABLE	id	Init.Prelude	definition	body=true
REACHABLE	Nat.lt_or_ge	Init.Prelude	theorem	body=true
REACHABLE	Nat.le_succ_of_le	Init.Prelude	theorem	body=true
REACHABLE	Nat.eq_or_lt_of_le	Init.Prelude	theorem	body=true
REACHABLE	Nat.eq_or_lt_of_le.match_1	Init.Prelude	definition	body=true
REACHABLE	Nat.eq_or_lt_of_le.match_2	Init.Prelude	definition	body=true
REACHABLE	Nat.lt_or_ge.match_2	Init.Prelude	definition	body=true
REACHABLE	GE.ge	Init.Prelude	definition	body=true
REACHABLE	Nat.lt_or_ge.match_3	Init.Prelude	definition	body=true
REACHABLE	Nat.lt_or_ge.match_1	Init.Prelude	definition	body=true
REACHABLE	Nat.le_refl	Init.Prelude	theorem	body=true
REACHABLE	congrArg	Init.Prelude	theorem	body=true
REACHABLE	Eq.mpr	Init.Core	definition	body=true
REACHABLE	DecidablePred	Init.Prelude	definition	body=true
REACHABLE	Subtype.mk	Init.Prelude	constructor	body=false
REACHABLE	Subtype	Init.Prelude	inductive	body=false
REACHABLE	dite	Init.Prelude	definition	body=true
REACHABLE	Decidable.casesOn	Init.Prelude	definition	body=true
REACHABLE	Decidable.rec	Init.Prelude	recursor	body=false
REACHABLE	_private.Mathlib.Data.Nat.Find.0.Nat.wf_lbp	Mathlib.Data.Nat.Find	definition	body=true
REACHABLE	Nat.add_right_comm	Init.Data.Nat.Basic	theorem	body=true
REACHABLE	Nat.add_comm	Init.Data.Nat.Basic	theorem	body=true
REACHABLE	Nat.add_comm.match_1	Init.Data.Nat.Basic	definition	body=true
REACHABLE	Nat.succ_add	Init.Data.Nat.Basic	theorem	body=true
REACHABLE	Nat.succ_add.match_1	Init.Data.Nat.Basic	definition	body=true
REACHABLE	Nat.zero_add	Init.Data.Nat.Basic	theorem	body=true
REACHABLE	Nat.zero_add.match_1	Init.Data.Nat.Basic	definition	body=true
REACHABLE	Nat.add_assoc	Init.Data.Nat.Basic	theorem	body=true
REACHABLE	Nat.add_assoc.match_1	Init.Data.Nat.Basic	definition	body=true
REACHABLE	Nat.recOn	Init.Prelude	definition	body=true
REACHABLE	_private.Mathlib.Data.Nat.Find.0.Nat.wf_lbp.match_1	Mathlib.Data.Nat.Find	definition	body=true
REACHABLE	And.casesOn	Init.Prelude	definition	body=true
REACHABLE	And.rec	Init.Prelude	recursor	body=false
REACHABLE	Eq.casesOn	Init.Prelude	definition	body=true
REACHABLE	Exists	Init.Core	inductive	body=false
REACHABLE	Nat.le_add_left	Init.Data.Nat.Basic	theorem	body=true
REACHABLE	Nat.le_add_right	Init.Data.Nat.Basic	theorem	body=true
REACHABLE	Nat.le_add_right.match_1	Init.Data.Nat.Basic	definition	body=true
REACHABLE	_private.Mathlib.Data.Nat.Find.0.Nat.wf_lbp.match_2	Mathlib.Data.Nat.Find	definition	body=true
REACHABLE	Exists.intro	Init.Core	constructor	body=false
REACHABLE	Exists.casesOn	Init.Core	definition	body=true
REACHABLE	Exists.rec	Init.Core	recursor	body=false
REACHABLE	Nat.findX._proof_4	Mathlib.Data.Nat.Find	theorem	body=true
REACHABLE	Subtype.val	Init.Prelude	definition	body=true
REACHABLE	Conjecture1663.editCost_exists	Conjecture1663.Definitions	theorem	body=true
REACHABLE	Equiv.refl	Mathlib.Logic.Equiv.Defs	definition	body=true
REACHABLE	Equiv.mk	Mathlib.Logic.Equiv.Defs	constructor	body=false
REACHABLE	Function.RightInverse	Mathlib.Logic.Function.Defs	definition	body=true
REACHABLE	Function.LeftInverse	Mathlib.Logic.Function.Defs	definition	body=true
REACHABLE	Equiv.refl._proof_3	Mathlib.Logic.Equiv.Defs	theorem	body=true
REACHABLE	Conjecture1663.edgeEditCost	Conjecture1663.Definitions	definition	body=true
REACHABLE	instDecidableIff	Init.Core	definition	body=true
REACHABLE	instDecidableIff.proof_1	Init.Core	theorem	body=true
REACHABLE	Iff.intro	Init.Core	constructor	body=false
REACHABLE	Iff	Init.Core	inductive	body=false
REACHABLE	instDecidableIff.proof_3	Init.Core	theorem	body=true
REACHABLE	Iff.mpr	Init.Core	theorem	body=true
REACHABLE	instDecidableIff.proof_4	Init.Core	theorem	body=true
REACHABLE	instDecidableIff.proof_2	Init.Core	theorem	body=true
REACHABLE	Iff.mp	Init.Core	theorem	body=true
REACHABLE	DFunLike.coe	Mathlib.Data.FunLike.Basic	definition	body=true
REACHABLE	DFunLike	Mathlib.Data.FunLike.Basic	inductive	body=false
REACHABLE	Prod.snd	Init.Prelude	definition	body=true
REACHABLE	Prod	Init.Prelude	inductive	body=false
REACHABLE	Finset.filter	Mathlib.Data.Finset.Filter	definition	body=true
REACHABLE	Multiset.filter	Mathlib.Data.Multiset.Filter	definition	body=true
REACHABLE	Setoid.r	Init.Core	definition	body=true
REACHABLE	Setoid	Init.Core	inductive	body=false
REACHABLE	Decidable.decide	Init.Prelude	definition	body=true
REACHABLE	List.isSetoid	Init.Data.List.Perm	definition	body=true
REACHABLE	Setoid.mk	Init.Core	constructor	body=false
REACHABLE	Equivalence	Init.Core	inductive	body=false
REACHABLE	List	Init.Prelude	inductive	body=false
REACHABLE	List.Perm	Init.Data.List.Basic	inductive	body=false
REACHABLE	List.Perm.eqv	Init.Data.List.Perm	theorem	body=true
REACHABLE	Equivalence.mk	Init.Core	constructor	body=false
REACHABLE	List.Perm.symm	Init.Data.List.Perm	theorem	body=true
REACHABLE	List.Perm.nil	Init.Data.List.Basic	constructor	body=false
REACHABLE	List.nil	Init.Prelude	constructor	body=false
REACHABLE	List.Perm.rec	Init.Data.List.Basic	recursor	body=false
REACHABLE	List.cons	Init.Prelude	constructor	body=false
REACHABLE	List.Perm.trans	Init.Data.List.Basic	constructor	body=false
REACHABLE	List.Perm.swap	Init.Data.List.Basic	constructor	body=false
REACHABLE	List.Perm.cons	Init.Data.List.Basic	constructor	body=false
REACHABLE	List.Perm.refl	Init.Data.List.Perm	theorem	body=true
REACHABLE	List.below	Init.Prelude	definition	body=true
REACHABLE	List.rec	Init.Prelude	recursor	body=false
REACHABLE	List.Perm.refl.match_1	Init.Data.List.Perm	definition	body=true
REACHABLE	List.casesOn	Init.Prelude	definition	body=true
REACHABLE	List.brecOn	Init.Prelude	definition	body=true
REACHABLE	Multiset.filter._proof_1	Mathlib.Data.Multiset.Filter	theorem	body=true
REACHABLE	List.Perm.filter	Init.Data.List.Perm	theorem	body=true
REACHABLE	List.filterMap_eq_filter	Init.Data.List.Lemmas	theorem	body=true
REACHABLE	ite	Init.Prelude	definition	body=true
REACHABLE	Option	Init.Prelude	inductive	body=false
REACHABLE	List.filterMap_cons_some	Init.Data.List.Lemmas	theorem	body=true
REACHABLE	Eq.trans	Init.Prelude	theorem	body=true
REACHABLE	List.filterMap	Init.Data.List.Basic	definition	body=true
REACHABLE	List.getLast?.match_1	Init.Data.List.Basic	definition	body=true
REACHABLE	List.filterMap.match_1	Init.Data.List.Basic	definition	body=true
REACHABLE	Option.none	Init.Prelude	constructor	body=false
REACHABLE	Option.some	Init.Prelude	constructor	body=false
REACHABLE	Option.casesOn	Init.Prelude	definition	body=true
REACHABLE	Option.rec	Init.Prelude	recursor	body=false
REACHABLE	of_eq_true	Init.SimpLemmas	theorem	body=true
REACHABLE	True	Init.Prelude	inductive	body=false
REACHABLE	trivial	Init.Core	theorem	body=true
REACHABLE	True.intro	Init.Prelude	constructor	body=false
REACHABLE	eq_self	Init.SimpLemmas	theorem	body=true
REACHABLE	eq_true	Init.SimpLemmas	theorem	body=true
REACHABLE	propext	Init.Core	axiom	body=false
REACHABLE	ite_cond_eq_false	Init.SimpLemmas	theorem	body=true
REACHABLE	ite_congr	Init.SimpLemmas	theorem	body=true
REACHABLE	if_neg	Init.Core	theorem	body=true
REACHABLE	if_neg.match_1	Init.Core	definition	body=true
REACHABLE	Decidable.em	Init.Core	theorem	body=true
REACHABLE	Decidable.byCases	Init.Core	definition	body=true
REACHABLE	Decidable.byCases.match_1	Init.Core	definition	body=true
REACHABLE	if_pos	Init.Core	theorem	body=true
REACHABLE	if_pos.match_1	Init.Core	definition	body=true
REACHABLE	instDecidableFalse	Init.Core	definition	body=true
REACHABLE	not_false	Init.Core	theorem	body=true
REACHABLE	not_false_eq_true	Init.SimpLemmas	theorem	body=true
REACHABLE	False.elim	Init.Prelude	definition	body=true
REACHABLE	List.filterMap_cons_none	Init.Data.List.Lemmas	theorem	body=true
REACHABLE	Bool.of_not_eq_true	Init.Core	theorem	body=true
REACHABLE	Bool.of_not_eq_true.match_1	Init.Core	definition	body=true
REACHABLE	congr	Init.Prelude	theorem	body=true
REACHABLE	List.filter	Init.Data.List.Basic	definition	body=true
REACHABLE	List.filter.match_1	Init.Data.List.Basic	definition	body=true
REACHABLE	List.filter_cons_of_neg	Init.Data.List.Lemmas	theorem	body=true
REACHABLE	List.filter.eq_2	Init.Data.List.Basic	theorem	body=true
REACHABLE	eq_false_of_ne_true	Init.Prelude	theorem	body=true
REACHABLE	eq_false_of_ne_true.match_1	Init.Prelude	definition	body=true
REACHABLE	funext	Init.Core	theorem	body=true
REACHABLE	Quot.mk	Init.Prelude	quotient primitive	body=false
REACHABLE	Quot	Init.Prelude	quotient primitive	body=false
REACHABLE	Quot.liftOn	Init.Core	definition	body=true
REACHABLE	Quot.lift	Init.Prelude	quotient primitive	body=false
REACHABLE	Quot.sound	Init.Core	axiom	body=false
REACHABLE	ite_cond_eq_true	Init.SimpLemmas	theorem	body=true
REACHABLE	instDecidableTrue	Init.Core	definition	body=true
REACHABLE	instDecidableEqBool	Init.Prelude	definition	body=true
REACHABLE	Bool.decEq	Init.Prelude	definition	body=true
REACHABLE	Bool.decEq.match_1	Init.Prelude	definition	body=true
REACHABLE	Option.some.injEq	Init.Core	theorem	body=true
REACHABLE	Option.noConfusion	Init.Prelude	definition	body=true
REACHABLE	Option.noConfusionType	Init.Prelude	definition	body=true
REACHABLE	Eq.propIntro	Init.Core	theorem	body=true
REACHABLE	Bool.false_eq_true	Init.Data.Bool	theorem	body=true
REACHABLE	eq_false'	Init.SimpLemmas	theorem	body=true
REACHABLE	eq_false	Init.SimpLemmas	theorem	body=true
REACHABLE	List.filter_cons_of_pos	Init.Data.List.Lemmas	theorem	body=true
REACHABLE	Option.guard	Init.Data.Option.Basic	definition	body=true
REACHABLE	List.Perm.filterMap	Init.Data.List.Perm	theorem	body=true
REACHABLE	List.Perm.filterMap._auxLemma.12	Init.Data.List.Perm	theorem	body=true
REACHABLE	Init.Data.List.Perm._auxLemma.1	Init.Data.List.Perm	theorem	body=true
REACHABLE	List.Perm.filterMap._auxLemma.11	Init.Data.List.Perm	theorem	body=true
REACHABLE	Multiset.ofList	Mathlib.Data.Multiset.Defs	definition	body=true
REACHABLE	Multiset	Mathlib.Data.Multiset.Defs	definition	body=true
REACHABLE	Quotient	Init.Core	definition	body=true
REACHABLE	Finset.mk	Mathlib.Data.Finset.Defs	constructor	body=false
REACHABLE	Finset	Mathlib.Data.Finset.Defs	inductive	body=false
REACHABLE	Multiset.Nodup	Mathlib.Data.Multiset.Defs	definition	body=true
REACHABLE	List.Nodup	Init.Data.List.Basic	definition	body=true
REACHABLE	Ne	Init.Core	definition	body=true
REACHABLE	List.Pairwise	Init.Data.List.Basic	inductive	body=false
REACHABLE	Multiset.Nodup._proof_30	Mathlib.Data.Multiset.Defs	theorem	body=true
REACHABLE	List.Perm.nodup_iff	Init.Data.List.Perm	theorem	body=true
REACHABLE	Ne.symm	Init.Core	theorem	body=true
REACHABLE	List.Perm.pairwise_iff	Init.Data.List.Perm	theorem	body=true
REACHABLE	HAppend.hAppend	Init.Prelude	definition	body=true
REACHABLE	HAppend	Init.Prelude	inductive	body=false
REACHABLE	List.Pairwise.rec	Init.Data.List.Basic	recursor	body=false
REACHABLE	List.instMembership	Init.Data.List.Basic	definition	body=true
REACHABLE	List.Mem	Init.Data.List.Basic	inductive	body=false
REACHABLE	Membership.mk	Init.Prelude	constructor	body=false
REACHABLE	Membership	Init.Prelude	inductive	body=false
REACHABLE	List.Pairwise.nil	Init.Data.List.Basic	constructor	body=false
REACHABLE	Membership.mem	Init.Prelude	definition	body=true
REACHABLE	List.Pairwise.cons	Init.Data.List.Basic	constructor	body=false
REACHABLE	List.instAppend	Init.Data.List.Basic	definition	body=true
REACHABLE	Append.mk	Init.Prelude	constructor	body=false
REACHABLE	Append	Init.Prelude	inductive	body=false
REACHABLE	List.append	Init.Data.List.Basic	definition	body=true
REACHABLE	List.reverseAux.match_1	Init.Data.List.Basic	definition	body=true
REACHABLE	List.mem_cons_self	Init.Data.List.Lemmas	theorem	body=true
REACHABLE	List.Mem.head	Init.Data.List.Basic	constructor	body=false
REACHABLE	List.Perm.cons_inv	Init.Data.List.Perm	theorem	body=true
REACHABLE	List.perm_inv_core	Init.Data.List.Perm	theorem	body=true
REACHABLE	List.Perm.recOnSwap'	Init.Data.List.Perm	theorem	body=true
REACHABLE	List.recOn	Init.Prelude	definition	body=true
REACHABLE	List.Perm.swap'	Init.Data.List.Perm	theorem	body=true
REACHABLE	List.Perm.recOn	Init.Data.List.Basic	definition	body=true
REACHABLE	or_true	Init.SimpLemmas	theorem	body=true
REACHABLE	and_false	Init.SimpLemmas	theorem	body=true
REACHABLE	And.right	Init.Prelude	theorem	body=true
REACHABLE	Init.Data.List.Lemmas._auxLemma.46	Init.Data.List.Lemmas	theorem	body=true
REACHABLE	List.append_eq_nil_iff	Init.Data.List.Lemmas	theorem	body=true
REACHABLE	true_and	Init.SimpLemmas	theorem	body=true
REACHABLE	List.noConfusion	Init.Prelude	definition	body=true
REACHABLE	List.noConfusionType	Init.Prelude	definition	body=true
REACHABLE	instHAppendOfAppend	Init.Prelude	definition	body=true
REACHABLE	Append.append	Init.Prelude	definition	body=true
REACHABLE	HAppend.mk	Init.Prelude	constructor	body=false
REACHABLE	iff_self	Init.SimpLemmas	theorem	body=true
REACHABLE	Iff.rfl	Init.Core	theorem	body=true
REACHABLE	Iff.refl	Init.Core	theorem	body=true
REACHABLE	false_and	Init.SimpLemmas	theorem	body=true
REACHABLE	And.left	Init.Prelude	theorem	body=true
REACHABLE	List.perm_middle	Init.Data.List.Perm	theorem	body=true
REACHABLE	List.perm_middle.match_1	Init.Data.List.Perm	definition	body=true
REACHABLE	List.append_of_mem	Init.Data.List.Lemmas	theorem	body=true
REACHABLE	List.append_of_mem.match_2._@.Init.Data.List.Lemmas._hyg.10909	Init.Data.List.Lemmas	definition	body=true
REACHABLE	List.Mem.below	Init.Data.List.Basic	inductive	body=false
REACHABLE	List.Mem.below.casesOn	Init.Data.List.Basic	definition	body=true
REACHABLE	List.Mem.below.tail	Init.Data.List.Basic	constructor	body=false
REACHABLE	List.Mem.tail	Init.Data.List.Basic	constructor	body=false
REACHABLE	List.Mem.below.rec	Init.Data.List.Basic	recursor	body=false
REACHABLE	List.Mem.below.head	Init.Data.List.Basic	constructor	body=false
REACHABLE	List.cons_append	Init.Data.List.Basic	theorem	body=true
REACHABLE	List.Mem.brecOn	Init.Data.List.Basic	theorem	body=true
REACHABLE	List.Mem.rec	Init.Data.List.Basic	recursor	body=false
REACHABLE	List.append_of_mem.match_1	Init.Data.List.Lemmas	definition	body=true
REACHABLE	Init.Data.List.Lemmas._auxLemma.41	Init.Data.List.Lemmas	theorem	body=true
REACHABLE	List.mem_append	Init.Data.List.Lemmas	theorem	body=true
REACHABLE	List.mem_append._auxLemma.41	Init.Data.List.Lemmas	theorem	body=true
REACHABLE	or_assoc	Init.SimpLemmas	theorem	body=true
REACHABLE	Or.imp_left	Init.SimpLemmas	theorem	body=true
REACHABLE	Init.Data.List.Lemmas._auxLemma.8	Init.Data.List.Lemmas	theorem	body=true
REACHABLE	List.not_mem_nil	Init.Data.List.Lemmas	theorem	body=true
REACHABLE	List.not_mem_nil.match_1	Init.Data.List.Lemmas	definition	body=true
REACHABLE	List.Mem.casesOn	Init.Data.List.Basic	definition	body=true
REACHABLE	false_or	Init.SimpLemmas	theorem	body=true
REACHABLE	false_or.match_1	Init.SimpLemmas	definition	body=true
REACHABLE	False.casesOn	Init.Prelude	definition	body=true
REACHABLE	Init.Data.List.Lemmas._auxLemma.9	Init.Data.List.Lemmas	theorem	body=true
REACHABLE	List.mem_cons	Init.Data.List.Lemmas	theorem	body=true
REACHABLE	List.mem_cons.match_1	Init.Data.List.Lemmas	definition	body=true
REACHABLE	true_or	Init.SimpLemmas	theorem	body=true
REACHABLE	List.Perm.subset	Init.Data.List.Perm	theorem	body=true
REACHABLE	List.Perm.mem_iff	Init.Data.List.Perm	theorem	body=true
REACHABLE	List.Perm.mem_iff._auxLemma.2	Init.Data.List.Perm	theorem	body=true
REACHABLE	List.Perm.mem_iff._auxLemma.3	Init.Data.List.Perm	theorem	body=true
REACHABLE	or_left_comm	Init.PropLemmas	theorem	body=true
REACHABLE	or_comm	Init.Core	theorem	body=true
REACHABLE	Or.comm	Init.Core	theorem	body=true
REACHABLE	Or.symm	Init.Core	theorem	body=true
REACHABLE	HasSubset.Subset	Init.Core	definition	body=true
REACHABLE	HasSubset	Init.Core	inductive	body=false
REACHABLE	List.instHasSubset	Init.Data.List.Basic	definition	body=true
REACHABLE	List.Subset	Init.Data.List.Basic	definition	body=true
REACHABLE	HasSubset.mk	Init.Core	constructor	body=false
REACHABLE	List.pairwise_middle	Init.Data.List.Pairwise	theorem	body=true
REACHABLE	forall_congr	Init.SimpLemmas	theorem	body=true
REACHABLE	implies_congr	Init.SimpLemmas	theorem	body=true
REACHABLE	List.pairwise_middle._auxLemma.1	Init.Data.List.Pairwise	theorem	body=true
REACHABLE	List.pairwise_append	Init.Data.List.Pairwise	theorem	body=true
REACHABLE	Init.Data.List.Basic._auxLemma.2	Init.Data.List.Basic	theorem	body=true
REACHABLE	List.pairwise_cons	Init.Data.List.Basic	theorem	body=true
REACHABLE	List.pairwise_cons.match_2	Init.Data.List.Basic	definition	body=true
REACHABLE	List.pairwise_cons.match_1	Init.Data.List.Basic	definition	body=true
REACHABLE	List.Pairwise.casesOn	Init.Data.List.Basic	definition	body=true
REACHABLE	implies_true	Init.SimpLemmas	theorem	body=true
REACHABLE	Init.PropLemmas._auxLemma.18	Init.PropLemmas	theorem	body=true
REACHABLE	forall_eq	Init.PropLemmas	theorem	body=true
REACHABLE	List.pairwise_append._auxLemma.2	Init.Data.List.Pairwise	theorem	body=true
REACHABLE	forall_and	Init.PropLemmas	theorem	body=true
REACHABLE	forall_and.match_1	Init.PropLemmas	definition	body=true
REACHABLE	List.pairwise_append._auxLemma.4	Init.Data.List.Pairwise	theorem	body=true
REACHABLE	and_left_comm	Init.PropLemmas	theorem	body=true
REACHABLE	and_left_comm.match_2	Init.PropLemmas	definition	body=true
REACHABLE	and_left_comm.match_1	Init.PropLemmas	definition	body=true
REACHABLE	false_implies	Init.SimpLemmas	theorem	body=true
REACHABLE	List.pairwise_append._auxLemma.1	Init.Data.List.Pairwise	theorem	body=true
REACHABLE	or_imp	Init.PropLemmas	theorem	body=true
REACHABLE	or_imp.match_1	Init.PropLemmas	definition	body=true
REACHABLE	Init.Data.List.Basic._auxLemma.1	Init.Data.List.Basic	theorem	body=true
REACHABLE	and_true	Init.SimpLemmas	theorem	body=true
REACHABLE	List.pairwise_append._auxLemma.3	Init.Data.List.Pairwise	theorem	body=true
REACHABLE	and_assoc	Init.SimpLemmas	theorem	body=true
REACHABLE	and_assoc.match_2	Init.SimpLemmas	definition	body=true
REACHABLE	and_assoc.match_1	Init.SimpLemmas	definition	body=true
REACHABLE	List.pairwise_append_comm	Init.Data.List.Pairwise	theorem	body=true
REACHABLE	List.pairwise_append_comm._auxLemma.1	Init.Data.List.Pairwise	theorem	body=true
REACHABLE	List.pairwise_append_comm._auxLemma.2	Init.Data.List.Pairwise	theorem	body=true
REACHABLE	List.append_assoc	Init.Data.List.Basic	theorem	body=true
REACHABLE	List.pairwise_middle._auxLemma.2	Init.Data.List.Pairwise	theorem	body=true
REACHABLE	List.Perm.nil_eq	Init.Data.List.Perm	theorem	body=true
REACHABLE	List.Perm.eq_nil	Init.Data.List.Perm	theorem	body=true
REACHABLE	List.Perm.length_eq	Init.Data.List.Perm	theorem	body=true
REACHABLE	List.length	Init.Prelude	definition	body=true
REACHABLE	List.length.match_1	Init.Prelude	definition	body=true
REACHABLE	List.eq_nil_of_length_eq_zero	Init.Data.List.Lemmas	theorem	body=true
REACHABLE	List.eq_nil_of_length_eq_zero.match_1	Init.Data.List.Lemmas	definition	body=true
REACHABLE	Finset.filter._proof_1	Mathlib.Data.Finset.Filter	theorem	body=true
REACHABLE	Multiset.Nodup.filter	Mathlib.Data.Multiset.Filter	theorem	body=true
REACHABLE	Quot.induction_on	Mathlib.Data.Quot	theorem	body=true
REACHABLE	Quot.ind	Init.Prelude	quotient primitive	body=false
REACHABLE	List.Nodup.filter	Mathlib.Data.List.Nodup	theorem	body=true
REACHABLE	List.Pairwise.filter	Init.Data.List.Pairwise	theorem	body=true
REACHABLE	List.Pairwise.sublist	Init.Data.List.Pairwise	theorem	body=true
REACHABLE	List.Sublist	Init.Data.List.Basic	inductive	body=false
REACHABLE	List.Sublist.below	Init.Data.List.Basic	inductive	body=false
REACHABLE	List.Sublist.subset	Init.Data.List.Sublist	theorem	body=true
REACHABLE	List.Sublist.subset.match_1._@.Init.Data.List.Sublist._hyg.1505	Init.Data.List.Sublist	definition	body=true
REACHABLE	List.Sublist.cons₂	Init.Data.List.Basic	constructor	body=false
REACHABLE	List.Sublist.cons	Init.Data.List.Basic	constructor	body=false
REACHABLE	List.Sublist.slnil	Init.Data.List.Basic	constructor	body=false
REACHABLE	List.Sublist.below.cons₂	Init.Data.List.Basic	constructor	body=false
REACHABLE	List.Sublist.below.slnil	Init.Data.List.Basic	constructor	body=false
REACHABLE	List.Sublist.below.cons	Init.Data.List.Basic	constructor	body=false
REACHABLE	List.Sublist.below.casesOn	Init.Data.List.Basic	definition	body=true
REACHABLE	List.Sublist.below.rec	Init.Data.List.Basic	recursor	body=false
REACHABLE	List.Sublist.brecOn	Init.Data.List.Basic	theorem	body=true
REACHABLE	List.Sublist.rec	Init.Data.List.Basic	recursor	body=false
REACHABLE	List.Pairwise.sublist.match_1._@.Init.Data.List.Pairwise._hyg.209	Init.Data.List.Pairwise	definition	body=true
REACHABLE	List.filter_sublist	Init.Data.List.Lemmas	theorem	body=true
REACHABLE	List.filter_sublist.match_1	Init.Data.List.Lemmas	definition	body=true
REACHABLE	List.filter_sublist._auxLemma.38	Init.Data.List.Lemmas	theorem	body=true
REACHABLE	_private.Init.Data.List.Lemmas.0.List.filter.match_1.splitter	Init.Data.List.Lemmas	definition	body=true
REACHABLE	List.filter_sublist._auxLemma.37	Init.Data.List.Lemmas	theorem	body=true
REACHABLE	Finset.val	Mathlib.Data.Finset.Defs	definition	body=true
REACHABLE	Finset.nodup	Mathlib.Data.Finset.Defs	theorem	body=true
REACHABLE	instDecidableAnd	Init.Prelude	definition	body=true
REACHABLE	instDecidableAnd.match_1	Init.Prelude	definition	body=true
REACHABLE	instDecidableAnd.proof_2	Init.Prelude	theorem	body=true
REACHABLE	instDecidableAnd.proof_1	Init.Prelude	theorem	body=true
REACHABLE	instFintypeProd	Mathlib.Data.Fintype.Prod	definition	body=true
REACHABLE	Fintype.mk	Mathlib.Data.Fintype.Defs	constructor	body=false
REACHABLE	Fintype	Mathlib.Data.Fintype.Defs	inductive	body=false
REACHABLE	Finset.instMembership	Mathlib.Data.Finset.Defs	definition	body=true
REACHABLE	Multiset.instMembership	Mathlib.Data.Multiset.Defs	definition	body=true
REACHABLE	Multiset.Mem	Mathlib.Data.Multiset.Defs	definition	body=true
REACHABLE	Multiset.Mem._proof_4	Mathlib.Data.Multiset.Defs	theorem	body=true
REACHABLE	Finset.instSProd	Mathlib.Data.Finset.Prod	definition	body=true
REACHABLE	Finset.product	Mathlib.Data.Finset.Prod	definition	body=true
REACHABLE	Finset.product._proof_1	Mathlib.Data.Finset.Prod	theorem	body=true
REACHABLE	Multiset.Nodup.product	Mathlib.Data.Multiset.Bind	theorem	body=true
REACHABLE	List.Nodup.product	Mathlib.Data.List.Nodup	theorem	body=true
REACHABLE	List.flatMap	Init.Data.List.Basic	definition	body=true
REACHABLE	List.flatten	Init.Data.List.Basic	definition	body=true
REACHABLE	List.flatten.match_1	Init.Data.List.Basic	definition	body=true
REACHABLE	List.map	Init.Data.List.Basic	definition	body=true
REACHABLE	List.mem_map	Init.Data.List.Lemmas	theorem	body=true
REACHABLE	Init.PropLemmas._auxLemma.29	Init.PropLemmas	theorem	body=true
REACHABLE	exists_eq_or_imp	Init.PropLemmas	theorem	body=true
REACHABLE	Init.PropLemmas._auxLemma.22	Init.PropLemmas	theorem	body=true
REACHABLE	exists_eq_left	Init.PropLemmas	theorem	body=true
REACHABLE	exists_eq_left.match_1	Init.PropLemmas	definition	body=true
REACHABLE	exists_eq_or_imp._auxLemma.29	Init.PropLemmas	theorem	body=true
REACHABLE	or_and_right	Init.PropLemmas	theorem	body=true
REACHABLE	and_comm	Init.Core	theorem	body=true
REACHABLE	And.comm	Init.Core	theorem	body=true
REACHABLE	And.symm	Init.Core	theorem	body=true
REACHABLE	And.symm.match_1	Init.Core	definition	body=true
REACHABLE	and_or_left	Init.PropLemmas	theorem	body=true
REACHABLE	and_or_left.match_1	Init.PropLemmas	definition	body=true
REACHABLE	And.imp_right	Init.PropLemmas	theorem	body=true
REACHABLE	And.imp	Init.PropLemmas	theorem	body=true
REACHABLE	exists_eq_or_imp._auxLemma.30	Init.PropLemmas	theorem	body=true
REACHABLE	exists_or	Init.PropLemmas	theorem	body=true
REACHABLE	exists_or.match_1	Init.PropLemmas	definition	body=true
REACHABLE	exists_or.match_2	Init.PropLemmas	definition	body=true
REACHABLE	eq_comm	Init.Core	theorem	body=true
REACHABLE	Eq.comm	Init.Core	theorem	body=true
REACHABLE	Init.PropLemmas._auxLemma.16	Init.PropLemmas	theorem	body=true
REACHABLE	exists_false	Init.PropLemmas	theorem	body=true
REACHABLE	exists_false.match_1	Init.PropLemmas	definition	body=true
REACHABLE	List.mem_map.match_1	Init.Data.List.Lemmas	definition	body=true
REACHABLE	List.Pairwise.imp	Init.Data.List.Pairwise	theorem	body=true
REACHABLE	List.Pairwise.imp.match_1._@.Init.Data.List.Pairwise._hyg.156	Init.Data.List.Pairwise	definition	body=true
REACHABLE	List.Pairwise.below.cons	Init.Data.List.Basic	constructor	body=false
REACHABLE	List.Pairwise.below	Init.Data.List.Basic	inductive	body=false
REACHABLE	List.Pairwise.below.casesOn	Init.Data.List.Basic	definition	body=true
REACHABLE	List.Pairwise.below.rec	Init.Data.List.Basic	recursor	body=false
REACHABLE	List.Pairwise.below.nil	Init.Data.List.Basic	constructor	body=false
REACHABLE	List.Pairwise.brecOn	Init.Data.List.Basic	theorem	body=true
REACHABLE	Prod.noConfusion	Init.Prelude	definition	body=true
REACHABLE	Prod.noConfusionType	Init.Prelude	definition	body=true
REACHABLE	Prod.casesOn	Init.Prelude	definition	body=true
REACHABLE	Prod.mk	Init.Prelude	constructor	body=false
REACHABLE	Prod.rec	Init.Prelude	recursor	body=false
REACHABLE	List.Nodup.map	Mathlib.Data.List.Nodup	theorem	body=true
REACHABLE	Function.Injective	Mathlib.Logic.Function.Defs	definition	body=true
REACHABLE	List.Nodup.map_on	Mathlib.Data.List.Nodup	theorem	body=true
REACHABLE	List.Pairwise.map	Init.Data.List.Pairwise	theorem	body=true
REACHABLE	List.pairwise_map	Init.Data.List.Pairwise	theorem	body=true
REACHABLE	List.pairwise_map._auxLemma.2	Init.Data.List.Pairwise	theorem	body=true
REACHABLE	List.forall_mem_map	Init.Data.List.Lemmas	theorem	body=true
REACHABLE	Init.PropLemmas._auxLemma.41	Init.PropLemmas	theorem	body=true
REACHABLE	forall_apply_eq_imp_iff₂	Init.PropLemmas	theorem	body=true
REACHABLE	Init.SimpLemmas._auxLemma.4	Init.SimpLemmas	theorem	body=true
REACHABLE	and_imp	Init.SimpLemmas	theorem	body=true
REACHABLE	and_imp.match_1	Init.SimpLemmas	definition	body=true
REACHABLE	Init.Data.List.Lemmas._auxLemma.29	Init.Data.List.Lemmas	theorem	body=true
REACHABLE	Init.PropLemmas._auxLemma.12	Init.PropLemmas	theorem	body=true
REACHABLE	forall_exists_index	Init.PropLemmas	theorem	body=true
REACHABLE	forall_exists_index.match_1	Init.PropLemmas	definition	body=true
REACHABLE	List.pairwise_map._auxLemma.1	Init.Data.List.Pairwise	theorem	body=true
REACHABLE	List.Nodup.map_on.match_1	Mathlib.Data.List.Nodup	definition	body=true
REACHABLE	List.Pairwise.and_mem	Init.Data.List.Pairwise	theorem	body=true
REACHABLE	implies_congr_ctx	Init.SimpLemmas	theorem	body=true
REACHABLE	implies_dep_congr_ctx	Init.SimpLemmas	theorem	body=true
REACHABLE	List.Pairwise.iff_of_mem	Init.Data.List.Pairwise	theorem	body=true
REACHABLE	List.Pairwise.imp_of_mem	Init.Data.List.Pairwise	theorem	body=true
REACHABLE	List.mem_cons_of_mem	Init.Data.List.Lemmas	theorem	body=true
REACHABLE	List.nodup_flatMap	Mathlib.Data.List.Nodup	theorem	body=true
REACHABLE	List.nodup_flatMap._proof_5	Mathlib.Data.List.Nodup	theorem	body=true
REACHABLE	Iff.trans	Init.Core	theorem	body=true
REACHABLE	forall_congr'	Init.PropLemmas	theorem	body=true
REACHABLE	forall_swap	Mathlib.Logic.Basic	theorem	body=true
REACHABLE	List.nodup_flatMap._proof_4	Mathlib.Data.List.Nodup	theorem	body=true
REACHABLE	List.Disjoint	Batteries.Data.List.Basic	definition	body=true
REACHABLE	List.nodup_flatten	Mathlib.Data.List.Nodup	theorem	body=true
REACHABLE	Iff.symm	Init.Core	theorem	body=true
REACHABLE	List.nodup_flatten._proof_5	Mathlib.Data.List.Nodup	theorem	body=true
REACHABLE	List.forall_mem_ne	Init.Data.List.Lemmas	theorem	body=true
REACHABLE	List.nodup_flatten._proof_4	Mathlib.Data.List.Nodup	theorem	body=true
REACHABLE	List.pairwise_flatten	Init.Data.List.Pairwise	theorem	body=true
REACHABLE	List.pairwise_flatten._auxLemma.6	Init.Data.List.Pairwise	theorem	body=true
REACHABLE	List.pairwise_flatten._auxLemma.7	Init.Data.List.Pairwise	theorem	body=true
REACHABLE	List.pairwise_flatten._auxLemma.5	Init.Data.List.Pairwise	theorem	body=true
REACHABLE	List.forall_mem_cons	Init.Data.List.Lemmas	theorem	body=true
REACHABLE	List.forall_mem_cons.match_2	Init.Data.List.Lemmas	definition	body=true
REACHABLE	List.forall_mem_cons.match_1	Init.Data.List.Lemmas	definition	body=true
REACHABLE	List.pairwise_flatten._auxLemma.3	Init.Data.List.Pairwise	theorem	body=true
REACHABLE	exists_imp	Init.PropLemmas	theorem	body=true
REACHABLE	and_congr_left_iff	Init.SimpLemmas	theorem	body=true
REACHABLE	and_congr_right_iff	Init.SimpLemmas	theorem	body=true
REACHABLE	and_congr_right	Init.SimpLemmas	theorem	body=true
REACHABLE	and_congr_right.match_1	Init.SimpLemmas	definition	body=true
REACHABLE	List.pairwise_flatten._auxLemma.1	Init.Data.List.Pairwise	theorem	body=true
REACHABLE	List.pairwise_flatten._auxLemma.8	Init.Data.List.Pairwise	theorem	body=true
REACHABLE	List.pairwise_flatten._auxLemma.2	Init.Data.List.Pairwise	theorem	body=true
REACHABLE	List.mem_flatten	Init.Data.List.Lemmas	theorem	body=true
REACHABLE	instInhabitedList	Init.Prelude	definition	body=true
REACHABLE	Inhabited.mk	Init.Prelude	constructor	body=false
REACHABLE	Inhabited	Init.Prelude	inductive	body=false
REACHABLE	List.mem_flatten.match_1	Init.Data.List.Lemmas	definition	body=true
REACHABLE	Init.PropLemmas._auxLemma.13	Init.PropLemmas	theorem	body=true
REACHABLE	Nonempty	Init.Prelude	inductive	body=false
REACHABLE	exists_const	Init.PropLemmas	theorem	body=true
REACHABLE	exists_const.match_1	Init.PropLemmas	definition	body=true
REACHABLE	Nonempty.elim	Init.Prelude	theorem	body=true
REACHABLE	Nonempty.elim.match_1	Init.Prelude	definition	body=true
REACHABLE	Nonempty.casesOn	Init.Prelude	definition	body=true
REACHABLE	Nonempty.intro	Init.Prelude	constructor	body=false
REACHABLE	Nonempty.rec	Init.Prelude	recursor	body=false
REACHABLE	instNonemptyOfInhabited	Init.Prelude	theorem	body=true
REACHABLE	Inhabited.default	Init.Prelude	definition	body=true
REACHABLE	List.mem_flatten._auxLemma.48	Init.Data.List.Lemmas	theorem	body=true
REACHABLE	List.mem_flatten._auxLemma.49	Init.Data.List.Lemmas	theorem	body=true
REACHABLE	and_self	Init.SimpLemmas	theorem	body=true
REACHABLE	List.pairwise_flatten._auxLemma.4	Init.Data.List.Pairwise	theorem	body=true
REACHABLE	List.disjoint_left	Batteries.Data.List.Lemmas	theorem	body=true
REACHABLE	Init.Core._auxLemma.5	Init.Core	theorem	body=true
REACHABLE	imp_false	Init.Core	theorem	body=true
REACHABLE	List.nodup_flatMap._proof_9	Mathlib.Data.List.Nodup	theorem	body=true
REACHABLE	List.nodup_flatMap._proof_10	Mathlib.Data.List.Nodup	theorem	body=true
REACHABLE	List.nodup_flatMap._proof_6	Mathlib.Data.List.Nodup	theorem	body=true
REACHABLE	forall_eq'	Init.PropLemmas	theorem	body=true
REACHABLE	List.nodup_flatMap._proof_8	Mathlib.Data.List.Nodup	theorem	body=true
REACHABLE	Function.onFun	Mathlib.Logic.Function.Defs	definition	body=true
REACHABLE	Function.LeftInverse.injective	Mathlib.Logic.Function.Defs	theorem	body=true
REACHABLE	instTransEq	Init.Prelude	definition	body=true
REACHABLE	Trans.mk	Init.Prelude	constructor	body=false
REACHABLE	Trans	Init.Prelude	inductive	body=false
REACHABLE	congr_arg	Batteries.Logic	theorem	body=true
REACHABLE	Trans.trans	Init.Prelude	definition	body=true
REACHABLE	List.instSProd	Mathlib.Data.List.Defs	definition	body=true
REACHABLE	SProd.mk	Mathlib.Data.SProd	constructor	body=false
REACHABLE	SProd	Mathlib.Data.SProd	inductive	body=false
REACHABLE	List.product	Batteries.Data.List.Basic	definition	body=true
REACHABLE	SProd.sprod	Mathlib.Data.SProd	definition	body=true
REACHABLE	Quotient.inductionOn₂	Init.Core	theorem	body=true
REACHABLE	Quotient.mk	Init.Core	definition	body=true
REACHABLE	Quotient.ind	Init.Core	theorem	body=true
REACHABLE	_private.Mathlib.Data.Multiset.Defs.0._proof_31	Mathlib.Data.Multiset.Defs	theorem	body=true
REACHABLE	Multiset.coe_nodup	Mathlib.Data.Multiset.Defs	theorem	body=true
REACHABLE	Multiset.instSProd	Mathlib.Data.Multiset.Bind	definition	body=true
REACHABLE	Multiset.product	Mathlib.Data.Multiset.Bind	definition	body=true
REACHABLE	Multiset.bind	Mathlib.Data.Multiset.Bind	definition	body=true
REACHABLE	Multiset.join	Mathlib.Data.Multiset.Bind	definition	body=true
REACHABLE	AddCancelCommMonoid.toAddCommMonoid	Mathlib.Algebra.Group.Defs	definition	body=true
REACHABLE	AddCancelCommMonoid	Mathlib.Algebra.Group.Defs	inductive	body=false
REACHABLE	AddCommMonoid	Mathlib.Algebra.Group.Defs	inductive	body=false
REACHABLE	Multiset.instAddCancelCommMonoid	Mathlib.Algebra.Order.Group.Multiset	definition	body=true
REACHABLE	Multiset.instZero	Mathlib.Data.Multiset.ZeroCons	definition	body=true
REACHABLE	Zero.mk	Init.Prelude	constructor	body=false
REACHABLE	Zero	Init.Prelude	inductive	body=false
REACHABLE	Multiset.zero	Mathlib.Data.Multiset.ZeroCons	definition	body=true
REACHABLE	Multiset.instAddCancelCommMonoid._proof_1	Mathlib.Algebra.Order.Group.Multiset	theorem	body=true
REACHABLE	Multiset.instAdd	Mathlib.Data.Multiset.AddSub	definition	body=true
REACHABLE	Multiset.add	Mathlib.Data.Multiset.AddSub	definition	body=true
REACHABLE	Quotient.liftOn₂	Init.Core	definition	body=true
REACHABLE	instHasEquivOfSetoid	Init.Core	definition	body=true
REACHABLE	HasEquiv.mk	Init.Core	constructor	body=false
REACHABLE	HasEquiv	Init.Core	inductive	body=false
REACHABLE	HasEquiv.Equiv	Init.Core	definition	body=true
REACHABLE	Quotient.lift₂	Init.Core	definition	body=true
REACHABLE	Quotient.lift₂.proof_1	Init.Core	theorem	body=true
REACHABLE	Setoid.refl	Init.Core	theorem	body=true
REACHABLE	Setoid.iseqv	Init.Core	theorem	body=true
REACHABLE	Equivalence.refl	Init.Core	theorem	body=true
REACHABLE	Quotient.lift	Init.Core	definition	body=true
REACHABLE	Quotient.lift₂.proof_4	Init.Core	theorem	body=true
REACHABLE	Quotient.lift₂.proof_2	Init.Core	theorem	body=true
REACHABLE	Quotient.lift₂.proof_3	Init.Core	theorem	body=true
REACHABLE	Multiset.add._proof_1	Mathlib.Data.Multiset.AddSub	theorem	body=true
REACHABLE	List.Perm.append	Init.Data.List.Perm	theorem	body=true
REACHABLE	List.Perm.append_right	Init.Data.List.Perm	theorem	body=true
REACHABLE	List.Perm.append_left	Init.Data.List.Perm	theorem	body=true
REACHABLE	List.Perm.append_left.match_1	Init.Data.List.Perm	definition	body=true
REACHABLE	nsmulRec	Mathlib.Algebra.Group.Defs	definition	body=true
REACHABLE	Zero.toOfNat0	Init.Data.Zero	definition	body=true
REACHABLE	Zero.zero	Init.Prelude	definition	body=true
REACHABLE	npowRec.match_1	Mathlib.Algebra.Group.Defs	definition	body=true
REACHABLE	AddCommMonoid.mk	Mathlib.Algebra.Group.Defs	constructor	body=false
REACHABLE	AddMonoid	Mathlib.Algebra.Group.Defs	inductive	body=false
REACHABLE	AddSemigroup.toAdd	Mathlib.Algebra.Group.Defs	definition	body=true
REACHABLE	AddSemigroup	Mathlib.Algebra.Group.Defs	inductive	body=false
REACHABLE	AddMonoid.toAddSemigroup	Mathlib.Algebra.Group.Defs	definition	body=true
REACHABLE	Multiset.instAddCancelCommMonoid._proof_2	Mathlib.Algebra.Order.Group.Multiset	theorem	body=true
REACHABLE	Multiset.instAddCancelCommMonoid._proof_3	Mathlib.Algebra.Order.Group.Multiset	theorem	body=true
REACHABLE	Multiset.add_right_inj	Mathlib.Data.Multiset.AddSub	theorem	body=true
REACHABLE	_private.Mathlib.Data.Nat.Init.0._proof_18	Mathlib.Data.Nat.Init	theorem	body=true
REACHABLE	Nat.add_right_inj	Mathlib.Data.Nat.Init	theorem	body=true
REACHABLE	Nat.add_left_cancel_iff	Init.Data.Nat.Lemmas	theorem	body=true
REACHABLE	Nat.add_left_cancel	Init.Data.Nat.Basic	theorem	body=true
REACHABLE	Init.Core._auxLemma.4	Init.Core	theorem	body=true
REACHABLE	imp_self	Init.Core	theorem	body=true
REACHABLE	iff_true_intro	Init.Core	theorem	body=true
REACHABLE	iff_of_true	Init.Core	theorem	body=true
REACHABLE	Nat.recAux	Init.Data.Nat.Basic	definition	body=true
REACHABLE	Nat.succ.injEq	Init.Core	theorem	body=true
REACHABLE	Nat.succ.inj	Init.Core	theorem	body=true
REACHABLE	Nat.add_left_cancel_iff.match_1	Init.Data.Nat.Lemmas	definition	body=true
REACHABLE	Multiset.count_add	Mathlib.Data.Multiset.AddSub	theorem	body=true
REACHABLE	Multiset.countP_add	Mathlib.Data.Multiset.AddSub	theorem	body=true
REACHABLE	Multiset.countP	Mathlib.Data.Multiset.Count	definition	body=true
REACHABLE	Multiset.countP._proof_1	Mathlib.Data.Multiset.Count	theorem	body=true
REACHABLE	List.Perm.countP_eq	Init.Data.List.Perm	theorem	body=true
REACHABLE	List.countP_eq_length_filter	Init.Data.List.Count	theorem	body=true
REACHABLE	List.length.eq_2	Init.Data.List.Basic	theorem	body=true
REACHABLE	List.countP_cons_of_neg	Init.Data.List.Count	theorem	body=true
REACHABLE	List.countP.go	Init.Data.List.Basic	definition	body=true
REACHABLE	List.findIdx.go.match_1	Init.Data.List.Basic	definition	body=true
REACHABLE	cond	Init.Prelude	definition	body=true
REACHABLE	cond.match_1	Init.Prelude	definition	body=true
REACHABLE	List.countP	Init.Data.List.Basic	definition	body=true
REACHABLE	List.countP_cons_of_pos	Init.Data.List.Count	theorem	body=true
REACHABLE	List.countP_go_eq_add	Init.Data.List.Count	theorem	body=true
REACHABLE	List.countP.go.eq_def	Init.Data.List.Count	theorem	body=true
REACHABLE	_private.Init.Data.List.Count.0.List.findIdx.go.match_1.splitter	Init.Data.List.Count	definition	body=true
REACHABLE	List.countP.go.eq_1	Init.Data.List.Count	theorem	body=true
REACHABLE	List.countP_append	Init.Data.List.Count	theorem	body=true
REACHABLE	List.filter_append	Init.Data.List.Lemmas	theorem	body=true
REACHABLE	List.filter_append.match_1	Init.Data.List.Lemmas	definition	body=true
REACHABLE	List.length_append	Init.Data.List.Basic	theorem	body=true
REACHABLE	Multiset.count	Mathlib.Data.Multiset.Count	definition	body=true
REACHABLE	Multiset.add_right_inj._proof_3	Mathlib.Data.Multiset.AddSub	theorem	body=true
REACHABLE	Multiset.ext	Mathlib.Data.Multiset.Count	theorem	body=true
REACHABLE	Quotient.eq	Mathlib.Data.Quot	theorem	body=true
REACHABLE	Quotient.sound	Init.Core	theorem	body=true
REACHABLE	Quotient.exact	Init.Core	theorem	body=true
REACHABLE	_private.Init.Core.0.Quotient.rel_of_eq	Init.Core	theorem	body=true
REACHABLE	_private.Init.Core.0.Quotient.rel	Init.Core	definition	body=true
REACHABLE	_private.Init.Core.0.Quotient.rel.proof_1	Init.Core	theorem	body=true
REACHABLE	Setoid.trans	Init.Core	theorem	body=true
REACHABLE	Equivalence.trans	Init.Core	theorem	body=true
REACHABLE	Setoid.symm	Init.Core	theorem	body=true
REACHABLE	Equivalence.symm	Init.Core	theorem	body=true
REACHABLE	Eq.ndrecOn	Init.Core	definition	body=true
REACHABLE	_private.Init.Core.0.Quotient.rel.refl	Init.Core	theorem	body=true
REACHABLE	Quotient.inductionOn	Init.Core	theorem	body=true
REACHABLE	Quot.inductionOn	Init.Core	theorem	body=true
REACHABLE	List.perm_iff_count	Init.Data.List.Perm	theorem	body=true
REACHABLE	List.count_cons_self	Init.Data.List.Count	theorem	body=true
REACHABLE	BEq	Init.Prelude	inductive	body=false
REACHABLE	beq_self_eq_true	Init.SimpLemmas	theorem	body=true
REACHABLE	LawfulBEq.rfl	Init.Core	theorem	body=true
REACHABLE	LawfulBEq	Init.Core	inductive	body=false
REACHABLE	BEq.beq	Init.Prelude	definition	body=true
REACHABLE	List.count	Init.Data.List.Basic	definition	body=true
REACHABLE	List.count_cons	Init.Data.List.Count	theorem	body=true
REACHABLE	List.countP_cons	Init.Data.List.Count	theorem	body=true
REACHABLE	Init.Core._auxLemma.1	Init.Core	theorem	body=true
REACHABLE	beq_iff_eq	Init.Core	theorem	body=true
REACHABLE	LawfulBEq.eq_of_beq	Init.Core	theorem	body=true
REACHABLE	List.Perm.count_eq	Init.Data.List.Perm	theorem	body=true
REACHABLE	instBEqOfDecidableEq	Init.Prelude	definition	body=true
REACHABLE	BEq.mk	Init.Prelude	constructor	body=false
REACHABLE	instHSub	Init.Prelude	definition	body=true
REACHABLE	Sub	Init.Prelude	inductive	body=false
REACHABLE	Sub.sub	Init.Prelude	definition	body=true
REACHABLE	HSub.mk	Init.Prelude	constructor	body=false
REACHABLE	HSub	Init.Prelude	inductive	body=false
REACHABLE	List.erase	Init.Data.List.Basic	definition	body=true
REACHABLE	List.getLastD.match_1	Init.Data.List.Basic	definition	body=true
REACHABLE	Init.Data.Nat.Lemmas._auxLemma.10	Init.Data.Nat.Lemmas	theorem	body=true
REACHABLE	Nat.self_eq_add_left	Init.Data.Nat.Lemmas	theorem	body=true
REACHABLE	Decidable.byContradiction	Init.Core	theorem	body=true
REACHABLE	Nat.self_eq_add_left.omega_1	Init.Data.Nat.Lemmas	theorem	body=true
REACHABLE	Lean.Omega.LinearCombo.coordinate_eval_1	Init.Omega.LinearCombo	theorem	body=true
REACHABLE	Lean.Omega.IntList.get_cons_zero	Init.Omega.IntList	theorem	body=true
REACHABLE	List.instGetElemNatLtLength	Init.GetElem	definition	body=true
REACHABLE	GetElem.mk	Init.GetElem	constructor	body=false
REACHABLE	GetElem	Init.GetElem	inductive	body=false
REACHABLE	Fin.mk	Init.Prelude	constructor	body=false
REACHABLE	List.get	Init.Prelude	definition	body=true
REACHABLE	List.get.match_1	Init.Prelude	definition	body=true
REACHABLE	Fin.casesOn	Init.Prelude	definition	body=true
REACHABLE	Fin.rec	Init.Prelude	recursor	body=false
REACHABLE	List.get.proof_1	Init.Prelude	theorem	body=true
REACHABLE	GetElem?.getElem?	Init.GetElem	definition	body=true
REACHABLE	GetElem?	Init.GetElem	inductive	body=false
REACHABLE	instOfNat	Init.Data.Int.Basic	definition	body=true
REACHABLE	Int	Init.Data.Int.Basic	inductive	body=false
REACHABLE	Int.ofNat	Init.Data.Int.Basic	constructor	body=false
REACHABLE	List.getElem?_eq_getElem	Init.GetElem	theorem	body=true
REACHABLE	List.get.proof_2	Init.Prelude	theorem	body=true
REACHABLE	GetElem.getElem	Init.GetElem	definition	body=true
REACHABLE	Nat.casesAuxOn	Init.Data.Nat.Basic	definition	body=true
REACHABLE	List.instGetElem?NatLtLength	Init.GetElem	definition	body=true
REACHABLE	GetElem?.mk	Init.GetElem	constructor	body=false
REACHABLE	_private.Init.GetElem.0.List.get?Internal	Init.GetElem	definition	body=true
REACHABLE	_private.Init.GetElem.0.List.get?Internal.match_1	Init.GetElem	definition	body=true
REACHABLE	_private.Init.GetElem.0.List.get!Internal	Init.GetElem	definition	body=true
REACHABLE	panicWithPosWithDecl	Init.Util	definition	body=true
REACHABLE	panic	Init.Prelude	definition	body=true
REACHABLE	panicCore	Init.Prelude	definition	body=true
REACHABLE	String	Init.Prelude	inductive	body=false
REACHABLE	_private.Init.Util.0.mkPanicMessageWithDecl	Init.Util	definition	body=true
REACHABLE	String.instAppend	Init.Data.String.Basic	definition	body=true
REACHABLE	String.append	Init.Data.String.Basic	definition	body=true
REACHABLE	Char	Init.Prelude	inductive	body=false
REACHABLE	String.mk	Init.Prelude	constructor	body=false
REACHABLE	String.append.match_1	Init.Data.String.Basic	definition	body=true
REACHABLE	String.casesOn	Init.Prelude	definition	body=true
REACHABLE	String.rec	Init.Prelude	recursor	body=false
REACHABLE	instToStringNat	Init.Data.ToString.Basic	definition	body=true
REACHABLE	Nat.repr	Init.Data.Repr	definition	body=true
REACHABLE	Nat.toDigits	Init.Data.Repr	definition	body=true
REACHABLE	Nat.toDigitsCore	Init.Data.Repr	definition	body=true
REACHABLE	Nat.toDigitsCore.match_1	Init.Data.Repr	definition	body=true
REACHABLE	Nat.instDiv	Init.Data.Nat.Div.Basic	definition	body=true
REACHABLE	Div.mk	Init.Prelude	constructor	body=false
REACHABLE	Div	Init.Prelude	inductive	body=false
REACHABLE	Nat.div	Init.Data.Nat.Div.Basic	definition	body=true
REACHABLE	Nat.decLt	Init.Prelude	definition	body=true
REACHABLE	Nat.decLe	Init.Prelude	definition	body=true
REACHABLE	Nat.not_le_of_not_ble_eq_true	Init.Prelude	theorem	body=true
REACHABLE	Nat.ble_eq_true_of_le	Init.Prelude	theorem	body=true
REACHABLE	Nat.ble_eq_true_of_le.match_1._@.Init.Prelude._hyg.4014	Init.Prelude	definition	body=true
REACHABLE	Nat.ble_self_eq_true	Init.Prelude	theorem	body=true
REACHABLE	Nat.ble_self_eq_true.match_1	Init.Prelude	definition	body=true
REACHABLE	Nat.ble	Init.Prelude	definition	body=true
REACHABLE	Nat.ble_succ_eq_true	Init.Prelude	theorem	body=true
REACHABLE	Nat.ble_succ_eq_true.match_1	Init.Prelude	definition	body=true
REACHABLE	Nat.le_of_ble_eq_true	Init.Prelude	theorem	body=true
REACHABLE	Nat.le_of_ble_eq_true.match_1	Init.Prelude	definition	body=true
REACHABLE	Nat.div.go	Init.Data.Nat.Div.Basic	definition	body=true
REACHABLE	Nat.div.go.match_1	Init.Data.Nat.Div.Basic	definition	body=true
REACHABLE	Nat.div_rec_fuel_lemma	Init.Data.Nat.Div.Basic	theorem	body=true
REACHABLE	Nat.lt_of_lt_of_le	Init.Data.Nat.Basic	theorem	body=true
REACHABLE	Nat.le_of_lt_succ	Init.Prelude	theorem	body=true
REACHABLE	Nat.div_rec_lemma	Init.Data.Nat.Div.Basic	theorem	body=true
REACHABLE	Nat.div_rec_lemma.match_1	Init.Data.Nat.Div.Basic	definition	body=true
REACHABLE	instSubNat	Init.Prelude	definition	body=true
REACHABLE	Nat.sub	Init.Prelude	definition	body=true
REACHABLE	Nat.mul.match_1	Init.Prelude	definition	body=true
REACHABLE	Sub.mk	Init.Prelude	constructor	body=false
REACHABLE	Nat.sub_lt	Init.Data.Nat.Basic	theorem	body=true
REACHABLE	Nat.sub_lt.match_1	Init.Data.Nat.Basic	definition	body=true
REACHABLE	Nat.succ_sub_succ_eq_sub	Init.Data.Nat.Basic	theorem	body=true
REACHABLE	HSub.hSub	Init.Prelude	definition	body=true
REACHABLE	Nat.lt_succ_of_le	Init.Data.Nat.Basic	theorem	body=true
REACHABLE	Nat.sub_le	Init.Data.Nat.Basic	theorem	body=true
REACHABLE	Nat.pred_le	Init.Data.Nat.Basic	theorem	body=true
REACHABLE	Nat.pred_le.match_1	Init.Data.Nat.Basic	definition	body=true
REACHABLE	Nat.div.go.proof_1	Init.Data.Nat.Div.Basic	theorem	body=true
REACHABLE	Nat.lt_succ_self	Init.Data.Nat.Basic	theorem	body=true
REACHABLE	Nat.lt.base	Init.Data.Nat.Basic	theorem	body=true
REACHABLE	HMod.hMod	Init.Prelude	definition	body=true
REACHABLE	HMod	Init.Prelude	inductive	body=false
REACHABLE	Nat.digitChar	Init.Data.Repr	definition	body=true
REACHABLE	Char.ofNat	Init.Prelude	definition	body=true
REACHABLE	instDecidableOr	Init.Prelude	definition	body=true
REACHABLE	instDecidableOr.proof_1	Init.Prelude	theorem	body=true
REACHABLE	instDecidableOr.match_1	Init.Prelude	definition	body=true
REACHABLE	Char.ofNat.proof_1	Init.Prelude	theorem	body=true
REACHABLE	instHPow	Init.Prelude	definition	body=true
REACHABLE	HPow.mk	Init.Prelude	constructor	body=false
REACHABLE	HPow	Init.Prelude	inductive	body=false
REACHABLE	Pow.pow	Init.Prelude	definition	body=true
REACHABLE	Pow	Init.Prelude	inductive	body=false
REACHABLE	HPow.hPow	Init.Prelude	definition	body=true
REACHABLE	instNatPowNat	Init.Prelude	definition	body=true
REACHABLE	NatPow.mk	Init.Prelude	constructor	body=false
REACHABLE	NatPow	Init.Prelude	inductive	body=false
REACHABLE	Nat.pow	Init.Prelude	definition	body=true
REACHABLE	Nat.mul	Init.Prelude	definition	body=true
REACHABLE	of_decide_eq_true	Init.Prelude	theorem	body=true
REACHABLE	of_decide_eq_true.match_1	Init.Prelude	definition	body=true
REACHABLE	decide_eq_false	Init.Prelude	theorem	body=true
REACHABLE	decide_eq_false.match_1	Init.Prelude	definition	body=true
REACHABLE	ne_true_of_eq_false	Init.Prelude	theorem	body=true
REACHABLE	ne_true_of_eq_false.match_1	Init.Prelude	definition	body=true
REACHABLE	instPowNat	Init.Prelude	definition	body=true
REACHABLE	NatPow.pow	Init.Prelude	definition	body=true
REACHABLE	Pow.mk	Init.Prelude	constructor	body=false
REACHABLE	Char.ofNatAux	Init.Prelude	definition	body=true
REACHABLE	Char.mk	Init.Prelude	constructor	body=false
REACHABLE	UInt32.isValidChar	Init.Prelude	definition	body=true
REACHABLE	UInt32	Init.Prelude	inductive	body=false
REACHABLE	Nat.isValidChar	Init.Prelude	definition	body=true
REACHABLE	UInt32.toNat	Init.Prelude	definition	body=true
REACHABLE	BitVec.toNat	Init.Prelude	definition	body=true
REACHABLE	Fin.val	Init.Prelude	definition	body=true
REACHABLE	BitVec.toFin	Init.Prelude	definition	body=true
REACHABLE	BitVec	Init.Prelude	inductive	body=false
REACHABLE	UInt32.toBitVec	Init.Prelude	definition	body=true
REACHABLE	UInt32.ofBitVec	Init.Prelude	constructor	body=false
REACHABLE	_private.Init.Prelude.0.isValidChar_UInt32	Init.Prelude	theorem	body=true
REACHABLE	Nat.lt_trans	Init.Prelude	theorem	body=true
REACHABLE	Nat.le_step	Init.Prelude	theorem	body=true
REACHABLE	_private.Init.Prelude.0.isValidChar_UInt32.match_1	Init.Prelude	definition	body=true
REACHABLE	UInt32.size	Init.Prelude	definition	body=true
REACHABLE	BitVec.ofNatLT	Init.Prelude	definition	body=true
REACHABLE	BitVec.ofFin	Init.Prelude	constructor	body=false
REACHABLE	Char.ofNat.proof_2	Init.Prelude	theorem	body=true
REACHABLE	instHMod	Init.Prelude	definition	body=true
REACHABLE	HMod.mk	Init.Prelude	constructor	body=false
REACHABLE	Mod.mod	Init.Prelude	definition	body=true
REACHABLE	Mod	Init.Prelude	inductive	body=false
REACHABLE	Nat.instMod	Init.Data.Nat.Div.Basic	definition	body=true
REACHABLE	Nat.mod	Init.Data.Nat.Div.Basic	definition	body=true
REACHABLE	Nat.mod.match_1	Init.Data.Nat.Div.Basic	definition	body=true
REACHABLE	namedPattern	Init.Prelude	definition	body=true
REACHABLE	Nat.modCore	Init.Data.Nat.Div.Basic	definition	body=true
REACHABLE	Nat.modCore.go	Init.Data.Nat.Div.Basic	definition	body=true
REACHABLE	Nat.modCore.go.proof_1	Init.Data.Nat.Div.Basic	theorem	body=true
REACHABLE	Mod.mk	Init.Prelude	constructor	body=false
REACHABLE	HDiv.hDiv	Init.Prelude	definition	body=true
REACHABLE	HDiv	Init.Prelude	inductive	body=false
REACHABLE	instHDiv	Init.Prelude	definition	body=true
REACHABLE	Div.div	Init.Prelude	definition	body=true
REACHABLE	HDiv.mk	Init.Prelude	constructor	body=false
REACHABLE	List.asString	Init.Data.String.Basic	definition	body=true
REACHABLE	ToString.mk	Init.Data.ToString.Basic	constructor	body=false
REACHABLE	ToString	Init.Data.ToString.Basic	inductive	body=false
REACHABLE	ToString.toString	Init.Data.ToString.Basic	definition	body=true
REACHABLE	Option.getD	Init.Prelude	definition	body=true
REACHABLE	Option.getD.match_1	Init.Prelude	definition	body=true
REACHABLE	Init.Data.Nat.Basic._auxLemma.14	Init.Data.Nat.Basic	theorem	body=true
REACHABLE	Nat.zero_lt_succ	Init.Prelude	theorem	body=true
REACHABLE	Lean.Omega.IntList.get	Init.Omega.IntList	definition	body=true
REACHABLE	Lean.Omega.IntList	Init.Omega.IntList	definition	body=true
REACHABLE	Lean.Omega.LinearCombo.coordinate_eval	Init.Omega.LinearCombo	theorem	body=true
REACHABLE	instHMul	Init.Prelude	definition	body=true
REACHABLE	Mul.mul	Init.Prelude	definition	body=true
REACHABLE	Mul	Init.Prelude	inductive	body=false
REACHABLE	HMul.mk	Init.Prelude	constructor	body=false
REACHABLE	HMul	Init.Prelude	inductive	body=false
REACHABLE	Lean.Omega.IntList.dot	Init.Omega.IntList	definition	body=true
REACHABLE	Lean.Omega.IntList.instMul	Init.Omega.IntList	definition	body=true
REACHABLE	Lean.Omega.IntList.mul	Init.Omega.IntList	definition	body=true
REACHABLE	Int.instMul	Init.Data.Int.Basic	definition	body=true
REACHABLE	Int.mul	Init.Data.Int.Basic	definition	body=true
REACHABLE	Int.negOfNat	Init.Data.Int.Basic	definition	body=true
REACHABLE	Int.negOfNat.match_1	Init.Data.Int.Basic	definition	body=true
REACHABLE	Int.negSucc	Init.Data.Int.Basic	constructor	body=false
REACHABLE	instMulNat	Init.Prelude	definition	body=true
REACHABLE	Mul.mk	Init.Prelude	constructor	body=false
REACHABLE	Int.add.match_1	Init.Data.Int.Basic	definition	body=true
REACHABLE	Int.casesOn	Init.Data.Int.Basic	definition	body=true
REACHABLE	Int.rec	Init.Data.Int.Basic	recursor	body=false
REACHABLE	HMul.hMul	Init.Prelude	definition	body=true
REACHABLE	List.zipWith	Init.Data.List.Basic	definition	body=true
REACHABLE	List.zipWith.match_1	Init.Data.List.Basic	definition	body=true
REACHABLE	Lean.Omega.IntList.sum	Init.Omega.IntList	definition	body=true
REACHABLE	List.foldr	Init.Data.List.Basic	definition	body=true
REACHABLE	Int.instAdd	Init.Data.Int.Basic	definition	body=true
REACHABLE	Int.add	Init.Data.Int.Basic	definition	body=true
REACHABLE	Int.subNatNat	Init.Data.Int.Basic	definition	body=true
REACHABLE	Int.zero_add	Init.Data.Int.Lemmas	theorem	body=true
REACHABLE	Int.add_zero	Init.Data.Int.Lemmas	theorem	body=true
REACHABLE	Int.add_zero.match_1	Init.Data.Int.Lemmas	definition	body=true
REACHABLE	Int.add_comm	Init.Data.Int.Lemmas	theorem	body=true
REACHABLE	instNatCastInt	Init.Data.Int.Basic	definition	body=true
REACHABLE	NatCast.mk	Init.Data.Cast	constructor	body=false
REACHABLE	NatCast	Init.Data.Cast	inductive	body=false
REACHABLE	Nat.cast	Init.Data.Cast	definition	body=true
REACHABLE	NatCast.natCast	Init.Data.Cast	definition	body=true
REACHABLE	Int.add_comm.match_1	Init.Data.Int.Lemmas	definition	body=true
REACHABLE	Lean.Omega.IntList.dot_set_left	Init.Omega.IntList	theorem	body=true
REACHABLE	Int.zero_mul	Init.Data.Int.Lemmas	theorem	body=true
REACHABLE	Int.mul_comm	Init.Data.Int.Lemmas	theorem	body=true
REACHABLE	Nat.mul_comm	Init.Data.Nat.Basic	theorem	body=true
REACHABLE	Nat.mul_zero	Init.Data.Nat.Basic	theorem	body=true
REACHABLE	Nat.succ_mul	Init.Data.Nat.Basic	theorem	body=true
REACHABLE	Nat.add_succ	Init.Data.Nat.Basic	theorem	body=true
REACHABLE	Nat.mul_succ	Init.Data.Nat.Basic	theorem	body=true
REACHABLE	Nat.zero_mul	Init.Data.Nat.Basic	theorem	body=true
REACHABLE	Nat.zero_mul.match_1	Init.Data.Nat.Basic	definition	body=true
REACHABLE	Nat.mul_comm.match_1	Init.Data.Nat.Basic	definition	body=true
REACHABLE	Int.mul_zero	Init.Data.Int.Lemmas	theorem	body=true
REACHABLE	Int.instSub	Init.Data.Int.Basic	definition	body=true
REACHABLE	Int.sub	Init.Data.Int.Basic	definition	body=true
REACHABLE	Neg.neg	Init.Prelude	definition	body=true
REACHABLE	Neg	Init.Prelude	inductive	body=false
REACHABLE	Int.instNegInt	Init.Data.Int.Basic	definition	body=true
REACHABLE	Int.neg	Init.Data.Int.Basic	definition	body=true
REACHABLE	Int.neg.match_1	Init.Data.Int.Basic	definition	body=true
REACHABLE	Neg.mk	Init.Prelude	constructor	body=false
REACHABLE	Lean.Omega.IntList.get_cons_succ	Init.Omega.IntList	theorem	body=true
REACHABLE	Int.sub_add_cancel	Init.Data.Int.Lemmas	theorem	body=true
REACHABLE	Int.neg_add_cancel_right	Init.Data.Int.Lemmas	theorem	body=true
REACHABLE	Int.add_left_neg	Init.Data.Int.Lemmas	theorem	body=true
REACHABLE	Int.add_left_neg.match_1	Init.Data.Int.Lemmas	definition	body=true
REACHABLE	Init.Data.Int.Lemmas._auxLemma.9	Init.Data.Int.Lemmas	theorem	body=true
REACHABLE	Int.subNat_eq_zero_iff	Init.Data.Int.Lemmas	theorem	body=true
REACHABLE	Nat.ne_of_lt	Init.Data.Nat.Basic	theorem	body=true
REACHABLE	Init.Data.Int.Lemmas._auxLemma.4	Init.Data.Int.Lemmas	theorem	body=true
REACHABLE	Int.ofNat_inj	Init.Data.Int.Lemmas	theorem	body=true
REACHABLE	Int.ofNat.inj	Init.Data.Int.Basic	theorem	body=true
REACHABLE	Int.noConfusion	Init.Data.Int.Basic	definition	body=true
REACHABLE	Int.noConfusionType	Init.Data.Int.Basic	definition	body=true
REACHABLE	Int.subNatNat_of_lt	Init.Data.Int.Lemmas	theorem	body=true
REACHABLE	Nat.sub_pos_of_lt	Init.Data.Nat.Basic	theorem	body=true
REACHABLE	Nat.sub_ne_zero_of_lt	Init.Data.Nat.Basic	theorem	body=true
REACHABLE	Nat.lt_of_succ_lt_succ	Init.Data.Nat.Basic	theorem	body=true
REACHABLE	Nat.sub_ne_zero_of_lt.match_1	Init.Data.Nat.Basic	definition	body=true
REACHABLE	Nat.succ_sub_succ	Init.Data.Nat.Basic	theorem	body=true
REACHABLE	Nat.sub_ne_zero_of_lt._auxLemma.16	Init.Data.Nat.Basic	theorem	body=true
REACHABLE	Nat.succ_ne_zero	Init.Data.Nat.Basic	theorem	body=true
REACHABLE	Init.Data.Nat.Basic._auxLemma.3	Init.Data.Nat.Basic	theorem	body=true
REACHABLE	Nat.add_one_ne_zero	Init.Data.Nat.Basic	theorem	body=true
REACHABLE	Nat.add_one_ne_zero.match_1	Init.Data.Nat.Basic	definition	body=true
REACHABLE	Nat.pos_iff_ne_zero	Init.Data.Nat.Basic	theorem	body=true
REACHABLE	Nat.ne_of_gt	Init.Data.Nat.Basic	theorem	body=true
REACHABLE	Nat.pos_of_ne_zero	Init.Data.Nat.Basic	theorem	body=true
REACHABLE	Nat.eq_zero_or_pos	Init.Data.Nat.Basic	theorem	body=true
REACHABLE	Nat.succ_pos	Init.Prelude	theorem	body=true
REACHABLE	GT.gt	Init.Prelude	definition	body=true
REACHABLE	Nat.eq_zero_or_pos.match_1	Init.Data.Nat.Basic	definition	body=true
REACHABLE	Or.resolve_left	Init.Prelude	theorem	body=true
REACHABLE	Nat.succ_pred_eq_of_pos	Init.Data.Nat.Basic	theorem	body=true
REACHABLE	Nat.succ_pred_eq_of_pos.match_1	Init.Data.Nat.Basic	definition	body=true
REACHABLE	Int.subNatNat_of_sub_eq_succ	Init.Data.Int.Lemmas	theorem	body=true
REACHABLE	Int.subNatNat.eq_1	Init.Data.Int.Lemmas	theorem	body=true
REACHABLE	Init.Data.Int.Lemmas._auxLemma.5	Init.Data.Int.Lemmas	theorem	body=true
REACHABLE	Int.negSucc_ne_zero	Init.Data.Int.Lemmas	theorem	body=true
REACHABLE	Int.negSucc_ne_zero.match_1	Init.Data.Int.Lemmas	definition	body=true
REACHABLE	false_iff	Init.SimpLemmas	theorem	body=true
REACHABLE	Nat.sub_eq_iff_eq_add'	Init.Data.Nat.Basic	theorem	body=true
REACHABLE	Nat.sub_eq_iff_eq_add	Init.Data.Nat.Basic	theorem	body=true
REACHABLE	Nat.add_sub_cancel	Init.Data.Nat.Basic	theorem	body=true
REACHABLE	Nat.sub_zero	Init.Data.Nat.Basic	theorem	body=true
REACHABLE	Nat.add_sub_add_right	Init.Data.Nat.Basic	theorem	body=true
REACHABLE	Nat.add_sub_add_right._auxLemma.16	Init.Data.Nat.Basic	theorem	body=true
REACHABLE	Nat.sub_add_cancel	Init.Data.Nat.Basic	theorem	body=true
REACHABLE	Nat.add_sub_of_le	Init.Data.Nat.Basic	theorem	body=true
REACHABLE	Nat.sub_succ	Init.Data.Nat.Basic	theorem	body=true
REACHABLE	Nat.succ_pred	Init.Data.Nat.Basic	theorem	body=true
REACHABLE	Nat.le_of_succ_le	Init.Data.Nat.Basic	theorem	body=true
REACHABLE	Nat.sub_eq_iff_eq_add.match_1	Init.Data.Nat.Basic	definition	body=true
REACHABLE	Int.subNatNat_of_le	Init.Data.Int.Lemmas	theorem	body=true
REACHABLE	Int.subNatNat_of_sub_eq_zero	Init.Data.Int.Lemmas	theorem	body=true
REACHABLE	Int.ofNat_eq_coe	Init.Data.Int.Basic	theorem	body=true
REACHABLE	Nat.sub_eq_zero_of_le	Init.Data.Nat.Basic	theorem	body=true
REACHABLE	Nat.sub_self_add	Init.Data.Nat.Basic	theorem	body=true
REACHABLE	Nat.add_sub_add_left	Init.Data.Nat.Basic	theorem	body=true
REACHABLE	Nat.zero_sub	Init.Data.Nat.Basic	theorem	body=true
REACHABLE	Nat.le.dest	Init.Data.Nat.Basic	theorem	body=true
REACHABLE	Nat.le.dest.match_2	Init.Data.Nat.Basic	definition	body=true
REACHABLE	Nat.le.dest.match_1	Init.Data.Nat.Basic	definition	body=true
REACHABLE	Nat.sub_eq_zero_of_le.match_1	Init.Data.Nat.Basic	definition	body=true
REACHABLE	Int.add_assoc	Init.Data.Int.Lemmas	theorem	body=true
REACHABLE	Int.add_assoc.match_1	Init.Data.Int.Lemmas	definition	body=true
REACHABLE	Int.add_assoc.aux1	Init.Data.Int.Lemmas	theorem	body=true
REACHABLE	Int.add_assoc.aux1.match_1	Init.Data.Int.Lemmas	definition	body=true
REACHABLE	Int.subNatNat_add	Init.Data.Int.Lemmas	theorem	body=true
REACHABLE	Nat.le_of_lt	Init.Data.Nat.Basic	theorem	body=true
REACHABLE	Nat.sub_one_add_one_eq_of_pos	Init.Data.Nat.Basic	theorem	body=true
REACHABLE	Nat.sub_one_add_one_eq_of_pos.match_1	Init.Data.Nat.Basic	definition	body=true
REACHABLE	Nat.add_sub_assoc	Init.Data.Nat.Basic	theorem	body=true
REACHABLE	Nat.add_sub_cancel_left	Init.Data.Nat.Basic	theorem	body=true
REACHABLE	Int.subNatNat_add_add	Init.Data.Int.Lemmas	theorem	body=true
REACHABLE	Int.subNatNat_add_right	Init.Data.Int.Lemmas	theorem	body=true
REACHABLE	Int.subNatNat_elim	Init.Data.Int.Lemmas	theorem	body=true
REACHABLE	Nat.lt_of_sub_eq_succ	Init.Data.Nat.Basic	theorem	body=true
REACHABLE	Nat.lt_of_sub_pos	Init.Data.Nat.Basic	theorem	body=true
REACHABLE	Nat.lt_of_sub_ne_zero	Init.Data.Nat.Basic	theorem	body=true
REACHABLE	Nat.not_le	Init.Data.Nat.Basic	theorem	body=true
REACHABLE	Nat.not_le_of_gt	Init.Data.Nat.Basic	theorem	body=true
REACHABLE	Nat.not_le_of_gt.match_1	Init.Data.Nat.Basic	definition	body=true
REACHABLE	Eq.subst	Init.Prelude	theorem	body=true
REACHABLE	Nat.gt_of_not_le	Init.Data.Nat.Basic	theorem	body=true
REACHABLE	Or.resolve_right	Init.Prelude	theorem	body=true
REACHABLE	mt	Init.Core	theorem	body=true
REACHABLE	Int.subNatNat_elim.match_1	Init.Data.Int.Lemmas	definition	body=true
REACHABLE	Int.subNatNat_elim.match_2	Init.Data.Int.Lemmas	definition	body=true
REACHABLE	Nat.le_of_sub_eq_zero	Init.Data.Nat.Basic	theorem	body=true
REACHABLE	Nat.le_of_sub_eq_zero.match_1	Init.Data.Nat.Basic	definition	body=true
REACHABLE	Int.subNatNat_add_left	Init.Data.Int.Lemmas	theorem	body=true
REACHABLE	Int.add_assoc.aux2	Init.Data.Int.Lemmas	theorem	body=true
REACHABLE	Int.subNatNat_add_negSucc	Init.Data.Int.Lemmas	theorem	body=true
REACHABLE	Int.subNatNat_sub	Init.Data.Int.Lemmas	theorem	body=true
REACHABLE	Int.negSucc.injEq	Init.Data.Int.Basic	theorem	body=true
REACHABLE	Nat.sub_sub	Init.Data.Nat.Basic	theorem	body=true
REACHABLE	Nat.add_left_comm	Init.Data.Nat.Basic	theorem	body=true
REACHABLE	Lean.Omega.IntList.dot_nil_right	Init.Omega.IntList	theorem	body=true
REACHABLE	Lean.Omega.IntList.mul_nil_right	Init.Omega.IntList	theorem	body=true
REACHABLE	List.zipWith_nil_right	Init.Data.List.Basic	theorem	body=true
REACHABLE	List.zipWith.eq_2	Init.Data.List.Basic	theorem	body=true
REACHABLE	_private.Init.Data.List.Basic.0.List.zipWith.match_1.eq_2	Init.Data.List.Basic	theorem	body=true
REACHABLE	Lean.Omega.IntList.set	Init.Omega.IntList	definition	body=true
REACHABLE	Lean.Omega.IntList.set.match_1	Init.Omega.IntList	definition	body=true
REACHABLE	Int.sub_mul	Init.Data.Int.Lemmas	theorem	body=true
REACHABLE	Int.add_mul	Init.Data.Int.Lemmas	theorem	body=true
REACHABLE	Int.mul_add	Init.Data.Int.Lemmas	theorem	body=true
REACHABLE	Nat.left_distrib	Init.Data.Nat.Basic	theorem	body=true
REACHABLE	Int.ofNat_mul_subNatNat	Init.Data.Int.Lemmas	theorem	body=true
REACHABLE	Int.subNatNat_self	Init.Data.Int.Lemmas	theorem	body=true
REACHABLE	Nat.sub_self	Init.Data.Nat.Basic	theorem	body=true
REACHABLE	Nat.sub_self.match_1	Init.Data.Nat.Basic	definition	body=true
REACHABLE	Int.ofNat_zero	Init.Data.Int.Basic	theorem	body=true
REACHABLE	Int.subNatNat_self.match_1	Init.Data.Int.Lemmas	definition	body=true
REACHABLE	Int.neg_ofNat_succ	Init.Data.Int.Lemmas	theorem	body=true
REACHABLE	Nat.mul_le_mul_left	Init.Data.Nat.Basic	theorem	body=true
REACHABLE	Nat.le.intro	Init.Data.Nat.Basic	theorem	body=true
REACHABLE	Nat.mul_le_mul_left.match_1	Init.Data.Nat.Basic	definition	body=true
REACHABLE	Nat.mul_lt_mul_of_pos_left	Init.Data.Nat.Basic	theorem	body=true
REACHABLE	Nat.add_lt_add_left	Init.Data.Nat.Basic	theorem	body=true
REACHABLE	Nat.add_le_add_left	Init.Data.Nat.Basic	theorem	body=true
REACHABLE	Nat.add_le_add_left.match_1	Init.Data.Nat.Basic	definition	body=true
REACHABLE	Nat.lt_of_succ_le	Init.Data.Nat.Basic	theorem	body=true
REACHABLE	Nat.succ_le_of_lt	Init.Data.Nat.Basic	theorem	body=true
REACHABLE	Nat.mul_sub_left_distrib	Init.Data.Nat.Basic	theorem	body=true
REACHABLE	Nat.mul_sub_right_distrib	Init.Data.Nat.Basic	theorem	body=true
REACHABLE	Nat.pred_mul	Init.Data.Nat.Basic	theorem	body=true
REACHABLE	Nat.pred_succ	Init.Data.Nat.Basic	theorem	body=true
REACHABLE	Int.negOfNat_eq_subNatNat_zero	Init.Data.Int.Lemmas	theorem	body=true
REACHABLE	Int.negSucc_mul_subNatNat	Init.Data.Int.Lemmas	theorem	body=true
REACHABLE	Int.negSucc_mul_ofNat	Init.Data.Int.Lemmas	theorem	body=true
REACHABLE	Int.mul_add.match_1	Init.Data.Int.Lemmas	definition	body=true
REACHABLE	Int.mul_add._auxLemma.19	Init.Data.Int.Lemmas	theorem	body=true
REACHABLE	Nat.right_distrib	Init.Data.Nat.Basic	theorem	body=true
REACHABLE	Int.negOfNat_add	Init.Data.Int.Lemmas	theorem	body=true
REACHABLE	Int.neg_mul	Init.Data.Int.Lemmas	theorem	body=true
REACHABLE	Int.neg_mul_eq_neg_mul	Init.Data.Int.Lemmas	theorem	body=true
REACHABLE	Int.add_right_neg	Init.Data.Int.Lemmas	theorem	body=true
REACHABLE	Int.neg_eq_of_add_eq_zero	Init.Data.Int.Lemmas	theorem	body=true
REACHABLE	Int.add_right_comm	Init.Data.Int.Lemmas	theorem	body=true
REACHABLE	Int.sub_zero	Init.Data.Int.Lemmas	theorem	body=true
REACHABLE	Lean.Omega.Coeffs	Init.Omega.Coeffs	definition	body=true
REACHABLE	Int.one_mul	Init.Data.Int.Lemmas	theorem	body=true
REACHABLE	Nat.one_mul	Init.Data.Nat.Basic	theorem	body=true
REACHABLE	Nat.mul_one	Init.Data.Nat.Basic	theorem	body=true
REACHABLE	Int.one_mul.match_1	Init.Data.Int.Lemmas	definition	body=true
REACHABLE	Lean.Omega.Coeffs.get	Init.Omega.Coeffs	definition	body=true
REACHABLE	Lean.Omega.LinearCombo.coordinate	Init.Omega.LinearCombo	definition	body=true
REACHABLE	Lean.Omega.Coeffs.set	Init.Omega.Coeffs	definition	body=true
REACHABLE	Lean.Omega.LinearCombo.mk	Init.Omega.LinearCombo	constructor	body=false
REACHABLE	Lean.Omega.LinearCombo	Init.Omega.LinearCombo	inductive	body=false
REACHABLE	Lean.Omega.LinearCombo.eval	Init.Omega.LinearCombo	definition	body=true
REACHABLE	Lean.Omega.LinearCombo.const	Init.Omega.LinearCombo	definition	body=true
REACHABLE	Lean.Omega.Coeffs.dot	Init.Omega.Coeffs	definition	body=true
REACHABLE	Lean.Omega.LinearCombo.coeffs	Init.Omega.LinearCombo	definition	body=true
REACHABLE	Lean.Omega.Coeffs.ofList	Init.Omega.Coeffs	definition	body=true
REACHABLE	Int.sub_eq_zero_of_eq	Init.Data.Int.Lemmas	theorem	body=true
REACHABLE	Int.sub_self	Init.Data.Int.Lemmas	theorem	body=true
REACHABLE	Int.sub_eq_add_neg	Init.Data.Int.Lemmas	theorem	body=true
REACHABLE	Lean.Omega.Constraint.isImpossible	Init.Omega.Constraint	definition	body=true
REACHABLE	Lean.Omega.Constraint	Init.Omega.Constraint	inductive	body=false
REACHABLE	Int.decLt	Init.Data.Int.Basic	definition	body=true
REACHABLE	_private.Init.Data.Int.Basic.0.Int.decNonneg	Init.Data.Int.Basic	definition	body=true
REACHABLE	Int.NonNeg.mk	Init.Data.Int.Basic	constructor	body=false
REACHABLE	Int.NonNeg	Init.Data.Int.Basic	inductive	body=false
REACHABLE	_private.Init.Data.Int.Basic.0.Int.decNonneg.proof_1	Init.Data.Int.Basic	theorem	body=true
REACHABLE	_private.Init.Data.Int.Basic.0.Int.decNonneg.match_1	Init.Data.Int.Basic	definition	body=true
REACHABLE	Int.NonNeg.casesOn	Init.Data.Int.Basic	definition	body=true
REACHABLE	Int.NonNeg.rec	Init.Data.Int.Basic	recursor	body=false
REACHABLE	Int.instLTInt	Init.Data.Int.Basic	definition	body=true
REACHABLE	Int.lt	Init.Data.Int.Basic	definition	body=true
REACHABLE	Int.instLEInt	Init.Data.Int.Basic	definition	body=true
REACHABLE	Int.le	Init.Data.Int.Basic	definition	body=true
REACHABLE	Lean.Omega.Constraint.isImpossible.match_1	Init.Omega.Constraint	definition	body=true
REACHABLE	Lean.Omega.Constraint.casesOn	Init.Omega.Constraint	definition	body=true
REACHABLE	Lean.Omega.Constraint.rec	Init.Omega.Constraint	recursor	body=false
REACHABLE	Lean.Omega.Constraint.mk	Init.Omega.Constraint	constructor	body=false
REACHABLE	Lean.Omega.LowerBound	Init.Omega.Constraint	definition	body=true
REACHABLE	Lean.Omega.UpperBound	Init.Omega.Constraint	definition	body=true
REACHABLE	Nat.lt_or_gt_of_ne	Init.Data.Nat.Basic	theorem	body=true
REACHABLE	Nat.lt_or_gt_of_ne.match_1	Init.Data.Nat.Basic	definition	body=true
REACHABLE	Nat.lt_trichotomy	Init.Data.Nat.Basic	theorem	body=true
REACHABLE	Nat.lt_trichotomy.match_2	Init.Data.Nat.Basic	definition	body=true
REACHABLE	Nat.lt_trichotomy.match_1	Init.Data.Nat.Basic	definition	body=true
REACHABLE	Lean.Omega.LinearCombo.instSub	Init.Omega.LinearCombo	definition	body=true
REACHABLE	Lean.Omega.LinearCombo.sub	Init.Omega.LinearCombo	definition	body=true
REACHABLE	Lean.Omega.IntList.instSub	Init.Omega.IntList	definition	body=true
REACHABLE	Lean.Omega.IntList.sub	Init.Omega.IntList	definition	body=true
REACHABLE	List.zipWithAll	Init.Data.List.Basic	definition	body=true
REACHABLE	List.zipWithAll.match_1	Init.Data.List.Basic	definition	body=true
REACHABLE	Lean.Omega.Constraint.addInequality_sat	Init.Omega.Constraint	theorem	body=true
REACHABLE	Lean.Omega.UpperBound.sat	Init.Omega.Constraint	definition	body=true
REACHABLE	Option.all	Init.Data.Option.Basic	definition	body=true
REACHABLE	Option.isSome.match_1	Init.Data.Option.Basic	definition	body=true
REACHABLE	Int.decLe	Init.Data.Int.Basic	definition	body=true
REACHABLE	Lean.Omega.Constraint.sat'	Init.Omega.Constraint	definition	body=true
REACHABLE	Lean.Omega.Constraint.sat	Init.Omega.Constraint	definition	body=true
REACHABLE	Lean.Omega.Constraint.lowerBound	Init.Omega.Constraint	definition	body=true
REACHABLE	Lean.Omega.Constraint.upperBound	Init.Omega.Constraint	definition	body=true
REACHABLE	Lean.Omega.LowerBound.sat	Init.Omega.Constraint	definition	body=true
REACHABLE	Subsingleton.elim	Init.Core	theorem	body=true
REACHABLE	Subsingleton	Init.Core	inductive	body=false
REACHABLE	Subsingleton.allEq	Init.Core	theorem	body=true
REACHABLE	decide_eq_true_eq	Init.SimpLemmas	theorem	body=true
REACHABLE	decide_eq_true	Init.Prelude	theorem	body=true
REACHABLE	decide_eq_true.match_1	Init.Prelude	definition	body=true
REACHABLE	Int.sub_left_le_of_le_add	Init.Data.Int.Order	theorem	body=true
REACHABLE	Int.add_neg_cancel_right	Init.Data.Int.Lemmas	theorem	body=true
REACHABLE	Int.add_le_add_right	Init.Data.Int.Order	theorem	body=true
REACHABLE	Int.add_le_add_left	Init.Data.Int.Order	theorem	body=true
REACHABLE	Int.add_le_add_left.match_1	Init.Data.Int.Order	definition	body=true
REACHABLE	Int.le.dest	Init.Data.Int.Order	theorem	body=true
REACHABLE	Int.le.dest_sub	Init.Data.Int.Order	theorem	body=true
REACHABLE	Int.nonneg_def	Init.Data.Int.Order	theorem	body=true
REACHABLE	Int.nonneg_def.match_2	Init.Data.Int.Order	definition	body=true
REACHABLE	Int.nonneg_def.match_1	Init.Data.Int.Order	definition	body=true
REACHABLE	Int.le.dest.match_1	Init.Data.Int.Order	definition	body=true
REACHABLE	Int.le.intro	Init.Data.Int.Order	theorem	body=true
REACHABLE	Int.le.intro_sub	Init.Data.Int.Order	theorem	body=true
REACHABLE	Int.le.intro_sub._auxLemma.1	Init.Data.Int.Order	theorem	body=true
REACHABLE	Int.le_def	Init.Data.Int.Order	theorem	body=true
REACHABLE	Int.zero_sub	Init.Data.Int.Lemmas	theorem	body=true
REACHABLE	instSubsingletonDecidable	Init.Core	theorem	body=true
REACHABLE	instSubsingletonDecidable.match_1	Init.Core	definition	body=true
REACHABLE	Subsingleton.intro	Init.Core	constructor	body=false
REACHABLE	Lean.Omega.Int.ofNat_congr	Init.Omega.Int	theorem	body=true
REACHABLE	Int.ofNat_add	Init.Data.Int.Lemmas	theorem	body=true
REACHABLE	Lean.Omega.Int.ofNat_lt_of_lt	Init.Omega.Int	theorem	body=true
REACHABLE	Int.ofNat_lt	Init.Data.Int.Order	theorem	body=true
REACHABLE	Int.ofNat_le	Init.Data.Int.Order	theorem	body=true
REACHABLE	Int.ofNat_le.match_2	Init.Data.Int.Order	definition	body=true
REACHABLE	Int.ofNat_le.match_1	Init.Data.Int.Order	definition	body=true
REACHABLE	Int.lt_iff_add_one_le	Init.Data.Int.Order	theorem	body=true
REACHABLE	Int.ofNat_succ	Init.Data.Int.Lemmas	theorem	body=true
REACHABLE	Lean.Omega.LinearCombo.instAdd	Init.Omega.LinearCombo	definition	body=true
REACHABLE	Lean.Omega.LinearCombo.add	Init.Omega.LinearCombo	definition	body=true
REACHABLE	Lean.Omega.IntList.instAdd	Init.Omega.IntList	definition	body=true
REACHABLE	Lean.Omega.IntList.add	Init.Omega.IntList	definition	body=true
REACHABLE	Lean.Omega.LinearCombo.sub_eval	Init.Omega.LinearCombo	theorem	body=true
REACHABLE	Lean.Omega.LinearCombo.instNeg	Init.Omega.LinearCombo	definition	body=true
REACHABLE	Lean.Omega.LinearCombo.neg	Init.Omega.LinearCombo	definition	body=true
REACHABLE	Lean.Omega.IntList.instNeg	Init.Omega.IntList	definition	body=true
REACHABLE	Lean.Omega.IntList.neg	Init.Omega.IntList	definition	body=true
REACHABLE	Lean.Omega.LinearCombo.sub_eq_add_neg	Init.Omega.LinearCombo	theorem	body=true
REACHABLE	Lean.Omega.LinearCombo.casesOn	Init.Omega.LinearCombo	definition	body=true
REACHABLE	Lean.Omega.LinearCombo.rec	Init.Omega.LinearCombo	recursor	body=false
REACHABLE	Lean.Omega.Coeffs.sub_eq_add_neg	Init.Omega.Coeffs	theorem	body=true
REACHABLE	Lean.Omega.IntList.sub_eq_add_neg	Init.Omega.IntList	theorem	body=true
REACHABLE	List.zipWithAll_nil	Init.Data.List.Basic	theorem	body=true
REACHABLE	Init.Data.List.Lemmas._auxLemma.31	Init.Data.List.Lemmas	theorem	body=true
REACHABLE	List.map_inj_left	Init.Data.List.Lemmas	theorem	body=true
REACHABLE	Init.PropLemmas._auxLemma.28	Init.PropLemmas	theorem	body=true
REACHABLE	forall_eq_or_imp	Init.PropLemmas	theorem	body=true
REACHABLE	forall_eq_or_imp._auxLemma.28	Init.PropLemmas	theorem	body=true
REACHABLE	forall_eq_or_imp._auxLemma.29	Init.PropLemmas	theorem	body=true
REACHABLE	List.cons.injEq	Init.Core	theorem	body=true
REACHABLE	List.map_id_fun'	Init.Data.List.Lemmas	theorem	body=true
REACHABLE	List.map_id_fun	Init.Data.List.Lemmas	theorem	body=true
REACHABLE	List.map_map	Init.Data.List.Lemmas	theorem	body=true
REACHABLE	Lean.Omega.LinearCombo.ext	Init.Omega.LinearCombo	theorem	body=true
REACHABLE	Lean.Omega.LinearCombo.add_eval	Init.Omega.LinearCombo	theorem	body=true
REACHABLE	Lean.Omega.Coeffs.dot_distrib_left	Init.Omega.Coeffs	theorem	body=true
REACHABLE	Lean.Omega.IntList.dot_distrib_left	Init.Omega.IntList	theorem	body=true
REACHABLE	Lean.Omega.IntList.sum_add	Init.Omega.IntList	theorem	body=true
REACHABLE	congrFun	Init.Prelude	theorem	body=true
REACHABLE	Int.add_left_comm	Init.Data.Int.Lemmas	theorem	body=true
REACHABLE	Lean.Omega.IntList.mul_distrib_left	Init.Omega.IntList	theorem	body=true
REACHABLE	List.zipWith_self	Init.Data.List.Zip	theorem	body=true
REACHABLE	List.zipWith_self.match_1	Init.Data.List.Zip	definition	body=true
REACHABLE	Lean.Omega.LinearCombo.neg_eval	Init.Omega.LinearCombo	theorem	body=true
REACHABLE	Lean.Omega.IntList.dot_neg_left	Init.Omega.IntList	theorem	body=true
REACHABLE	Lean.Omega.IntList.mul_neg_left	Init.Omega.IntList	theorem	body=true
REACHABLE	Lean.Omega.IntList.sum_neg	Init.Omega.IntList	theorem	body=true
REACHABLE	Int.neg_add	Init.Data.Int.Lemmas	theorem	body=true
REACHABLE	Int.add_left_cancel	Init.Data.Int.Lemmas	theorem	body=true
REACHABLE	Int.add_left_cancel._auxLemma.10	Init.Data.Int.Lemmas	theorem	body=true
REACHABLE	Lean.Omega.Constraint.addEquality_sat	Init.Omega.Constraint	theorem	body=true
REACHABLE	Int.eq_iff_le_and_ge	Init.Data.Int.Order	theorem	body=true
REACHABLE	Int.le_antisymm	Init.Data.Int.Order	theorem	body=true
REACHABLE	Int.le_antisymm.match_2	Init.Data.Int.Order	definition	body=true
REACHABLE	Nat.eq_zero_of_add_eq_zero_left	Init.Data.Nat.Basic	theorem	body=true
REACHABLE	Nat.eq_zero_of_add_eq_zero	Init.Data.Nat.Basic	theorem	body=true
REACHABLE	Nat.eq_zero_of_add_eq_zero.match_1	Init.Data.Nat.Basic	definition	body=true
REACHABLE	Int.le_antisymm.match_1	Init.Data.Int.Order	definition	body=true
REACHABLE	Int.eq_iff_le_and_ge.match_1	Init.Data.Int.Order	definition	body=true
REACHABLE	Init.Data.Int.Order._auxLemma.5	Init.Data.Int.Order	theorem	body=true
REACHABLE	Int.le_refl	Init.Data.Int.Order	theorem	body=true
REACHABLE	Bool.and_eq_true	Init.SimpLemmas	theorem	body=true
REACHABLE	Bool.and	Init.Prelude	definition	body=true
REACHABLE	Bool.and.match_1	Init.Prelude	definition	body=true
REACHABLE	instDecidableEqOfIff	Init.Core	definition	body=true
REACHABLE	instDecidableEqOfIff.proof_1	Init.Core	theorem	body=true
REACHABLE	instDecidableEqOfIff.match_1	Init.Core	definition	body=true
REACHABLE	Lean.Omega.Int.add_nonnneg_iff_neg_le'	Init.Omega.Int	theorem	body=true
REACHABLE	Lean.Omega.Int.add_nonnneg_iff_neg_le	Init.Omega.Int	theorem	body=true
REACHABLE	Lean.Omega.Int.le_add_iff_sub_le	Init.Omega.Int	theorem	body=true
REACHABLE	Int.add_neg_eq_sub	Init.Data.Int.Lemmas	theorem	body=true
REACHABLE	Int.neg_neg	Init.Data.Int.Lemmas	theorem	body=true
REACHABLE	Int.neg_neg.match_1	Init.Data.Int.Lemmas	definition	body=true
REACHABLE	Lean.Omega.Int.add_le_iff_le_sub	Init.Omega.Int	theorem	body=true
REACHABLE	Int.add_le_add_iff_right	Init.Data.Int.Order	theorem	body=true
REACHABLE	Int.le_of_add_le_add_right	Init.Data.Int.Order	theorem	body=true
REACHABLE	Int.le_of_add_le_add_left	Init.Data.Int.Order	theorem	body=true
REACHABLE	Int.neg_add_cancel_left	Init.Data.Int.Lemmas	theorem	body=true
REACHABLE	Bool.decide_and	Init.Data.Bool	theorem	body=true
REACHABLE	Bool.false_and	Init.SimpLemmas	theorem	body=true
REACHABLE	decide_true	Init.Core	theorem	body=true
REACHABLE	decide_true.match_1	Init.Core	definition	body=true
REACHABLE	Bool.true_and	Init.SimpLemmas	theorem	body=true
REACHABLE	decide_false	Init.Core	theorem	body=true
REACHABLE	decide_false.match_1	Init.Core	definition	body=true
REACHABLE	Lean.Omega.Int.add_le_zero_iff_le_neg'	Init.Omega.Int	theorem	body=true
REACHABLE	Lean.Omega.Int.add_le_zero_iff_le_neg	Init.Omega.Int	theorem	body=true
REACHABLE	Lean.Omega.LinearCombo.coordinate_eval_0	Init.Omega.LinearCombo	theorem	body=true
REACHABLE	Lean.Omega.tidy_sat	Init.Omega.Constraint	theorem	body=true
REACHABLE	Lean.Omega.normalize?	Init.Omega.Constraint	definition	body=true
REACHABLE	Lean.Omega.Constraint.trivial	Init.Omega.Constraint	definition	body=true
REACHABLE	Lean.Omega.normalize?.match_1	Init.Omega.Constraint	definition	body=true
REACHABLE	Lean.Omega.Constraint.impossible	Init.Omega.Constraint	definition	body=true
REACHABLE	Lean.Omega.Constraint.div	Init.Omega.Constraint	definition	body=true
REACHABLE	Option.map	Init.Prelude	definition	body=true
REACHABLE	Int.instDiv	Init.Data.Int.DivMod.Basic	definition	body=true
REACHABLE	Int.ediv	Init.Data.Int.DivMod.Basic	definition	body=true
REACHABLE	Int.ediv.match_1	Init.Data.Int.DivMod.Basic	definition	body=true
REACHABLE	Lean.Omega.Coeffs.gcd	Init.Omega.Coeffs	definition	body=true
REACHABLE	Lean.Omega.IntList.gcd	Init.Omega.IntList	definition	body=true
REACHABLE	Int.natAbs	Init.Data.Int.Basic	definition	body=true
REACHABLE	Nat.gcd	Init.Data.Nat.Gcd	definition	body=true
REACHABLE	Nat.gcd._unary	Init.Data.Nat.Gcd	definition	body=true
REACHABLE	Nat.gcd._unary.proof_2	Init.Data.Nat.Gcd	theorem	body=true
REACHABLE	PSigma	Init.Core	inductive	body=false
REACHABLE	Init.Core._auxLemma.7	Init.Core	theorem	body=true
REACHABLE	gt_iff_lt	Init.Core	theorem	body=true
REACHABLE	instSizeOfNat	Init.SizeOf	definition	body=true
REACHABLE	SizeOf.mk	Init.SizeOf	constructor	body=false
REACHABLE	SizeOf	Init.SizeOf	inductive	body=false
REACHABLE	instWellFoundedRelationOfSizeOf	Init.WF	definition	body=true
REACHABLE	sizeOfWFRel	Init.WF	definition	body=true
REACHABLE	SizeOf.sizeOf	Init.SizeOf	definition	body=true
REACHABLE	measure	Init.WF	definition	body=true
REACHABLE	Nat.lt_wfRel	Init.WF	definition	body=true
REACHABLE	Nat.lt_wfRel.proof_1	Init.WF	theorem	body=true
REACHABLE	Acc.inv	Init.WF	theorem	body=true
REACHABLE	Acc.recOn	Init.WF	definition	body=true
REACHABLE	Nat.lt_wfRel.match_1	Init.WF	definition	body=true
REACHABLE	WellFoundedRelation.mk	Init.WF	constructor	body=false
REACHABLE	WellFoundedRelation	Init.WF	inductive	body=false
REACHABLE	invImage	Init.WF	definition	body=true
REACHABLE	invImage.proof_1	Init.WF	theorem	body=true
REACHABLE	InvImage.wf	Init.WF	theorem	body=true
REACHABLE	InvImage	Init.Core	definition	body=true
REACHABLE	InvImage.accessible	Init.WF	theorem	body=true
REACHABLE	_private.Init.WF.0.InvImage.accAux	Init.WF	definition	body=true
REACHABLE	WellFoundedRelation.wf	Init.WF	theorem	body=true
REACHABLE	WellFoundedRelation.rel	Init.WF	definition	body=true
REACHABLE	PSigma.mk	Init.Core	constructor	body=false
REACHABLE	Nat.mod_lt	Init.Data.Nat.Div.Basic	theorem	body=true
REACHABLE	Nat.mod_eq_sub_mod	Init.Data.Nat.Div.Basic	theorem	body=true
REACHABLE	Nat.mod_eq	Init.Data.Nat.Div.Basic	theorem	body=true
REACHABLE	Nat.modCore_eq	Init.Data.Nat.Div.Basic	theorem	body=true
REACHABLE	_private.Init.Data.Nat.Div.Basic.0.Nat.modCore.go.fuel_congr	Init.Data.Nat.Div.Basic	theorem	body=true
REACHABLE	_private.Init.Data.Nat.Div.Basic.0.Nat.modCore.go.fuel_congr.match_1	Init.Data.Nat.Div.Basic	definition	body=true
REACHABLE	dif_neg	Init.Core	theorem	body=true
REACHABLE	dif_neg.match_1	Init.Core	definition	body=true
REACHABLE	dif_pos	Init.Core	theorem	body=true
REACHABLE	dif_pos.match_1	Init.Core	definition	body=true
REACHABLE	Nat.modCore.go.eq_2	Init.Data.Nat.Div.Basic	theorem	body=true
REACHABLE	Nat.modCore_eq_mod	Init.Data.Nat.Div.Basic	theorem	body=true
REACHABLE	Nat.mod.eq_2	Init.Data.Nat.Div.Basic	theorem	body=true
REACHABLE	Nat.modCore_eq_mod.match_2	Init.Data.Nat.Div.Basic	definition	body=true
REACHABLE	Nat.modCore_eq_mod.match_1	Init.Data.Nat.Div.Basic	definition	body=true
REACHABLE	iteInduction	Init.Core	definition	body=true
REACHABLE	Nat.modCore_eq_mod.match_3	Init.Data.Nat.Div.Basic	definition	body=true
REACHABLE	Nat.mod_eq_sub_mod.match_1	Init.Data.Nat.Div.Basic	definition	body=true
REACHABLE	Decidable.not_and_iff_or_not	Init.Core	theorem	body=true
REACHABLE	Decidable.not_and_iff_or_not.match_3	Init.Core	definition	body=true
REACHABLE	Decidable.not_and_iff_or_not.match_2	Init.Core	definition	body=true
REACHABLE	Decidable.not_and_iff_or_not.match_1	Init.Core	definition	body=true
REACHABLE	Nat.mod_lt.match_1	Init.Data.Nat.Div.Basic	definition	body=true
REACHABLE	Nat.mod_eq_of_lt	Init.Data.Nat.Div.Basic	theorem	body=true
REACHABLE	Nat.mod_eq_of_lt.match_1	Init.Data.Nat.Div.Basic	definition	body=true
REACHABLE	Nat.mod_lt.match_2	Init.Data.Nat.Div.Basic	definition	body=true
REACHABLE	Nat.mod.inductionOn	Init.Data.Nat.Div.Basic	definition	body=true
REACHABLE	Nat.div.inductionOn	Init.Data.Nat.Div.Basic	definition	body=true
REACHABLE	Nat.div.inductionOn._unary	Init.Data.Nat.Div.Basic	definition	body=true
REACHABLE	Nat.div.inductionOn._unary.proof_2	Init.Data.Nat.Div.Basic	theorem	body=true
REACHABLE	Nat.div.inductionOn._unary.proof_1	Init.Data.Nat.Div.Basic	theorem	body=true
REACHABLE	Lean.opaqueId	Init.Core	opaque	body=false
REACHABLE	Nat.zero_lt_of_ne_zero	Init.Data.Nat.Basic	theorem	body=true
REACHABLE	Nat.zero_lt_of_ne_zero.match_1	Init.Data.Nat.Basic	definition	body=true
REACHABLE	PSigma.casesOn	Init.Core	definition	body=true
REACHABLE	PSigma.rec	Init.Core	recursor	body=false
REACHABLE	Nat.gcd._unary.proof_1	Init.Data.Nat.Gcd	theorem	body=true
REACHABLE	Lean.Omega.Coeffs.sdiv	Init.Omega.Coeffs	definition	body=true
REACHABLE	Lean.Omega.IntList.sdiv	Init.Omega.IntList	definition	body=true
REACHABLE	_private.Init.Omega.Constraint.0.Lean.Omega.tidy?.match_1.splitter	Init.Omega.Constraint	definition	body=true
REACHABLE	Lean.Omega.positivize?_eq_some	Init.Omega.Constraint	theorem	body=true
REACHABLE	Lean.Omega.positivize?	Init.Omega.Constraint	definition	body=true
REACHABLE	Lean.Omega.Coeffs.leading	Init.Omega.Coeffs	definition	body=true
REACHABLE	Lean.Omega.IntList.leading	Init.Omega.IntList	definition	body=true
REACHABLE	Int.instDecidableEq	Init.Data.Int.Basic	definition	body=true
REACHABLE	Int.decEq	Init.Data.Int.Basic	definition	body=true
REACHABLE	Int.decEq.proof_6	Init.Data.Int.Basic	theorem	body=true
REACHABLE	Int.decEq.match_1	Init.Data.Int.Basic	definition	body=true
REACHABLE	decEq	Init.Prelude	definition	body=true
REACHABLE	Int.decEq.proof_1	Init.Data.Int.Basic	theorem	body=true
REACHABLE	Int.decEq.proof_3	Init.Data.Int.Basic	theorem	body=true
REACHABLE	Int.decEq.proof_2	Init.Data.Int.Basic	theorem	body=true
REACHABLE	Int.decEq.proof_4	Init.Data.Int.Basic	theorem	body=true
REACHABLE	Int.decEq.proof_5	Init.Data.Int.Basic	theorem	body=true
REACHABLE	List.find?	Init.Data.List.Basic	definition	body=true
REACHABLE	Bool.not	Init.Prelude	definition	body=true
REACHABLE	Lean.Omega.Coeffs.smul	Init.Omega.Coeffs	definition	body=true
REACHABLE	Lean.Omega.IntList.smul	Init.Omega.IntList	definition	body=true
REACHABLE	Lean.Omega.Constraint.neg	Init.Omega.Constraint	definition	body=true
REACHABLE	Lean.Omega.Constraint.map	Init.Omega.Constraint	definition	body=true
REACHABLE	Lean.Omega.Constraint.flip	Init.Omega.Constraint	definition	body=true
REACHABLE	Prod.fst	Init.Prelude	definition	body=true
REACHABLE	Lean.Omega.positivizeConstraint	Init.Omega.Constraint	definition	body=true
REACHABLE	Lean.Omega.positivize	Init.Omega.Constraint	definition	body=true
REACHABLE	Lean.Omega.positivizeCoeffs	Init.Omega.Constraint	definition	body=true
REACHABLE	Lean.Omega.tidy?.match_1	Init.Omega.Constraint	definition	body=true
REACHABLE	Lean.Omega.normalize?_eq_some	Init.Omega.Constraint	theorem	body=true
REACHABLE	Lean.Omega.normalizeConstraint	Init.Omega.Constraint	definition	body=true
REACHABLE	Lean.Omega.normalize	Init.Omega.Constraint	definition	body=true
REACHABLE	Lean.Omega.normalizeCoeffs	Init.Omega.Constraint	definition	body=true
REACHABLE	Lean.Omega.tidyConstraint	Init.Omega.Constraint	definition	body=true
REACHABLE	Lean.Omega.tidy	Init.Omega.Constraint	definition	body=true
REACHABLE	Lean.Omega.tidy?	Init.Omega.Constraint	definition	body=true
REACHABLE	Lean.Omega.tidyCoeffs	Init.Omega.Constraint	definition	body=true
REACHABLE	Lean.Omega.positivize_sat	Init.Omega.Constraint	theorem	body=true
REACHABLE	Lean.Omega.IntList.instHMulInt	Init.Omega.IntList	definition	body=true
REACHABLE	Int.neg_eq_neg_one_mul	Init.Data.Int.Lemmas	theorem	body=true
REACHABLE	Int.neg_eq_neg_one_mul.match_1	Init.Data.Int.Lemmas	definition	body=true
REACHABLE	Lean.Omega.Coeffs.dot_smul_left	Init.Omega.Coeffs	theorem	body=true
REACHABLE	Lean.Omega.IntList.dot_smul_left	Init.Omega.IntList	theorem	body=true
REACHABLE	Lean.Omega.IntList.sum_smul	Init.Omega.IntList	theorem	body=true
REACHABLE	Lean.Omega.IntList.mul_smul_left	Init.Omega.IntList	theorem	body=true
REACHABLE	Int.mul_assoc	Init.Data.Int.Lemmas	theorem	body=true
REACHABLE	Int.ofNat_mul_negOfNat	Init.Data.Int.Lemmas	theorem	body=true
REACHABLE	Int.negOfNat_mul_ofNat	Init.Data.Int.Lemmas	theorem	body=true
REACHABLE	Int.negOfNat_mul_negSucc	Init.Data.Int.Lemmas	theorem	body=true
REACHABLE	Int.negSucc_mul_negOfNat	Init.Data.Int.Lemmas	theorem	body=true
REACHABLE	Nat.mul_assoc	Init.Data.Nat.Basic	theorem	body=true
REACHABLE	Nat.mul_assoc.match_1	Init.Data.Nat.Basic	definition	body=true
REACHABLE	Lean.Omega.Constraint.neg_sat	Init.Omega.Constraint	theorem	body=true
REACHABLE	Init.Data.Int.Order._auxLemma.13	Init.Data.Int.Order	theorem	body=true
REACHABLE	Int.neg_le_neg_iff	Init.Data.Int.Order	theorem	body=true
REACHABLE	Int.neg_le_neg	Init.Data.Int.Order	theorem	body=true
REACHABLE	Lean.Omega.normalize_sat	Init.Omega.Constraint	theorem	body=true
REACHABLE	Lean.Omega.normalize_sat._auxLemma.1	Init.Omega.Constraint	theorem	body=true
REACHABLE	Lean.Omega.IntList.gcd_eq_zero	Init.Omega.IntList	theorem	body=true
REACHABLE	Lean.Omega.IntList.gcd_eq_zero._auxLemma.2	Init.Omega.IntList	theorem	body=true
REACHABLE	Nat.instDvd	Init.Data.Nat.Div.Basic	definition	body=true
REACHABLE	Dvd.mk	Init.Prelude	constructor	body=false
REACHABLE	Dvd	Init.Prelude	inductive	body=false
REACHABLE	Int.instDvd	Init.Data.Int.Basic	definition	body=true
REACHABLE	Lean.Omega.IntList.gcd_eq_iff	Init.Omega.IntList	theorem	body=true
REACHABLE	Lean.Omega.IntList.gcd_dvd	Init.Omega.IntList	theorem	body=true
REACHABLE	Nat.gcd_dvd_right	Init.Data.Nat.Gcd	theorem	body=true
REACHABLE	Nat.gcd_dvd	Init.Data.Nat.Gcd	theorem	body=true
REACHABLE	Nat.gcd.induction	Init.Data.Nat.Gcd	theorem	body=true
REACHABLE	Nat.strongRecOn	Init.WF	definition	body=true
REACHABLE	Nat.gcd.induction.match_1	Init.Data.Nat.Gcd	definition	body=true
REACHABLE	Nat.gcd_rec	Init.Data.Nat.Gcd	theorem	body=true
REACHABLE	Nat.gcd.eq_1	Init.Data.Nat.Gcd	theorem	body=true
REACHABLE	Nat.gcd.eq_def	Init.Data.Nat.Gcd	theorem	body=true
REACHABLE	WellFounded.fix_eq	Init.WF	theorem	body=true
REACHABLE	WellFounded.fixFEq	Init.WF	theorem	body=true
REACHABLE	Nat.gcd_rec.match_1	Init.Data.Nat.Gcd	definition	body=true
REACHABLE	Nat.gcd_succ	Init.Data.Nat.Gcd	theorem	body=true
REACHABLE	Nat.gcd_zero_right	Init.Data.Nat.Gcd	theorem	body=true
REACHABLE	Nat.gcd_zero_left	Init.Data.Nat.Gcd	theorem	body=true
REACHABLE	Nat.mod_zero	Init.Data.Nat.Div.Basic	theorem	body=true
REACHABLE	Nat.mod_zero.match_1	Init.Data.Nat.Div.Basic	definition	body=true
REACHABLE	Nat.dvd_refl	Init.Data.Nat.Dvd	theorem	body=true
REACHABLE	Dvd.dvd	Init.Prelude	definition	body=true
REACHABLE	Nat.dvd_mod_iff	Init.Data.Nat.Dvd	theorem	body=true
REACHABLE	Nat.dvd_add_iff_left	Init.Data.Nat.Dvd	theorem	body=true
REACHABLE	Nat.dvd_add_iff_right	Init.Data.Nat.Dvd	theorem	body=true
REACHABLE	Nat.dvd_add_iff_right.match_1	Init.Data.Nat.Dvd	definition	body=true
REACHABLE	Nat.dvd_add_iff_right.match_2	Init.Data.Nat.Dvd	definition	body=true
REACHABLE	Nat.dvd_add	Init.Data.Nat.Dvd	theorem	body=true
REACHABLE	Nat.dvd_add.match_1	Init.Data.Nat.Dvd	definition	body=true
REACHABLE	Nat.dvd_mul_right	Init.Data.Nat.Dvd	theorem	body=true
REACHABLE	Nat.mod_add_div	Init.Data.Nat.Div.Basic	theorem	body=true
REACHABLE	Nat.div_eq	Init.Data.Nat.Div.Basic	theorem	body=true
REACHABLE	Nat.div.go.eq_2	Init.Data.Nat.Div.Basic	theorem	body=true
REACHABLE	_private.Init.Data.Nat.Div.Basic.0.Nat.div.go.fuel_congr	Init.Data.Nat.Div.Basic	theorem	body=true
REACHABLE	_private.Init.Data.Nat.Div.Basic.0.Nat.div.go.fuel_congr.match_1	Init.Data.Nat.Div.Basic	definition	body=true
REACHABLE	Nat.dvd_trans	Init.Data.Nat.Dvd	theorem	body=true
REACHABLE	Nat.dvd_trans.match_1	Init.Data.Nat.Dvd	definition	body=true
REACHABLE	Nat.dvd_zero	Init.Data.Nat.Dvd	theorem	body=true
REACHABLE	Int.ofNat_dvd_left	Init.Data.Int.DivMod.Bootstrap	theorem	body=true
REACHABLE	Int.natAbs_ofNat	Init.Data.Int.Order	theorem	body=true
REACHABLE	Int.natAbs_dvd_natAbs	Init.Data.Int.DivMod.Bootstrap	theorem	body=true
REACHABLE	Int.natAbs_dvd_natAbs.match_2	Init.Data.Int.DivMod.Bootstrap	definition	body=true
REACHABLE	Int.natAbs_dvd_natAbs.match_1	Init.Data.Int.DivMod.Bootstrap	definition	body=true
REACHABLE	Int.mul_neg	Init.Data.Int.Lemmas	theorem	body=true
REACHABLE	Int.neg_mul_eq_mul_neg	Init.Data.Int.Lemmas	theorem	body=true
REACHABLE	Int.dvd_mul_right	Init.Data.Int.DivMod.Bootstrap	theorem	body=true
REACHABLE	Int.natAbs_mul	Init.Data.Int.Order	theorem	body=true
REACHABLE	Int.natAbs_negOfNat	Init.Data.Int.Order	theorem	body=true
REACHABLE	Int.natAbs_eq_natAbs_iff	Init.Data.Int.Order	theorem	body=true
REACHABLE	Int.natAbs_neg	Init.Data.Int.Order	theorem	body=true
REACHABLE	Int.natAbs_neg.match_1	Init.Data.Int.Order	definition	body=true
REACHABLE	Int.natAbs_eq	Init.Data.Int.Order	theorem	body=true
REACHABLE	Int.natAbs_eq.match_1	Init.Data.Int.Order	definition	body=true
REACHABLE	Nat.gcd_dvd_left	Init.Data.Nat.Gcd	theorem	body=true
REACHABLE	Nat.dvd_antisymm	Init.Data.Nat.Dvd	theorem	body=true
REACHABLE	Nat.eq_zero_of_zero_dvd	Init.Data.Nat.Dvd	theorem	body=true
REACHABLE	Nat.eq_zero_of_zero_dvd.match_1	Init.Data.Nat.Dvd	definition	body=true
REACHABLE	Nat.le_of_dvd	Init.Data.Nat.Dvd	theorem	body=true
REACHABLE	Nat.le_of_dvd.match_2	Init.Data.Nat.Dvd	definition	body=true
REACHABLE	Nat.le_of_dvd.match_1	Init.Data.Nat.Dvd	definition	body=true
REACHABLE	Init.Data.Nat.Basic._auxLemma.7	Init.Data.Nat.Basic	theorem	body=true
REACHABLE	Nat.dvd_antisymm.match_1	Init.Data.Nat.Dvd	definition	body=true
REACHABLE	Lean.Omega.IntList.dvd_gcd	Init.Omega.IntList	theorem	body=true
REACHABLE	Lean.Omega.IntList.dvd_gcd._auxLemma.1	Init.Omega.IntList	theorem	body=true
REACHABLE	Init.Data.Nat.Dvd._auxLemma.2	Init.Data.Nat.Dvd	theorem	body=true
REACHABLE	Nat.dvd_gcd	Init.Data.Nat.Gcd	theorem	body=true
REACHABLE	Init.Data.Int.DivMod.Bootstrap._auxLemma.5	Init.Data.Int.DivMod.Bootstrap	theorem	body=true
REACHABLE	Int.zero_dvd	Init.Data.Int.DivMod.Bootstrap	theorem	body=true
REACHABLE	Int.zero_dvd.match_1	Init.Data.Int.DivMod.Bootstrap	definition	body=true
REACHABLE	Int.dvd_refl	Init.Data.Int.DivMod.Bootstrap	theorem	body=true
REACHABLE	Int.mul_one	Init.Data.Int.Lemmas	theorem	body=true
REACHABLE	Lean.Omega.IntList.dot_eq_zero_of_left_eq_zero	Init.Omega.IntList	theorem	body=true
REACHABLE	Lean.Omega.IntList.dot_cons₂	Init.Omega.IntList	theorem	body=true
REACHABLE	not_true_eq_false	Init.SimpLemmas	theorem	body=true
REACHABLE	instDecidableNot	Init.Prelude	definition	body=true
REACHABLE	Lean.Omega.Constraint.trivial_say	Init.Omega.Constraint	theorem	body=true
REACHABLE	Lean.Omega.Constraint.div_sat'	Init.Omega.Constraint	theorem	body=true
REACHABLE	Lean.Omega.Constraint.div_sat	Init.Omega.Constraint	theorem	body=true
REACHABLE	Int.ediv_nonneg_iff_of_pos	Init.Data.Int.DivMod.Bootstrap	theorem	body=true
REACHABLE	Init.Data.Int.Order._auxLemma.10	Init.Data.Int.Order	theorem	body=true
REACHABLE	Int.negSucc_not_nonneg	Init.Data.Int.Order	theorem	body=true
REACHABLE	Init.Data.Int.Order._auxLemma.7	Init.Data.Int.Order	theorem	body=true
REACHABLE	Int.not_le	Init.Data.Int.Order	theorem	body=true
REACHABLE	Int.not_le_of_gt	Init.Data.Int.Order	theorem	body=true
REACHABLE	Int.lt_iff_le_not_le	Init.Data.Int.Order	theorem	body=true
REACHABLE	Int.lt_iff_le_not_le.match_1	Init.Data.Int.Order	definition	body=true
REACHABLE	Not.imp	Init.Core	theorem	body=true
REACHABLE	Int.lt_iff_le_and_ne	Init.Data.Int.Order	theorem	body=true
REACHABLE	Int.le_of_lt	Init.Data.Int.Order	theorem	body=true
REACHABLE	Int.lt.dest	Init.Data.Int.Order	theorem	body=true
REACHABLE	Int.lt.dest.match_1	Init.Data.Int.Order	definition	body=true
REACHABLE	Int.le_of_lt.match_1	Init.Data.Int.Order	definition	body=true
REACHABLE	Int.lt_iff_le_and_ne.match_2	Init.Data.Int.Order	definition	body=true
REACHABLE	Int.lt_iff_le_and_ne.match_1	Init.Data.Int.Order	definition	body=true
REACHABLE	Int.ne_of_lt	Init.Data.Int.Order	theorem	body=true
REACHABLE	Int.lt_irrefl	Init.Data.Int.Order	theorem	body=true
REACHABLE	Int.lt_irrefl.match_1	Init.Data.Int.Order	definition	body=true
REACHABLE	Int.lt.intro	Init.Data.Int.Order	theorem	body=true
REACHABLE	Int.lt_add_succ	Init.Data.Int.Order	theorem	body=true
REACHABLE	Int.lt_iff_le_not_le.match_2	Init.Data.Int.Order	definition	body=true
REACHABLE	Int.lt_of_not_ge	Init.Data.Int.Order	theorem	body=true
REACHABLE	Int.le_total	Init.Data.Int.Order	theorem	body=true
REACHABLE	Int.nonneg_or_nonneg_neg	Init.Data.Int.Order	theorem	body=true
REACHABLE	Int.nonneg_or_nonneg_neg.match_1	Init.Data.Int.Order	definition	body=true
REACHABLE	Int.negSucc_lt_zero	Init.Data.Int.Order	theorem	body=true
REACHABLE	Int.negSucc_lt_zero.match_2	Init.Data.Int.Order	definition	body=true
REACHABLE	Int.eq_ofNat_of_zero_le	Init.Data.Int.Order	theorem	body=true
REACHABLE	Int.negSucc_lt_zero.match_1	Init.Data.Int.Order	definition	body=true
REACHABLE	iff_false	Init.SimpLemmas	theorem	body=true
REACHABLE	Init.Data.Int.Order._auxLemma.2	Init.Data.Int.Order	theorem	body=true
REACHABLE	Int.ofNat_zero_le	Init.Data.Int.Order	theorem	body=true
REACHABLE	Int.div_def	Init.Data.Int.DivMod.Bootstrap	theorem	body=true
REACHABLE	Int.ediv_nonneg_iff_of_pos.match_1	Init.Data.Int.DivMod.Bootstrap	definition	body=true
REACHABLE	Int.sub_neg	Init.Data.Int.Lemmas	theorem	body=true
REACHABLE	Int.add_ediv_of_dvd_left	Init.Data.Int.DivMod.Bootstrap	theorem	body=true
REACHABLE	Int.add_ediv_of_dvd_right	Init.Data.Int.DivMod.Bootstrap	theorem	body=true
REACHABLE	Int.ediv_zero	Init.Data.Int.DivMod.Bootstrap	theorem	body=true
REACHABLE	Int.ediv_zero.match_1	Init.Data.Int.DivMod.Bootstrap	definition	body=true
REACHABLE	Nat.div_zero	Init.Data.Nat.Div.Basic	theorem	body=true
REACHABLE	Init.Data.Nat.Basic._auxLemma.1	Init.Data.Nat.Basic	theorem	body=true
REACHABLE	Int.add_mul_ediv_right	Init.Data.Int.DivMod.Bootstrap	theorem	body=true
REACHABLE	Int.neg_inj	Init.Data.Int.Lemmas	theorem	body=true
REACHABLE	Int.add_mul_ediv_right.match_2	Init.Data.Int.DivMod.Bootstrap	definition	body=true
REACHABLE	Nat.le_div_iff_mul_le	Init.Data.Nat.Div.Basic	theorem	body=true
REACHABLE	Nat.sub_le_sub_iff_right	Init.Data.Nat.Basic	theorem	body=true
REACHABLE	Nat.le_of_sub_le_sub_right	Init.Data.Nat.Basic	theorem	body=true
REACHABLE	Nat.le_of_sub_le_sub_right.match_1	Init.Data.Nat.Basic	definition	body=true
REACHABLE	Nat.sub_le_sub_right	Init.Data.Nat.Basic	theorem	body=true
REACHABLE	Nat.sub_le_sub_right.match_1	Init.Data.Nat.Basic	definition	body=true
REACHABLE	Nat.le_div_iff_mul_le._auxLemma.4	Init.Data.Nat.Div.Basic	theorem	body=true
REACHABLE	Nat.le_zero_eq	Init.SimpLemmas	theorem	body=true
REACHABLE	Init.Data.Nat.Basic._auxLemma.9	Init.Data.Nat.Basic	theorem	body=true
REACHABLE	Nat.le_div_iff_mul_le._auxLemma.5	Init.Data.Nat.Div.Basic	theorem	body=true
REACHABLE	Nat.add_le_add_iff_right	Init.Data.Nat.Basic	theorem	body=true
REACHABLE	Nat.le_of_add_le_add_right	Init.Data.Nat.Basic	theorem	body=true
REACHABLE	Nat.le_of_add_le_add_left	Init.Data.Nat.Basic	theorem	body=true
REACHABLE	Nat.le_of_add_le_add_left.match_1	Init.Data.Nat.Basic	definition	body=true
REACHABLE	Nat.add_le_add_right	Init.Data.Nat.Basic	theorem	body=true
REACHABLE	Int.neg_pos_of_neg	Init.Data.Int.Order	theorem	body=true
REACHABLE	Int.neg_lt_neg	Init.Data.Int.Order	theorem	body=true
REACHABLE	Int.add_lt_add_left	Init.Data.Int.Order	theorem	body=true
REACHABLE	Int.add_lt_add_right	Init.Data.Int.Order	theorem	body=true
REACHABLE	Int.neg_zero	Init.Data.Int.Lemmas	theorem	body=true
REACHABLE	Int.negSucc_eq	Init.Data.Int.Lemmas	theorem	body=true
REACHABLE	Nat.sub_mul_div	Init.Data.Nat.Div.Basic	theorem	body=true
REACHABLE	Nat.sub_mul_div.match_1	Init.Data.Nat.Div.Basic	definition	body=true
REACHABLE	Nat.div_eq_sub_div	Init.Data.Nat.Div.Basic	theorem	body=true
REACHABLE	Int.add_mul_ediv_right.match_3	Init.Data.Int.DivMod.Bootstrap	definition	body=true
REACHABLE	Nat.add_mul_div_right	Init.Data.Nat.Div.Basic	theorem	body=true
REACHABLE	Nat.add_mul_div_left	Init.Data.Nat.Div.Basic	theorem	body=true
REACHABLE	Nat.add_zero	Init.Core	theorem	body=true
REACHABLE	Nat.add_div_right	Init.Data.Nat.Div.Basic	theorem	body=true
REACHABLE	Nat.div_lt_iff_lt_mul	Init.Data.Nat.Div.Basic	theorem	body=true
REACHABLE	not_congr	Init.Core	theorem	body=true
REACHABLE	Int.lt_trichotomy	Init.Data.Int.Order	theorem	body=true
REACHABLE	Int.add_sub_cancel	Init.Data.Int.Lemmas	theorem	body=true
REACHABLE	Nat.not_lt	Init.Data.Nat.Basic	theorem	body=true
REACHABLE	Nat.ge_of_not_lt	Init.Data.Nat.Basic	theorem	body=true
REACHABLE	flip	Init.Core	definition	body=true
REACHABLE	Int.eq_succ_of_zero_lt	Init.Data.Int.Order	theorem	body=true
REACHABLE	Int.eq_succ_of_zero_lt.match_1	Init.Data.Int.Order	definition	body=true
REACHABLE	Int.ediv_neg	Init.Data.Int.DivMod.Bootstrap	theorem	body=true
REACHABLE	Int.ediv_neg.match_1	Init.Data.Int.DivMod.Bootstrap	definition	body=true
REACHABLE	Int.add_mul_ediv_right.match_1	Init.Data.Int.DivMod.Bootstrap	definition	body=true
REACHABLE	Int.neg_mul_neg	Init.Data.Int.Lemmas	theorem	body=true
REACHABLE	Int.ofNat_sub	Init.Data.Int.Lemmas	theorem	body=true
REACHABLE	Int.ofNat_sub.match_1	Init.Data.Int.Lemmas	definition	body=true
REACHABLE	Nat.mul_sub_div	Init.Data.Nat.Div.Basic	theorem	body=true
REACHABLE	Nat.div_eq_of_lt_le	Init.Data.Nat.Div.Basic	theorem	body=true
REACHABLE	Nat.div_mul_le_self	Init.Data.Nat.Div.Basic	theorem	body=true
REACHABLE	Nat.div_mul_le_self.match_1	Init.Data.Nat.Div.Basic	definition	body=true
REACHABLE	Nat.sub_le_sub_left	Init.Data.Nat.Basic	theorem	body=true
REACHABLE	Nat.sub_le_sub_left.match_1	Init.Data.Nat.Basic	definition	body=true
REACHABLE	Int.add_ediv_of_dvd_right.match_1	Init.Data.Int.DivMod.Bootstrap	definition	body=true
REACHABLE	Int.zero_ediv	Init.Data.Int.DivMod.Bootstrap	theorem	body=true
REACHABLE	Int.zero_ediv.match_1	Init.Data.Int.DivMod.Bootstrap	definition	body=true
REACHABLE	Nat.zero_div	Init.Data.Nat.Div.Basic	theorem	body=true
REACHABLE	Init.Core._auxLemma.6	Init.Core	theorem	body=true
REACHABLE	ge_iff_le	Init.Core	theorem	body=true
REACHABLE	Int.le_of_sub_nonneg	Init.Data.Int.Order	theorem	body=true
REACHABLE	Int.sub_nonneg_of_le	Init.Data.Int.Order	theorem	body=true
REACHABLE	Int.sub_ediv_of_dvd	Init.Data.Int.DivMod.Bootstrap	theorem	body=true
REACHABLE	Int.neg_ediv_of_dvd	Init.Data.Int.DivMod.Bootstrap	theorem	body=true
REACHABLE	Int.mul_ediv_cancel_left	Init.Data.Int.DivMod.Bootstrap	theorem	body=true
REACHABLE	Int.mul_ediv_cancel	Init.Data.Int.DivMod.Bootstrap	theorem	body=true
REACHABLE	Int.neg_ediv_of_dvd.match_1	Init.Data.Int.DivMod.Bootstrap	definition	body=true
REACHABLE	Int.dvd_neg	Init.Data.Int.DivMod.Bootstrap	theorem	body=true
REACHABLE	Int.dvd_neg.match_2	Init.Data.Int.DivMod.Bootstrap	definition	body=true
REACHABLE	Int.dvd_neg.match_1	Init.Data.Int.DivMod.Bootstrap	definition	body=true
REACHABLE	Lean.Omega.Coeffs.dot_sdiv_left	Init.Omega.Coeffs	theorem	body=true
REACHABLE	Lean.Omega.IntList.dot_sdiv_left	Init.Omega.IntList	theorem	body=true
REACHABLE	Lean.Omega.IntList.gcd_cons_div_left	Init.Omega.IntList	theorem	body=true
REACHABLE	Lean.Omega.IntList.gcd_cons_div_left._auxLemma.1	Init.Omega.IntList	theorem	body=true
REACHABLE	Int.mul_ediv_assoc'	Init.Data.Int.DivMod.Bootstrap	theorem	body=true
REACHABLE	Int.mul_ediv_assoc	Init.Data.Int.DivMod.Bootstrap	theorem	body=true
REACHABLE	Int.mul_left_comm	Init.Data.Int.Lemmas	theorem	body=true
REACHABLE	Int.mul_ediv_assoc.match_1	Init.Data.Int.DivMod.Bootstrap	definition	body=true
REACHABLE	Int.dvd_trans	Init.Data.Int.DivMod.Bootstrap	theorem	body=true
REACHABLE	Int.dvd_trans.match_1	Init.Data.Int.DivMod.Bootstrap	definition	body=true
REACHABLE	instInhabitedTrue	Init.Core	definition	body=true
REACHABLE	Lean.Omega.IntList.gcd_cons_div_right'	Init.Omega.IntList	theorem	body=true
REACHABLE	Lean.Omega.IntList.gcd_cons_div_right	Init.Omega.IntList	theorem	body=true
REACHABLE	Init.PropLemmas._auxLemma.17	Init.PropLemmas	theorem	body=true
REACHABLE	forall_const	Init.PropLemmas	theorem	body=true
REACHABLE	Lean.Omega.Coeffs.gcd_dvd_dot_left	Init.Omega.Coeffs	theorem	body=true
REACHABLE	Lean.Omega.IntList.gcd_dvd_dot_left	Init.Omega.IntList	theorem	body=true
REACHABLE	Lean.Omega.IntList.dot_mod_gcd_left	Init.Omega.IntList	theorem	body=true
REACHABLE	Int.add_emod	Init.Data.Int.DivMod.Bootstrap	theorem	body=true
REACHABLE	Int.instMod	Init.Data.Int.DivMod.Basic	definition	body=true
REACHABLE	Int.emod	Init.Data.Int.DivMod.Basic	definition	body=true
REACHABLE	Int.emod.match_1	Init.Data.Int.DivMod.Basic	definition	body=true
REACHABLE	Int.emod_add_emod	Init.Data.Int.DivMod.Bootstrap	theorem	body=true
REACHABLE	Int.emod_add_ediv	Init.Data.Int.DivMod.Bootstrap	theorem	body=true
REACHABLE	Int.emod_add_ediv.aux	Init.Data.Int.DivMod.Bootstrap	theorem	body=true
REACHABLE	Int.ofNat_emod	Init.Data.Int.DivMod.Bootstrap	theorem	body=true
REACHABLE	Int.ofNat_ediv	Init.Data.Int.DivMod.Basic	theorem	body=true
REACHABLE	Int.sub_sub_self	Init.Data.Int.Lemmas	theorem	body=true
REACHABLE	Int.sub_sub_self._auxLemma.10	Init.Data.Int.Lemmas	theorem	body=true
REACHABLE	Int.neg_sub	Init.Data.Int.Lemmas	theorem	body=true
REACHABLE	Int.sub_sub	Init.Data.Int.Lemmas	theorem	body=true
REACHABLE	Int.emod_add_ediv.match_1	Init.Data.Int.DivMod.Bootstrap	definition	body=true
REACHABLE	Int.emod_zero	Init.Data.Int.DivMod.Bootstrap	theorem	body=true
REACHABLE	Int.emod_zero.match_1	Init.Data.Int.DivMod.Bootstrap	definition	body=true
REACHABLE	Int.add_mul_emod_self_left	Init.Data.Int.DivMod.Bootstrap	theorem	body=true
REACHABLE	Int.add_mul_emod_self	Init.Data.Int.DivMod.Bootstrap	theorem	body=true
REACHABLE	Int.emod_def	Init.Data.Int.DivMod.Bootstrap	theorem	body=true
REACHABLE	Int.add_emod_emod	Init.Data.Int.DivMod.Bootstrap	theorem	body=true
REACHABLE	Int.emod_emod_of_dvd	Init.Data.Int.DivMod.Bootstrap	theorem	body=true
REACHABLE	Int.emod_emod_of_dvd.match_1	Init.Data.Int.DivMod.Bootstrap	definition	body=true
REACHABLE	Int.mul_emod_right	Init.Data.Int.DivMod.Bootstrap	theorem	body=true
REACHABLE	Int.mul_emod_left	Init.Data.Int.DivMod.Bootstrap	theorem	body=true
REACHABLE	Int.zero_emod	Init.Data.Int.DivMod.Bootstrap	theorem	body=true
REACHABLE	Int.emod_self	Init.Data.Int.DivMod.Bootstrap	theorem	body=true
REACHABLE	Int.ofNat_dvd	Init.Data.Int.DivMod.Bootstrap	theorem	body=true
REACHABLE	Int.ofNat_dvd.match_1	Init.Data.Int.DivMod.Bootstrap	definition	body=true
REACHABLE	Int.ofNat_mul	Init.Data.Int.Lemmas	theorem	body=true
REACHABLE	Int.ofNat_dvd.match_4	Init.Data.Int.DivMod.Bootstrap	definition	body=true
REACHABLE	Int.ofNat_dvd.match_3	Init.Data.Int.DivMod.Bootstrap	definition	body=true
REACHABLE	Int.ofNat_dvd.match_2	Init.Data.Int.DivMod.Bootstrap	definition	body=true
REACHABLE	Int.mul_nonpos_of_nonneg_of_nonpos	Init.Data.Int.Order	theorem	body=true
REACHABLE	Int.mul_le_mul_of_nonneg_left	Init.Data.Int.Order	theorem	body=true
REACHABLE	Int.mul_lt_mul_of_pos_left	Init.Data.Int.Order	theorem	body=true
REACHABLE	Int.sub_pos_of_lt	Init.Data.Int.Order	theorem	body=true
REACHABLE	Int.mul_sub	Init.Data.Int.Lemmas	theorem	body=true
REACHABLE	Int.lt_of_sub_pos	Init.Data.Int.Order	theorem	body=true
REACHABLE	Int.mul_pos	Init.Data.Int.Order	theorem	body=true
REACHABLE	Int.mul_pos.match_1	Init.Data.Int.Order	definition	body=true
REACHABLE	Int.ofNat_succ_pos	Init.Data.Int.Order	theorem	body=true
REACHABLE	Int.dvd_of_emod_eq_zero	Init.Data.Int.DivMod.Bootstrap	theorem	body=true
REACHABLE	Int.mul_ediv_cancel_of_emod_eq_zero	Init.Data.Int.DivMod.Bootstrap	theorem	body=true
REACHABLE	Lean.Omega.Int.sub_congr	Init.Omega.Int	theorem	body=true
REACHABLE	Lean.Omega.combo_sat'	Init.Omega.Constraint	theorem	body=true
REACHABLE	Lean.Omega.Constraint.sat'.eq_1	Init.Omega.Constraint	theorem	body=true
REACHABLE	Lean.Omega.Coeffs.combo_eq_smul_add_smul	Init.Omega.Coeffs	theorem	body=true
REACHABLE	Lean.Omega.IntList.combo_eq_smul_add_smul	Init.Omega.IntList	theorem	body=true
REACHABLE	Lean.Omega.IntList.add_nil	Init.Omega.IntList	theorem	body=true
REACHABLE	Lean.Omega.IntList.cons_add_cons	Init.Omega.IntList	theorem	body=true
REACHABLE	Lean.Omega.IntList.nil_add	Init.Omega.IntList	theorem	body=true
REACHABLE	Lean.Omega.IntList.combo	Init.Omega.IntList	definition	body=true
REACHABLE	Lean.Omega.Coeffs.combo	Init.Omega.Coeffs	definition	body=true
REACHABLE	Lean.Omega.Constraint.combo	Init.Omega.Constraint	definition	body=true
REACHABLE	Lean.Omega.Constraint.scale	Init.Omega.Constraint	definition	body=true
REACHABLE	Lean.Omega.Constraint.add	Init.Omega.Constraint	definition	body=true
REACHABLE	Option.bind	Init.Data.Option.Basic	definition	body=true
REACHABLE	Option.bind.match_1	Init.Data.Option.Basic	definition	body=true
REACHABLE	Lean.Omega.Constraint.combo_sat	Init.Omega.Constraint	theorem	body=true
REACHABLE	Lean.Omega.Constraint.scale_sat	Init.Omega.Constraint	theorem	body=true
REACHABLE	Int.mul_le_mul_of_nonpos_left	Init.Data.Int.Order	theorem	body=true
REACHABLE	Int.mul_le_mul_of_nonpos_right	Init.Data.Int.Order	theorem	body=true
REACHABLE	Int.mul_le_mul_of_nonneg_right	Init.Data.Int.Order	theorem	body=true
REACHABLE	Int.le_of_neg_le_neg	Init.Data.Int.Order	theorem	body=true
REACHABLE	Int.neg_nonneg_of_nonpos	Init.Data.Int.Order	theorem	body=true
REACHABLE	Lean.Omega.Constraint.scale_sat._auxLemma.1	Init.Omega.Constraint	theorem	body=true
REACHABLE	Lean.Omega.Constraint.not_sat_of_isImpossible	Init.Omega.Constraint	theorem	body=true
REACHABLE	Int.lt_of_lt_of_le	Init.Data.Int.Order	theorem	body=true
REACHABLE	Int.le_trans	Init.Data.Int.Order	theorem	body=true
REACHABLE	Int.le_trans.match_1	Init.Data.Int.Order	definition	body=true
REACHABLE	Init.SimpLemmas._auxLemma.5	Init.SimpLemmas	theorem	body=true
REACHABLE	not_and	Init.SimpLemmas	theorem	body=true
REACHABLE	Init.Data.Int.Order._auxLemma.8	Init.Data.Int.Order	theorem	body=true
REACHABLE	Int.not_lt	Init.Data.Int.Order	theorem	body=true
REACHABLE	Decidable.not_not	Init.PropLemmas	theorem	body=true
REACHABLE	Decidable.of_not_not	Init.Core	theorem	body=true
REACHABLE	not_not_intro	Init.Core	theorem	body=true
REACHABLE	Lean.Omega.Constraint.add_sat	Init.Omega.Constraint	theorem	body=true
REACHABLE	Option.bind_none	Init.Data.Option.Lemmas	theorem	body=true
REACHABLE	Int.add_le_add	Init.Data.Int.Order	theorem	body=true
REACHABLE	Lean.Omega.Decidable.and_not_or_not_and_of_not_iff	Init.Omega.Logic	theorem	body=true
REACHABLE	Lean.Omega.Decidable.not_iff_iff_and_not_or_not_and	Init.Omega.Logic	theorem	body=true
REACHABLE	Classical.propDecidable	Init.Classical	definition	body=true
REACHABLE	Classical.propDecidable.proof_1	Init.Classical	theorem	body=true
REACHABLE	Classical.em	Init.Classical	theorem	body=true
REACHABLE	Classical.choose	Init.Classical	definition	body=true
REACHABLE	Classical.indefiniteDescription	Init.Classical	definition	body=true
REACHABLE	Classical.indefiniteDescription.proof_1	Init.Classical	theorem	body=true
REACHABLE	Classical.indefiniteDescription.match_1	Init.Classical	definition	body=true
REACHABLE	Classical.choice	Init.Prelude	axiom	body=false
REACHABLE	Classical.em.match_2	Init.Classical	definition	body=true
REACHABLE	Classical.choose_spec	Init.Classical	theorem	body=true
REACHABLE	Subtype.property	Init.Prelude	theorem	body=true
REACHABLE	Init.Core._auxLemma.2	Init.Core	theorem	body=true
REACHABLE	eq_iff_iff	Init.Core	theorem	body=true
REACHABLE	iff_iff_eq	Init.Core	theorem	body=true
REACHABLE	Iff.of_eq	Init.Core	theorem	body=true
REACHABLE	Classical.em.match_1	Init.Classical	definition	body=true
REACHABLE	Classical.propDecidable.match_1	Init.Classical	definition	body=true
REACHABLE	Lean.Omega.Int.add_congr	Init.Omega.Int	theorem	body=true
REACHABLE	Int.add_one_le_of_lt	Init.Data.Int.Order	theorem	body=true
REACHABLE	le_of_le_of_eq	Init.Core	theorem	body=true
REACHABLE	Lean.Omega.Constraint.not_sat'_of_isImpossible	Init.Omega.Constraint	theorem	body=true
REACHABLE	List.perm_iff_count.match_1	Init.Data.List.Perm	definition	body=true
REACHABLE	List.count_erase_of_ne	Init.Data.List.Count	theorem	body=true
REACHABLE	List.count_erase	Init.Data.List.Count	theorem	body=true
REACHABLE	List.erase_cons	Init.Data.List.Basic	theorem	body=true
REACHABLE	_private.Init.Data.List.Basic.0.List.filter.match_1.splitter	Init.Data.List.Basic	definition	body=true
REACHABLE	List.count_erase.match_1	Init.Data.List.Count	definition	body=true
REACHABLE	beq_false_of_ne	Init.Core	theorem	body=true
REACHABLE	if_false	Init.ByCases	theorem	body=true
REACHABLE	List.perm_cons_erase	Init.Data.List.Perm	theorem	body=true
REACHABLE	List.exists_erase_eq	Init.Data.List.Erase	theorem	body=true
REACHABLE	List.eraseP	Init.Data.List.Basic	definition	body=true
REACHABLE	List.erase_eq_eraseP	Init.Data.List.Erase	theorem	body=true
REACHABLE	List.erase_cons_head	Init.Data.List.Erase	theorem	body=true
REACHABLE	List.eraseP_cons_of_pos	Init.Data.List.Erase	theorem	body=true
REACHABLE	List.erase_cons_tail	Init.Data.List.Erase	theorem	body=true
REACHABLE	List.erase_eq_eraseP.match_1	Init.Data.List.Erase	definition	body=true
REACHABLE	List.eraseP_cons_of_neg	Init.Data.List.Erase	theorem	body=true
REACHABLE	List.exists_erase_eq.match_1	Init.Data.List.Erase	definition	body=true
REACHABLE	List.exists_of_eraseP	Init.Data.List.Erase	theorem	body=true
REACHABLE	List.exists_of_eraseP.match_4	Init.Data.List.Erase	definition	body=true
REACHABLE	List.exists_of_eraseP.match_3	Init.Data.List.Erase	definition	body=true
REACHABLE	List.forall_mem_nil	Init.Data.List.Lemmas	theorem	body=true
REACHABLE	List.forall_mem_nil.match_1	Init.Data.List.Lemmas	definition	body=true
REACHABLE	List.exists_of_eraseP.match_1	Init.Data.List.Erase	definition	body=true
REACHABLE	List.exists_of_eraseP.match_2	Init.Data.List.Erase	definition	body=true
REACHABLE	List.perm_cons_erase.match_1	Init.Data.List.Perm	definition	body=true
REACHABLE	instLawfulBEq	Init.Core	theorem	body=true
REACHABLE	of_decide_eq_self_eq_true	Init.Prelude	theorem	body=true
REACHABLE	of_decide_eq_self_eq_true.match_1	Init.Prelude	definition	body=true
REACHABLE	LawfulBEq.mk	Init.Core	constructor	body=false
REACHABLE	List.perm_iff_count._auxLemma.12	Init.Data.List.Perm	theorem	body=true
REACHABLE	Nat.succ_inj'	Init.Data.Nat.Basic	theorem	body=true
REACHABLE	Eq.to_iff	Init.Core	theorem	body=true
REACHABLE	Init.Data.Nat.Lemmas._auxLemma.6	Init.Data.Nat.Lemmas	theorem	body=true
REACHABLE	Nat.add_right_cancel_iff	Init.Data.Nat.Lemmas	theorem	body=true
REACHABLE	Nat.add_right_cancel_iff.match_1	Init.Data.Nat.Lemmas	definition	body=true
REACHABLE	Nat.add_right_cancel	Init.Data.Nat.Basic	theorem	body=true
REACHABLE	List.count_erase_self	Init.Data.List.Count	theorem	body=true
REACHABLE	List.count_pos_iff	Init.Data.List.Count	theorem	body=true
REACHABLE	Init.Data.List.Count._auxLemma.1	Init.Data.List.Count	theorem	body=true
REACHABLE	List.countP_pos_iff	Init.Data.List.Count	theorem	body=true
REACHABLE	List.countP_pos_iff._auxLemma.1	Init.Data.List.Count	theorem	body=true
REACHABLE	List.length_pos_iff_exists_mem	Init.Data.List.Lemmas	theorem	body=true
REACHABLE	List.length_pos_of_mem	Init.Data.List.Lemmas	theorem	body=true
REACHABLE	List.length_pos_of_mem.match_1	Init.Data.List.Lemmas	definition	body=true
REACHABLE	List.exists_mem_of_length_pos	Init.Data.List.Lemmas	theorem	body=true
REACHABLE	List.exists_mem_of_length_pos.match_1	Init.Data.List.Lemmas	definition	body=true
REACHABLE	List.length_pos_iff_exists_mem.match_1	Init.Data.List.Lemmas	definition	body=true
REACHABLE	List.countP_pos_iff._auxLemma.2	Init.Data.List.Count	theorem	body=true
REACHABLE	List.mem_filter	Init.Data.List.Lemmas	theorem	body=true
REACHABLE	Init.SimpLemmas._auxLemma.10	Init.SimpLemmas	theorem	body=true
REACHABLE	Init.SimpLemmas._auxLemma.19	Init.SimpLemmas	theorem	body=true
REACHABLE	or_iff_right_iff_imp	Init.SimpLemmas	theorem	body=true
REACHABLE	or_iff_left_iff_imp	Init.SimpLemmas	theorem	body=true
REACHABLE	or_iff_left_of_imp	Init.SimpLemmas	theorem	body=true
REACHABLE	List.mem_filter._auxLemma.35	Init.Data.List.Lemmas	theorem	body=true
REACHABLE	or_and_left	Init.PropLemmas	theorem	body=true
REACHABLE	List.mem_filter._auxLemma.36	Init.Data.List.Lemmas	theorem	body=true
REACHABLE	Bool.not_eq_true	Init.SimpLemmas	theorem	body=true
REACHABLE	Init.SimpLemmas._auxLemma.21	Init.SimpLemmas	theorem	body=true
REACHABLE	iff_or_self	Init.SimpLemmas	theorem	body=true
REACHABLE	Iff.comm	Init.Core	theorem	body=true
REACHABLE	List.count_pos_iff._auxLemma.5	Init.Data.List.Count	theorem	body=true
REACHABLE	List.count_pos_iff._auxLemma.6	Init.Data.List.Count	theorem	body=true
REACHABLE	exists_eq_right	Init.PropLemmas	theorem	body=true
REACHABLE	exists_congr	Init.PropLemmas	theorem	body=true
REACHABLE	Exists.imp	Init.PropLemmas	theorem	body=true
REACHABLE	Exists.imp.match_1	Init.PropLemmas	definition	body=true
REACHABLE	Multiset.coe_count	Mathlib.Data.Multiset.Count	theorem	body=true
REACHABLE	Multiset.zero_add	Mathlib.Data.Multiset.AddSub	theorem	body=true
REACHABLE	AddSemigroup.mk	Mathlib.Algebra.Group.Defs	constructor	body=false
REACHABLE	Multiset.add_assoc	Mathlib.Data.Multiset.AddSub	theorem	body=true
REACHABLE	Quotient.inductionOn₃	Init.Core	theorem	body=true
REACHABLE	AddMonoid.mk	Mathlib.Algebra.Group.Defs	constructor	body=false
REACHABLE	AddMonoid.nsmul_succ._autoParam	Mathlib.Algebra.Group.Defs	definition	body=true
REACHABLE	Lean.mkAtom	Init.Prelude	definition	body=true
REACHABLE	Lean.SourceInfo.none	Init.Prelude	constructor	body=false
REACHABLE	Lean.SourceInfo	Init.Prelude	inductive	body=false
REACHABLE	Lean.Syntax.atom	Init.Prelude	constructor	body=false
REACHABLE	Lean.Syntax	Init.Prelude	inductive	body=false
REACHABLE	Lean.Name.mkStr4	Init.Prelude	definition	body=true
REACHABLE	Lean.Name.anonymous	Init.Prelude	constructor	body=false
REACHABLE	Lean.Name	Init.Prelude	inductive	body=false
REACHABLE	Lean.Name.str	Init.Prelude	constructor	body=false
REACHABLE	Lean.Name.mkStr1	Init.Prelude	definition	body=true
REACHABLE	Array.empty	Init.Prelude	definition	body=true
REACHABLE	Array.emptyWithCapacity	Init.Prelude	definition	body=true
REACHABLE	Array.mk	Init.Prelude	constructor	body=false
REACHABLE	Array	Init.Prelude	inductive	body=false
REACHABLE	Array.push	Init.Prelude	definition	body=true
REACHABLE	Array.toList	Init.Prelude	definition	body=true
REACHABLE	List.concat	Init.Prelude	definition	body=true
REACHABLE	List.concat.match_1	Init.Prelude	definition	body=true
REACHABLE	Lean.Syntax.node	Init.Prelude	constructor	body=false
REACHABLE	Lean.SyntaxNodeKind	Init.Prelude	definition	body=true
REACHABLE	autoParam	Init.Tactics	definition	body=true
REACHABLE	AddMonoid.nsmul_zero._autoParam	Mathlib.Algebra.Group.Defs	definition	body=true
REACHABLE	Multiset.add_comm	Mathlib.Data.Multiset.AddSub	theorem	body=true
REACHABLE	List.perm_append_comm	Init.Data.List.Perm	theorem	body=true
REACHABLE	List.append_nil	Init.Data.List.Basic	theorem	body=true
REACHABLE	List.perm_append_comm.match_1	Init.Data.List.Perm	definition	body=true
REACHABLE	AddCancelCommMonoid.mk	Mathlib.Algebra.Group.Defs	constructor	body=false
REACHABLE	AddCommMonoid.toAddMonoid	Mathlib.Algebra.Group.Defs	definition	body=true
REACHABLE	Multiset.add_zero	Mathlib.Data.Multiset.AddSub	theorem	body=true
REACHABLE	Multiset.sum	Mathlib.Algebra.BigOperators.Group.Multiset.Defs	definition	body=true
REACHABLE	AddZeroClass.toAdd	Mathlib.Algebra.Group.Defs	definition	body=true
REACHABLE	AddZeroClass	Mathlib.Algebra.Group.Defs	inductive	body=false
REACHABLE	AddZeroClass.toZero	Mathlib.Algebra.Group.Defs	definition	body=true
REACHABLE	Multiset.sum._proof_2	Mathlib.Algebra.BigOperators.Group.Multiset.Defs	theorem	body=true
REACHABLE	instLeftCommutativeOfCommutativeOfAssociative	Mathlib.Logic.OpClass	theorem	body=true
REACHABLE	Std.Associative	Init.Core	inductive	body=false
REACHABLE	Std.Commutative.comm	Init.Core	theorem	body=true
REACHABLE	Std.Commutative	Init.Core	inductive	body=false
REACHABLE	LeftCommutative.mk	Mathlib.Logic.OpClass	constructor	body=false
REACHABLE	LeftCommutative	Mathlib.Logic.OpClass	inductive	body=false
REACHABLE	Std.Associative.assoc	Init.Core	theorem	body=true
REACHABLE	AddCommMonoid.toAddCommSemigroup	Mathlib.Algebra.Group.Defs	definition	body=true
REACHABLE	AddCommMonoid.add_comm	Mathlib.Algebra.Group.Defs	theorem	body=true
REACHABLE	AddCommSemigroup.mk	Mathlib.Algebra.Group.Defs	constructor	body=false
REACHABLE	AddCommSemigroup	Mathlib.Algebra.Group.Defs	inductive	body=false
REACHABLE	AddCommSemigroup.toAddCommMagma	Mathlib.Algebra.Group.Defs	definition	body=true
REACHABLE	AddCommSemigroup.add_comm	Mathlib.Algebra.Group.Defs	theorem	body=true
REACHABLE	AddCommSemigroup.toAddSemigroup	Mathlib.Algebra.Group.Defs	definition	body=true
REACHABLE	AddCommMagma.mk	Mathlib.Algebra.Group.Defs	constructor	body=false
REACHABLE	AddCommMagma	Mathlib.Algebra.Group.Defs	inductive	body=false
REACHABLE	AddSemigroup.to_isAssociative	Mathlib.Algebra.Group.Basic	theorem	body=true
REACHABLE	Std.Associative.mk	Init.Core	constructor	body=false
REACHABLE	add_assoc	Mathlib.Algebra.Group.Defs	theorem	body=true
REACHABLE	AddSemigroup.add_assoc	Mathlib.Algebra.Group.Defs	theorem	body=true
REACHABLE	AddCommMagma.to_isCommutative	Mathlib.Algebra.Group.Basic	theorem	body=true
REACHABLE	AddCommMagma.toAdd	Mathlib.Algebra.Group.Defs	definition	body=true
REACHABLE	Std.Commutative.mk	Init.Core	constructor	body=false
REACHABLE	add_comm	Mathlib.Algebra.Group.Defs	theorem	body=true
REACHABLE	AddCommMagma.add_comm	Mathlib.Algebra.Group.Defs	theorem	body=true
REACHABLE	AddMonoid.toAddZeroClass	Mathlib.Algebra.Group.Defs	definition	body=true
REACHABLE	AddMonoid.zero_add	Mathlib.Algebra.Group.Defs	theorem	body=true
REACHABLE	AddMonoid.toZero	Mathlib.Algebra.Group.Defs	definition	body=true
REACHABLE	AddZeroClass.mk	Mathlib.Algebra.Group.Defs	constructor	body=false
REACHABLE	AddMonoid.add_zero	Mathlib.Algebra.Group.Defs	theorem	body=true
REACHABLE	Multiset.foldr	Mathlib.Data.Multiset.MapFold	definition	body=true
REACHABLE	List.Perm.foldr_eq	Mathlib.Data.List.Perm.Basic	theorem	body=true
REACHABLE	LeftCommutative.left_comm	Mathlib.Logic.OpClass	theorem	body=true
REACHABLE	Multiset.map	Mathlib.Data.Multiset.MapFold	definition	body=true
REACHABLE	Multiset.map._proof_1	Mathlib.Data.Multiset.MapFold	theorem	body=true
REACHABLE	List.Perm.map	Init.Data.List.Perm	theorem	body=true
REACHABLE	List.filterMap_eq_map	Init.Data.List.Lemmas	theorem	body=true
REACHABLE	Multiset.coe_product	Mathlib.Data.Multiset.Bind	theorem	body=true
REACHABLE	List.product.eq_1	Batteries.Data.List.Basic	theorem	body=true
REACHABLE	Multiset.product.eq_1	Mathlib.Data.Multiset.Bind	theorem	body=true
REACHABLE	Multiset.coe_bind	Mathlib.Data.Multiset.Bind	theorem	body=true
REACHABLE	List.flatMap.eq_1	Init.Data.List.Basic	theorem	body=true
REACHABLE	Multiset.coe_join	Mathlib.Data.Multiset.Bind	theorem	body=true
REACHABLE	Multiset.coe_join.match_1	Mathlib.Data.Multiset.Bind	definition	body=true
REACHABLE	Finset.univ	Mathlib.Data.Fintype.Defs	definition	body=true
REACHABLE	Fintype.elems	Mathlib.Data.Fintype.Defs	definition	body=true
REACHABLE	instFintypeProd._proof_1	Mathlib.Data.Fintype.Prod	theorem	body=true
REACHABLE	_private.Mathlib.Data.Finset.Prod.0._proof_2	Mathlib.Data.Finset.Prod	theorem	body=true
REACHABLE	Finset.mem_product	Mathlib.Data.Finset.Prod	theorem	body=true
REACHABLE	Multiset.mem_product	Mathlib.Data.Multiset.Bind	theorem	body=true
REACHABLE	_private.Mathlib.Data.Multiset.MapFold.0._proof_2	Mathlib.Data.Multiset.MapFold	theorem	body=true
REACHABLE	Multiset.mem_map	Mathlib.Data.Multiset.MapFold	theorem	body=true
REACHABLE	Prod.mk.injEq	Init.Core	theorem	body=true
REACHABLE	_private.Mathlib.Data.Multiset.Bind.0._proof_2	Mathlib.Data.Multiset.Bind	theorem	body=true
REACHABLE	Multiset.mem_bind	Mathlib.Data.Multiset.Bind	theorem	body=true
REACHABLE	_private.Mathlib.Data.Multiset.Bind.0._proof_1	Mathlib.Data.Multiset.Bind	theorem	body=true
REACHABLE	Multiset.mem_join	Mathlib.Data.Multiset.Bind	theorem	body=true
REACHABLE	_private.Mathlib.Data.Multiset.AddSub.0._proof_2	Mathlib.Data.Multiset.AddSub	theorem	body=true
REACHABLE	Multiset.mem_add	Mathlib.Data.Multiset.AddSub	theorem	body=true
REACHABLE	Multiset.join_cons	Mathlib.Data.Multiset.Bind	theorem	body=true
REACHABLE	Multiset.sum_cons	Mathlib.Algebra.BigOperators.Group.Multiset.Defs	theorem	body=true
REACHABLE	Multiset.foldr_cons	Mathlib.Data.Multiset.MapFold	theorem	body=true
REACHABLE	Multiset.cons	Mathlib.Data.Multiset.ZeroCons	definition	body=true
REACHABLE	Multiset.cons._proof_3	Mathlib.Data.Multiset.ZeroCons	theorem	body=true
REACHABLE	Multiset.mem_join._proof_1	Mathlib.Data.Multiset.Bind	theorem	body=true
REACHABLE	_private.Mathlib.Data.Multiset.ZeroCons.0._proof_7	Mathlib.Data.Multiset.ZeroCons	theorem	body=true
REACHABLE	Multiset.mem_cons	Mathlib.Data.Multiset.ZeroCons	theorem	body=true
REACHABLE	Multiset.induction_on	Mathlib.Data.Multiset.ZeroCons	theorem	body=true
REACHABLE	Multiset.induction	Mathlib.Data.Multiset.ZeroCons	theorem	body=true
REACHABLE	Multiset.inhabitedMultiset	Mathlib.Data.Multiset.ZeroCons	definition	body=true
REACHABLE	_private.Mathlib.Data.Multiset.ZeroCons.0._proof_8	Mathlib.Data.Multiset.ZeroCons	theorem	body=true
REACHABLE	Multiset.not_mem_zero	Mathlib.Data.Multiset.ZeroCons	theorem	body=true
REACHABLE	Multiset.mem_join._proof_2	Mathlib.Data.Multiset.Bind	theorem	body=true
REACHABLE	_private.Mathlib.Logic.Basic.0._proof_18	Mathlib.Logic.Basic	theorem	body=true
REACHABLE	exists_exists_and_eq_and	Mathlib.Logic.Basic	theorem	body=true
REACHABLE	exists_exists_and_eq_and.match_2	Mathlib.Logic.Basic	definition	body=true
REACHABLE	exists_exists_and_eq_and.match_1	Mathlib.Logic.Basic	definition	body=true
REACHABLE	Init.PropLemmas._auxLemma.24	Init.PropLemmas	theorem	body=true
REACHABLE	exists_and_left	Init.PropLemmas	theorem	body=true
REACHABLE	exists_and_left.match_2	Init.PropLemmas	definition	body=true
REACHABLE	exists_and_left.match_1	Init.PropLemmas	definition	body=true
REACHABLE	Init.PropLemmas._auxLemma.23	Init.PropLemmas	theorem	body=true
REACHABLE	Multiset.mem_product._proof_4	Mathlib.Data.Multiset.Bind	theorem	body=true
REACHABLE	Multiset.mem_product.match_1	Mathlib.Data.Multiset.Bind	definition	body=true
REACHABLE	_private.Mathlib.Data.Fintype.Defs.0._proof_1	Mathlib.Data.Fintype.Defs	theorem	body=true
REACHABLE	Finset.mem_univ	Mathlib.Data.Fintype.Defs	theorem	body=true
REACHABLE	Fintype.complete	Mathlib.Data.Fintype.Defs	theorem	body=true
REACHABLE	instFintypeProd.match_1	Mathlib.Data.Fintype.Prod	definition	body=true
REACHABLE	Finset.card	Mathlib.Data.Finset.Card	definition	body=true
REACHABLE	Multiset.card	Mathlib.Data.Multiset.Defs	definition	body=true
REACHABLE	instLTFin	Init.Prelude	definition	body=true
REACHABLE	Fin.decLt	Init.Prelude	definition	body=true
REACHABLE	Fin.fintype	Mathlib.Data.Fintype.Basic	definition	body=true
REACHABLE	List.finRange	Init.Data.List.FinRange	definition	body=true
REACHABLE	List.ofFn	Init.Data.List.OfFn	definition	body=true
REACHABLE	Fin.foldr	Init.Data.Fin.Fold	definition	body=true
REACHABLE	Fin.foldr.loop	Init.Data.Fin.Fold	definition	body=true
REACHABLE	Fin.foldr.loop.match_1	Init.Data.Fin.Fold	definition	body=true
REACHABLE	List.nodup_finRange	Mathlib.Data.List.FinRange	theorem	body=true
REACHABLE	List.finRange_eq_pmap_range	Mathlib.Data.List.FinRange	theorem	body=true
REACHABLE	List.getElem_ofFn	Init.Data.List.OfFn	theorem	body=true
REACHABLE	Nat.instNeZeroSucc	Init.Data.Nat.Basic	theorem	body=true
REACHABLE	Zero.ofOfNat0	Init.Data.Zero	definition	body=true
REACHABLE	NeZero.mk	Init.Data.NeZero	constructor	body=false
REACHABLE	NeZero	Init.Data.NeZero	inductive	body=false
REACHABLE	Init.Data.Nat.Basic._auxLemma.2	Init.Data.Nat.Basic	theorem	body=true
REACHABLE	Init.Data.Nat.Lemmas._auxLemma.12	Init.Data.Nat.Lemmas	theorem	body=true
REACHABLE	Nat.add_lt_add_iff_right	Init.Data.Nat.Lemmas	theorem	body=true
REACHABLE	Nat.add_lt_add_right	Init.Data.Nat.Basic	theorem	body=true
REACHABLE	Nat.lt_of_add_lt_add_right	Init.Data.Nat.Lemmas	theorem	body=true
REACHABLE	Nat.lt_of_add_lt_add_right.match_1	Init.Data.Nat.Lemmas	definition	body=true
REACHABLE	Fin.instOfNat	Init.Data.Fin.Basic	definition	body=true
REACHABLE	Fin.ofNat'	Init.Data.Fin.Basic	definition	body=true
REACHABLE	Fin.ofNat'.proof_1	Init.Data.Fin.Basic	theorem	body=true
REACHABLE	Nat.pos_of_neZero	Init.Data.Nat.Basic	theorem	body=true
REACHABLE	NeZero.ne	Init.Data.NeZero	theorem	body=true
REACHABLE	NeZero.out	Init.Data.NeZero	theorem	body=true
REACHABLE	List.length_ofFn	Init.Data.List.OfFn	theorem	body=true
REACHABLE	Fin.foldr_zero	Init.Data.Fin.Fold	theorem	body=true
REACHABLE	Fin.foldr_loop_zero	Init.Data.Fin.Fold	theorem	body=true
REACHABLE	Fin.foldr.loop.eq_1	Init.Data.Fin.Fold	theorem	body=true
REACHABLE	Fin.succ	Init.Data.Fin.Basic	definition	body=true
REACHABLE	Fin.succ.match_1	Init.Data.Fin.Basic	definition	body=true
REACHABLE	Nat.succ_lt_succ	Init.Data.Nat.Basic	theorem	body=true
REACHABLE	Fin.foldr_succ	Init.Data.Fin.Fold	theorem	body=true
REACHABLE	Fin.foldr_loop	Init.Data.Fin.Fold	theorem	body=true
REACHABLE	Fin.foldr_loop_succ	Init.Data.Fin.Fold	theorem	body=true
REACHABLE	Fin.foldr.loop.eq_2	Init.Data.Fin.Fold	theorem	body=true
REACHABLE	instNeZeroNatHAdd_1	Init.Data.NeZero	theorem	body=true
REACHABLE	instNeZeroNatHAdd_1.match_1	Init.Data.NeZero	definition	body=true
REACHABLE	instNeZeroNatHAdd_1.match_2	Init.Data.NeZero	definition	body=true
REACHABLE	instNeZeroNatHAdd.match_3	Init.Data.NeZero	definition	body=true
REACHABLE	NeZero.casesOn	Init.Data.NeZero	definition	body=true
REACHABLE	NeZero.rec	Init.Data.NeZero	recursor	body=false
REACHABLE	List.getElem_ofFn.match_1	Init.Data.List.OfFn	definition	body=true
REACHABLE	List.length_pmap	Init.Data.List.Attach	theorem	body=true
REACHABLE	List.pmap.proof_4	Init.Data.List.Attach	theorem	body=true
REACHABLE	List.pmap	Init.Data.List.Attach	definition	body=true
REACHABLE	List.pmap.proof_2	Init.Data.List.Attach	theorem	body=true
REACHABLE	List.pmap.match_1	Init.Data.List.Attach	definition	body=true
REACHABLE	List.pmap.proof_1	Init.Data.List.Attach	theorem	body=true
REACHABLE	Eq.substr	Init.Core	theorem	body=true
REACHABLE	Init.Data.List.Nat.Range._auxLemma.4	Init.Data.List.Nat.Range	theorem	body=true
REACHABLE	List.range	Init.Data.List.Basic	definition	body=true
REACHABLE	List.range.loop	Init.Data.List.Basic	definition	body=true
REACHABLE	List.range.loop.match_1	Init.Data.List.Basic	definition	body=true
REACHABLE	List.mem_range	Init.Data.List.Nat.Range	theorem	body=true
REACHABLE	Init.Data.List.Nat.Range._auxLemma.1	Init.Data.List.Nat.Range	theorem	body=true
REACHABLE	List.mem_range'_1	Init.Data.List.Nat.Range	theorem	body=true
REACHABLE	Nat.sub_lt_left_of_lt_add	Init.Data.Nat.Basic	theorem	body=true
REACHABLE	Nat.succ_sub	Init.Data.Nat.Basic	theorem	body=true
REACHABLE	Nat.succ_sub.match_1	Init.Data.Nat.Basic	definition	body=true
REACHABLE	Nat.add_sub_cancel'	Init.Data.Nat.Lemmas	theorem	body=true
REACHABLE	List.mem_range'_1.match_1	Init.Data.List.Nat.Range	definition	body=true
REACHABLE	List.mem_range'_1.match_2	Init.Data.List.Nat.Range	definition	body=true
REACHABLE	List.range'	Init.Data.List.Basic	definition	body=true
REACHABLE	optParam	Init.Prelude	definition	body=true
REACHABLE	List.range'.match_1	Init.Data.List.Basic	definition	body=true
REACHABLE	List.mem_range'_1._auxLemma.1	Init.Data.List.Nat.Range	theorem	body=true
REACHABLE	List.mem_range'	Init.Data.List.Range	theorem	body=true
REACHABLE	Init.PropLemmas._auxLemma.26	Init.PropLemmas	theorem	body=true
REACHABLE	exists_eq_left'	Init.PropLemmas	theorem	body=true
REACHABLE	or_false	Init.SimpLemmas	theorem	body=true
REACHABLE	or_false.match_1	Init.SimpLemmas	definition	body=true
REACHABLE	List.mem_range'._auxLemma.7	Init.Data.List.Range	theorem	body=true
REACHABLE	exists_and_right	Init.PropLemmas	theorem	body=true
REACHABLE	exists_and_right._auxLemma.25	Init.PropLemmas	theorem	body=true
REACHABLE	List.mem_range'._auxLemma.5	Init.Data.List.Range	theorem	body=true
REACHABLE	exists_comm	Init.PropLemmas	theorem	body=true
REACHABLE	exists_comm.match_2	Init.PropLemmas	definition	body=true
REACHABLE	exists_comm.match_1	Init.PropLemmas	definition	body=true
REACHABLE	List.mem_range'.match_1	Init.Data.List.Range	definition	body=true
REACHABLE	List.mem_range'._auxLemma.4	Init.Data.List.Range	theorem	body=true
REACHABLE	Nat.succ_le	Init.Data.Nat.Basic	theorem	body=true
REACHABLE	instInhabitedNat	Init.Prelude	definition	body=true
REACHABLE	List.mem_range'._auxLemma.8	Init.Data.List.Range	theorem	body=true
REACHABLE	List.mem_range'._auxLemma.6	Init.Data.List.Range	theorem	body=true
REACHABLE	Nat.lt_succ	Init.Data.Nat.Basic	theorem	body=true
REACHABLE	List.range_eq_range'	Init.Data.List.Range	theorem	body=true
REACHABLE	List.range_loop_range'	Init.Data.List.Range	theorem	body=true
REACHABLE	List.range_loop_range'.match_1	Init.Data.List.Range	definition	body=true
REACHABLE	List.mem_range._auxLemma.4	Init.Data.List.Nat.Range	theorem	body=true
REACHABLE	List.getElem_mem	Init.GetElem	theorem	body=true
REACHABLE	List.getElem_mem.match_1	Init.GetElem	definition	body=true
REACHABLE	forall_prop_domain_congr	Init.SimpLemmas	theorem	body=true
REACHABLE	List.getElem_range	Init.Data.List.Range	theorem	body=true
REACHABLE	List.getElem_range'	Init.Data.List.Range	theorem	body=true
REACHABLE	List.getElem?_range'	Init.Data.List.Range	theorem	body=true
REACHABLE	List.range'_succ	Init.Data.List.Range	theorem	body=true
REACHABLE	List.getElem?_range'.match_1	Init.Data.List.Range	definition	body=true
REACHABLE	List.length_range'	Init.Data.List.Range	theorem	body=true
REACHABLE	List.length_range'.match_1	Init.Data.List.Range	definition	body=true
REACHABLE	Nat.succ_lt_succ_iff	Init.Data.Nat.Basic	theorem	body=true
REACHABLE	List.getElem?_eq_some_iff	Init.Data.List.Lemmas	theorem	body=true
REACHABLE	List.getElem?_eq_some_iff.match_1	Init.Data.List.Lemmas	definition	body=true
REACHABLE	List.getElem?_cons	Init.Data.List.Lemmas	theorem	body=true
REACHABLE	List.getElem?_eq_some_iff._auxLemma.6	Init.Data.List.Lemmas	theorem	body=true
REACHABLE	exists_prop_congr	Init.PropLemmas	theorem	body=true
REACHABLE	exists_prop_congr.match_2	Init.PropLemmas	definition	body=true
REACHABLE	exists_prop_congr.match_1	Init.PropLemmas	definition	body=true
REACHABLE	forall_false	Init.SimpLemmas	theorem	body=true
REACHABLE	List.getElem?_eq_some_iff.match_2	Init.Data.List.Lemmas	definition	body=true
REACHABLE	Init.PropLemmas._auxLemma.15	Init.PropLemmas	theorem	body=true
REACHABLE	not_exists	Init.PropLemmas	theorem	body=true
REACHABLE	List.length_range	Init.Data.List.Range	theorem	body=true
REACHABLE	List.getElem_pmap	Init.Data.List.Attach	theorem	body=true
REACHABLE	Nat.not_lt_of_le	Init.Data.Nat.Basic	theorem	body=true
REACHABLE	List.ext_getElem	Init.Data.List.Lemmas	theorem	body=true
REACHABLE	Nat.le_of_not_lt	Init.Data.Nat.Basic	theorem	body=true
REACHABLE	List.ext_getElem?	Init.Data.List.Lemmas	theorem	body=true
REACHABLE	Init.Data.List.Lemmas._auxLemma.1	Init.Data.List.Lemmas	theorem	body=true
REACHABLE	List.nil_eq	Init.Data.List.Lemmas	theorem	body=true
REACHABLE	List.ext_getElem?.match_1	Init.Data.List.Lemmas	definition	body=true
REACHABLE	List.getElem?_eq_none	Init.GetElem	theorem	body=true
REACHABLE	List.getElem?_eq_none_iff	Init.GetElem	theorem	body=true
REACHABLE	List.getElem?_eq_none_iff.match_1	Init.GetElem	definition	body=true
REACHABLE	iff_true	Init.SimpLemmas	theorem	body=true
REACHABLE	List.getElem?_eq_none_iff._auxLemma.3	Init.GetElem	theorem	body=true
REACHABLE	List.nodup_range	Init.Data.List.Nat.Range	theorem	body=true
REACHABLE	eq_true_of_decide	Init.SimpLemmas	theorem	body=true
REACHABLE	List.nodup_range._auxLemma.5	Init.Data.List.Nat.Range	theorem	body=true
REACHABLE	List.nodup_range'	Init.Data.List.Nat.Range	theorem	body=true
REACHABLE	_auto._@.Init.Data.List.Nat.Range._hyg.201	Init.Data.List.Nat.Range	definition	body=true
REACHABLE	List.pairwise_lt_range'	Init.Data.List.Nat.Range	theorem	body=true
REACHABLE	List.pairwise_lt_range'._auxLemma.2	Init.Data.List.Nat.Range	theorem	body=true
REACHABLE	List.pairwise_lt_range'.omega_1	Init.Data.List.Nat.Range	theorem	body=true
REACHABLE	Lean.Omega.LinearCombo.coordinate_eval_4	Init.Omega.LinearCombo	theorem	body=true
REACHABLE	Exists.choose	Init.Classical	definition	body=true
REACHABLE	Lean.Omega.Int.ofNat_le_of_le	Init.Omega.Int	theorem	body=true
REACHABLE	Lean.Omega.LinearCombo.coordinate_eval_5	Init.Omega.LinearCombo	theorem	body=true
REACHABLE	Lean.Omega.Int.ofNat_mul_nonneg	Init.Omega.Int	theorem	body=true
REACHABLE	_auto._@.Init.Data.List.Nat.Range._hyg.141	Init.Data.List.Nat.Range	definition	body=true
REACHABLE	Exists.choose_spec	Init.Classical	theorem	body=true
REACHABLE	Lean.Omega.LinearCombo.coordinate_eval_6	Init.Omega.LinearCombo	theorem	body=true
REACHABLE	List.pairwise_lt_range'.match_1	Init.Data.List.Nat.Range	definition	body=true
REACHABLE	Fin.ne_of_val_ne	Init.Data.Fin.Basic	theorem	body=true
REACHABLE	Fin.val_eq_of_eq	Init.Prelude	theorem	body=true
REACHABLE	List.Pairwise.pmap	Init.Data.List.Pairwise	theorem	body=true
REACHABLE	List.pairwise_pmap	Init.Data.List.Pairwise	theorem	body=true
REACHABLE	List.pmap.proof_3	Init.Data.List.Attach	theorem	body=true
REACHABLE	List.pairwise_pmap._auxLemma.2	Init.Data.List.Pairwise	theorem	body=true
REACHABLE	List.pairwise_pmap._auxLemma.4	Init.Data.List.Pairwise	theorem	body=true
REACHABLE	List.pairwise_pmap._auxLemma.5	Init.Data.List.Pairwise	theorem	body=true
REACHABLE	List.mem_pmap	Init.Data.List.Attach	theorem	body=true
REACHABLE	List.mem_pmap._auxLemma.3	Init.Data.List.Attach	theorem	body=true
REACHABLE	List.attach	Init.Data.List.Attach	definition	body=true
REACHABLE	List.attach.proof_1	Init.Data.List.Attach	theorem	body=true
REACHABLE	List.attachWith	Init.Data.List.Attach	definition	body=true
REACHABLE	List.mem_pmap._auxLemma.4	Init.Data.List.Attach	theorem	body=true
REACHABLE	Subtype.exists	Init.Data.Subtype	theorem	body=true
REACHABLE	Subtype.exists.match_2	Init.Data.Subtype	definition	body=true
REACHABLE	Subtype.exists.match_1	Init.Data.Subtype	definition	body=true
REACHABLE	Subtype.casesOn	Init.Prelude	definition	body=true
REACHABLE	Subtype.rec	Init.Prelude	recursor	body=false
REACHABLE	Init.Data.List.Attach._auxLemma.1	Init.Data.List.Attach	theorem	body=true
REACHABLE	List.mem_attach	Init.Data.List.Attach	theorem	body=true
REACHABLE	List.attach_map_subtype_val	Init.Data.List.Attach	theorem	body=true
REACHABLE	List.attach_map_val	Init.Data.List.Attach	theorem	body=true
REACHABLE	List.pmap_eq_map	Init.Data.List.Attach	theorem	body=true
REACHABLE	List.attach.eq_1	Init.Data.List.Attach	theorem	body=true
REACHABLE	List.map_pmap	Init.Data.List.Attach	theorem	body=true
REACHABLE	List.attachWith.eq_1	Init.Data.List.Attach	theorem	body=true
REACHABLE	List.map_id	Init.Data.List.Lemmas	theorem	body=true
REACHABLE	List.mem_attach.match_1	Init.Data.List.Attach	definition	body=true
REACHABLE	List.mem_pmap._auxLemma.5	Init.Data.List.Attach	theorem	body=true
REACHABLE	List.pmap_eq_map_attach	Init.Data.List.Attach	theorem	body=true
REACHABLE	List.pmap_congr_left	Init.Data.List.Attach	theorem	body=true
REACHABLE	List.pmap.eq_2	Init.Data.List.Attach	theorem	body=true
REACHABLE	List.pairwise_pmap._auxLemma.3	Init.Data.List.Pairwise	theorem	body=true
REACHABLE	exists₂_imp	Init.PropLemmas	theorem	body=true
REACHABLE	List.mem_finRange	Mathlib.Data.List.FinRange	theorem	body=true
REACHABLE	Fin.isLt	Init.Prelude	theorem	body=true
REACHABLE	Equiv.instFunLike	Mathlib.Logic.Equiv.Defs	definition	body=true
REACHABLE	Equiv.instFunLike._proof_2	Mathlib.Logic.Equiv.Defs	theorem	body=true
REACHABLE	EquivLike.toFunLike	Mathlib.Data.FunLike.Equiv	definition	body=true
REACHABLE	EquivLike.toFunLike._proof_1	Mathlib.Data.FunLike.Equiv	theorem	body=true
REACHABLE	EquivLike.left_inv	Mathlib.Data.FunLike.Equiv	theorem	body=true
REACHABLE	EquivLike	Mathlib.Data.FunLike.Equiv	inductive	body=false
REACHABLE	EquivLike.coe	Mathlib.Data.FunLike.Equiv	definition	body=true
REACHABLE	EquivLike.inv	Mathlib.Data.FunLike.Equiv	definition	body=true
REACHABLE	EquivLike.coe_injective'	Mathlib.Data.FunLike.Equiv	theorem	body=true
REACHABLE	Function.LeftInverse.eq_rightInverse	Mathlib.Logic.Function.Basic	theorem	body=true
REACHABLE	Function.id_comp	Mathlib.Logic.Function.Defs	theorem	body=true
REACHABLE	Function.comp_assoc	Mathlib.Logic.Function.Defs	theorem	body=true
REACHABLE	Function.LeftInverse.comp_eq_id	Mathlib.Logic.Function.Basic	theorem	body=true
REACHABLE	Function.RightInverse.comp_eq_id	Mathlib.Logic.Function.Basic	theorem	body=true
REACHABLE	Function.comp_id	Mathlib.Logic.Function.Defs	theorem	body=true
REACHABLE	EquivLike.right_inv	Mathlib.Data.FunLike.Equiv	theorem	body=true
REACHABLE	DFunLike.mk	Mathlib.Data.FunLike.Basic	constructor	body=false
REACHABLE	FunLike	Mathlib.Data.FunLike.Basic	definition	body=true
REACHABLE	DFunLike.coe_injective	Mathlib.Data.FunLike.Basic	theorem	body=true
REACHABLE	DFunLike.coe_injective'	Mathlib.Data.FunLike.Basic	theorem	body=true
REACHABLE	Equiv.instEquivLike	Mathlib.Logic.Equiv.Defs	definition	body=true
REACHABLE	Equiv.left_inv	Mathlib.Logic.Equiv.Defs	theorem	body=true
REACHABLE	Equiv.invFun	Mathlib.Logic.Equiv.Defs	definition	body=true
REACHABLE	Equiv.toFun	Mathlib.Logic.Equiv.Defs	definition	body=true
REACHABLE	EquivLike.mk	Mathlib.Data.FunLike.Equiv	constructor	body=false
REACHABLE	Equiv.instEquivLike._proof_1	Mathlib.Logic.Equiv.Defs	theorem	body=true
REACHABLE	Equiv.casesOn	Mathlib.Logic.Equiv.Defs	definition	body=true
REACHABLE	Equiv.rec	Mathlib.Logic.Equiv.Defs	recursor	body=false
REACHABLE	Equiv.right_inv	Mathlib.Logic.Equiv.Defs	theorem	body=true
REACHABLE	Fintype.decidableExistsFintype	Mathlib.Data.Fintype.Defs	definition	body=true
REACHABLE	Finset.decidableExistsAndFinset	Mathlib.Data.Finset.Defs	definition	body=true
REACHABLE	Finset.decidableDExistsFinset	Mathlib.Data.Finset.Defs	definition	body=true
REACHABLE	Multiset.decidableDexistsMultiset	Mathlib.Data.Multiset.Defs	definition	body=true
REACHABLE	Multiset.attach	Mathlib.Data.Multiset.Defs	definition	body=true
REACHABLE	Multiset.pmap	Mathlib.Data.Multiset.Defs	definition	body=true
REACHABLE	Multiset.pmap._proof_17	Mathlib.Data.Multiset.Defs	theorem	body=true
REACHABLE	List.Perm.pmap	Init.Data.List.Perm	theorem	body=true
REACHABLE	List.Perm.pmap._auxLemma.11	Init.Data.List.Perm	theorem	body=true
REACHABLE	List.Perm.pmap._auxLemma.12	Init.Data.List.Perm	theorem	body=true
REACHABLE	Multiset.pmap._proof_16	Mathlib.Data.Multiset.Defs	theorem	body=true
REACHABLE	Quot.recOn	Init.Core	definition	body=true
REACHABLE	Quot.rec	Init.Core	definition	body=true
REACHABLE	PSigma.fst	Init.Core	definition	body=true
REACHABLE	Quot.indepCoherent	Init.Core	theorem	body=true
REACHABLE	PSigma.eta	Init.Core	theorem	body=true
REACHABLE	Quot.indep	Init.Core	definition	body=true
REACHABLE	Quot.liftIndepPr1	Init.Core	theorem	body=true
REACHABLE	PSigma.snd	Init.Core	definition	body=true
REACHABLE	Multiset.attach._proof_19	Mathlib.Data.Multiset.Defs	theorem	body=true
REACHABLE	Multiset.decidableDexistsMultiset._proof_29	Mathlib.Data.Multiset.Defs	theorem	body=true
REACHABLE	Multiset.decidableDexistsMultiset.match_1	Mathlib.Data.Multiset.Defs	definition	body=true
REACHABLE	Multiset.decidableDexistsMultiset.match_2	Mathlib.Data.Multiset.Defs	definition	body=true
REACHABLE	Multiset.mem_attach	Mathlib.Data.Multiset.Defs	theorem	body=true
REACHABLE	Multiset.decidableDforallMultiset._proof_23	Mathlib.Data.Multiset.Defs	theorem	body=true
REACHABLE	Multiset.decidableExistsMultiset	Mathlib.Data.Multiset.Defs	definition	body=true
REACHABLE	Multiset.decidableExistsMultiset._proof_27	Mathlib.Data.Multiset.Defs	theorem	body=true
REACHABLE	Multiset.decidableExistsMultiset._proof_28	Mathlib.Data.Multiset.Defs	theorem	body=true
REACHABLE	_private.Mathlib.Data.Multiset.Defs.0._proof_5	Mathlib.Data.Multiset.Defs	theorem	body=true
REACHABLE	Multiset.mem_coe	Mathlib.Data.Multiset.Defs	theorem	body=true
REACHABLE	List.decidableBEx	Init.Data.List.Basic	definition	body=true
REACHABLE	List.decidableBEx.proof_1	Init.Data.List.Basic	theorem	body=true
REACHABLE	List.decidableBEx.match_1	Init.Data.List.Basic	definition	body=true
REACHABLE	List.decidableBEx.proof_2	Init.Data.List.Basic	theorem	body=true
REACHABLE	List.decidableBEx.proof_3	Init.Data.List.Basic	theorem	body=true
REACHABLE	List.decidableBEx.match_2	Init.Data.List.Basic	definition	body=true
REACHABLE	List.decidableBEx.match_4	Init.Data.List.Basic	definition	body=true
REACHABLE	List.decidableBEx.proof_4	Init.Data.List.Basic	theorem	body=true
REACHABLE	List.decidableBEx.match_3	Init.Data.List.Basic	definition	body=true
REACHABLE	Quotient.recOnSubsingleton	Init.Core	definition	body=true
REACHABLE	Quot.recOnSubsingleton	Init.Core	definition	body=true
REACHABLE	Quot.recOnSubsingleton.proof_1	Init.Core	theorem	body=true
REACHABLE	decidable_of_iff	Init.PropLemmas	definition	body=true
REACHABLE	decidable_of_decidable_of_iff	Init.Core	definition	body=true
REACHABLE	decidable_of_decidable_of_iff.proof_1	Init.Core	theorem	body=true
REACHABLE	Finset.decidableExistsAndFinset._proof_16	Mathlib.Data.Finset.Defs	theorem	body=true
REACHABLE	Init.PropLemmas._auxLemma.36	Init.PropLemmas	theorem	body=true
REACHABLE	exists_prop	Init.PropLemmas	theorem	body=true
REACHABLE	exists_prop.match_2	Init.PropLemmas	definition	body=true
REACHABLE	exists_prop.match_1	Init.PropLemmas	definition	body=true
REACHABLE	Fintype.decidableExistsFintype._proof_8	Mathlib.Data.Fintype.Defs	theorem	body=true
REACHABLE	Equiv.instFintype	Mathlib.Data.Fintype.Perm	definition	body=true
REACHABLE	Equiv.instFintype._proof_5	Mathlib.Data.Fintype.Perm	theorem	body=true
REACHABLE	Fintype.card	Mathlib.Data.Fintype.Card	definition	body=true
REACHABLE	Fintype.subsingleton	Mathlib.Data.Fintype.Defs	theorem	body=true
REACHABLE	_private.Mathlib.Data.Fintype.Defs.0._proof_12	Mathlib.Data.Fintype.Defs	theorem	body=true
REACHABLE	Finset.ext_iff	Mathlib.Data.Finset.Defs	theorem	body=true
REACHABLE	Finset.ext	Mathlib.Data.Finset.Defs	theorem	body=true
REACHABLE	Finset.val_inj	Mathlib.Data.Finset.Defs	theorem	body=true
REACHABLE	Finset.val_injective	Mathlib.Data.Finset.Defs	theorem	body=true
REACHABLE	Finset.eq_of_veq	Mathlib.Data.Finset.Defs	theorem	body=true
REACHABLE	Finset.eq_of_veq.match_1	Mathlib.Data.Finset.Defs	definition	body=true
REACHABLE	Finset.casesOn	Mathlib.Data.Finset.Defs	definition	body=true
REACHABLE	Finset.rec	Mathlib.Data.Finset.Defs	recursor	body=false
REACHABLE	Function.Injective.eq_iff	Mathlib.Logic.Function.Defs	theorem	body=true
REACHABLE	Multiset.Nodup.ext	Mathlib.Data.Multiset.Defs	theorem	body=true
REACHABLE	List.perm_ext_iff_of_nodup	Batteries.Data.List.Perm	theorem	body=true
REACHABLE	List.Subperm.antisymm	Batteries.Data.List.Perm	theorem	body=true
REACHABLE	List.Subperm.perm_of_length_le	Batteries.Data.List.Perm	theorem	body=true
REACHABLE	List.Sublist.eq_of_length_le	Init.Data.List.Sublist	theorem	body=true
REACHABLE	List.Sublist.length_le	Init.Data.List.Sublist	theorem	body=true
REACHABLE	List.Sublist.length_le.match_1._@.Init.Data.List.Sublist._hyg.1706	Init.Data.List.Sublist	definition	body=true
REACHABLE	List.Sublist.eq_of_length	Init.Data.List.Sublist	theorem	body=true
REACHABLE	List.Sublist.eq_of_length.match_2._@.Init.Data.List.Sublist._hyg.1805	Init.Data.List.Sublist	definition	body=true
REACHABLE	List.Sublist.eq_of_length.match_1	Init.Data.List.Sublist	definition	body=true
REACHABLE	List.Subperm	Batteries.Data.List.Basic	definition	body=true
REACHABLE	List.Subperm.perm_of_length_le.match_1	Batteries.Data.List.Perm	definition	body=true
REACHABLE	List.Subperm.length_le	Batteries.Data.List.Perm	theorem	body=true
REACHABLE	List.Subperm.length_le.match_1	Batteries.Data.List.Perm	definition	body=true
REACHABLE	List.subperm_of_subset	Batteries.Data.List.Perm	theorem	body=true
REACHABLE	List.cons_subperm_of_not_mem_of_mem	Batteries.Data.List.Perm	theorem	body=true
REACHABLE	List.cons_subperm_of_not_mem_of_mem.match_2	Batteries.Data.List.Perm	definition	body=true
REACHABLE	List.cons_subperm_of_not_mem_of_mem._proof_4	Batteries.Data.List.Perm	theorem	body=true
REACHABLE	List.cons_subperm_of_not_mem_of_mem.match_1	Batteries.Data.List.Perm	definition	body=true
REACHABLE	Init.Data.List.Sublist._auxLemma.12	Init.Data.List.Sublist	theorem	body=true
REACHABLE	List.Sublist.refl	Init.Data.List.Sublist	theorem	body=true
REACHABLE	List.Sublist.refl.match_1	Init.Data.List.Sublist	definition	body=true
REACHABLE	Init.Data.List.Sublist._auxLemma.13	Init.Data.List.Sublist	theorem	body=true
REACHABLE	Init.Data.List.Sublist._auxLemma.19	Init.Data.List.Sublist	theorem	body=true
REACHABLE	List.append_sublist_append_left	Init.Data.List.Sublist	theorem	body=true
REACHABLE	List.append_sublist_append_left.match_1	Init.Data.List.Sublist	definition	body=true
REACHABLE	List.cons_sublist_cons	Init.Data.List.Sublist	theorem	body=true
REACHABLE	List.cons_sublist_cons.match_1	Init.Data.List.Sublist	definition	body=true
REACHABLE	List.Sublist.casesOn	Init.Data.List.Basic	definition	body=true
REACHABLE	List.sublist_of_cons_sublist	Init.Data.List.Sublist	theorem	body=true
REACHABLE	List.sublist_cons_self	Init.Data.List.Sublist	theorem	body=true
REACHABLE	List.Sublist.trans	Init.Data.List.Sublist	theorem	body=true
REACHABLE	List.Sublist.trans.match_1	Init.Data.List.Sublist	definition	body=true
REACHABLE	List.nil_sublist	Init.Data.List.Sublist	theorem	body=true
REACHABLE	List.nil_sublist.match_1	Init.Data.List.Sublist	definition	body=true
REACHABLE	List.subperm_of_subset.match_1	Batteries.Data.List.Perm	definition	body=true
REACHABLE	Fintype.subsingleton.match_1	Mathlib.Data.Fintype.Defs	definition	body=true
REACHABLE	Fintype.casesOn	Mathlib.Data.Fintype.Defs	definition	body=true
REACHABLE	Fintype.rec	Mathlib.Data.Fintype.Defs	recursor	body=false
REACHABLE	Equiv.instFintype._proof_6	Mathlib.Data.Fintype.Perm	theorem	body=true
REACHABLE	Equiv.symm	Mathlib.Logic.Equiv.Defs	definition	body=true
REACHABLE	EmptyCollection.emptyCollection	Init.Core	definition	body=true
REACHABLE	EmptyCollection	Init.Core	inductive	body=false
REACHABLE	Trunc	Mathlib.Data.Quot	definition	body=true
REACHABLE	trueSetoid	Mathlib.Data.Quot	definition	body=true
REACHABLE	true_equivalence	Mathlib.Data.Quot	theorem	body=true
REACHABLE	Equiv.Perm	Mathlib.Logic.Equiv.Defs	definition	body=true
REACHABLE	Finset.instEmptyCollection	Mathlib.Data.Finset.Empty	definition	body=true
REACHABLE	Finset.empty	Mathlib.Data.Finset.Empty	definition	body=true
REACHABLE	Multiset.nodup_zero	Mathlib.Data.Multiset.ZeroCons	theorem	body=true
REACHABLE	EmptyCollection.mk	Init.Core	constructor	body=false
REACHABLE	Fintype.truncEquivFin	Mathlib.Data.Fintype.EquivFin	definition	body=true
REACHABLE	List.Nodup.getEquivOfForallMemList	Mathlib.Data.List.NodupEquivFin	definition	body=true
REACHABLE	List.Nodup.getEquivOfForallMemList._proof_12	Mathlib.Data.List.NodupEquivFin	theorem	body=true
REACHABLE	List.idxOf	Init.Data.List.Basic	definition	body=true
REACHABLE	List.findIdx	Init.Data.List.Basic	definition	body=true
REACHABLE	List.findIdx.go	Init.Data.List.Basic	definition	body=true
REACHABLE	List.idxOf_lt_length_iff	Mathlib.Data.List.Basic	theorem	body=true
REACHABLE	lt_of_le_of_ne	Mathlib.Order.Defs.PartialOrder	theorem	body=true
REACHABLE	lt_of_le_not_le	Mathlib.Order.Defs.PartialOrder	theorem	body=true
REACHABLE	lt_iff_le_not_le	Mathlib.Order.Defs.PartialOrder	theorem	body=true
REACHABLE	Preorder	Mathlib.Order.Defs.PartialOrder	inductive	body=false
REACHABLE	Preorder.lt_iff_le_not_le	Mathlib.Order.Defs.PartialOrder	theorem	body=true
REACHABLE	Preorder.toLE	Mathlib.Order.Defs.PartialOrder	definition	body=true
REACHABLE	Preorder.toLT	Mathlib.Order.Defs.PartialOrder	definition	body=true
REACHABLE	le_antisymm	Mathlib.Order.Defs.PartialOrder	theorem	body=true
REACHABLE	PartialOrder.le_antisymm	Mathlib.Order.Defs.PartialOrder	theorem	body=true
REACHABLE	PartialOrder	Mathlib.Order.Defs.PartialOrder	inductive	body=false
REACHABLE	PartialOrder.toPreorder	Mathlib.Order.Defs.PartialOrder	definition	body=true
REACHABLE	List.instDecidableMemOfLawfulBEq	Init.Data.List.Basic	definition	body=true
REACHABLE	List.elem	Init.Data.List.Basic	definition	body=true
REACHABLE	List.instDecidableMemOfLawfulBEq.proof_1	Init.Data.List.Basic	theorem	body=true
REACHABLE	List.mem_of_elem_eq_true	Init.Data.List.Basic	theorem	body=true
REACHABLE	List.mem_of_elem_eq_true.match_1	Init.Data.List.Basic	definition	body=true
REACHABLE	List.elem_eq_true_of_mem	Init.Data.List.Basic	theorem	body=true
REACHABLE	Nat.instPartialOrder	Mathlib.Data.Nat.Basic	definition	body=true
REACHABLE	Nat.instLinearOrder	Mathlib.Data.Nat.Basic	definition	body=true
REACHABLE	instMinNat	Init.Prelude	definition	body=true
REACHABLE	minOfLe	Init.Prelude	definition	body=true
REACHABLE	Min.mk	Init.Prelude	constructor	body=false
REACHABLE	Min	Init.Prelude	inductive	body=false
REACHABLE	DecidableRel	Init.Prelude	definition	body=true
REACHABLE	DecidableLT	Init.Prelude	definition	body=true
REACHABLE	PartialOrder.mk	Mathlib.Order.Defs.PartialOrder	constructor	body=false
REACHABLE	instOrdNat	Init.Data.Ord	definition	body=true
REACHABLE	compareOfLessAndEq	Init.Data.Ord	definition	body=true
REACHABLE	Ordering.lt	Init.Data.Ord	constructor	body=false
REACHABLE	Ordering	Init.Data.Ord	inductive	body=false
REACHABLE	Ordering.eq	Init.Data.Ord	constructor	body=false
REACHABLE	Ordering.gt	Init.Data.Ord	constructor	body=false
REACHABLE	Ord.mk	Init.Data.Ord	constructor	body=false
REACHABLE	Ord	Init.Data.Ord	inductive	body=false
REACHABLE	Nat.instMax	Init.Data.Nat.Basic	definition	body=true
REACHABLE	maxOfLe	Init.Prelude	definition	body=true
REACHABLE	Max.mk	Init.Prelude	constructor	body=false
REACHABLE	Max	Init.Prelude	inductive	body=false
REACHABLE	Nat.instLinearOrder._proof_2	Mathlib.Data.Nat.Basic	theorem	body=true
REACHABLE	Max.max	Init.Prelude	definition	body=true
REACHABLE	Nat.instLinearOrder._proof_1	Mathlib.Data.Nat.Basic	theorem	body=true
REACHABLE	Min.min	Init.Prelude	definition	body=true
REACHABLE	Nat.le_total	Init.Data.Nat.Basic	theorem	body=true
REACHABLE	Nat.le_total.match_1	Init.Data.Nat.Basic	definition	body=true
REACHABLE	LinearOrder.mk	Mathlib.Order.Defs.LinearOrder	constructor	body=false
REACHABLE	LinearOrder.min_def._autoParam	Mathlib.Order.Defs.LinearOrder	definition	body=true
REACHABLE	LinearOrder.compare_eq_compareOfLessAndEq._autoParam	Mathlib.Order.Defs.LinearOrder	definition	body=true
REACHABLE	DecidableLE	Init.Prelude	definition	body=true
REACHABLE	Ord.compare	Init.Data.Ord	definition	body=true
REACHABLE	LinearOrder.max_def._autoParam	Mathlib.Order.Defs.LinearOrder	definition	body=true
REACHABLE	LinearOrder	Mathlib.Order.Defs.LinearOrder	inductive	body=false
REACHABLE	Nat.instLinearOrder._proof_3	Mathlib.Data.Nat.Basic	theorem	body=true
REACHABLE	inferInstance	Init.Prelude	definition	body=true
REACHABLE	Preorder.mk	Mathlib.Order.Defs.PartialOrder	constructor	body=false
REACHABLE	Preorder.lt_iff_le_not_le._autoParam	Mathlib.Order.Defs.PartialOrder	definition	body=true
REACHABLE	Nat.lt_iff_le_not_le	Init.Data.Nat.Basic	theorem	body=true
REACHABLE	Nat.lt_of_not_ge	Init.Data.Nat.Basic	theorem	body=true
REACHABLE	Nat.lt_iff_le_not_le.match_1	Init.Data.Nat.Basic	definition	body=true
REACHABLE	LinearOrder.toPartialOrder	Mathlib.Order.Defs.LinearOrder	definition	body=true
REACHABLE	List.idxOf_le_length	Mathlib.Data.List.Basic	theorem	body=true
REACHABLE	Bool.cond_eq_if	Init.Data.Bool	theorem	body=true
REACHABLE	Bool.cond_eq_ite	Init.Data.Bool	theorem	body=true
REACHABLE	List.idxOf_le_length._proof_13	Mathlib.Data.List.Basic	theorem	body=true
REACHABLE	Nat.instPreorder	Mathlib.Data.Nat.Basic	definition	body=true
REACHABLE	List.idxOf_cons	Init.Data.List.Find	theorem	body=true
REACHABLE	List.findIdx_cons	Init.Data.List.Find	theorem	body=true
REACHABLE	List.findIdx_cons.findIdx_go_succ	Init.Data.List.Find	theorem	body=true
REACHABLE	List.findIdx.go.eq_def	Init.Data.List.Find	theorem	body=true
REACHABLE	_private.Init.Data.List.Find.0.List.findIdx.go.match_1.splitter	Init.Data.List.Find	definition	body=true
REACHABLE	List.findIdx.go.eq_1	Init.Data.List.Find	theorem	body=true
REACHABLE	Nat.succ_eq_add_one	Init.Data.Nat.Basic	theorem	body=true
REACHABLE	le_refl	Mathlib.Order.Defs.PartialOrder	theorem	body=true
REACHABLE	Preorder.le_refl	Mathlib.Order.Defs.PartialOrder	theorem	body=true
REACHABLE	List.idxOf_eq_length_iff	Mathlib.Data.List.Basic	theorem	body=true
REACHABLE	List.idxOf_eq_length_iff._proof_13	Mathlib.Data.List.Basic	theorem	body=true
REACHABLE	iff_of_false	Init.Core	theorem	body=true
REACHABLE	Not.elim	Init.Core	definition	body=true
REACHABLE	Nat.succ_inj	Mathlib.Data.Nat.Init	theorem	body=true
REACHABLE	List.getElem_idxOf	Mathlib.Data.List.Basic	theorem	body=true
REACHABLE	List.idxOf_cons_ne	Mathlib.Data.List.Basic	theorem	body=true
REACHABLE	List.idxOf_cons_ne._proof_13	Mathlib.Data.List.Basic	theorem	body=true
REACHABLE	instEquivBEqOfLawfulBEq	Init.Data.BEq	theorem	body=true
REACHABLE	EquivBEq.mk	Init.Data.BEq	constructor	body=false
REACHABLE	PartialEquivBEq	Init.Data.BEq	inductive	body=false
REACHABLE	ReflBEq	Init.Data.BEq	inductive	body=false
REACHABLE	EquivBEq	Init.Data.BEq	inductive	body=false
REACHABLE	ReflBEq.mk	Init.Data.BEq	constructor	body=false
REACHABLE	PartialEquivBEq.mk	Init.Data.BEq	constructor	body=false
REACHABLE	List.idxOf_cons_self	Init.Data.List.Find	theorem	body=true
REACHABLE	BEq.refl	Init.Data.BEq	theorem	body=true
REACHABLE	ReflBEq.refl	Init.Data.BEq	theorem	body=true
REACHABLE	EquivBEq.toReflBEq	Init.Data.BEq	theorem	body=true
REACHABLE	List.getElem_idxOf.match_1	Mathlib.Data.List.Basic	definition	body=true
REACHABLE	List.Nodup.getEquivOfForallMemList._proof_11	Mathlib.Data.List.NodupEquivFin	theorem	body=true
REACHABLE	List.Nodup.getEquivOfForallMemList._proof_8	Mathlib.Data.List.NodupEquivFin	theorem	body=true
REACHABLE	List.Nodup.getEquivOfForallMemList._proof_10	Mathlib.Data.List.NodupEquivFin	theorem	body=true
REACHABLE	List.idxOf_getElem	Mathlib.Data.List.Nodup	theorem	body=true
REACHABLE	List.nodup_iff_injective_get	Mathlib.Data.List.Nodup	theorem	body=true
REACHABLE	Fin.val_lt_of_le	Init.Data.Fin.Basic	theorem	body=true
REACHABLE	List.nodup_iff_injective_getElem	Mathlib.Data.List.Nodup	theorem	body=true
REACHABLE	lt_trichotomy	Mathlib.Order.Defs.LinearOrder	theorem	body=true
REACHABLE	le_total	Mathlib.Order.Defs.LinearOrder	theorem	body=true
REACHABLE	LinearOrder.le_total	Mathlib.Order.Defs.LinearOrder	theorem	body=true
REACHABLE	Decidable.lt_or_eq_of_le	Mathlib.Order.Defs.PartialOrder	theorem	body=true
REACHABLE	LinearOrder.toDecidableLE	Mathlib.Order.Defs.LinearOrder	definition	body=true
REACHABLE	List.pairwise_iff_getElem	Init.Data.List.Nat.Pairwise	theorem	body=true
REACHABLE	List.sublist_eq_map_getElem	Init.Data.List.Nat.Pairwise	theorem	body=true
REACHABLE	List.sublist_eq_map_getElem.match_1	Init.Data.List.Nat.Pairwise	definition	body=true
REACHABLE	Fin.instGetElemFinVal	Init.GetElem	definition	body=true
REACHABLE	Init.Data.Nat.Basic._auxLemma.4	Init.Data.Nat.Basic	theorem	body=true
REACHABLE	Init.Data.Fin.Lemmas._auxLemma.20	Init.Data.Fin.Lemmas	theorem	body=true
REACHABLE	Fin.succ_pos	Init.Data.Fin.Lemmas	theorem	body=true
REACHABLE	Fin.succ_pos._auxLemma.20	Init.Data.Fin.Lemmas	theorem	body=true
REACHABLE	Fin.lt_def	Init.Data.Fin.Lemmas	theorem	body=true
REACHABLE	Init.Data.Fin.Lemmas._auxLemma.22	Init.Data.Fin.Lemmas	theorem	body=true
REACHABLE	Fin.succ_lt_succ_iff	Init.Data.Fin.Lemmas	theorem	body=true
REACHABLE	List.sublist_eq_map_getElem._auxLemma.1	Init.Data.List.Nat.Pairwise	theorem	body=true
REACHABLE	GetElem?.toGetElem	Init.GetElem	definition	body=true
REACHABLE	Init.Data.Fin.Lemmas._auxLemma.10	Init.Data.Fin.Lemmas	theorem	body=true
REACHABLE	Fin.mk_lt_mk	Init.Data.Fin.Lemmas	theorem	body=true
REACHABLE	List.pairwise_iff_getElem.match_1	Init.Data.List.Nat.Pairwise	definition	body=true
REACHABLE	List.map_getElem_sublist	Init.Data.List.Nat.Pairwise	theorem	body=true
REACHABLE	List.drop_eq_getElem_cons	Init.Data.List.TakeDrop	theorem	body=true
REACHABLE	List.getElem_cons_drop	Init.Data.List.TakeDrop	theorem	body=true
REACHABLE	Nat.add_one_lt_add_one_iff	Init.Data.Nat.Basic	theorem	body=true
REACHABLE	List.drop	Init.Data.List.Basic	definition	body=true
REACHABLE	List.take.match_1	Init.Data.List.Basic	definition	body=true
REACHABLE	List.getElem_cons_drop.match_1	Init.Data.List.TakeDrop	definition	body=true
REACHABLE	Init.Data.List.Sublist._auxLemma.11	Init.Data.List.Sublist	theorem	body=true
REACHABLE	List.Pairwise.of_cons	Init.Data.List.Pairwise	theorem	body=true
REACHABLE	List.take	Init.Data.List.Basic	definition	body=true
REACHABLE	List.Sublist.append	Init.Data.List.Sublist	theorem	body=true
REACHABLE	List.Sublist.append_right	Init.Data.List.Sublist	theorem	body=true
REACHABLE	List.Sublist.append_right.match_1._@.Init.Data.List.Sublist._hyg.2581	Init.Data.List.Sublist	definition	body=true
REACHABLE	List.nil_append	Init.Data.List.Basic	theorem	body=true
REACHABLE	Nat.min_eq_left	Init.Data.Nat.MinMax	theorem	body=true
REACHABLE	List.length_take	Init.Data.List.Nat.TakeDrop	theorem	body=true
REACHABLE	Nat.zero_min	Init.Data.Nat.MinMax	theorem	body=true
REACHABLE	Nat.min_zero	Init.Data.Nat.MinMax	theorem	body=true
REACHABLE	Init.PropLemmas._auxLemma.57	Init.PropLemmas	theorem	body=true
REACHABLE	ite_eq_right_iff	Init.PropLemmas	theorem	body=true
REACHABLE	Nat.succ_min_succ	Init.Data.Nat.Lemmas	theorem	body=true
REACHABLE	Nat.min_eq_right	Init.Data.Nat.MinMax	theorem	body=true
REACHABLE	Nat.min_comm	Init.Data.Nat.MinMax	theorem	body=true
REACHABLE	Nat.min_comm._auxLemma.1	Init.Data.Nat.MinMax	theorem	body=true
REACHABLE	Nat.min_comm._auxLemma.2	Init.Data.Nat.MinMax	theorem	body=true
REACHABLE	Nat.not_le_of_lt	Init.Data.Nat.Basic	theorem	body=true
REACHABLE	Nat.min_comm.match_1	Init.Data.Nat.MinMax	definition	body=true
REACHABLE	List.length_take.match_1	Init.Data.List.Nat.TakeDrop	definition	body=true
REACHABLE	List.take_nil	Init.Data.List.Basic	theorem	body=true
REACHABLE	List.take_append_drop	Init.Data.List.TakeDrop	theorem	body=true
REACHABLE	List.take_append_drop.match_1	Init.Data.List.TakeDrop	definition	body=true
REACHABLE	List.drop_append_of_le_length	Init.Data.List.Nat.TakeDrop	theorem	body=true
REACHABLE	List.drop_append_eq_append_drop	Init.Data.List.Nat.TakeDrop	theorem	body=true
REACHABLE	List.drop_append_eq_append_drop.omega_1	Init.Data.List.Nat.TakeDrop	theorem	body=true
REACHABLE	Lean.Omega.LinearCombo.coordinate_eval_3	Init.Omega.LinearCombo	theorem	body=true
REACHABLE	Lean.Omega.LinearCombo.coordinate_eval_2	Init.Omega.LinearCombo	theorem	body=true
REACHABLE	Lean.Omega.Int.ofNat_sub_dichotomy	Init.Omega.Int	theorem	body=true
REACHABLE	Lean.Omega.Int.ofNat_sub_eq_zero	Init.Omega.Int	theorem	body=true
REACHABLE	Int.ofNat_eq_zero	Init.Data.Int.Lemmas	theorem	body=true
REACHABLE	Lean.Omega.Constraint.combine_sat'	Init.Omega.Constraint	theorem	body=true
REACHABLE	Lean.Omega.Constraint.combine	Init.Omega.Constraint	definition	body=true
REACHABLE	Int.instMin	Init.Data.Int.Basic	definition	body=true
REACHABLE	Option.merge	Init.Data.Option.Basic	definition	body=true
REACHABLE	Option.merge.match_1	Init.Data.Option.Basic	definition	body=true
REACHABLE	Int.instMax	Init.Data.Int.Basic	definition	body=true
REACHABLE	Lean.Omega.Constraint.combine_sat	Init.Omega.Constraint	theorem	body=true
REACHABLE	Lean.Omega.Constraint.combine_sat._auxLemma.1	Init.Omega.Constraint	theorem	body=true
REACHABLE	Int.le_min	Init.Data.Int.Order	theorem	body=true
REACHABLE	Int.min_le_left	Init.Data.Int.Order	theorem	body=true
REACHABLE	Int.min_comm	Init.Data.Int.Order	theorem	body=true
REACHABLE	not_or_intro	Init.PropLemmas	theorem	body=true
REACHABLE	Int.min_le_right	Init.Data.Int.Order	theorem	body=true
REACHABLE	Int.min_def	Init.Data.Int.Order	theorem	body=true
REACHABLE	Int.le_min.match_1	Init.Data.Int.Order	definition	body=true
REACHABLE	Lean.Omega.Constraint.combine_sat._auxLemma.2	Init.Omega.Constraint	theorem	body=true
REACHABLE	Int.max_le	Init.Data.Int.Order	theorem	body=true
REACHABLE	Int.le_max_left	Init.Data.Int.Order	theorem	body=true
REACHABLE	Int.max_def	Init.Data.Int.Order	theorem	body=true
REACHABLE	Int.max_le.match_1	Init.Data.Int.Order	definition	body=true
REACHABLE	Int.le_max_right	Init.Data.Int.Order	theorem	body=true
REACHABLE	Int.max_comm	Init.Data.Int.Order	theorem	body=true
REACHABLE	List.append_cancel_left_eq	Init.Data.List.BasicAux	theorem	body=true
REACHABLE	List.append_cancel_left	Init.Data.List.BasicAux	theorem	body=true
REACHABLE	List.drop_nil	Init.Data.List.Basic	theorem	body=true
REACHABLE	Init.Data.List.Lemmas._auxLemma.3	Init.Data.List.Lemmas	theorem	body=true
REACHABLE	List.cons_ne_self	Init.Data.List.Lemmas	theorem	body=true
REACHABLE	Nat.succ_ne_self	Init.Data.Nat.Basic	theorem	body=true
REACHABLE	List.pairwise_iff_forall_sublist	Init.Data.List.Pairwise	theorem	body=true
REACHABLE	List.singleton_sublist	Init.Data.List.Sublist	theorem	body=true
REACHABLE	List.sublist_append_right	Init.Data.List.Sublist	theorem	body=true
REACHABLE	List.sublist_append_right.match_1	Init.Data.List.Sublist	definition	body=true
REACHABLE	List.mem_singleton_self	Init.Data.List.Lemmas	theorem	body=true
REACHABLE	List.pairwise_iff_forall_sublist.match_1	Init.Data.List.Pairwise	definition	body=true
REACHABLE	Init.Data.List.Sublist._auxLemma.15	Init.Data.List.Sublist	theorem	body=true
REACHABLE	List.sublist_nil	Init.Data.List.Sublist	theorem	body=true
REACHABLE	List.subset_nil	Init.Data.List.Sublist	theorem	body=true
REACHABLE	List.subset_nil.match_3	Init.Data.List.Sublist	definition	body=true
REACHABLE	List.subset_nil.match_2	Init.Data.List.Sublist	definition	body=true
REACHABLE	List.Subset.refl	Init.Data.List.Sublist	theorem	body=true
REACHABLE	List.subset_nil.match_1	Init.Data.List.Sublist	definition	body=true
REACHABLE	List.Nodup.getEquivOfForallMemList._proof_9	Mathlib.Data.List.NodupEquivFin	theorem	body=true
REACHABLE	Fintype.truncEquivFin._proof_2	Mathlib.Data.Fintype.EquivFin	theorem	body=true
REACHABLE	Trunc.mk	Mathlib.Data.Quot	definition	body=true
REACHABLE	Finset.mem_univ_val	Mathlib.Data.Fintype.Defs	theorem	body=true
REACHABLE	Fintype.truncEquivFin._proof_1	Mathlib.Data.Fintype.EquivFin	theorem	body=true
REACHABLE	Trunc.instSubsingletonTrunc	Mathlib.Data.Quot	theorem	body=true
REACHABLE	Trunc.eq	Mathlib.Data.Quot	theorem	body=true
REACHABLE	Trunc.induction_on₂	Mathlib.Data.Quot	theorem	body=true
REACHABLE	Trunc.induction_on	Mathlib.Data.Quot	theorem	body=true
REACHABLE	Trunc.ind	Mathlib.Data.Quot	theorem	body=true
REACHABLE	Pi.instSubsingleton	Init.Core	theorem	body=true
REACHABLE	Trunc.recOnSubsingleton	Mathlib.Data.Quot	definition	body=true
REACHABLE	Trunc.rec	Mathlib.Data.Quot	definition	body=true
REACHABLE	Trunc.rec._proof_25	Mathlib.Data.Quot	theorem	body=true
REACHABLE	Trunc.recOnSubsingleton._proof_26	Mathlib.Data.Quot	theorem	body=true
REACHABLE	Fintype.ofEquiv	Mathlib.Data.Fintype.OfMap	definition	body=true
REACHABLE	Fintype.ofBijective	Mathlib.Data.Fintype.OfMap	definition	body=true
REACHABLE	Function.Bijective	Mathlib.Logic.Function.Defs	definition	body=true
REACHABLE	Function.Surjective	Mathlib.Logic.Function.Defs	definition	body=true
REACHABLE	Fintype.ofBijective._proof_3	Mathlib.Data.Fintype.OfMap	theorem	body=true
REACHABLE	Function.Embedding.mk	Mathlib.Logic.Embedding.Basic	constructor	body=false
REACHABLE	Function.Embedding	Mathlib.Logic.Embedding.Basic	inductive	body=false
REACHABLE	Finset.map	Mathlib.Data.Finset.Image	definition	body=true
REACHABLE	Function.instFunLikeEmbedding	Mathlib.Logic.Embedding.Basic	definition	body=true
REACHABLE	Function.Embedding.toFun	Mathlib.Logic.Embedding.Basic	definition	body=true
REACHABLE	Function.instFunLikeEmbedding._proof_1	Mathlib.Logic.Embedding.Basic	theorem	body=true
REACHABLE	Function.Embedding.casesOn	Mathlib.Logic.Embedding.Basic	definition	body=true
REACHABLE	Function.Embedding.rec	Mathlib.Logic.Embedding.Basic	recursor	body=false
REACHABLE	Finset.map._proof_1	Mathlib.Data.Finset.Image	theorem	body=true
REACHABLE	Function.Embedding.inj'	Mathlib.Logic.Embedding.Basic	theorem	body=true
REACHABLE	Multiset.Nodup.map	Mathlib.Data.Multiset.MapFold	theorem	body=true
REACHABLE	Multiset.Nodup.map_on	Mathlib.Data.Multiset.MapFold	theorem	body=true
REACHABLE	Fintype.ofBijective._proof_4	Mathlib.Data.Fintype.OfMap	theorem	body=true
REACHABLE	Fintype.ofBijective.match_1	Mathlib.Data.Fintype.OfMap	definition	body=true
REACHABLE	Finset.mem_map_of_mem	Mathlib.Data.Finset.Image	theorem	body=true
REACHABLE	Finset.mem_map'	Mathlib.Data.Finset.Image	theorem	body=true
REACHABLE	Multiset.mem_map_of_injective	Mathlib.Data.Multiset.MapFold	theorem	body=true
REACHABLE	List.mem_map_of_injective	Mathlib.Data.List.Basic	theorem	body=true
REACHABLE	List.mem_map_of_mem	Init.Data.List.Lemmas	theorem	body=true
REACHABLE	List.mem_map_of_injective.match_1	Mathlib.Data.List.Basic	definition	body=true
REACHABLE	List.exists_of_mem_map	Init.Data.List.Lemmas	theorem	body=true
REACHABLE	Equiv.bijective	Mathlib.Logic.Equiv.Defs	theorem	body=true
REACHABLE	EquivLike.bijective	Mathlib.Data.FunLike.Equiv	theorem	body=true
REACHABLE	EquivLike.injective	Mathlib.Data.FunLike.Equiv	theorem	body=true
REACHABLE	EmbeddingLike.injective	Mathlib.Data.FunLike.Embedding	theorem	body=true
REACHABLE	EmbeddingLike	Mathlib.Data.FunLike.Embedding	inductive	body=false
REACHABLE	EmbeddingLike.injective'	Mathlib.Data.FunLike.Embedding	theorem	body=true
REACHABLE	EquivLike.toEmbeddingLike	Mathlib.Data.FunLike.Equiv	theorem	body=true
REACHABLE	EmbeddingLike.mk	Mathlib.Data.FunLike.Embedding	constructor	body=false
REACHABLE	EquivLike.surjective	Mathlib.Data.FunLike.Equiv	theorem	body=true
REACHABLE	Function.RightInverse.surjective	Mathlib.Logic.Function.Defs	theorem	body=true
REACHABLE	fintypePerm	Mathlib.Data.Fintype.Perm	definition	body=true
REACHABLE	permsOfFinset	Mathlib.Data.Fintype.Perm	definition	body=true
REACHABLE	Quotient.hrecOn	Init.Core	definition	body=true
REACHABLE	Quot.hrecOn	Init.Core	definition	body=true
REACHABLE	Quot.hrecOn.proof_1	Init.Core	theorem	body=true
REACHABLE	HEq.trans	Init.Core	theorem	body=true
REACHABLE	HEq.subst	Init.Core	theorem	body=true
REACHABLE	HEq.ndrecOn	Init.Core	definition	body=true
REACHABLE	eqRec_heq	Init.Core	theorem	body=true
REACHABLE	eqRec_heq.match_1	Init.Core	definition	body=true
REACHABLE	Eq.recOn	Init.Prelude	definition	body=true
REACHABLE	nodup_permsOfList	Mathlib.Data.Fintype.Perm	theorem	body=true
REACHABLE	nodup_permsOfList.match_3	Mathlib.Data.Fintype.Perm	definition	body=true
REACHABLE	permsOfList	Mathlib.Data.Fintype.Perm	definition	body=true
REACHABLE	permsOfList.match_1	Mathlib.Data.Fintype.Perm	definition	body=true
REACHABLE	One.toOfNat1	Mathlib.Algebra.Notation.Defs	definition	body=true
REACHABLE	One.one	Mathlib.Algebra.Notation.Defs	definition	body=true
REACHABLE	One	Mathlib.Algebra.Notation.Defs	inductive	body=false
REACHABLE	Equiv.Perm.instMul	Mathlib.Algebra.Group.End	definition	body=true
REACHABLE	Equiv.trans	Mathlib.Logic.Equiv.Defs	definition	body=true
REACHABLE	Equiv.trans._proof_5	Mathlib.Logic.Equiv.Defs	theorem	body=true
REACHABLE	Function.RightInverse.comp	Mathlib.Logic.Function.Basic	theorem	body=true
REACHABLE	Function.LeftInverse.comp	Mathlib.Logic.Function.Basic	theorem	body=true
REACHABLE	Equiv.trans._proof_4	Mathlib.Logic.Equiv.Defs	theorem	body=true
REACHABLE	Equiv.swap	Mathlib.Logic.Equiv.Basic	definition	body=true
REACHABLE	Equiv.swapCore_swapCore	Mathlib.Logic.Equiv.Basic	theorem	body=true
REACHABLE	false_of_true_eq_false	Init.Core	theorem	body=true
REACHABLE	false_of_true_iff_false	Init.Core	theorem	body=true
REACHABLE	Equiv.swapCore	Mathlib.Logic.Equiv.Basic	definition	body=true
REACHABLE	Equiv.Perm.instOne	Mathlib.Algebra.Group.End	definition	body=true
REACHABLE	One.mk	Mathlib.Algebra.Notation.Defs	constructor	body=false
REACHABLE	Group.toCancelMonoid	Mathlib.Algebra.Group.Defs	definition	body=true
REACHABLE	Group.toCancelMonoid._proof_14	Mathlib.Algebra.Group.Defs	theorem	body=true
REACHABLE	Monoid.toSemigroup	Mathlib.Algebra.Group.Defs	definition	body=true
REACHABLE	Monoid	Mathlib.Algebra.Group.Defs	inductive	body=false
REACHABLE	Semigroup	Mathlib.Algebra.Group.Defs	inductive	body=false
REACHABLE	Inv.inv	Mathlib.Algebra.Notation.Defs	definition	body=true
REACHABLE	Inv	Mathlib.Algebra.Notation.Defs	inductive	body=false
REACHABLE	Group.toDivInvMonoid	Mathlib.Algebra.Group.Defs	definition	body=true
REACHABLE	Group	Mathlib.Algebra.Group.Defs	inductive	body=false
REACHABLE	DivInvMonoid	Mathlib.Algebra.Group.Defs	inductive	body=false
REACHABLE	DivInvMonoid.toMonoid	Mathlib.Algebra.Group.Defs	definition	body=true
REACHABLE	MulOneClass.toMul	Mathlib.Algebra.Group.Defs	definition	body=true
REACHABLE	MulOneClass	Mathlib.Algebra.Group.Defs	inductive	body=false
REACHABLE	Monoid.toMulOneClass	Mathlib.Algebra.Group.Defs	definition	body=true
REACHABLE	Monoid.mul_one	Mathlib.Algebra.Group.Defs	theorem	body=true
REACHABLE	Monoid.toOne	Mathlib.Algebra.Group.Defs	definition	body=true
REACHABLE	Semigroup.toMul	Mathlib.Algebra.Group.Defs	definition	body=true
REACHABLE	MulOneClass.mk	Mathlib.Algebra.Group.Defs	constructor	body=false
REACHABLE	Monoid.one_mul	Mathlib.Algebra.Group.Defs	theorem	body=true
REACHABLE	DivInvMonoid.toInv	Mathlib.Algebra.Group.Defs	definition	body=true
REACHABLE	mul_inv_cancel_right	Mathlib.Algebra.Group.Defs	theorem	body=true
REACHABLE	mul_one	Mathlib.Algebra.Group.Defs	theorem	body=true
REACHABLE	MulOneClass.mul_one	Mathlib.Algebra.Group.Defs	theorem	body=true
REACHABLE	MulOneClass.toOne	Mathlib.Algebra.Group.Defs	definition	body=true
REACHABLE	mul_inv_cancel	Mathlib.Algebra.Group.Defs	theorem	body=true
REACHABLE	_private.Mathlib.Algebra.Group.Defs.0.inv_eq_of_mul	Mathlib.Algebra.Group.Defs	theorem	body=true
REACHABLE	left_inv_eq_right_inv	Mathlib.Algebra.Group.Defs	theorem	body=true
REACHABLE	one_mul	Mathlib.Algebra.Group.Defs	theorem	body=true
REACHABLE	MulOneClass.one_mul	Mathlib.Algebra.Group.Defs	theorem	body=true
REACHABLE	mul_assoc	Mathlib.Algebra.Group.Defs	theorem	body=true
REACHABLE	Semigroup.mul_assoc	Mathlib.Algebra.Group.Defs	theorem	body=true
REACHABLE	inv_mul_cancel	Mathlib.Algebra.Group.Defs	theorem	body=true
REACHABLE	Group.inv_mul_cancel	Mathlib.Algebra.Group.Defs	theorem	body=true
REACHABLE	CancelMonoid.mk	Mathlib.Algebra.Group.Defs	constructor	body=false
REACHABLE	CancelMonoid	Mathlib.Algebra.Group.Defs	inductive	body=false
REACHABLE	LeftCancelMonoid	Mathlib.Algebra.Group.Defs	inductive	body=false
REACHABLE	LeftCancelMonoid.toMonoid	Mathlib.Algebra.Group.Defs	definition	body=true
REACHABLE	Group.toCancelMonoid._proof_13	Mathlib.Algebra.Group.Defs	theorem	body=true
REACHABLE	inv_mul_cancel_left	Mathlib.Algebra.Group.Defs	theorem	body=true
REACHABLE	LeftCancelMonoid.mk	Mathlib.Algebra.Group.Defs	constructor	body=false
REACHABLE	mem_of_mem_permsOfList	Mathlib.Data.Fintype.Perm	theorem	body=true
REACHABLE	mem_of_mem_permsOfList.match_2	Mathlib.Data.Fintype.Perm	definition	body=true
REACHABLE	List.mem_flatMap	Init.Data.List.Lemmas	theorem	body=true
REACHABLE	Init.Data.List.Lemmas._auxLemma.48	Init.Data.List.Lemmas	theorem	body=true
REACHABLE	List.mem_flatMap.match_2	Init.Data.List.Lemmas	definition	body=true
REACHABLE	List.mem_flatMap.match_1	Init.Data.List.Lemmas	definition	body=true
REACHABLE	InvOneClass.toInv	Mathlib.Algebra.Group.Defs	definition	body=true
REACHABLE	InvOneClass	Mathlib.Algebra.Group.Defs	inductive	body=false
REACHABLE	Equiv.Perm.mul_apply	Mathlib.Algebra.Group.End	theorem	body=true
REACHABLE	Equiv.trans_apply	Mathlib.Logic.Equiv.Defs	theorem	body=true
REACHABLE	Equiv.Perm.permGroup	Mathlib.Algebra.Group.End	definition	body=true
REACHABLE	Group.mk	Mathlib.Algebra.Group.Defs	constructor	body=false
REACHABLE	Equiv.refl_trans	Mathlib.Logic.Equiv.Defs	theorem	body=true
REACHABLE	Equiv.Perm.permGroup._proof_13	Mathlib.Algebra.Group.End	theorem	body=true
REACHABLE	zpowRec	Mathlib.Algebra.Group.Defs	definition	body=true
REACHABLE	npowRec	Mathlib.Algebra.Group.Defs	definition	body=true
REACHABLE	zpowRec.match_1	Mathlib.Algebra.Group.Defs	definition	body=true
REACHABLE	Equiv.Perm.instPowNat	Mathlib.Algebra.Group.End	definition	body=true
REACHABLE	Equiv.Perm.instPowNat._proof_5	Mathlib.Algebra.Group.End	theorem	body=true
REACHABLE	Function.LeftInverse.iterate	Mathlib.Logic.Function.Iterate	theorem	body=true
REACHABLE	Nat.iterate	Mathlib.Logic.Function.Iterate	definition	body=true
REACHABLE	Nat.iterate.match_1	Mathlib.Logic.Function.Iterate	definition	body=true
REACHABLE	Function.iterate_succ'	Mathlib.Logic.Function.Iterate	theorem	body=true
REACHABLE	Function.Commute.self_iterate	Mathlib.Logic.Function.Iterate	theorem	body=true
REACHABLE	Function.Commute.iterate_right	Mathlib.Logic.Function.Iterate	theorem	body=true
REACHABLE	Function.Semiconj.iterate_right	Mathlib.Logic.Function.Iterate	theorem	body=true
REACHABLE	Function.Semiconj	Mathlib.Logic.Function.Conjugate	definition	body=true
REACHABLE	Function.Semiconj.comp_right	Mathlib.Logic.Function.Conjugate	theorem	body=true
REACHABLE	Function.Semiconj.eq	Mathlib.Logic.Function.Conjugate	theorem	body=true
REACHABLE	Function.Semiconj.id_right	Mathlib.Logic.Function.Conjugate	theorem	body=true
REACHABLE	Function.Commute	Mathlib.Logic.Function.Conjugate	definition	body=true
REACHABLE	Function.Commute.refl	Mathlib.Logic.Function.Conjugate	theorem	body=true
REACHABLE	Function.iterate_succ	Mathlib.Logic.Function.Iterate	theorem	body=true
REACHABLE	Function.Semiconj.comp_eq	Mathlib.Logic.Function.Conjugate	theorem	body=true
REACHABLE	funext_iff	Init.Ext	theorem	body=true
REACHABLE	Equiv.Perm.instPowNat._proof_6	Mathlib.Algebra.Group.End	theorem	body=true
REACHABLE	Function.RightInverse.iterate	Mathlib.Logic.Function.Iterate	theorem	body=true
REACHABLE	Equiv.Perm.instInv	Mathlib.Algebra.Group.End	definition	body=true
REACHABLE	Inv.mk	Mathlib.Algebra.Notation.Defs	constructor	body=false
REACHABLE	Equiv.Perm.permGroup._proof_12	Mathlib.Algebra.Group.End	theorem	body=true
REACHABLE	Equiv.coe_fn_injective	Mathlib.Logic.Equiv.Defs	theorem	body=true
REACHABLE	Equiv.self_trans_symm	Mathlib.Logic.Equiv.Defs	theorem	body=true
REACHABLE	Equiv.ext	Mathlib.Logic.Equiv.Defs	theorem	body=true
REACHABLE	DFunLike.ext	Mathlib.Data.FunLike.Basic	theorem	body=true
REACHABLE	Equiv.symm_apply_apply	Mathlib.Logic.Equiv.Defs	theorem	body=true
REACHABLE	Equiv.trans_refl	Mathlib.Logic.Equiv.Defs	theorem	body=true
REACHABLE	Monoid.mk	Mathlib.Algebra.Group.Defs	constructor	body=false
REACHABLE	Monoid.npow_succ._autoParam	Mathlib.Algebra.Group.Defs	definition	body=true
REACHABLE	Monoid.npow_zero._autoParam	Mathlib.Algebra.Group.Defs	definition	body=true
REACHABLE	DivInvMonoid.div'	Mathlib.Algebra.Group.Defs	definition	body=true
REACHABLE	Equiv.Perm.permGroup._proof_11	Mathlib.Algebra.Group.End	theorem	body=true
REACHABLE	Equiv.Perm.permGroup._proof_10	Mathlib.Algebra.Group.End	theorem	body=true
REACHABLE	Equiv.trans_assoc	Mathlib.Logic.Equiv.Defs	theorem	body=true
REACHABLE	Semigroup.mk	Mathlib.Algebra.Group.Defs	constructor	body=false
REACHABLE	Equiv.Perm.permGroup._proof_8	Mathlib.Algebra.Group.End	theorem	body=true
REACHABLE	Equiv.Perm.permGroup._proof_9	Mathlib.Algebra.Group.End	theorem	body=true
REACHABLE	Equiv.Perm.permGroup._proof_7	Mathlib.Algebra.Group.End	theorem	body=true
REACHABLE	DivInvMonoid.mk	Mathlib.Algebra.Group.Defs	constructor	body=false
REACHABLE	DivInvMonoid.zpow_zero'._autoParam	Mathlib.Algebra.Group.Defs	definition	body=true
REACHABLE	DivInvMonoid.zpow_succ'._autoParam	Mathlib.Algebra.Group.Defs	definition	body=true
REACHABLE	DivInvMonoid.zpow_neg'._autoParam	Mathlib.Algebra.Group.Defs	definition	body=true
REACHABLE	DivInvMonoid.div_eq_mul_inv._autoParam	Mathlib.Algebra.Group.Defs	definition	body=true
REACHABLE	Equiv.swap_inv	Mathlib.Algebra.Group.End	theorem	body=true
REACHABLE	eq_inv_mul_iff_mul_eq	Mathlib.Algebra.Group.Basic	theorem	body=true
REACHABLE	mul_inv_cancel_left	Mathlib.Algebra.Group.Defs	theorem	body=true
REACHABLE	DivisionMonoid.toDivInvOneMonoid	Mathlib.Algebra.Group.Basic	definition	body=true
REACHABLE	DivisionMonoid.toDivInvOneMonoid._proof_15	Mathlib.Algebra.Group.Basic	theorem	body=true
REACHABLE	inv_div	Mathlib.Algebra.Group.Basic	theorem	body=true
REACHABLE	mul_inv_rev	Mathlib.Algebra.Group.Defs	theorem	body=true
REACHABLE	DivisionMonoid.mul_inv_rev	Mathlib.Algebra.Group.Defs	theorem	body=true
REACHABLE	DivisionMonoid	Mathlib.Algebra.Group.Defs	inductive	body=false
REACHABLE	DivisionMonoid.toDivInvMonoid	Mathlib.Algebra.Group.Defs	definition	body=true
REACHABLE	DivInvMonoid.toDiv	Mathlib.Algebra.Group.Defs	definition	body=true
REACHABLE	inv_inv	Mathlib.Algebra.Group.Defs	theorem	body=true
REACHABLE	InvolutiveInv	Mathlib.Algebra.Group.Defs	inductive	body=false
REACHABLE	InvolutiveInv.inv_inv	Mathlib.Algebra.Group.Defs	theorem	body=true
REACHABLE	InvolutiveInv.toInv	Mathlib.Algebra.Group.Defs	definition	body=true
REACHABLE	div_eq_mul_inv	Mathlib.Algebra.Group.Defs	theorem	body=true
REACHABLE	DivInvMonoid.div_eq_mul_inv	Mathlib.Algebra.Group.Defs	theorem	body=true
REACHABLE	DivisionMonoid.toInvolutiveInv	Mathlib.Algebra.Group.Defs	definition	body=true
REACHABLE	DivisionMonoid.inv_inv	Mathlib.Algebra.Group.Defs	theorem	body=true
REACHABLE	InvolutiveInv.mk	Mathlib.Algebra.Group.Defs	constructor	body=false
REACHABLE	one_div	Mathlib.Algebra.Group.Defs	theorem	body=true
REACHABLE	inv_eq_one_div	Mathlib.Algebra.Group.Defs	theorem	body=true
REACHABLE	DivInvOneMonoid.mk	Mathlib.Algebra.Group.Defs	constructor	body=false
REACHABLE	DivInvOneMonoid	Mathlib.Algebra.Group.Defs	inductive	body=false
REACHABLE	Group.toDivisionMonoid	Mathlib.Algebra.Group.Defs	definition	body=true
REACHABLE	DivisionMonoid.mk	Mathlib.Algebra.Group.Defs	constructor	body=false
REACHABLE	Group.toDivisionMonoid._proof_9	Mathlib.Algebra.Group.Defs	theorem	body=true
REACHABLE	Group.toDivisionMonoid._proof_10	Mathlib.Algebra.Group.Defs	theorem	body=true
REACHABLE	DivInvOneMonoid.toInvOneClass	Mathlib.Algebra.Group.Defs	definition	body=true
REACHABLE	DivInvOneMonoid.inv_one	Mathlib.Algebra.Group.Defs	theorem	body=true
REACHABLE	DivInvOneMonoid.toDivInvMonoid	Mathlib.Algebra.Group.Defs	definition	body=true
REACHABLE	InvOneClass.mk	Mathlib.Algebra.Group.Defs	constructor	body=false
REACHABLE	Equiv.swap_apply_def	Mathlib.Logic.Equiv.Basic	theorem	body=true
REACHABLE	mem_of_mem_permsOfList.match_1	Mathlib.Data.Fintype.Perm	definition	body=true
REACHABLE	mem_of_mem_permsOfList.match_3	Mathlib.Data.Fintype.Perm	definition	body=true
REACHABLE	Equiv.swap_apply_left	Mathlib.Logic.Equiv.Basic	theorem	body=true
REACHABLE	ne_of_lt	Mathlib.Order.Defs.PartialOrder	theorem	body=true
REACHABLE	lt_irrefl	Mathlib.Order.Defs.PartialOrder	theorem	body=true
REACHABLE	not_le_of_lt	Mathlib.Order.Defs.PartialOrder	theorem	body=true
REACHABLE	le_rfl	Mathlib.Order.Defs.PartialOrder	theorem	body=true
REACHABLE	Equiv.swap_apply_right	Mathlib.Logic.Equiv.Basic	theorem	body=true
REACHABLE	Equiv.swap_self	Mathlib.Logic.Equiv.Basic	theorem	body=true
REACHABLE	Equiv.swapCore_self	Mathlib.Logic.Equiv.Basic	theorem	body=true
REACHABLE	List.Nodup.of_cons	Mathlib.Data.List.Nodup	theorem	body=true
REACHABLE	List.nodup_cons	Init.Data.List.Pairwise	theorem	body=true
REACHABLE	List.nodup_cons._auxLemma.4	Init.Data.List.Pairwise	theorem	body=true
REACHABLE	List.nodup_cons._auxLemma.3	Init.Data.List.Pairwise	theorem	body=true
REACHABLE	Equiv.injective	Mathlib.Logic.Equiv.Defs	theorem	body=true
REACHABLE	nodup_permsOfList.match_2	Mathlib.Data.Fintype.Perm	definition	body=true
REACHABLE	nodup_permsOfList.match_4	Mathlib.Data.Fintype.Perm	definition	body=true
REACHABLE	IsCancelMul.toIsLeftCancelMul	Mathlib.Algebra.Group.Defs	theorem	body=true
REACHABLE	IsCancelMul	Mathlib.Algebra.Group.Defs	inductive	body=false
REACHABLE	IsLeftCancelMul	Mathlib.Algebra.Group.Defs	inductive	body=false
REACHABLE	Init.Data.List.Pairwise._auxLemma.2	Init.Data.List.Pairwise	theorem	body=true
REACHABLE	List.nodup_nil	Init.Data.List.Pairwise	theorem	body=true
REACHABLE	List.nodup_append	Mathlib.Data.List.Nodup	theorem	body=true
REACHABLE	List.nodup_append._proof_2	Mathlib.Data.List.Nodup	theorem	body=true
REACHABLE	List.nodup_append._proof_3	Mathlib.Data.List.Nodup	theorem	body=true
REACHABLE	List.disjoint_iff_ne	Batteries.Data.List.Lemmas	theorem	body=true
REACHABLE	CancelMonoid.toIsCancelMul	Mathlib.Algebra.Group.Defs	theorem	body=true
REACHABLE	RightCancelMonoid.toMonoid	Mathlib.Algebra.Group.Defs	definition	body=true
REACHABLE	RightCancelMonoid	Mathlib.Algebra.Group.Defs	inductive	body=false
REACHABLE	IsRightCancelMul.mk	Mathlib.Algebra.Group.Defs	constructor	body=false
REACHABLE	IsRightCancelMul	Mathlib.Algebra.Group.Defs	inductive	body=false
REACHABLE	LeftCancelSemigroup.mul_left_cancel	Mathlib.Algebra.Group.Defs	theorem	body=true
REACHABLE	LeftCancelSemigroup	Mathlib.Algebra.Group.Defs	inductive	body=false
REACHABLE	LeftCancelSemigroup.toSemigroup	Mathlib.Algebra.Group.Defs	definition	body=true
REACHABLE	IsLeftCancelMul.mk	Mathlib.Algebra.Group.Defs	constructor	body=false
REACHABLE	RightCancelMonoid.toRightCancelSemigroup	Mathlib.Algebra.Group.Defs	definition	body=true
REACHABLE	RightCancelSemigroup.mk	Mathlib.Algebra.Group.Defs	constructor	body=false
REACHABLE	RightCancelSemigroup	Mathlib.Algebra.Group.Defs	inductive	body=false
REACHABLE	RightCancelMonoid.mul_right_cancel	Mathlib.Algebra.Group.Defs	theorem	body=true
REACHABLE	IsCancelMul.mk	Mathlib.Algebra.Group.Defs	constructor	body=false
REACHABLE	LeftCancelMonoid.toLeftCancelSemigroup	Mathlib.Algebra.Group.Defs	definition	body=true
REACHABLE	LeftCancelSemigroup.mk	Mathlib.Algebra.Group.Defs	constructor	body=false
REACHABLE	LeftCancelMonoid.mul_left_cancel	Mathlib.Algebra.Group.Defs	theorem	body=true
REACHABLE	RightCancelSemigroup.mul_right_cancel	Mathlib.Algebra.Group.Defs	theorem	body=true
REACHABLE	RightCancelSemigroup.toSemigroup	Mathlib.Algebra.Group.Defs	definition	body=true
REACHABLE	CancelMonoid.toLeftCancelMonoid	Mathlib.Algebra.Group.Defs	definition	body=true
REACHABLE	CancelMonoid.toRightCancelMonoid	Mathlib.Algebra.Group.Defs	definition	body=true
REACHABLE	RightCancelMonoid.mk	Mathlib.Algebra.Group.Defs	constructor	body=false
REACHABLE	CancelMonoid.mul_right_cancel	Mathlib.Algebra.Group.Defs	theorem	body=true
REACHABLE	mul_left_cancel	Mathlib.Algebra.Group.Defs	theorem	body=true
REACHABLE	IsLeftCancelMul.mul_left_cancel	Mathlib.Algebra.Group.Defs	theorem	body=true
REACHABLE	permsOfList.eq_2	Mathlib.Data.Fintype.Perm	theorem	body=true
REACHABLE	List.Nodup.getElem_inj_iff	Mathlib.Data.List.Nodup	theorem	body=true
REACHABLE	Fin.mk.injEq	Init.Core	theorem	body=true
REACHABLE	Fin.noConfusion	Init.Prelude	definition	body=true
REACHABLE	Fin.noConfusionType	Init.Prelude	definition	body=true
REACHABLE	List.Nodup.get_inj_iff	Mathlib.Data.List.Nodup	theorem	body=true
REACHABLE	Classical.not_not	Init.Classical	theorem	body=true
REACHABLE	nodup_permsOfList.match_1	Mathlib.Data.Fintype.Perm	definition	body=true
REACHABLE	Equiv.Perm.apply_inv_self	Mathlib.Algebra.Group.End	theorem	body=true
REACHABLE	Equiv.apply_symm_apply	Mathlib.Logic.Equiv.Defs	theorem	body=true
REACHABLE	Init.Data.List.Pairwise._auxLemma.3	Init.Data.List.Pairwise	theorem	body=true
REACHABLE	permsOfFinset._proof_2	Mathlib.Data.Fintype.Perm	theorem	body=true
REACHABLE	_private.Mathlib.Data.Fintype.Perm.0._proof_1	Mathlib.Data.Fintype.Perm	theorem	body=true
REACHABLE	mem_permsOfList_iff	Mathlib.Data.Fintype.Perm	theorem	body=true
REACHABLE	mem_permsOfList_of_mem	Mathlib.Data.Fintype.Perm	theorem	body=true
REACHABLE	mem_permsOfList_of_mem._proof_1	Mathlib.Data.Fintype.Perm	theorem	body=true
REACHABLE	Equiv.swap_swap	Mathlib.Logic.Equiv.Basic	theorem	body=true
REACHABLE	mem_permsOfList_of_mem._proof_6	Mathlib.Data.Fintype.Perm	theorem	body=true
REACHABLE	Classical.or_iff_not_imp_left	Init.Classical	theorem	body=true
REACHABLE	Decidable.or_iff_not_imp_left	Init.PropLemmas	theorem	body=true
REACHABLE	mem_permsOfList_of_mem._proof_5	Mathlib.Data.Fintype.Perm	theorem	body=true
REACHABLE	Equiv.Perm.mul_def	Mathlib.Algebra.Group.End	theorem	body=true
REACHABLE	List.mem_singleton	Init.Data.List.Lemmas	theorem	body=true
REACHABLE	List.eq_of_mem_singleton	Init.Data.List.Lemmas	theorem	body=true
REACHABLE	List.eq_of_mem_singleton.match_1	Init.Data.List.Lemmas	definition	body=true
REACHABLE	mem_permsOfList_of_mem._proof_2	Mathlib.Data.Fintype.Perm	theorem	body=true
REACHABLE	Equiv.apply_eq_iff_eq	Mathlib.Logic.Equiv.Defs	theorem	body=true
REACHABLE	EquivLike.apply_eq_iff_eq	Mathlib.Data.FunLike.Equiv	theorem	body=true
REACHABLE	EmbeddingLike.apply_eq_iff_eq	Mathlib.Data.FunLike.Embedding	theorem	body=true
REACHABLE	List.mem_append_left	Init.Data.List.Basic	theorem	body=true
REACHABLE	mem_permsOfList_of_mem._proof_4	Mathlib.Data.Fintype.Perm	theorem	body=true
REACHABLE	Equiv.Perm.one_def	Mathlib.Algebra.Group.End	theorem	body=true
REACHABLE	List.mem_of_ne_of_mem	Init.Data.List.Lemmas	theorem	body=true
REACHABLE	Function.hfunext	Mathlib.Logic.Function.Basic	theorem	body=true
REACHABLE	heq_of_eq	Init.Core	theorem	body=true
REACHABLE	type_eq_of_heq	Init.Core	theorem	body=true
REACHABLE	_private.Mathlib.Data.Finset.Defs.0._proof_2	Mathlib.Data.Finset.Defs	theorem	body=true
REACHABLE	Finset.mem_mk	Mathlib.Data.Finset.Defs	theorem	body=true
REACHABLE	fintypePerm._proof_4	Mathlib.Data.Fintype.Perm	theorem	body=true
REACHABLE	_private.Mathlib.Data.Fintype.Perm.0._proof_3	Mathlib.Data.Fintype.Perm	theorem	body=true
REACHABLE	mem_perms_of_finset_iff	Mathlib.Data.Fintype.Perm	theorem	body=true
REACHABLE	Equiv.instFintype._proof_7	Mathlib.Data.Fintype.Perm	theorem	body=true
REACHABLE	Fintype.card_eq	Mathlib.Data.Fintype.EquivFin	theorem	body=true
REACHABLE	Fintype.card_eq.match_1	Mathlib.Data.Fintype.EquivFin	definition	body=true
REACHABLE	Fintype.truncEquivOfCardEq	Mathlib.Data.Fintype.EquivFin	definition	body=true
REACHABLE	Fintype.truncEquivFinOfCardEq	Mathlib.Data.Fintype.EquivFin	definition	body=true
REACHABLE	finCongr	Mathlib.Data.Fin.Basic	definition	body=true
REACHABLE	Fin.cast	Init.Data.Fin.Basic	definition	body=true
REACHABLE	Fin.cast.proof_1	Init.Data.Fin.Basic	theorem	body=true
REACHABLE	Fin.rightInverse_cast	Mathlib.Data.Fin.Basic	theorem	body=true
REACHABLE	Fin.leftInverse_cast	Mathlib.Data.Fin.Basic	theorem	body=true
REACHABLE	Trunc.map	Mathlib.Data.Quot	definition	body=true
REACHABLE	Trunc.bind	Mathlib.Data.Quot	definition	body=true
REACHABLE	Trunc.bind._proof_24	Mathlib.Data.Quot	theorem	body=true
REACHABLE	Trunc.liftOn	Mathlib.Data.Quot	definition	body=true
REACHABLE	Trunc.lift	Mathlib.Data.Quot	definition	body=true
REACHABLE	Trunc.nonempty	Mathlib.Data.Quot	theorem	body=true
REACHABLE	nonempty_of_exists	Init.Core	theorem	body=true
REACHABLE	nonempty_of_exists.match_1	Init.Core	definition	body=true
REACHABLE	Trunc.exists_rep	Mathlib.Data.Quot	theorem	body=true
REACHABLE	Quot.exists_rep	Init.Core	theorem	body=true
REACHABLE	Fintype.card_congr	Mathlib.Data.Fintype.Card	theorem	body=true
REACHABLE	Fintype.instFastSubsingleton	Mathlib.Data.Fintype.Defs	theorem	body=true
REACHABLE	Lean.Meta.FastSubsingleton.mk	Mathlib.Lean.Meta.CongrTheorems	constructor	body=false
REACHABLE	Lean.Meta.FastSubsingleton	Mathlib.Lean.Meta.CongrTheorems	inductive	body=false
REACHABLE	Fintype.ofEquiv_card	Mathlib.Data.Fintype.Card	theorem	body=true
REACHABLE	Multiset.card_map	Mathlib.Data.Multiset.MapFold	theorem	body=true
REACHABLE	List.length_map	Init.Data.List.Lemmas	theorem	body=true
REACHABLE	Lean.Meta.FastSubsingleton.elim	Mathlib.Lean.Meta.CongrTheorems	theorem	body=true
REACHABLE	Lean.Meta.FastSubsingleton.inst	Mathlib.Lean.Meta.CongrTheorems	theorem	body=true
REACHABLE	Equiv.equivCongr	Mathlib.Logic.Equiv.Defs	definition	body=true
REACHABLE	Equiv.equivCongr._proof_10	Mathlib.Logic.Equiv.Defs	theorem	body=true
REACHABLE	Equiv.equivCongr._proof_9	Mathlib.Logic.Equiv.Defs	theorem	body=true
REACHABLE	instDecidableEqFin	Init.Prelude	definition	body=true
REACHABLE	instDecidableEqFin.match_1	Init.Prelude	definition	body=true
REACHABLE	instDecidableEqFin.proof_1	Init.Prelude	theorem	body=true
REACHABLE	Fin.eq_of_val_eq	Init.Prelude	theorem	body=true
REACHABLE	Fin.eq_of_val_eq.match_1	Init.Prelude	definition	body=true
REACHABLE	Conjecture1663.edgeEditCost_iso	Conjecture1663.Proof	theorem	body=true
REACHABLE	RelIso.instFunLike	Mathlib.Order.RelIso.Basic	definition	body=true
REACHABLE	RelEmbedding.instFunLike	Mathlib.Order.RelIso.Basic	definition	body=true
REACHABLE	RelEmbedding.instFunLike._proof_6	Mathlib.Order.RelIso.Basic	theorem	body=true
REACHABLE	RelEmbedding	Mathlib.Order.RelIso.Basic	inductive	body=false
REACHABLE	RelEmbedding.toEmbedding	Mathlib.Order.RelIso.Basic	definition	body=true
REACHABLE	RelEmbedding.casesOn	Mathlib.Order.RelIso.Basic	definition	body=true
REACHABLE	RelEmbedding.rec	Mathlib.Order.RelIso.Basic	recursor	body=false
REACHABLE	RelEmbedding.mk	Mathlib.Order.RelIso.Basic	constructor	body=false
REACHABLE	RelIso.toRelEmbedding	Mathlib.Order.RelIso.Basic	definition	body=true
REACHABLE	Equiv.toEmbedding	Mathlib.Logic.Embedding.Basic	definition	body=true
REACHABLE	RelIso.map_rel_iff'	Mathlib.Order.RelIso.Basic	theorem	body=true
REACHABLE	RelIso.instFunLike._proof_29	Mathlib.Order.RelIso.Basic	theorem	body=true
REACHABLE	Function.Injective.comp	Mathlib.Logic.Function.Defs	theorem	body=true
REACHABLE	RelIso.toEquiv_injective	Mathlib.Order.RelIso.Basic	theorem	body=true
REACHABLE	RelIso.toEquiv_injective.match_1	Mathlib.Order.RelIso.Basic	definition	body=true
REACHABLE	RelIso.mk	Mathlib.Order.RelIso.Basic	constructor	body=false
REACHABLE	RelIso.casesOn	Mathlib.Order.RelIso.Basic	definition	body=true
REACHABLE	RelIso.rec	Mathlib.Order.RelIso.Basic	recursor	body=false
REACHABLE	Conjecture1663.edgeEditCost_iso._proof_2	Conjecture1663.Proof	theorem	body=true
REACHABLE	Finset.filter_eq_empty_iff	Mathlib.Data.Finset.Filter	theorem	body=true
REACHABLE	_private.Mathlib.Data.Finset.Empty.0._proof_3	Mathlib.Data.Finset.Empty	theorem	body=true
REACHABLE	Finset.not_mem_empty	Mathlib.Data.Finset.Empty	theorem	body=true
REACHABLE	Finset.not_mem_empty._proof_4	Mathlib.Data.Finset.Empty	theorem	body=true
REACHABLE	Finset.not_mem_empty._proof_5	Mathlib.Data.Finset.Empty	theorem	body=true
REACHABLE	not_false_iff	Init.Core	theorem	body=true
REACHABLE	Finset.not_mem_empty._proof_3	Mathlib.Data.Finset.Empty	theorem	body=true
REACHABLE	Finset.mem_def	Mathlib.Data.Finset.Defs	theorem	body=true
REACHABLE	Finset.filter_eq_empty_iff._proof_4	Mathlib.Data.Finset.Filter	theorem	body=true
REACHABLE	_private.Mathlib.Data.Finset.Filter.0._proof_3	Mathlib.Data.Finset.Filter	theorem	body=true
REACHABLE	Finset.mem_filter	Mathlib.Data.Finset.Filter	theorem	body=true
REACHABLE	Multiset.mem_filter	Mathlib.Data.Multiset.Filter	theorem	body=true
REACHABLE	Init.Data.List.Lemmas._auxLemma.35	Init.Data.List.Lemmas	theorem	body=true
REACHABLE	Conjecture1663.edgeEditCost_iso._proof_1	Conjecture1663.Proof	theorem	body=true
REACHABLE	Finset.card_eq_zero	Mathlib.Data.Finset.Card	theorem	body=true
REACHABLE	Finset.val_eq_zero	Mathlib.Data.Finset.Empty	theorem	body=true
REACHABLE	Multiset.card_eq_zero	Mathlib.Data.Multiset.ZeroCons	theorem	body=true
REACHABLE	Multiset.eq_of_le_of_card_le	Mathlib.Data.Multiset.Defs	theorem	body=true
REACHABLE	Multiset.instPartialOrder	Mathlib.Data.Multiset.Defs	definition	body=true
REACHABLE	Multiset.instPartialOrder._proof_10	Mathlib.Data.Multiset.Defs	theorem	body=true
REACHABLE	List.Subperm.refl	Batteries.Data.List.Perm	theorem	body=true
REACHABLE	List.Perm.subperm	Batteries.Data.List.Perm	theorem	body=true
REACHABLE	List.Perm.rfl	Init.Data.List.Perm	theorem	body=true
REACHABLE	Multiset.Le	Mathlib.Data.Multiset.Defs	definition	body=true
REACHABLE	Multiset.Le._proof_9	Mathlib.Data.Multiset.Defs	theorem	body=true
REACHABLE	List.Perm.subperm_left	Batteries.Data.List.Perm	theorem	body=true
REACHABLE	List.Perm.subperm_left.match_2	Batteries.Data.List.Perm	definition	body=true
REACHABLE	List.Perm.subperm_left.match_1	Batteries.Data.List.Perm	definition	body=true
REACHABLE	List.exists_perm_sublist	Init.Data.List.Perm	theorem	body=true
REACHABLE	List.exists_perm_sublist.match_3	Init.Data.List.Perm	definition	body=true
REACHABLE	List.exists_perm_sublist.match_1	Init.Data.List.Perm	definition	body=true
REACHABLE	List.exists_perm_sublist.match_4	Init.Data.List.Perm	definition	body=true
REACHABLE	List.exists_perm_sublist.match_2	Init.Data.List.Perm	definition	body=true
REACHABLE	List.Perm.subperm_right	Batteries.Data.List.Perm	theorem	body=true
REACHABLE	List.Perm.subperm_right.match_1	Batteries.Data.List.Perm	definition	body=true
REACHABLE	Multiset.instPartialOrder._proof_11	Mathlib.Data.Multiset.Defs	theorem	body=true
REACHABLE	List.Subperm.trans	Batteries.Data.List.Perm	theorem	body=true
REACHABLE	List.Subperm.trans.match_1	Batteries.Data.List.Perm	definition	body=true
REACHABLE	Multiset.instPartialOrder._proof_13	Mathlib.Data.Multiset.Defs	theorem	body=true
REACHABLE	Multiset.instPartialOrder._proof_12	Mathlib.Data.Multiset.Defs	theorem	body=true
REACHABLE	Multiset.leInductionOn	Mathlib.Data.Multiset.Defs	theorem	body=true
REACHABLE	Multiset.leInductionOn.match_1	Mathlib.Data.Multiset.Defs	definition	body=true
REACHABLE	Multiset.zero_le	Mathlib.Data.Multiset.ZeroCons	theorem	body=true
REACHABLE	List.Sublist.subperm	Batteries.Data.List.Perm	theorem	body=true
REACHABLE	le_of_eq	Mathlib.Order.Defs.PartialOrder	theorem	body=true
REACHABLE	SimpleGraph.Iso	Mathlib.Combinatorics.SimpleGraph.Maps	definition	body=true
REACHABLE	SimpleGraph.Iso.map_adj_iff	Mathlib.Combinatorics.SimpleGraph.Maps	theorem	body=true
REACHABLE	RelIso.map_rel_iff	Mathlib.Order.RelIso.Basic	theorem	body=true
REACHABLE	Conjecture1663.editDistance_le_cost	Conjecture1663.Definitions	theorem	body=true
REACHABLE	Nat.find_min'	Mathlib.Data.Nat.Find	theorem	body=true
REACHABLE	Nat.find_min	Mathlib.Data.Nat.Find	theorem	body=true
REACHABLE	SimpleGraph.Iso.refl	Mathlib.Combinatorics.SimpleGraph.Maps	definition	body=true
REACHABLE	RelIso.refl	Mathlib.Order.RelIso.Basic	definition	body=true
REACHABLE	RelIso.refl._proof_34	Mathlib.Order.RelIso.Basic	theorem	body=true
REACHABLE	CompleteAtomicBooleanAlgebra.toCompleteLattice	Mathlib.Order.CompleteBooleanAlgebra	definition	body=true
REACHABLE	CompleteAtomicBooleanAlgebra	Mathlib.Order.CompleteBooleanAlgebra	inductive	body=false
REACHABLE	CompleteLattice	Mathlib.Order.CompleteLattice.Defs	inductive	body=false
REACHABLE	Conjecture1663.deck	Conjecture1663.Definitions	definition	body=true
REACHABLE	Conjecture1663.unlabelled	Conjecture1663.Definitions	definition	body=true
REACHABLE	Conjecture1663.graphSetoid	Conjecture1663.Definitions	definition	body=true
REACHABLE	Conjecture1663.graphSetoid._proof_1	Conjecture1663.Definitions	theorem	body=true
REACHABLE	RelIso.trans	Mathlib.Order.RelIso.Basic	definition	body=true
REACHABLE	RelIso.trans._proof_35	Mathlib.Order.RelIso.Basic	theorem	body=true
REACHABLE	SimpleGraph.Iso.symm	Mathlib.Combinatorics.SimpleGraph.Maps	definition	body=true
REACHABLE	RelIso.symm	Mathlib.Order.RelIso.Basic	definition	body=true
REACHABLE	RelIso.symm._proof_33	Mathlib.Order.RelIso.Basic	theorem	body=true
REACHABLE	Conjecture1663.graphSetoid.match_1	Conjecture1663.Definitions	definition	body=true
REACHABLE	Conjecture1663.Unlabelled	Conjecture1663.Definitions	definition	body=true
REACHABLE	Conjecture1663.deleteVertex	Conjecture1663.Definitions	definition	body=true
REACHABLE	SimpleGraph.comap	Mathlib.Combinatorics.SimpleGraph.Maps	definition	body=true
REACHABLE	SimpleGraph.comap._proof_5	Mathlib.Combinatorics.SimpleGraph.Maps	theorem	body=true
REACHABLE	SimpleGraph.loopless	Mathlib.Combinatorics.SimpleGraph.Basic	theorem	body=true
REACHABLE	Irreflexive	Mathlib.Order.Defs.Unbundled	definition	body=true
REACHABLE	SimpleGraph.comap._proof_4	Mathlib.Combinatorics.SimpleGraph.Maps	theorem	body=true
REACHABLE	SimpleGraph.Adj.symm	Mathlib.Combinatorics.SimpleGraph.Basic	theorem	body=true
REACHABLE	SimpleGraph.symm	Mathlib.Combinatorics.SimpleGraph.Basic	theorem	body=true
REACHABLE	Symmetric	Mathlib.Order.Defs.Unbundled	definition	body=true
REACHABLE	SimpleGraph.mk	Mathlib.Combinatorics.SimpleGraph.Basic	constructor	body=false
REACHABLE	SimpleGraph.loopless._autoParam	Mathlib.Combinatorics.SimpleGraph.Basic	definition	body=true
REACHABLE	SimpleGraph.symm._autoParam	Mathlib.Combinatorics.SimpleGraph.Basic	definition	body=true
REACHABLE	Fin.succAbove	Mathlib.Data.Fin.Basic	definition	body=true
REACHABLE	Fin.castSucc	Init.Data.Fin.Basic	definition	body=true
REACHABLE	Fin.castAdd	Init.Data.Fin.Basic	definition	body=true
REACHABLE	Fin.castLE	Init.Data.Fin.Basic	definition	body=true
REACHABLE	Fin.castLE.proof_1	Init.Data.Fin.Basic	theorem	body=true
REACHABLE	Conjecture1663.not_reconstructionRigidity._proof_1	Conjecture1663.Proof	theorem	body=true
REACHABLE	SimpleGraph.completeAtomicBooleanAlgebra	Mathlib.Combinatorics.SimpleGraph.Basic	definition	body=true
REACHABLE	SimpleGraph.instLE	Mathlib.Combinatorics.SimpleGraph.Basic	definition	body=true
REACHABLE	SimpleGraph.IsSubgraph	Mathlib.Combinatorics.SimpleGraph.Basic	definition	body=true
REACHABLE	SimpleGraph.completeAtomicBooleanAlgebra._proof_72	Mathlib.Combinatorics.SimpleGraph.Basic	theorem	body=true
REACHABLE	_private.Mathlib.Combinatorics.SimpleGraph.Basic.0._proof_36	Mathlib.Combinatorics.SimpleGraph.Basic	theorem	body=true
REACHABLE	SimpleGraph.iSup_adj	Mathlib.Combinatorics.SimpleGraph.Basic	theorem	body=true
REACHABLE	Set	Mathlib.Data.Set.Defs	definition	body=true
REACHABLE	SupSet.sSup	Mathlib.Order.SetNotation	definition	body=true
REACHABLE	SupSet	Mathlib.Order.SetNotation	inductive	body=false
REACHABLE	_private.Mathlib.Logic.Basic.0._proof_19	Mathlib.Logic.Basic	theorem	body=true
REACHABLE	exists_exists_eq_and	Mathlib.Logic.Basic	theorem	body=true
REACHABLE	exists_exists_eq_and.match_2	Mathlib.Logic.Basic	definition	body=true
REACHABLE	exists_exists_eq_and.match_1	Mathlib.Logic.Basic	definition	body=true
REACHABLE	Set.instMembership	Mathlib.Data.Set.Defs	definition	body=true
REACHABLE	Set.Mem	Mathlib.Data.Set.Defs	definition	body=true
REACHABLE	Set.range	Mathlib.Data.Set.Operations	definition	body=true
REACHABLE	setOf	Mathlib.Data.Set.Defs	definition	body=true
REACHABLE	_private.Mathlib.Data.Set.Operations.0._proof_8	Mathlib.Data.Set.Operations	theorem	body=true
REACHABLE	Set.mem_range	Mathlib.Data.Set.Operations	theorem	body=true
REACHABLE	SimpleGraph.supSet	Mathlib.Combinatorics.SimpleGraph.Basic	definition	body=true
REACHABLE	SupSet.mk	Mathlib.Order.SetNotation	constructor	body=false
REACHABLE	SimpleGraph.supSet._proof_30	Mathlib.Combinatorics.SimpleGraph.Basic	theorem	body=true
REACHABLE	SimpleGraph.supSet._proof_31	Mathlib.Combinatorics.SimpleGraph.Basic	theorem	body=true
REACHABLE	SimpleGraph.Adj.ne	Mathlib.Combinatorics.SimpleGraph.Basic	theorem	body=true
REACHABLE	SimpleGraph.ne_of_adj	Mathlib.Combinatorics.SimpleGraph.Basic	theorem	body=true
REACHABLE	SimpleGraph.irrefl	Mathlib.Combinatorics.SimpleGraph.Basic	theorem	body=true
REACHABLE	_private.Mathlib.Combinatorics.SimpleGraph.Basic.0._proof_34	Mathlib.Combinatorics.SimpleGraph.Basic	theorem	body=true
REACHABLE	SimpleGraph.sSup_adj	Mathlib.Combinatorics.SimpleGraph.Basic	theorem	body=true
REACHABLE	iSup	Mathlib.Order.SetNotation	definition	body=true
REACHABLE	_private.Mathlib.Combinatorics.SimpleGraph.Basic.0._proof_37	Mathlib.Combinatorics.SimpleGraph.Basic	theorem	body=true
REACHABLE	SimpleGraph.infSet	Mathlib.Combinatorics.SimpleGraph.Basic	definition	body=true
REACHABLE	SimpleGraph.infSet._proof_33	Mathlib.Combinatorics.SimpleGraph.Basic	theorem	body=true
REACHABLE	SimpleGraph.infSet._proof_32	Mathlib.Combinatorics.SimpleGraph.Basic	theorem	body=true
REACHABLE	forall₂_imp	Mathlib.Logic.Basic	theorem	body=true
REACHABLE	forall_imp	Init.PropLemmas	theorem	body=true
REACHABLE	InfSet.mk	Mathlib.Order.SetNotation	constructor	body=false
REACHABLE	InfSet	Mathlib.Order.SetNotation	inductive	body=false
REACHABLE	SimpleGraph.iInf_adj	Mathlib.Combinatorics.SimpleGraph.Basic	theorem	body=true
REACHABLE	InfSet.sInf	Mathlib.Order.SetNotation	definition	body=true
REACHABLE	Init.PropLemmas._auxLemma.39	Init.PropLemmas	theorem	body=true
REACHABLE	forall_apply_eq_imp_iff	Init.PropLemmas	theorem	body=true
REACHABLE	Init.PropLemmas._auxLemma.19	Init.PropLemmas	theorem	body=true
REACHABLE	forall_apply_eq_imp_iff._auxLemma.39	Init.PropLemmas	theorem	body=true
REACHABLE	forall_comm	Init.PropLemmas	theorem	body=true
REACHABLE	_private.Mathlib.Combinatorics.SimpleGraph.Basic.0._proof_35	Mathlib.Combinatorics.SimpleGraph.Basic	theorem	body=true
REACHABLE	SimpleGraph.sInf_adj	Mathlib.Combinatorics.SimpleGraph.Basic	theorem	body=true
REACHABLE	iInf	Mathlib.Order.SetNotation	definition	body=true
REACHABLE	SimpleGraph.ext	Mathlib.Combinatorics.SimpleGraph.Basic	theorem	body=true
REACHABLE	SimpleGraph.ext.match_1	Mathlib.Combinatorics.SimpleGraph.Basic	definition	body=true
REACHABLE	SimpleGraph.casesOn	Mathlib.Combinatorics.SimpleGraph.Basic	definition	body=true
REACHABLE	SimpleGraph.rec	Mathlib.Combinatorics.SimpleGraph.Basic	recursor	body=false
REACHABLE	_private.Mathlib.Combinatorics.SimpleGraph.Basic.0._proof_51	Mathlib.Combinatorics.SimpleGraph.Basic	theorem	body=true
REACHABLE	Classical.skolem	Init.Classical	theorem	body=true
REACHABLE	Classical.axiomOfChoice	Init.Classical	theorem	body=true
REACHABLE	Classical.skolem.match_1	Init.Classical	definition	body=true
REACHABLE	Init.PropLemmas._auxLemma.25	Init.PropLemmas	theorem	body=true
REACHABLE	HasCompl.compl	Mathlib.Order.Notation	definition	body=true
REACHABLE	HasCompl	Mathlib.Order.Notation	inductive	body=false
REACHABLE	SimpleGraph.distribLattice	Mathlib.Combinatorics.SimpleGraph.Basic	definition	body=true
REACHABLE	SemilatticeSup.sup	Mathlib.Order.Lattice	definition	body=true
REACHABLE	SemilatticeSup	Mathlib.Order.Lattice	inductive	body=false
REACHABLE	DistribLattice.mk	Mathlib.Order.Lattice	constructor	body=false
REACHABLE	Lattice.inf_le_right	Mathlib.Order.Lattice	theorem	body=true
REACHABLE	Lattice	Mathlib.Order.Lattice	inductive	body=false
REACHABLE	SemilatticeSup.toPartialOrder	Mathlib.Order.Lattice	definition	body=true
REACHABLE	Lattice.inf	Mathlib.Order.Lattice	definition	body=true
REACHABLE	Lattice.toSemilatticeSup	Mathlib.Order.Lattice	definition	body=true
REACHABLE	Lattice.le_inf	Mathlib.Order.Lattice	theorem	body=true
REACHABLE	Lattice.inf_le_left	Mathlib.Order.Lattice	theorem	body=true
REACHABLE	DistribLattice	Mathlib.Order.Lattice	inductive	body=false
REACHABLE	SemilatticeInf.mk	Mathlib.Order.Lattice	constructor	body=false
REACHABLE	SemilatticeInf	Mathlib.Order.Lattice	inductive	body=false
REACHABLE	SemilatticeInf.toMin	Mathlib.Order.Lattice	definition	body=true
REACHABLE	SemilatticeInf.inf	Mathlib.Order.Lattice	definition	body=true
REACHABLE	SemilatticeSup.toMax	Mathlib.Order.Lattice	definition	body=true
REACHABLE	SimpleGraph.distribLattice._proof_47	Mathlib.Combinatorics.SimpleGraph.Basic	theorem	body=true
REACHABLE	SimpleGraph.distribLattice._proof_38	Mathlib.Combinatorics.SimpleGraph.Basic	theorem	body=true
REACHABLE	SimpleGraph.instMax	Mathlib.Combinatorics.SimpleGraph.Basic	definition	body=true
REACHABLE	Pi.instMaxForall_mathlib	Mathlib.Order.Lattice	definition	body=true
REACHABLE	Prop.instCompleteLattice	Mathlib.Order.CompleteLattice.Basic	definition	body=true
REACHABLE	Prop.instCompleteLattice._proof_11	Mathlib.Order.CompleteLattice.Basic	theorem	body=true
REACHABLE	BoundedOrder.toOrderTop	Mathlib.Order.BoundedOrder.Basic	definition	body=true
REACHABLE	BoundedOrder	Mathlib.Order.BoundedOrder.Basic	inductive	body=false
REACHABLE	OrderTop	Mathlib.Order.BoundedOrder.Basic	inductive	body=false
REACHABLE	OrderTop.le_top	Mathlib.Order.BoundedOrder.Basic	theorem	body=true
REACHABLE	Top.top	Mathlib.Order.Notation	definition	body=true
REACHABLE	Top	Mathlib.Order.Notation	inductive	body=false
REACHABLE	OrderTop.toTop	Mathlib.Order.BoundedOrder.Basic	definition	body=true
REACHABLE	Prop.instBoundedOrder	Mathlib.Order.PropInstances	definition	body=true
REACHABLE	Bot.mk	Mathlib.Order.Notation	constructor	body=false
REACHABLE	Bot	Mathlib.Order.Notation	inductive	body=false
REACHABLE	BoundedOrder.mk	Mathlib.Order.BoundedOrder.Basic	constructor	body=false
REACHABLE	OrderBot	Mathlib.Order.BoundedOrder.Basic	inductive	body=false
REACHABLE	OrderBot.mk	Mathlib.Order.BoundedOrder.Basic	constructor	body=false
REACHABLE	Bot.bot	Mathlib.Order.Notation	definition	body=true
REACHABLE	OrderTop.mk	Mathlib.Order.BoundedOrder.Basic	constructor	body=false
REACHABLE	Top.mk	Mathlib.Order.Notation	constructor	body=false
REACHABLE	Prop.le	Mathlib.Order.Basic	definition	body=true
REACHABLE	CompleteLattice.mk	Mathlib.Order.CompleteLattice.Defs	constructor	body=false
REACHABLE	Prop.instCompleteLattice._proof_10	Mathlib.Order.CompleteLattice.Basic	theorem	body=true
REACHABLE	Prop.instDistribLattice	Mathlib.Order.PropInstances	definition	body=true
REACHABLE	Prop.partialOrder	Mathlib.Order.Basic	definition	body=true
REACHABLE	Prop.partialOrder._proof_62	Mathlib.Order.Basic	theorem	body=true
REACHABLE	Prop.partialOrder._proof_61	Mathlib.Order.Basic	theorem	body=true
REACHABLE	Prop.instDistribLattice._proof_2	Mathlib.Order.PropInstances	theorem	body=true
REACHABLE	Lattice.mk	Mathlib.Order.Lattice	constructor	body=false
REACHABLE	Prop.instDistribLattice._proof_1	Mathlib.Order.PropInstances	theorem	body=true
REACHABLE	Prop.instDistribLattice._proof_3	Mathlib.Order.PropInstances	theorem	body=true
REACHABLE	SemilatticeSup.mk	Mathlib.Order.Lattice	constructor	body=false
REACHABLE	DistribLattice.toLattice	Mathlib.Order.Lattice	definition	body=true
REACHABLE	Prop.instCompleteLattice.match_1	Mathlib.Order.CompleteLattice.Basic	definition	body=true
REACHABLE	Prop.instCompleteLattice._proof_9	Mathlib.Order.CompleteLattice.Basic	theorem	body=true
REACHABLE	BoundedOrder.toOrderBot	Mathlib.Order.BoundedOrder.Basic	definition	body=true
REACHABLE	Prop.instCompleteLattice._proof_12	Mathlib.Order.CompleteLattice.Basic	theorem	body=true
REACHABLE	OrderBot.bot_le	Mathlib.Order.BoundedOrder.Basic	theorem	body=true
REACHABLE	OrderBot.toBot	Mathlib.Order.BoundedOrder.Basic	definition	body=true
REACHABLE	CompleteLattice.toLattice	Mathlib.Order.CompleteLattice.Defs	definition	body=true
REACHABLE	SimpleGraph.instMax._proof_18	Mathlib.Combinatorics.SimpleGraph.Basic	theorem	body=true
REACHABLE	SimpleGraph.adj_comm	Mathlib.Combinatorics.SimpleGraph.Basic	theorem	body=true
REACHABLE	Pi.sup_apply	Mathlib.Order.Lattice	theorem	body=true
REACHABLE	SimpleGraph.instMax._proof_19	Mathlib.Combinatorics.SimpleGraph.Basic	theorem	body=true
REACHABLE	_private.Mathlib.Combinatorics.SimpleGraph.Basic.0._proof_16	Mathlib.Combinatorics.SimpleGraph.Basic	theorem	body=true
REACHABLE	max_self	Mathlib.Order.Defs.LinearOrder	theorem	body=true
REACHABLE	max_def	Mathlib.Order.Defs.LinearOrder	theorem	body=true
REACHABLE	LinearOrder.max_def	Mathlib.Order.Defs.LinearOrder	theorem	body=true
REACHABLE	LinearOrder.toMax	Mathlib.Order.Defs.LinearOrder	definition	body=true
REACHABLE	_private.Mathlib.Order.Defs.PartialOrder.0._proof_1	Mathlib.Order.Defs.PartialOrder	theorem	body=true
REACHABLE	Prop.linearOrder	Mathlib.Order.PropInstances	definition	body=true
REACHABLE	Lattice.toSemilatticeInf	Mathlib.Order.Lattice	definition	body=true
REACHABLE	Prop.le_isTotal	Mathlib.Order.PropInstances	theorem	body=true
REACHABLE	instIsEmptyFalse	Mathlib.Logic.IsEmpty	theorem	body=true
REACHABLE	IsEmpty.mk	Mathlib.Logic.IsEmpty	constructor	body=false
REACHABLE	IsEmpty	Mathlib.Logic.IsEmpty	inductive	body=false
REACHABLE	IsTotal.mk	Mathlib.Order.Defs.Unbundled	constructor	body=false
REACHABLE	IsTotal	Mathlib.Order.Defs.Unbundled	inductive	body=false
REACHABLE	_private.Mathlib.Logic.IsEmpty.0._proof_1	Mathlib.Logic.IsEmpty	theorem	body=true
REACHABLE	IsEmpty.forall_iff	Mathlib.Logic.IsEmpty	theorem	body=true
REACHABLE	isEmptyElim	Mathlib.Logic.IsEmpty	definition	body=true
REACHABLE	IsEmpty.false	Mathlib.Logic.IsEmpty	theorem	body=true
REACHABLE	SemilatticeInf.toPartialOrder	Mathlib.Order.Lattice	definition	body=true
REACHABLE	Lattice.toLinearOrder	Mathlib.Order.Lattice	definition	body=true
REACHABLE	Lattice.toLinearOrder._proof_47	Mathlib.Order.Lattice	theorem	body=true
REACHABLE	total_of	Mathlib.Order.Defs.Unbundled	theorem	body=true
REACHABLE	IsTotal.total	Mathlib.Order.Defs.Unbundled	theorem	body=true
REACHABLE	Lattice.toLinearOrder._proof_49	Mathlib.Order.Lattice	theorem	body=true
REACHABLE	sup_eq_maxDefault	Mathlib.Order.Lattice	theorem	body=true
REACHABLE	maxDefault	Mathlib.Order.Defs.LinearOrder	definition	body=true
REACHABLE	sup_of_le_left	Mathlib.Order.Lattice	theorem	body=true
REACHABLE	_private.Mathlib.Order.Lattice.0._proof_7	Mathlib.Order.Lattice	theorem	body=true
REACHABLE	le_sup_left	Mathlib.Order.Lattice	theorem	body=true
REACHABLE	SemilatticeSup.le_sup_left	Mathlib.Order.Lattice	theorem	body=true
REACHABLE	_private.Mathlib.Order.Lattice.0._proof_9	Mathlib.Order.Lattice	theorem	body=true
REACHABLE	sup_le_iff	Mathlib.Order.Lattice	theorem	body=true
REACHABLE	le_trans	Mathlib.Order.Defs.PartialOrder	theorem	body=true
REACHABLE	Preorder.le_trans	Mathlib.Order.Defs.PartialOrder	theorem	body=true
REACHABLE	sup_le	Mathlib.Order.Lattice	theorem	body=true
REACHABLE	SemilatticeSup.sup_le	Mathlib.Order.Lattice	theorem	body=true
REACHABLE	sup_le_iff.match_1	Mathlib.Order.Lattice	definition	body=true
REACHABLE	le_sup_right	Mathlib.Order.Lattice	theorem	body=true
REACHABLE	SemilatticeSup.le_sup_right	Mathlib.Order.Lattice	theorem	body=true
REACHABLE	le_antisymm_iff	Mathlib.Order.Defs.PartialOrder	theorem	body=true
REACHABLE	le_antisymm_iff.match_1	Mathlib.Order.Defs.PartialOrder	definition	body=true
REACHABLE	sup_of_le_right	Mathlib.Order.Lattice	theorem	body=true
REACHABLE	_private.Mathlib.Order.Lattice.0._proof_8	Mathlib.Order.Lattice	theorem	body=true
REACHABLE	congr_fun₂	Batteries.Logic	theorem	body=true
REACHABLE	congrFun₂	Batteries.Logic	theorem	body=true
REACHABLE	Lattice.toLinearOrder._proof_50	Mathlib.Order.Lattice	theorem	body=true
REACHABLE	Lattice.toLinearOrder._proof_48	Mathlib.Order.Lattice	theorem	body=true
REACHABLE	inf_eq_minDefault	Mathlib.Order.Lattice	theorem	body=true
REACHABLE	inf_of_le_right	Mathlib.Order.Lattice	theorem	body=true
REACHABLE	_private.Mathlib.Order.Lattice.0._proof_17	Mathlib.Order.Lattice	theorem	body=true
REACHABLE	inf_le_right	Mathlib.Order.Lattice	theorem	body=true
REACHABLE	SemilatticeInf.inf_le_right	Mathlib.Order.Lattice	theorem	body=true
REACHABLE	_private.Mathlib.Order.Lattice.0._proof_18	Mathlib.Order.Lattice	theorem	body=true
REACHABLE	le_inf_iff	Mathlib.Order.Lattice	theorem	body=true
REACHABLE	OrderDual.instSemilatticeSup	Mathlib.Order.Lattice	definition	body=true
REACHABLE	OrderDual	Mathlib.Order.Basic	definition	body=true
REACHABLE	OrderDual.instPartialOrder	Mathlib.Order.Basic	definition	body=true
REACHABLE	OrderDual.instPreorder	Mathlib.Order.Basic	definition	body=true
REACHABLE	LE.le.trans	Mathlib.Order.Basic	theorem	body=true
REACHABLE	OrderDual.instLT	Mathlib.Order.Basic	definition	body=true
REACHABLE	OrderDual.instLE	Mathlib.Order.Basic	definition	body=true
REACHABLE	inferInstanceAs	Init.Prelude	definition	body=true
REACHABLE	SemilatticeInf.le_inf	Mathlib.Order.Lattice	theorem	body=true
REACHABLE	SemilatticeInf.inf_le_left	Mathlib.Order.Lattice	theorem	body=true
REACHABLE	minDefault	Mathlib.Order.Defs.LinearOrder	definition	body=true
REACHABLE	inf_of_le_left	Mathlib.Order.Lattice	theorem	body=true
REACHABLE	_private.Mathlib.Order.Lattice.0._proof_16	Mathlib.Order.Lattice	theorem	body=true
REACHABLE	inf_le_left	Mathlib.Order.Lattice	theorem	body=true
REACHABLE	Function.Injective.distribLattice	Mathlib.Order.Lattice	definition	body=true
REACHABLE	Function.Injective.distribLattice._proof_103	Mathlib.Order.Lattice	theorem	body=true
REACHABLE	Function.Injective.lattice	Mathlib.Order.Lattice	definition	body=true
REACHABLE	Function.Injective.semilatticeInf	Mathlib.Order.Lattice	definition	body=true
REACHABLE	PartialOrder.lift	Mathlib.Order.Basic	definition	body=true
REACHABLE	PartialOrder.lift._proof_25	Mathlib.Order.Basic	theorem	body=true
REACHABLE	LE.le.antisymm	Mathlib.Order.Basic	theorem	body=true
REACHABLE	Preorder.lift	Mathlib.Order.Basic	definition	body=true
REACHABLE	Preorder.lift._proof_24	Mathlib.Order.Basic	theorem	body=true
REACHABLE	Preorder.lift._proof_23	Mathlib.Order.Basic	theorem	body=true
REACHABLE	Preorder.lift._proof_22	Mathlib.Order.Basic	theorem	body=true
REACHABLE	Function.Injective.semilatticeInf._proof_98	Mathlib.Order.Lattice	theorem	body=true
REACHABLE	Function.Injective.semilatticeInf._proof_99	Mathlib.Order.Lattice	theorem	body=true
REACHABLE	le_inf	Mathlib.Order.Lattice	theorem	body=true
REACHABLE	Function.Injective.semilatticeInf._proof_97	Mathlib.Order.Lattice	theorem	body=true
REACHABLE	Function.Injective.semilatticeSup	Mathlib.Order.Lattice	definition	body=true
REACHABLE	Function.Injective.semilatticeSup._proof_95	Mathlib.Order.Lattice	theorem	body=true
REACHABLE	Function.Injective.semilatticeSup._proof_96	Mathlib.Order.Lattice	theorem	body=true
REACHABLE	Function.Injective.semilatticeSup._proof_94	Mathlib.Order.Lattice	theorem	body=true
REACHABLE	le_sup_inf	Mathlib.Order.Lattice	theorem	body=true
REACHABLE	DistribLattice.le_sup_inf	Mathlib.Order.Lattice	theorem	body=true
REACHABLE	Function.Injective.distribLattice._proof_102	Mathlib.Order.Lattice	theorem	body=true
REACHABLE	Function.Injective.distribLattice._proof_101	Mathlib.Order.Lattice	theorem	body=true
REACHABLE	Function.Injective.distribLattice._proof_100	Mathlib.Order.Lattice	theorem	body=true
REACHABLE	Pi.instDistribLattice	Mathlib.Order.Lattice	definition	body=true
REACHABLE	Pi.instLattice	Mathlib.Order.Lattice	definition	body=true
REACHABLE	Pi.instLattice._proof_62	Mathlib.Order.Lattice	theorem	body=true
REACHABLE	Pi.instSemilatticeInf	Mathlib.Order.Lattice	definition	body=true
REACHABLE	Pi.instSemilatticeInf._proof_58	Mathlib.Order.Lattice	theorem	body=true
REACHABLE	Pi.partialOrder	Mathlib.Order.Basic	definition	body=true
REACHABLE	Pi.partialOrder._proof_12	Mathlib.Order.Basic	theorem	body=true
REACHABLE	Pi.preorder	Mathlib.Order.Basic	definition	body=true
REACHABLE	Pi.preorder._proof_10	Mathlib.Order.Basic	theorem	body=true
REACHABLE	Pi.hasLe	Mathlib.Order.Basic	definition	body=true
REACHABLE	Pi.preorder._proof_9	Mathlib.Order.Basic	theorem	body=true
REACHABLE	Pi.preorder._proof_11	Mathlib.Order.Basic	theorem	body=true
REACHABLE	Pi.instSemilatticeInf._proof_59	Mathlib.Order.Lattice	theorem	body=true
REACHABLE	Pi.instSemilatticeInf._proof_60	Mathlib.Order.Lattice	theorem	body=true
REACHABLE	Pi.instSemilatticeSup	Mathlib.Order.Lattice	definition	body=true
REACHABLE	Pi.instSemilatticeSup._proof_57	Mathlib.Order.Lattice	theorem	body=true
REACHABLE	Pi.instSemilatticeSup._proof_55	Mathlib.Order.Lattice	theorem	body=true
REACHABLE	Pi.instSemilatticeSup._proof_56	Mathlib.Order.Lattice	theorem	body=true
REACHABLE	Pi.instLattice._proof_61	Mathlib.Order.Lattice	theorem	body=true
REACHABLE	Pi.instLattice._proof_63	Mathlib.Order.Lattice	theorem	body=true
REACHABLE	Pi.instDistribLattice._proof_64	Mathlib.Order.Lattice	theorem	body=true
REACHABLE	SimpleGraph.distribLattice._proof_39	Mathlib.Combinatorics.SimpleGraph.Basic	theorem	body=true
REACHABLE	SimpleGraph.instMin	Mathlib.Combinatorics.SimpleGraph.Basic	definition	body=true
REACHABLE	SimpleGraph.instMin._proof_22	Mathlib.Combinatorics.SimpleGraph.Basic	theorem	body=true
REACHABLE	min_self	Mathlib.Order.Defs.LinearOrder	theorem	body=true
REACHABLE	LinearOrder.toMin	Mathlib.Order.Defs.LinearOrder	definition	body=true
REACHABLE	min_def	Mathlib.Order.Defs.LinearOrder	theorem	body=true
REACHABLE	LinearOrder.min_def	Mathlib.Order.Defs.LinearOrder	theorem	body=true
REACHABLE	Pi.instMinForall_mathlib	Mathlib.Order.Lattice	definition	body=true
REACHABLE	SimpleGraph.instMin._proof_21	Mathlib.Combinatorics.SimpleGraph.Basic	theorem	body=true
REACHABLE	Pi.inf_apply	Mathlib.Order.Lattice	theorem	body=true
REACHABLE	SimpleGraph.adj_injective	Mathlib.Combinatorics.SimpleGraph.Basic	theorem	body=true
REACHABLE	SimpleGraph.distribLattice._proof_42	Mathlib.Combinatorics.SimpleGraph.Basic	theorem	body=true
REACHABLE	SimpleGraph.distribLattice._proof_41	Mathlib.Combinatorics.SimpleGraph.Basic	theorem	body=true
REACHABLE	SimpleGraph.distribLattice._proof_48	Mathlib.Combinatorics.SimpleGraph.Basic	theorem	body=true
REACHABLE	SimpleGraph.distribLattice._proof_45	Mathlib.Combinatorics.SimpleGraph.Basic	theorem	body=true
REACHABLE	SimpleGraph.distribLattice._proof_40	Mathlib.Combinatorics.SimpleGraph.Basic	theorem	body=true
REACHABLE	SimpleGraph.distribLattice._proof_49	Mathlib.Combinatorics.SimpleGraph.Basic	theorem	body=true
REACHABLE	SimpleGraph.distribLattice._proof_46	Mathlib.Combinatorics.SimpleGraph.Basic	theorem	body=true
REACHABLE	SimpleGraph.distribLattice._proof_43	Mathlib.Combinatorics.SimpleGraph.Basic	theorem	body=true
REACHABLE	SimpleGraph.distribLattice._proof_44	Mathlib.Combinatorics.SimpleGraph.Basic	theorem	body=true
REACHABLE	SimpleGraph.distribLattice._proof_50	Mathlib.Combinatorics.SimpleGraph.Basic	theorem	body=true
REACHABLE	CompleteAtomicBooleanAlgebra.mk	Mathlib.Order.CompleteBooleanAlgebra	constructor	body=false
REACHABLE	HImp.himp	Mathlib.Order.Notation	definition	body=true
REACHABLE	HImp	Mathlib.Order.Notation	inductive	body=false
REACHABLE	SDiff	Init.Core	inductive	body=false
REACHABLE	BooleanAlgebra.sdiff_eq._autoParam	Mathlib.Order.BooleanAlgebra	definition	body=true
REACHABLE	SDiff.sdiff	Init.Core	definition	body=true
REACHABLE	CompleteLattice.toSupSet	Mathlib.Order.CompleteLattice.Defs	definition	body=true
REACHABLE	BooleanAlgebra.himp_eq._autoParam	Mathlib.Order.BooleanAlgebra	definition	body=true
REACHABLE	CompleteLattice.toInfSet	Mathlib.Order.CompleteLattice.Defs	definition	body=true
REACHABLE	CompleteLattice.toBot	Mathlib.Order.CompleteLattice.Defs	definition	body=true
REACHABLE	CompleteLattice.toTop	Mathlib.Order.CompleteLattice.Defs	definition	body=true
REACHABLE	SimpleGraph.completeAtomicBooleanAlgebra._proof_68	Mathlib.Combinatorics.SimpleGraph.Basic	theorem	body=true
REACHABLE	emptyGraph	Mathlib.Combinatorics.SimpleGraph.Basic	definition	body=true
REACHABLE	SimpleGraph.hasCompl	Mathlib.Combinatorics.SimpleGraph.Basic	definition	body=true
REACHABLE	SimpleGraph.hasCompl._proof_25	Mathlib.Combinatorics.SimpleGraph.Basic	theorem	body=true
REACHABLE	SimpleGraph.hasCompl.match_2	Mathlib.Combinatorics.SimpleGraph.Basic	definition	body=true
REACHABLE	SimpleGraph.hasCompl._proof_24	Mathlib.Combinatorics.SimpleGraph.Basic	theorem	body=true
REACHABLE	SimpleGraph.hasCompl.match_1	Mathlib.Combinatorics.SimpleGraph.Basic	definition	body=true
REACHABLE	HasCompl.mk	Mathlib.Order.Notation	constructor	body=false
REACHABLE	SimpleGraph.completeAtomicBooleanAlgebra._proof_53	Mathlib.Combinatorics.SimpleGraph.Basic	theorem	body=true
REACHABLE	SimpleGraph.completeAtomicBooleanAlgebra._proof_55	Mathlib.Combinatorics.SimpleGraph.Basic	theorem	body=true
REACHABLE	SimpleGraph.completeAtomicBooleanAlgebra._proof_52	Mathlib.Combinatorics.SimpleGraph.Basic	theorem	body=true
REACHABLE	SimpleGraph.completeAtomicBooleanAlgebra._proof_61	Mathlib.Combinatorics.SimpleGraph.Basic	theorem	body=true
REACHABLE	SimpleGraph.completeAtomicBooleanAlgebra._proof_59	Mathlib.Combinatorics.SimpleGraph.Basic	theorem	body=true
REACHABLE	SimpleGraph.completeAtomicBooleanAlgebra._proof_60	Mathlib.Combinatorics.SimpleGraph.Basic	theorem	body=true
REACHABLE	SimpleGraph.completeAtomicBooleanAlgebra._proof_54	Mathlib.Combinatorics.SimpleGraph.Basic	theorem	body=true
REACHABLE	SimpleGraph.completeAtomicBooleanAlgebra._proof_65	Mathlib.Combinatorics.SimpleGraph.Basic	theorem	body=true
REACHABLE	SimpleGraph.completeAtomicBooleanAlgebra._proof_67	Mathlib.Combinatorics.SimpleGraph.Basic	theorem	body=true
REACHABLE	SimpleGraph.sdiff	Mathlib.Combinatorics.SimpleGraph.Basic	definition	body=true
REACHABLE	SimpleGraph.sdiff._proof_27	Mathlib.Combinatorics.SimpleGraph.Basic	theorem	body=true
REACHABLE	Prop.instBooleanAlgebra	Mathlib.Order.BooleanAlgebra	definition	body=true
REACHABLE	Prop.instBooleanAlgebra._proof_61	Mathlib.Order.BooleanAlgebra	theorem	body=true
REACHABLE	HeytingAlgebra.toOrderBot	Mathlib.Order.Heyting.Basic	definition	body=true
REACHABLE	HeytingAlgebra	Mathlib.Order.Heyting.Basic	inductive	body=false
REACHABLE	HeytingAlgebra.toGeneralizedHeytingAlgebra	Mathlib.Order.Heyting.Basic	definition	body=true
REACHABLE	GeneralizedHeytingAlgebra	Mathlib.Order.Heyting.Basic	inductive	body=false
REACHABLE	GeneralizedHeytingAlgebra.toLattice	Mathlib.Order.Heyting.Basic	definition	body=true
REACHABLE	Prop.instHeytingAlgebra	Mathlib.Order.Heyting.Basic	definition	body=true
REACHABLE	Prop.hasCompl	Mathlib.Order.Basic	definition	body=true
REACHABLE	Prop.instHeytingAlgebra._proof_70	Mathlib.Order.Heyting.Basic	theorem	body=true
REACHABLE	HeytingAlgebra.mk	Mathlib.Order.Heyting.Basic	constructor	body=false
REACHABLE	GeneralizedHeytingAlgebra.toHImp	Mathlib.Order.Heyting.Basic	definition	body=true
REACHABLE	HImp.mk	Mathlib.Order.Notation	constructor	body=false
REACHABLE	Prop.instHeytingAlgebra._proof_71	Mathlib.Order.Heyting.Basic	theorem	body=true
REACHABLE	GeneralizedHeytingAlgebra.mk	Mathlib.Order.Heyting.Basic	constructor	body=false
REACHABLE	SDiff.mk	Init.Core	constructor	body=false
REACHABLE	Prop.instBooleanAlgebra._proof_58	Mathlib.Order.BooleanAlgebra	theorem	body=true
REACHABLE	GeneralizedHeytingAlgebra.toDistribLattice	Mathlib.Order.Heyting.Basic	definition	body=true
REACHABLE	DistribLattice.ofInfSupLe	Mathlib.Order.Lattice	definition	body=true
REACHABLE	DistribLattice.ofInfSupLe._proof_40	Mathlib.Order.Lattice	theorem	body=true
REACHABLE	OrderDual.instLattice	Mathlib.Order.Lattice	definition	body=true
REACHABLE	OrderDual.instSemilatticeInf	Mathlib.Order.Lattice	definition	body=true
REACHABLE	OrderDual.instLattice._proof_26	Mathlib.Order.Lattice	theorem	body=true
REACHABLE	OrderDual.instLattice._proof_25	Mathlib.Order.Lattice	theorem	body=true
REACHABLE	OrderDual.instLattice._proof_27	Mathlib.Order.Lattice	theorem	body=true
REACHABLE	OrderDual.instDistribLattice	Mathlib.Order.Lattice	definition	body=true
REACHABLE	OrderDual.instDistribLattice._proof_36	Mathlib.Order.Lattice	theorem	body=true
REACHABLE	inf_sup_left	Mathlib.Order.Lattice	theorem	body=true
REACHABLE	inf_assoc	Mathlib.Order.Lattice	theorem	body=true
REACHABLE	sup_assoc	Mathlib.Order.Lattice	theorem	body=true
REACHABLE	eq_of_forall_ge_iff	Mathlib.Order.Basic	theorem	body=true
REACHABLE	sup_comm	Mathlib.Order.Lattice	theorem	body=true
REACHABLE	sup_inf_self	Mathlib.Order.Lattice	theorem	body=true
REACHABLE	sup_inf_left	Mathlib.Order.Lattice	theorem	body=true
REACHABLE	sup_inf_le	Mathlib.Order.Lattice	theorem	body=true
REACHABLE	sup_le_sup_left	Mathlib.Order.Lattice	theorem	body=true
REACHABLE	sup_le_sup	Mathlib.Order.Lattice	theorem	body=true
REACHABLE	le_sup_of_le_right	Mathlib.Order.Lattice	theorem	body=true
REACHABLE	le_sup_of_le_left	Mathlib.Order.Lattice	theorem	body=true
REACHABLE	inf_sup_self	Mathlib.Order.Lattice	theorem	body=true
REACHABLE	sup_inf_right	Mathlib.Order.Lattice	theorem	body=true
REACHABLE	Eq.le	Mathlib.Order.Basic	theorem	body=true
REACHABLE	DistribLattice.ofInfSupLe._proof_39	Mathlib.Order.Lattice	theorem	body=true
REACHABLE	DistribLattice.ofInfSupLe._proof_37	Mathlib.Order.Lattice	theorem	body=true
REACHABLE	DistribLattice.ofInfSupLe._proof_38	Mathlib.Order.Lattice	theorem	body=true
REACHABLE	GeneralizedHeytingAlgebra.toDistribLattice._proof_18	Mathlib.Order.Heyting.Basic	theorem	body=true
REACHABLE	_private.Mathlib.Order.Heyting.Basic.0._proof_17	Mathlib.Order.Heyting.Basic	theorem	body=true
REACHABLE	_private.Mathlib.Order.Heyting.Basic.0._proof_16	Mathlib.Order.Heyting.Basic	theorem	body=true
REACHABLE	GeneralizedHeytingAlgebra.le_himp_iff	Mathlib.Order.Heyting.Basic	theorem	body=true
REACHABLE	_private.Mathlib.Order.Heyting.Basic.0._proof_14	Mathlib.Order.Heyting.Basic	theorem	body=true
REACHABLE	inf_comm	Mathlib.Order.Lattice	theorem	body=true
REACHABLE	_private.Mathlib.Order.Heyting.Basic.0._proof_15	Mathlib.Order.Heyting.Basic	theorem	body=true
REACHABLE	BooleanAlgebra.mk	Mathlib.Order.BooleanAlgebra	constructor	body=false
REACHABLE	BooleanAlgebra	Mathlib.Order.BooleanAlgebra	inductive	body=false
REACHABLE	Prop.instBooleanAlgebra._proof_66	Mathlib.Order.BooleanAlgebra	theorem	body=true
REACHABLE	Prop.instBooleanAlgebra._proof_64	Mathlib.Order.BooleanAlgebra	theorem	body=true
REACHABLE	Prop.instBooleanAlgebra._proof_62	Mathlib.Order.BooleanAlgebra	theorem	body=true
REACHABLE	Prop.instBooleanAlgebra._proof_63	Mathlib.Order.BooleanAlgebra	theorem	body=true
REACHABLE	Prop.instBooleanAlgebra._proof_56	Mathlib.Order.BooleanAlgebra	theorem	body=true
REACHABLE	Prop.instBooleanAlgebra._proof_65	Mathlib.Order.BooleanAlgebra	theorem	body=true
REACHABLE	Prop.instBooleanAlgebra._proof_57	Mathlib.Order.BooleanAlgebra	theorem	body=true
REACHABLE	Prop.instBooleanAlgebra._proof_59	Mathlib.Order.BooleanAlgebra	theorem	body=true
REACHABLE	GeneralizedHeytingAlgebra.toOrderTop	Mathlib.Order.Heyting.Basic	definition	body=true
REACHABLE	Prop.instBooleanAlgebra._proof_67	Mathlib.Order.BooleanAlgebra	theorem	body=true
REACHABLE	imp_iff_or_not	Mathlib.Logic.Basic	theorem	body=true
REACHABLE	Decidable.imp_iff_or_not	Init.PropLemmas	theorem	body=true
REACHABLE	Decidable.imp_iff_not_or	Init.PropLemmas	theorem	body=true
REACHABLE	Decidable.not_or_of_imp	Init.PropLemmas	theorem	body=true
REACHABLE	Or.neg_resolve_left	Init.Prelude	theorem	body=true
REACHABLE	Prop.instBooleanAlgebra._proof_60	Mathlib.Order.BooleanAlgebra	theorem	body=true
REACHABLE	BooleanAlgebra.toSDiff	Mathlib.Order.BooleanAlgebra	definition	body=true
REACHABLE	Pi.sdiff	Mathlib.Order.Basic	definition	body=true
REACHABLE	SimpleGraph.sdiff._proof_28	Mathlib.Combinatorics.SimpleGraph.Basic	theorem	body=true
REACHABLE	Order.Coframe.toCoheytingAlgebra	Mathlib.Order.CompleteBooleanAlgebra	definition	body=true
REACHABLE	CompleteLattice.bot_le	Mathlib.Order.CompleteLattice.Defs	theorem	body=true
REACHABLE	CoheytingAlgebra.mk	Mathlib.Order.Heyting.Basic	constructor	body=false
REACHABLE	GeneralizedCoheytingAlgebra.toSDiff	Mathlib.Order.Heyting.Basic	definition	body=true
REACHABLE	GeneralizedCoheytingAlgebra	Mathlib.Order.Heyting.Basic	inductive	body=false
REACHABLE	GeneralizedCoheytingAlgebra.toLattice	Mathlib.Order.Heyting.Basic	definition	body=true
REACHABLE	HNot	Mathlib.Order.Notation	inductive	body=false
REACHABLE	HNot.hnot	Mathlib.Order.Notation	definition	body=true
REACHABLE	CoheytingAlgebra	Mathlib.Order.Heyting.Basic	inductive	body=false
REACHABLE	GeneralizedCoheytingAlgebra.mk	Mathlib.Order.Heyting.Basic	constructor	body=false
REACHABLE	Order.Coframe	Mathlib.Order.CompleteBooleanAlgebra	inductive	body=false
REACHABLE	Order.Coframe.sdiff_le_iff	Mathlib.Order.CompleteBooleanAlgebra	theorem	body=true
REACHABLE	Order.Coframe.toCompleteLattice	Mathlib.Order.CompleteBooleanAlgebra	definition	body=true
REACHABLE	Order.Coframe.toSDiff	Mathlib.Order.CompleteBooleanAlgebra	definition	body=true
REACHABLE	Order.Coframe.top_sdiff	Mathlib.Order.CompleteBooleanAlgebra	theorem	body=true
REACHABLE	Order.Coframe.toHNot	Mathlib.Order.CompleteBooleanAlgebra	definition	body=true
REACHABLE	CompleteLattice.le_top	Mathlib.Order.CompleteLattice.Defs	theorem	body=true
REACHABLE	Prop.instCompleteBooleanAlgebra	Mathlib.Order.CompleteBooleanAlgebra	definition	body=true
REACHABLE	CompleteAtomicBooleanAlgebra.toCompleteBooleanAlgebra	Mathlib.Order.CompleteBooleanAlgebra	definition	body=true
REACHABLE	CompleteAtomicBooleanAlgebra.sdiff_eq	Mathlib.Order.CompleteBooleanAlgebra	theorem	body=true
REACHABLE	CompleteAtomicBooleanAlgebra.toHasCompl	Mathlib.Order.CompleteBooleanAlgebra	definition	body=true
REACHABLE	CompleteAtomicBooleanAlgebra.toSDiff	Mathlib.Order.CompleteBooleanAlgebra	definition	body=true
REACHABLE	CompleteAtomicBooleanAlgebra.toCompleteBooleanAlgebra._proof_143	Mathlib.Order.CompleteBooleanAlgebra	theorem	body=true
REACHABLE	CompleteSemilatticeInf.toInfSet	Mathlib.Order.CompleteLattice.Defs	definition	body=true
REACHABLE	CompleteSemilatticeInf	Mathlib.Order.CompleteLattice.Defs	inductive	body=false
REACHABLE	sup_sInf_eq	Mathlib.Order.CompleteBooleanAlgebra	theorem	body=true
REACHABLE	GaloisConnection.u_sInf	Mathlib.Order.GaloisConnection.Basic	theorem	body=true
REACHABLE	GaloisConnection	Mathlib.Order.GaloisConnection.Defs	definition	body=true
REACHABLE	OrderDual.instCompleteLattice	Mathlib.Order.CompleteLattice.Defs	definition	body=true
REACHABLE	OrderDual.instBoundedOrder	Mathlib.Order.BoundedOrder.Basic	definition	body=true
REACHABLE	OrderDual.instOrderTop	Mathlib.Order.BoundedOrder.Basic	definition	body=true
REACHABLE	bot_le	Mathlib.Order.BoundedOrder.Basic	theorem	body=true
REACHABLE	OrderDual.instTop	Mathlib.Order.BoundedOrder.Basic	definition	body=true
REACHABLE	OrderDual.instOrderBot	Mathlib.Order.BoundedOrder.Basic	definition	body=true
REACHABLE	le_top	Mathlib.Order.BoundedOrder.Basic	theorem	body=true
REACHABLE	OrderDual.instBot	Mathlib.Order.BoundedOrder.Basic	definition	body=true
REACHABLE	CompleteLattice.sSup_le	Mathlib.Order.CompleteLattice.Defs	theorem	body=true
REACHABLE	CompleteLattice.le_sSup	Mathlib.Order.CompleteLattice.Defs	theorem	body=true
REACHABLE	OrderDual.instCompleteLattice._proof_30	Mathlib.Order.CompleteLattice.Defs	theorem	body=true
REACHABLE	CompleteSemilatticeInf.toPartialOrder	Mathlib.Order.CompleteLattice.Defs	definition	body=true
REACHABLE	CompleteLattice.toCompleteSemilatticeInf	Mathlib.Order.CompleteLattice.Defs	definition	body=true
REACHABLE	CompleteLattice.sInf_le	Mathlib.Order.CompleteLattice.Defs	theorem	body=true
REACHABLE	CompleteSemilatticeInf.mk	Mathlib.Order.CompleteLattice.Defs	constructor	body=false
REACHABLE	CompleteLattice.le_sInf	Mathlib.Order.CompleteLattice.Defs	theorem	body=true
REACHABLE	CompleteLattice.toBoundedOrder	Mathlib.Order.CompleteLattice.Defs	definition	body=true
REACHABLE	CompleteLattice.toCompleteSemilatticeSup	Mathlib.Order.CompleteLattice.Defs	definition	body=true
REACHABLE	CompleteSemilatticeSup.mk	Mathlib.Order.CompleteLattice.Defs	constructor	body=false
REACHABLE	CompleteSemilatticeSup	Mathlib.Order.CompleteLattice.Defs	inductive	body=false
REACHABLE	CompleteSemilatticeSup.toSupSet	Mathlib.Order.CompleteLattice.Defs	definition	body=true
REACHABLE	OrderDual.infSet	Mathlib.Order.CompleteLattice.Defs	definition	body=true
REACHABLE	OrderDual.supSet	Mathlib.Order.CompleteLattice.Defs	definition	body=true
REACHABLE	OrderDual.instCompleteLattice._proof_29	Mathlib.Order.CompleteLattice.Defs	theorem	body=true
REACHABLE	GaloisConnection.l_sSup	Mathlib.Order.GaloisConnection.Basic	theorem	body=true
REACHABLE	sSup_eq_iSup	Mathlib.Order.CompleteLattice.Basic	theorem	body=true
REACHABLE	sSup_le	Mathlib.Order.CompleteLattice.Defs	theorem	body=true
REACHABLE	CompleteSemilatticeSup.sSup_le	Mathlib.Order.CompleteLattice.Defs	theorem	body=true
REACHABLE	CompleteSemilatticeSup.toPartialOrder	Mathlib.Order.CompleteLattice.Defs	definition	body=true
REACHABLE	le_sSup	Mathlib.Order.CompleteLattice.Defs	theorem	body=true
REACHABLE	CompleteSemilatticeSup.le_sSup	Mathlib.Order.CompleteLattice.Defs	theorem	body=true
REACHABLE	le_iSup₂	Mathlib.Order.CompleteLattice.Basic	theorem	body=true
REACHABLE	le_iSup_of_le	Mathlib.Order.CompleteLattice.Basic	theorem	body=true
REACHABLE	le_iSup	Mathlib.Order.CompleteLattice.Basic	theorem	body=true
REACHABLE	iSup₂_le	Mathlib.Order.CompleteLattice.Basic	theorem	body=true
REACHABLE	iSup_le	Mathlib.Order.CompleteLattice.Basic	theorem	body=true
REACHABLE	iSup_le.match_1	Mathlib.Order.CompleteLattice.Basic	definition	body=true
REACHABLE	GaloisConnection.l_iSup	Mathlib.Order.GaloisConnection.Basic	theorem	body=true
REACHABLE	sSup_range	Mathlib.Order.CompleteLattice.Basic	theorem	body=true
REACHABLE	Set.image	Mathlib.Data.Set.Defs	definition	body=true
REACHABLE	isLUB_sSup	Mathlib.Order.CompleteLattice.Defs	theorem	body=true
REACHABLE	upperBounds	Mathlib.Order.Bounds.Defs	definition	body=true
REACHABLE	lowerBounds	Mathlib.Order.Bounds.Defs	definition	body=true
REACHABLE	IsLUB	Mathlib.Order.Bounds.Defs	definition	body=true
REACHABLE	IsLeast	Mathlib.Order.Bounds.Defs	definition	body=true
REACHABLE	IsLUB.iSup_eq	Mathlib.Order.CompleteLattice.Basic	theorem	body=true
REACHABLE	IsLUB.sSup_eq	Mathlib.Order.CompleteLattice.Defs	theorem	body=true
REACHABLE	IsLUB.unique	Mathlib.Order.Bounds.Basic	theorem	body=true
REACHABLE	IsLeast.unique	Mathlib.Order.Bounds.Basic	theorem	body=true
REACHABLE	GaloisConnection.isLUB_l_image	Mathlib.Order.GaloisConnection.Basic	theorem	body=true
REACHABLE	GaloisConnection.monotone_l	Mathlib.Order.GaloisConnection.Defs	theorem	body=true
REACHABLE	Monotone.dual	Mathlib.Order.Monotone.Basic	theorem	body=true
REACHABLE	antitone_comp_ofDual_iff	Mathlib.Order.Monotone.Basic	theorem	body=true
REACHABLE	OrderDual.ofDual	Mathlib.Order.Synonym	definition	body=true
REACHABLE	Antitone	Mathlib.Order.Monotone.Defs	definition	body=true
REACHABLE	Monotone	Mathlib.Order.Monotone.Defs	definition	body=true
REACHABLE	monotone_toDual_comp_iff	Mathlib.Order.Monotone.Basic	theorem	body=true
REACHABLE	OrderDual.toDual	Mathlib.Order.Synonym	definition	body=true
REACHABLE	GaloisConnection.dual	Mathlib.Order.GaloisConnection.Defs	theorem	body=true
REACHABLE	GaloisConnection.monotone_u	Mathlib.Order.GaloisConnection.Defs	theorem	body=true
REACHABLE	GaloisConnection.l_u_le	Mathlib.Order.GaloisConnection.Defs	theorem	body=true
REACHABLE	GaloisConnection.l_le	Mathlib.Order.GaloisConnection.Defs	theorem	body=true
REACHABLE	GaloisConnection.le_u	Mathlib.Order.GaloisConnection.Defs	theorem	body=true
REACHABLE	GaloisConnection.upperBounds_l_image	Mathlib.Order.GaloisConnection.Basic	theorem	body=true
REACHABLE	Set.preimage	Mathlib.Data.Set.Operations	definition	body=true
REACHABLE	_private.Mathlib.Data.Set.Operations.0._proof_5	Mathlib.Data.Set.Operations	theorem	body=true
REACHABLE	Set.mem_image	Mathlib.Data.Set.Operations	theorem	body=true
REACHABLE	Set.ext	Mathlib.Data.Set.Defs	theorem	body=true
REACHABLE	Monotone.mem_upperBounds_image	Mathlib.Order.Bounds.Image	theorem	body=true
REACHABLE	Set.forall_mem_image	Mathlib.Data.Set.Image	theorem	body=true
REACHABLE	Set.range_comp	Mathlib.Data.Set.Image	theorem	body=true
REACHABLE	CoheytingAlgebra.toGeneralizedCoheytingAlgebra	Mathlib.Order.Heyting.Basic	definition	body=true
REACHABLE	gc_sdiff_sup	Mathlib.Order.Heyting.Basic	theorem	body=true
REACHABLE	sdiff_le_iff	Mathlib.Order.Heyting.Basic	theorem	body=true
REACHABLE	GeneralizedCoheytingAlgebra.sdiff_le_iff	Mathlib.Order.Heyting.Basic	theorem	body=true
REACHABLE	CompleteDistribLattice.toFrame	Mathlib.Order.CompleteBooleanAlgebra	definition	body=true
REACHABLE	CompleteDistribLattice	Mathlib.Order.CompleteBooleanAlgebra	inductive	body=false
REACHABLE	Order.Frame	Mathlib.Order.CompleteBooleanAlgebra	inductive	body=false
REACHABLE	CompletelyDistribLattice.toCompleteDistribLattice	Mathlib.Order.CompleteBooleanAlgebra	definition	body=true
REACHABLE	Order.Frame.mk	Mathlib.Order.CompleteBooleanAlgebra	constructor	body=false
REACHABLE	CompletelyDistribLattice.toSDiff	Mathlib.Order.CompleteBooleanAlgebra	definition	body=true
REACHABLE	CompletelyDistribLattice	Mathlib.Order.CompleteBooleanAlgebra	inductive	body=false
REACHABLE	CompletelyDistribLattice.toHasCompl	Mathlib.Order.CompleteBooleanAlgebra	definition	body=true
REACHABLE	CompletelyDistribLattice.himp_bot	Mathlib.Order.CompleteBooleanAlgebra	theorem	body=true
REACHABLE	CompletelyDistribLattice.toHImp	Mathlib.Order.CompleteBooleanAlgebra	definition	body=true
REACHABLE	CompletelyDistribLattice.toCompleteLattice	Mathlib.Order.CompleteBooleanAlgebra	definition	body=true
REACHABLE	CompletelyDistribLattice.top_sdiff	Mathlib.Order.CompleteBooleanAlgebra	theorem	body=true
REACHABLE	CompletelyDistribLattice.toHNot	Mathlib.Order.CompleteBooleanAlgebra	definition	body=true
REACHABLE	CompletelyDistribLattice.le_himp_iff	Mathlib.Order.CompleteBooleanAlgebra	theorem	body=true
REACHABLE	CompleteDistribLattice.mk	Mathlib.Order.CompleteBooleanAlgebra	constructor	body=false
REACHABLE	Order.Frame.toCompleteLattice	Mathlib.Order.CompleteBooleanAlgebra	definition	body=true
REACHABLE	CompletelyDistribLattice.sdiff_le_iff	Mathlib.Order.CompleteBooleanAlgebra	theorem	body=true
REACHABLE	CompleteDistribLattice.toCoframe	Mathlib.Order.CompleteBooleanAlgebra	definition	body=true
REACHABLE	CompleteDistribLattice.toSDiff	Mathlib.Order.CompleteBooleanAlgebra	definition	body=true
REACHABLE	CompleteDistribLattice.sdiff_le_iff	Mathlib.Order.CompleteBooleanAlgebra	theorem	body=true
REACHABLE	CompleteDistribLattice.top_sdiff	Mathlib.Order.CompleteBooleanAlgebra	theorem	body=true
REACHABLE	CompleteDistribLattice.toHNot	Mathlib.Order.CompleteBooleanAlgebra	definition	body=true
REACHABLE	Order.Coframe.mk	Mathlib.Order.CompleteBooleanAlgebra	constructor	body=false
REACHABLE	CompleteAtomicBooleanAlgebra.toCompletelyDistribLattice	Mathlib.Order.CompleteBooleanAlgebra	definition	body=true
REACHABLE	CompletelyDistribLattice.mk	Mathlib.Order.CompleteBooleanAlgebra	constructor	body=false
REACHABLE	BiheytingAlgebra.sdiff_le_iff	Mathlib.Order.Heyting.Basic	theorem	body=true
REACHABLE	BiheytingAlgebra	Mathlib.Order.Heyting.Basic	inductive	body=false
REACHABLE	BiheytingAlgebra.toHeytingAlgebra	Mathlib.Order.Heyting.Basic	definition	body=true
REACHABLE	BiheytingAlgebra.toSDiff	Mathlib.Order.Heyting.Basic	definition	body=true
REACHABLE	BiheytingAlgebra.toHNot	Mathlib.Order.Heyting.Basic	definition	body=true
REACHABLE	BiheytingAlgebra.top_sdiff	Mathlib.Order.Heyting.Basic	theorem	body=true
REACHABLE	CompleteAtomicBooleanAlgebra.toHImp	Mathlib.Order.CompleteBooleanAlgebra	definition	body=true
REACHABLE	BooleanAlgebra.toBiheytingAlgebra	Mathlib.Order.BooleanAlgebra	definition	body=true
REACHABLE	BooleanAlgebra.toDistribLattice	Mathlib.Order.BooleanAlgebra	definition	body=true
REACHABLE	BooleanAlgebra.toBot	Mathlib.Order.BooleanAlgebra	definition	body=true
REACHABLE	BooleanAlgebra.toBiheytingAlgebra._proof_38	Mathlib.Order.BooleanAlgebra	theorem	body=true
REACHABLE	BooleanAlgebra.toHImp	Mathlib.Order.BooleanAlgebra	definition	body=true
REACHABLE	BooleanAlgebra.toHasCompl	Mathlib.Order.BooleanAlgebra	definition	body=true
REACHABLE	GeneralizedBooleanAlgebra.toGeneralizedCoheytingAlgebra	Mathlib.Order.BooleanAlgebra	definition	body=true
REACHABLE	GeneralizedBooleanAlgebra.toSDiff	Mathlib.Order.BooleanAlgebra	definition	body=true
REACHABLE	GeneralizedBooleanAlgebra	Mathlib.Order.BooleanAlgebra	inductive	body=false
REACHABLE	GeneralizedBooleanAlgebra.toGeneralizedCoheytingAlgebra._proof_2	Mathlib.Order.BooleanAlgebra	theorem	body=true
REACHABLE	GeneralizedBooleanAlgebra.toOrderBot	Mathlib.Order.BooleanAlgebra	definition	body=true
REACHABLE	GeneralizedBooleanAlgebra.toDistribLattice	Mathlib.Order.BooleanAlgebra	definition	body=true
REACHABLE	GeneralizedBooleanAlgebra.toBot	Mathlib.Order.BooleanAlgebra	definition	body=true
REACHABLE	GeneralizedBooleanAlgebra.toOrderBot._proof_1	Mathlib.Order.BooleanAlgebra	theorem	body=true
REACHABLE	GeneralizedBooleanAlgebra.inf_inf_sdiff	Mathlib.Order.BooleanAlgebra	theorem	body=true
REACHABLE	GeneralizedBooleanAlgebra.toGeneralizedCoheytingAlgebra._proof_3	Mathlib.Order.BooleanAlgebra	theorem	body=true
REACHABLE	Std.LawfulIdentity	Init.Core	inductive	body=false
REACHABLE	Std.IdempotentOp	Init.Core	inductive	body=false
REACHABLE	Lean.Data.AC.Variable.mk	Init.Data.AC	constructor	body=false
REACHABLE	PLift	Init.Prelude	inductive	body=false
REACHABLE	Lean.Data.AC.Variable	Init.Data.AC	inductive	body=false
REACHABLE	inf_eq_right	Mathlib.Order.Lattice	theorem	body=true
REACHABLE	instTransEq_1	Init.Prelude	definition	body=true
REACHABLE	_private.Mathlib.Order.BooleanAlgebra.0.sdiff_le'	Mathlib.Order.BooleanAlgebra	theorem	body=true
REACHABLE	sup_inf_sdiff	Mathlib.Order.BooleanAlgebra	theorem	body=true
REACHABLE	GeneralizedBooleanAlgebra.sup_inf_sdiff	Mathlib.Order.BooleanAlgebra	theorem	body=true
REACHABLE	_private.Mathlib.Order.BooleanAlgebra.0.sdiff_sup_self'	Mathlib.Order.BooleanAlgebra	theorem	body=true
REACHABLE	instAssociativeMin_mathlib	Mathlib.Order.Lattice	theorem	body=true
REACHABLE	instCommutativeMin_mathlib	Mathlib.Order.Lattice	theorem	body=true
REACHABLE	Lean.Data.AC.Expr.op	Init.Data.AC	constructor	body=false
REACHABLE	Lean.Data.AC.Expr	Init.Data.AC	inductive	body=false
REACHABLE	PLift.up	Init.Prelude	constructor	body=false
REACHABLE	Lean.Data.AC.Context.eq_of_norm	Init.Data.AC	theorem	body=true
REACHABLE	List.instLawfulBEq	Init.Data.List.Basic	theorem	body=true
REACHABLE	List.beq	Init.Data.List.Basic	definition	body=true
REACHABLE	List.beq.match_1	Init.Data.List.Basic	definition	body=true
REACHABLE	List.instBEq	Init.Data.List.Basic	definition	body=true
REACHABLE	List.instLawfulBEq.match_1	Init.Data.List.Basic	definition	body=true
REACHABLE	Nat.instLawfulBEq	Init.Data.Nat.Basic	theorem	body=true
REACHABLE	Lean.Data.AC.instEvalInformationContext	Init.Data.AC	definition	body=true
REACHABLE	Lean.Data.AC.EvalInformation.mk	Init.Data.AC	constructor	body=false
REACHABLE	Lean.Data.AC.EvalInformation	Init.Data.AC	inductive	body=false
REACHABLE	Lean.Data.AC.Context.var	Init.Data.AC	definition	body=true
REACHABLE	Lean.Data.AC.Context.vars	Init.Data.AC	definition	body=true
REACHABLE	Lean.Data.AC.Context	Init.Data.AC	inductive	body=false
REACHABLE	Lean.Data.AC.Context.op	Init.Data.AC	definition	body=true
REACHABLE	Lean.Data.AC.Context.arbitrary	Init.Data.AC	definition	body=true
REACHABLE	Lean.Data.AC.Variable.value	Init.Data.AC	definition	body=true
REACHABLE	Lean.Data.AC.evalList	Init.Data.AC	definition	body=true
REACHABLE	Lean.Data.AC.EvalInformation.arbitrary	Init.Data.AC	definition	body=true
REACHABLE	Lean.Data.AC.EvalInformation.evalVar	Init.Data.AC	definition	body=true
REACHABLE	Lean.Data.AC.EvalInformation.evalOp	Init.Data.AC	definition	body=true
REACHABLE	Lean.Data.AC.evalList.match_1	Init.Data.AC	definition	body=true
REACHABLE	Lean.Data.AC.eval	Init.Data.AC	definition	body=true
REACHABLE	Lean.Data.AC.Expr.brecOn	Init.Data.AC	definition	body=true
REACHABLE	Lean.Data.AC.Expr.below	Init.Data.AC	definition	body=true
REACHABLE	Lean.Data.AC.Expr.rec	Init.Data.AC	recursor	body=false
REACHABLE	Lean.Data.AC.Expr.var	Init.Data.AC	constructor	body=false
REACHABLE	_private.Init.Data.AC.0.Lean.Data.AC.reprExpr.match_1._@.Init.Data.AC._hyg.42	Init.Data.AC	definition	body=true
REACHABLE	Lean.Data.AC.Expr.casesOn	Init.Data.AC	definition	body=true
REACHABLE	Lean.Data.AC.instContextInformationContext	Init.Data.AC	definition	body=true
REACHABLE	Option.isSome	Init.Data.Option.Basic	definition	body=true
REACHABLE	Lean.Data.AC.Variable.neutral	Init.Data.AC	definition	body=true
REACHABLE	Lean.Data.AC.Context.idem	Init.Data.AC	definition	body=true
REACHABLE	Lean.Data.AC.ContextInformation.mk	Init.Data.AC	constructor	body=false
REACHABLE	Lean.Data.AC.ContextInformation	Init.Data.AC	inductive	body=false
REACHABLE	Lean.Data.AC.Context.comm	Init.Data.AC	definition	body=true
REACHABLE	Lean.Data.AC.Context.eval_norm	Init.Data.AC	theorem	body=true
REACHABLE	Lean.Data.AC.sort	Init.Data.AC	definition	body=true
REACHABLE	Lean.Data.AC.sort.loop	Init.Data.AC	definition	body=true
REACHABLE	Lean.Data.AC.sort.loop.match_1	Init.Data.AC	definition	body=true
REACHABLE	Lean.Data.AC.insert	Init.Data.AC	definition	body=true
REACHABLE	Lean.Data.AC.insert.match_1	Init.Data.AC	definition	body=true
REACHABLE	Lean.Data.AC.Context.evalList_removeNeutrals	Init.Data.AC	theorem	body=true
REACHABLE	_private.Init.Data.AC.0.Lean.Data.AC.removeNeutrals.match_1.splitter	Init.Data.AC	definition	body=true
REACHABLE	_private.Init.Data.AC.0.Lean.Data.AC.removeNeutrals.match_1.eq_2	Init.Data.AC	theorem	body=true
REACHABLE	Lean.Data.AC.removeNeutrals.match_1	Init.Data.AC	definition	body=true
REACHABLE	Lean.Data.AC.evalList.eq_3	Init.Data.AC	theorem	body=true
REACHABLE	_private.Init.Data.AC.0.Lean.Data.AC.evalList.match_1.eq_3	Init.Data.AC	theorem	body=true
REACHABLE	Lean.Data.AC.removeNeutrals.loop.match_1	Init.Data.AC	definition	body=true
REACHABLE	Lean.Data.AC.ContextInformation.isNeutral	Init.Data.AC	definition	body=true
REACHABLE	Std.LawfulIdentity.toLawfulLeftIdentity	Init.Core	theorem	body=true
REACHABLE	Std.LawfulLeftIdentity	Init.Core	inductive	body=false
REACHABLE	Lean.Data.AC.List.two_step_induction	Init.Data.AC	definition	body=true
REACHABLE	Lean.Data.AC.List.two_step_induction.proof_3	Init.Data.AC	theorem	body=true
REACHABLE	Lean.Data.AC.List.two_step_induction.proof_2	Init.Data.AC	theorem	body=true
REACHABLE	Lean.Data.AC.List.two_step_induction.proof_1	Init.Data.AC	theorem	body=true
REACHABLE	Lean.Data.AC.removeNeutrals	Init.Data.AC	definition	body=true
REACHABLE	Lean.Data.AC.removeNeutrals.loop.match_2	Init.Data.AC	definition	body=true
REACHABLE	Lean.Data.AC.removeNeutrals.loop	Init.Data.AC	definition	body=true
REACHABLE	Std.LawfulIdentity.toLawfulRightIdentity	Init.Core	theorem	body=true
REACHABLE	Std.LawfulRightIdentity	Init.Core	inductive	body=false
REACHABLE	_private.Init.Data.AC.0.Lean.Data.AC.removeNeutrals.loop.match_1.splitter	Init.Data.AC	definition	body=true
REACHABLE	Std.LawfulLeftIdentity.left_id	Init.Core	theorem	body=true
REACHABLE	Lean.Data.AC.Context.unwrap_isNeutral	Init.Data.AC	theorem	body=true
REACHABLE	Lean.Data.AC.Context.unwrap_isNeutral.match_1	Init.Data.AC	definition	body=true
REACHABLE	PLift.down	Init.Prelude	definition	body=true
REACHABLE	Std.LawfulRightIdentity.right_id	Init.Core	theorem	body=true
REACHABLE	Lean.Data.AC.mergeIdem	Init.Data.AC	definition	body=true
REACHABLE	Lean.Data.AC.mergeIdem.loop	Init.Data.AC	definition	body=true
REACHABLE	Lean.Data.AC.mergeIdem.loop.match_1	Init.Data.AC	definition	body=true
REACHABLE	Lean.Data.AC.ContextInformation.isComm	Init.Data.AC	definition	body=true
REACHABLE	Lean.Data.AC.Context.evalList_sort	Init.Data.AC	theorem	body=true
REACHABLE	Lean.Data.AC.Context.evalList_sort_cons	Init.Data.AC	theorem	body=true
REACHABLE	Lean.Data.AC.Context.evalList_sort_loop_swap	Init.Data.AC	theorem	body=true
REACHABLE	Lean.Data.AC.Context.evalList_insert	Init.Data.AC	theorem	body=true
REACHABLE	Lean.Data.AC.Context.assoc	Init.Data.AC	theorem	body=true
REACHABLE	Lean.Data.AC.Context.evalList_sort_congr	Init.Data.AC	theorem	body=true
REACHABLE	Lean.Data.AC.insert_nonEmpty	Init.Data.AC	theorem	body=true
REACHABLE	Lean.Data.AC.Context.evalList_sort_loop_swap._auxLemma.1	Init.Data.AC	theorem	body=true
REACHABLE	Lean.Data.AC.Context.evalList_sort_cons._auxLemma.1	Init.Data.AC	theorem	body=true
REACHABLE	Lean.Data.AC.Context.evalList_sort.match_1	Init.Data.AC	definition	body=true
REACHABLE	Lean.Data.AC.Context.sort_loop_nonEmpty	Init.Data.AC	theorem	body=true
REACHABLE	Lean.Data.AC.Context.evalList_mergeIdem	Init.Data.AC	theorem	body=true
REACHABLE	Lean.Data.AC.Context.mergeIdem_head2	Init.Data.AC	theorem	body=true
REACHABLE	Lean.Data.AC.Context.evalList_mergeIdem.match_1	Init.Data.AC	definition	body=true
REACHABLE	Lean.Data.AC.Context.mergeIdem_nonEmpty	Init.Data.AC	theorem	body=true
REACHABLE	Std.IdempotentOp.idempotent	Init.Core	theorem	body=true
REACHABLE	Lean.Data.AC.ContextInformation.isIdem	Init.Data.AC	definition	body=true
REACHABLE	Lean.Data.AC.Context.mergeIdem_head	Init.Data.AC	theorem	body=true
REACHABLE	Lean.Data.AC.Context.eval_toList	Init.Data.AC	theorem	body=true
REACHABLE	Lean.Data.AC.Context.evalList_append	Init.Data.AC	theorem	body=true
REACHABLE	Lean.Data.AC.Expr.toList	Init.Data.AC	definition	body=true
REACHABLE	Lean.Data.AC.Context.toList_nonEmpty	Init.Data.AC	theorem	body=true
REACHABLE	Lean.Data.AC.norm	Init.Data.AC	definition	body=true
REACHABLE	Lean.Data.AC.Context.mk	Init.Data.AC	constructor	body=false
REACHABLE	instIdempotentOpMax_mathlib	Mathlib.Order.Lattice	theorem	body=true
REACHABLE	Std.IdempotentOp.mk	Init.Core	constructor	body=false
REACHABLE	sup_idem	Mathlib.Order.Lattice	theorem	body=true
REACHABLE	instAssociativeMax_mathlib	Mathlib.Order.Lattice	theorem	body=true
REACHABLE	instIdempotentOpMin_mathlib	Mathlib.Order.Lattice	theorem	body=true
REACHABLE	inf_idem	Mathlib.Order.Lattice	theorem	body=true
REACHABLE	instCommutativeMax_mathlib	Mathlib.Order.Lattice	theorem	body=true
REACHABLE	le_of_inf_le_sup_le	Mathlib.Order.Lattice	theorem	body=true
REACHABLE	instIsTransLe	Mathlib.Order.RelClasses	theorem	body=true
REACHABLE	IsTrans.mk	Mathlib.Order.Defs.Unbundled	constructor	body=false
REACHABLE	IsTrans	Mathlib.Order.Defs.Unbundled	inductive	body=false
REACHABLE	inf_le_inf_left	Mathlib.Order.Lattice	theorem	body=true
REACHABLE	inf_le_inf	Mathlib.Order.Lattice	theorem	body=true
REACHABLE	instTransOfIsTrans	Mathlib.Order.Defs.Unbundled	definition	body=true
REACHABLE	IsTrans.trans	Mathlib.Order.Defs.Unbundled	theorem	body=true
REACHABLE	inf_sup_right	Mathlib.Order.Lattice	theorem	body=true
REACHABLE	inf_sdiff_self_right	Mathlib.Order.BooleanAlgebra	theorem	body=true
REACHABLE	sdiff_inf_sdiff	Mathlib.Order.BooleanAlgebra	theorem	body=true
REACHABLE	bot_sup_eq	Mathlib.Order.BoundedOrder.Lattice	theorem	body=true
REACHABLE	inf_inf_sdiff	Mathlib.Order.BooleanAlgebra	theorem	body=true
REACHABLE	inf_sdiff_self_left	Mathlib.Order.BooleanAlgebra	theorem	body=true
REACHABLE	sup_le_sup_right	Mathlib.Order.Lattice	theorem	body=true
REACHABLE	BooleanAlgebra.toBoundedOrder	Mathlib.Order.BooleanAlgebra	definition	body=true
REACHABLE	BooleanAlgebra.bot_le	Mathlib.Order.BooleanAlgebra	theorem	body=true
REACHABLE	BooleanAlgebra.le_top	Mathlib.Order.BooleanAlgebra	theorem	body=true
REACHABLE	BooleanAlgebra.toTop	Mathlib.Order.BooleanAlgebra	definition	body=true
REACHABLE	BooleanAlgebra.toGeneralizedBooleanAlgebra	Mathlib.Order.BooleanAlgebra	definition	body=true
REACHABLE	BooleanAlgebra.toGeneralizedBooleanAlgebra._proof_35	Mathlib.Order.BooleanAlgebra	theorem	body=true
REACHABLE	sup_compl_eq_top	Mathlib.Order.BooleanAlgebra	theorem	body=true
REACHABLE	BooleanAlgebra.top_le_sup_compl	Mathlib.Order.BooleanAlgebra	theorem	body=true
REACHABLE	top_unique	Mathlib.Order.BoundedOrder.Basic	theorem	body=true
REACHABLE	inf_top_eq	Mathlib.Order.BoundedOrder.Lattice	theorem	body=true
REACHABLE	BooleanAlgebra.sdiff_eq	Mathlib.Order.BooleanAlgebra	theorem	body=true
REACHABLE	BooleanAlgebra.toGeneralizedBooleanAlgebra._proof_33	Mathlib.Order.BooleanAlgebra	theorem	body=true
REACHABLE	BooleanAlgebra.toGeneralizedBooleanAlgebra._proof_32	Mathlib.Order.BooleanAlgebra	theorem	body=true
REACHABLE	BooleanAlgebra.toGeneralizedBooleanAlgebra._proof_34	Mathlib.Order.BooleanAlgebra	theorem	body=true
REACHABLE	BooleanAlgebra.toGeneralizedBooleanAlgebra._proof_36	Mathlib.Order.BooleanAlgebra	theorem	body=true
REACHABLE	inf_bot_eq	Mathlib.Order.BoundedOrder.Lattice	theorem	body=true
REACHABLE	inf_compl_eq_bot'	Mathlib.Order.BooleanAlgebra	theorem	body=true
REACHABLE	bot_unique	Mathlib.Order.BoundedOrder.Basic	theorem	body=true
REACHABLE	BooleanAlgebra.inf_compl_le_bot	Mathlib.Order.BooleanAlgebra	theorem	body=true
REACHABLE	inf_inf_distrib_left	Mathlib.Order.Lattice	theorem	body=true
REACHABLE	sup_sup_distrib_left	Mathlib.Order.Lattice	theorem	body=true
REACHABLE	sup_sup_sup_comm	Mathlib.Order.Lattice	theorem	body=true
REACHABLE	sup_left_comm	Mathlib.Order.Lattice	theorem	body=true
REACHABLE	GeneralizedBooleanAlgebra.mk	Mathlib.Order.BooleanAlgebra	constructor	body=false
REACHABLE	himp_eq	Mathlib.Order.BooleanAlgebra	theorem	body=true
REACHABLE	BooleanAlgebra.himp_eq	Mathlib.Order.BooleanAlgebra	theorem	body=true
REACHABLE	BooleanAlgebra.toBiheytingAlgebra._proof_39	Mathlib.Order.BooleanAlgebra	theorem	body=true
REACHABLE	top_inf_eq	Mathlib.Order.BoundedOrder.Lattice	theorem	body=true
REACHABLE	BiheytingAlgebra.mk	Mathlib.Order.Heyting.Basic	constructor	body=false
REACHABLE	HNot.mk	Mathlib.Order.Notation	constructor	body=false
REACHABLE	BooleanAlgebra.toBiheytingAlgebra._proof_37	Mathlib.Order.BooleanAlgebra	theorem	body=true
REACHABLE	isCompl_compl	Mathlib.Order.BooleanAlgebra	theorem	body=true
REACHABLE	IsCompl.of_eq	Mathlib.Order.Disjoint	theorem	body=true
REACHABLE	IsCompl.mk	Mathlib.Order.Disjoint	constructor	body=false
REACHABLE	IsCompl	Mathlib.Order.Disjoint	inductive	body=false
REACHABLE	Disjoint	Mathlib.Order.Disjoint	definition	body=true
REACHABLE	Codisjoint	Mathlib.Order.Disjoint	definition	body=true
REACHABLE	disjoint_iff	Mathlib.Order.Disjoint	theorem	body=true
REACHABLE	disjoint_iff_inf_le	Mathlib.Order.Disjoint	theorem	body=true
REACHABLE	le_bot_iff	Mathlib.Order.BoundedOrder.Basic	theorem	body=true
REACHABLE	LE.le.le_iff_eq	Mathlib.Order.Basic	theorem	body=true
REACHABLE	codisjoint_iff	Mathlib.Order.Disjoint	theorem	body=true
REACHABLE	IsCompl.le_sup_right_iff_inf_left_le	Mathlib.Order.Disjoint	theorem	body=true
REACHABLE	IsCompl.symm	Mathlib.Order.Disjoint	theorem	body=true
REACHABLE	IsCompl.disjoint	Mathlib.Order.Disjoint	theorem	body=true
REACHABLE	IsCompl.codisjoint	Mathlib.Order.Disjoint	theorem	body=true
REACHABLE	Codisjoint.symm	Mathlib.Order.Disjoint	theorem	body=true
REACHABLE	codisjoint_comm	Mathlib.Order.Disjoint	theorem	body=true
REACHABLE	Disjoint.symm	Mathlib.Order.Disjoint	theorem	body=true
REACHABLE	disjoint_comm	Mathlib.Order.Disjoint	theorem	body=true
REACHABLE	IsCompl.dual	Mathlib.Order.Disjoint	theorem	body=true
REACHABLE	IsCompl.inf_left_le_of_le_sup_right	Mathlib.Order.Disjoint	theorem	body=true
REACHABLE	IsCompl.inf_eq_bot	Mathlib.Order.Disjoint	theorem	body=true
REACHABLE	Disjoint.eq_bot	Mathlib.Order.Disjoint	theorem	body=true
REACHABLE	Disjoint.le_bot	Mathlib.Order.Disjoint	theorem	body=true
REACHABLE	sup_bot_eq	Mathlib.Order.BoundedOrder.Lattice	theorem	body=true
REACHABLE	CompleteAtomicBooleanAlgebra.toCompletelyDistribLattice._proof_140	Mathlib.Order.CompleteBooleanAlgebra	theorem	body=true
REACHABLE	CompleteAtomicBooleanAlgebra.toBooleanAlgebra	Mathlib.Order.CompleteBooleanAlgebra	definition	body=true
REACHABLE	CompleteAtomicBooleanAlgebra.le_sup_inf	Mathlib.Order.CompleteBooleanAlgebra	theorem	body=true
REACHABLE	CompleteAtomicBooleanAlgebra.top_le_sup_compl	Mathlib.Order.CompleteBooleanAlgebra	theorem	body=true
REACHABLE	CompleteAtomicBooleanAlgebra.inf_compl_le_bot	Mathlib.Order.CompleteBooleanAlgebra	theorem	body=true
REACHABLE	CompleteAtomicBooleanAlgebra.himp_eq	Mathlib.Order.CompleteBooleanAlgebra	theorem	body=true
REACHABLE	CompleteAtomicBooleanAlgebra.toCompletelyDistribLattice._proof_137	Mathlib.Order.CompleteBooleanAlgebra	theorem	body=true
REACHABLE	CompleteAtomicBooleanAlgebra.toCompletelyDistribLattice._proof_138	Mathlib.Order.CompleteBooleanAlgebra	theorem	body=true
REACHABLE	CompleteAtomicBooleanAlgebra.toCompletelyDistribLattice._proof_139	Mathlib.Order.CompleteBooleanAlgebra	theorem	body=true
REACHABLE	CompleteAtomicBooleanAlgebra.toCompletelyDistribLattice._proof_141	Mathlib.Order.CompleteBooleanAlgebra	theorem	body=true
REACHABLE	HeytingAlgebra.himp_bot	Mathlib.Order.Heyting.Basic	theorem	body=true
REACHABLE	HeytingAlgebra.toHasCompl	Mathlib.Order.Heyting.Basic	definition	body=true
REACHABLE	CompleteAtomicBooleanAlgebra.iInf_iSup_eq	Mathlib.Order.CompleteBooleanAlgebra	theorem	body=true
REACHABLE	Eq.ge	Mathlib.Order.Basic	theorem	body=true
REACHABLE	ge_of_eq	Mathlib.Order.Basic	theorem	body=true
REACHABLE	Order.Frame.toHasCompl	Mathlib.Order.CompleteBooleanAlgebra	definition	body=true
REACHABLE	CompleteAtomicBooleanAlgebra.toCompleteBooleanAlgebra._proof_142	Mathlib.Order.CompleteBooleanAlgebra	theorem	body=true
REACHABLE	inf_sSup_eq	Mathlib.Order.CompleteBooleanAlgebra	theorem	body=true
REACHABLE	Order.Frame.toHeytingAlgebra	Mathlib.Order.CompleteBooleanAlgebra	definition	body=true
REACHABLE	Order.Frame.himp_bot	Mathlib.Order.CompleteBooleanAlgebra	theorem	body=true
REACHABLE	Order.Frame.toHImp	Mathlib.Order.CompleteBooleanAlgebra	definition	body=true
REACHABLE	Order.Frame.le_himp_iff	Mathlib.Order.CompleteBooleanAlgebra	theorem	body=true
REACHABLE	gc_inf_himp	Mathlib.Order.Heyting.Basic	theorem	body=true
REACHABLE	le_himp_iff'	Mathlib.Order.Heyting.Basic	theorem	body=true
REACHABLE	le_himp_iff	Mathlib.Order.Heyting.Basic	theorem	body=true
REACHABLE	CompleteBooleanAlgebra.mk	Mathlib.Order.CompleteBooleanAlgebra	constructor	body=false
REACHABLE	CompleteBooleanAlgebra	Mathlib.Order.CompleteBooleanAlgebra	inductive	body=false
REACHABLE	Prop.instCompleteAtomicBooleanAlgebra	Mathlib.Order.CompleteBooleanAlgebra	definition	body=true
REACHABLE	Prop.instCompleteAtomicBooleanAlgebra._proof_182	Mathlib.Order.CompleteBooleanAlgebra	theorem	body=true
REACHABLE	iSup_Prop_eq	Mathlib.Order.CompleteLattice.Basic	theorem	body=true
REACHABLE	iSup_Prop_eq.match_1	Mathlib.Order.CompleteLattice.Basic	definition	body=true
REACHABLE	iSup_Prop_eq.match_2	Mathlib.Order.CompleteLattice.Basic	definition	body=true
REACHABLE	_private.Mathlib.Order.CompleteBooleanAlgebra.0._proof_177	Mathlib.Order.CompleteBooleanAlgebra	theorem	body=true
REACHABLE	iInf_Prop_eq	Mathlib.Order.CompleteLattice.Basic	theorem	body=true
REACHABLE	iInf_Prop_eq.match_1	Mathlib.Order.CompleteLattice.Basic	definition	body=true
REACHABLE	Prop.instCompleteAtomicBooleanAlgebra._proof_181	Mathlib.Order.CompleteBooleanAlgebra	theorem	body=true
REACHABLE	Prop.instCompleteAtomicBooleanAlgebra._proof_178	Mathlib.Order.CompleteBooleanAlgebra	theorem	body=true
REACHABLE	Prop.instCompleteAtomicBooleanAlgebra._proof_179	Mathlib.Order.CompleteBooleanAlgebra	theorem	body=true
REACHABLE	Prop.instCompleteAtomicBooleanAlgebra._proof_180	Mathlib.Order.CompleteBooleanAlgebra	theorem	body=true
REACHABLE	GeneralizedCoheytingAlgebra.toOrderBot	Mathlib.Order.Heyting.Basic	definition	body=true
REACHABLE	sdiff_self	Mathlib.Order.Heyting.Basic	theorem	body=true
REACHABLE	CompleteBooleanAlgebra.toCompleteDistribLattice	Mathlib.Order.CompleteBooleanAlgebra	definition	body=true
REACHABLE	CompleteBooleanAlgebra.toCompleteDistribLattice._proof_88	Mathlib.Order.CompleteBooleanAlgebra	theorem	body=true
REACHABLE	CompleteBooleanAlgebra.toBooleanAlgebra	Mathlib.Order.CompleteBooleanAlgebra	definition	body=true
REACHABLE	CompleteBooleanAlgebra.toHImp	Mathlib.Order.CompleteBooleanAlgebra	definition	body=true
REACHABLE	CompleteBooleanAlgebra.inf_compl_le_bot	Mathlib.Order.CompleteBooleanAlgebra	theorem	body=true
REACHABLE	CompleteBooleanAlgebra.toCompleteLattice	Mathlib.Order.CompleteBooleanAlgebra	definition	body=true
REACHABLE	CompleteBooleanAlgebra.toHasCompl	Mathlib.Order.CompleteBooleanAlgebra	definition	body=true
REACHABLE	CompleteBooleanAlgebra.top_le_sup_compl	Mathlib.Order.CompleteBooleanAlgebra	theorem	body=true
REACHABLE	CompleteBooleanAlgebra.toSDiff	Mathlib.Order.CompleteBooleanAlgebra	definition	body=true
REACHABLE	CompleteBooleanAlgebra.le_sup_inf	Mathlib.Order.CompleteBooleanAlgebra	theorem	body=true
REACHABLE	CompleteBooleanAlgebra.sdiff_eq	Mathlib.Order.CompleteBooleanAlgebra	theorem	body=true
REACHABLE	CompleteBooleanAlgebra.himp_eq	Mathlib.Order.CompleteBooleanAlgebra	theorem	body=true
REACHABLE	CompleteBooleanAlgebra.toCompleteDistribLattice._proof_87	Mathlib.Order.CompleteBooleanAlgebra	theorem	body=true
REACHABLE	CompleteBooleanAlgebra.toCompleteDistribLattice._proof_85	Mathlib.Order.CompleteBooleanAlgebra	theorem	body=true
REACHABLE	CompleteBooleanAlgebra.toCompleteDistribLattice._proof_84	Mathlib.Order.CompleteBooleanAlgebra	theorem	body=true
REACHABLE	CompleteBooleanAlgebra.toCompleteDistribLattice._proof_86	Mathlib.Order.CompleteBooleanAlgebra	theorem	body=true
REACHABLE	SimpleGraph.completeAtomicBooleanAlgebra._proof_69	Mathlib.Combinatorics.SimpleGraph.Basic	theorem	body=true
REACHABLE	completeGraph	Mathlib.Combinatorics.SimpleGraph.Basic	definition	body=true
REACHABLE	completeGraph._proof_12	Mathlib.Combinatorics.SimpleGraph.Basic	theorem	body=true
REACHABLE	completeGraph._proof_13	Mathlib.Combinatorics.SimpleGraph.Basic	theorem	body=true
REACHABLE	SimpleGraph.completeAtomicBooleanAlgebra._proof_58	Mathlib.Combinatorics.SimpleGraph.Basic	theorem	body=true
REACHABLE	SimpleGraph.completeAtomicBooleanAlgebra._proof_56	Mathlib.Combinatorics.SimpleGraph.Basic	theorem	body=true
REACHABLE	SimpleGraph.completeAtomicBooleanAlgebra._proof_57	Mathlib.Combinatorics.SimpleGraph.Basic	theorem	body=true
REACHABLE	SimpleGraph.completeAtomicBooleanAlgebra._proof_63	Mathlib.Combinatorics.SimpleGraph.Basic	theorem	body=true
REACHABLE	SimpleGraph.completeAtomicBooleanAlgebra._proof_62	Mathlib.Combinatorics.SimpleGraph.Basic	theorem	body=true
REACHABLE	SimpleGraph.completeAtomicBooleanAlgebra._proof_70	Mathlib.Combinatorics.SimpleGraph.Basic	theorem	body=true
REACHABLE	SimpleGraph.completeAtomicBooleanAlgebra._proof_66	Mathlib.Combinatorics.SimpleGraph.Basic	theorem	body=true
REACHABLE	SimpleGraph.completeAtomicBooleanAlgebra._proof_64	Mathlib.Combinatorics.SimpleGraph.Basic	theorem	body=true
REACHABLE	SimpleGraph.completeAtomicBooleanAlgebra._proof_71	Mathlib.Combinatorics.SimpleGraph.Basic	theorem	body=true
REACHABLE	Conjecture1663.ReconstructionRigidity	Conjecture1663.Definitions	definition	body=true
REACHABLE	Conjecture1663.deletionIso	Conjecture1663.Challenges	definition	body=true
REACHABLE	SimpleGraph.induce	Mathlib.Combinatorics.SimpleGraph.Maps	definition	body=true
REACHABLE	Function.Embedding.subtype	Mathlib.Logic.Embedding.Basic	definition	body=true
REACHABLE	Subtype.ext	Init.Data.Subtype	theorem	body=true
REACHABLE	Subtype.ext.match_1	Init.Data.Subtype	definition	body=true
REACHABLE	Set.Elem	Mathlib.Data.Set.CoeSort	definition	body=true
REACHABLE	Conjecture1663.deletionIso._proof_2	Conjecture1663.Challenges	theorem	body=true
REACHABLE	RelIso.injective	Mathlib.Order.RelIso.Basic	theorem	body=true
REACHABLE	Equiv.subtypeEquiv	Mathlib.Logic.Equiv.Basic	definition	body=true
REACHABLE	Equiv.subtypeEquiv._proof_21	Mathlib.Logic.Equiv.Basic	theorem	body=true
REACHABLE	Equiv.subtypeEquiv._proof_20	Mathlib.Logic.Equiv.Basic	theorem	body=true
REACHABLE	Equiv.subtypeEquiv._proof_25	Mathlib.Logic.Equiv.Basic	theorem	body=true
REACHABLE	Equiv.subtypeEquiv._proof_24	Mathlib.Logic.Equiv.Basic	theorem	body=true
REACHABLE	Equiv.subtypeEquiv._proof_23	Mathlib.Logic.Equiv.Basic	theorem	body=true
REACHABLE	Equiv.subtypeEquiv._proof_22	Mathlib.Logic.Equiv.Basic	theorem	body=true
REACHABLE	Conjecture1663.deletionIso._proof_3	Conjecture1663.Challenges	theorem	body=true
REACHABLE	Conjecture1663.deletionInducedIso	Conjecture1663.Challenges	definition	body=true
REACHABLE	finSuccAboveEquiv	Mathlib.Logic.Equiv.Fin.Basic	definition	body=true
REACHABLE	Equiv.optionSubtype	Mathlib.Logic.Equiv.Option	definition	body=true
REACHABLE	Equiv.optionSubtype._proof_14	Mathlib.Logic.Equiv.Option	theorem	body=true
REACHABLE	dite_cond_eq_false	Init.SimpLemmas	theorem	body=true
REACHABLE	Eq.mpr_prop	Init.SimpLemmas	theorem	body=true
REACHABLE	Eq.mpr_not	Init.SimpLemmas	theorem	body=true
REACHABLE	dite_congr	Init.SimpLemmas	theorem	body=true
REACHABLE	of_eq_false	Init.SimpLemmas	theorem	body=true
REACHABLE	Subtype.coe_eta	Mathlib.Data.Subtype	theorem	body=true
REACHABLE	Option.casesOn'	Mathlib.Data.Option.Basic	definition	body=true
REACHABLE	Option.casesOn'.match_1	Mathlib.Data.Option.Basic	definition	body=true
REACHABLE	dite_cond_eq_true	Init.SimpLemmas	theorem	body=true
REACHABLE	Equiv.optionSubtype._proof_13	Mathlib.Logic.Equiv.Option	theorem	body=true
REACHABLE	Equiv.optionSubtype._proof_12	Mathlib.Logic.Equiv.Option	theorem	body=true
REACHABLE	Equiv.optionSubtype._proof_7	Mathlib.Logic.Equiv.Option	theorem	body=true
REACHABLE	Equiv.apply_eq_iff_eq_symm_apply	Mathlib.Logic.Equiv.Defs	theorem	body=true
REACHABLE	Option.ne_none_iff_isSome	Init.Data.Option.Lemmas	theorem	body=true
REACHABLE	Function.Injective.ne_iff'	Mathlib.Logic.Function.Defs	theorem	body=true
REACHABLE	Function.Injective.ne_iff	Mathlib.Logic.Function.Defs	theorem	body=true
REACHABLE	Function.Injective.ne	Mathlib.Logic.Function.Defs	theorem	body=true
REACHABLE	Equiv.optionSubtype._proof_11	Mathlib.Logic.Equiv.Option	theorem	body=true
REACHABLE	Option.some_ne_none	Init.Data.Option.Lemmas	theorem	body=true
REACHABLE	Option.some_ne_none.match_1	Init.Data.Option.Lemmas	definition	body=true
REACHABLE	Option.get	Init.Data.Option.Basic	definition	body=true
REACHABLE	Option.get.match_1	Init.Data.Option.Basic	definition	body=true
REACHABLE	Option.some_get	Init.Data.Option.Basic	theorem	body=true
REACHABLE	Option.some_get.match_1	Init.Data.Option.Basic	definition	body=true
REACHABLE	Equiv.optionSubtype._proof_10	Mathlib.Logic.Equiv.Option	theorem	body=true
REACHABLE	Equiv.optionSubtype._proof_6	Mathlib.Logic.Equiv.Option	theorem	body=true
REACHABLE	Equiv.optionSubtype._proof_18	Mathlib.Logic.Equiv.Option	theorem	body=true
REACHABLE	Option.some_inj	Init.Data.Option.Instances	theorem	body=true
REACHABLE	Equiv.optionSubtype._proof_16	Mathlib.Logic.Equiv.Option	theorem	body=true
REACHABLE	Equiv.optionSubtype._proof_9	Mathlib.Logic.Equiv.Option	theorem	body=true
REACHABLE	Equiv.optionSubtype._proof_8	Mathlib.Logic.Equiv.Option	theorem	body=true
REACHABLE	Equiv.optionSubtype._proof_17	Mathlib.Logic.Equiv.Option	theorem	body=true
REACHABLE	Equiv.optionSubtype._proof_15	Mathlib.Logic.Equiv.Option	theorem	body=true
REACHABLE	Equiv.optionSubtype._proof_25	Mathlib.Logic.Equiv.Option	theorem	body=true
REACHABLE	Equiv.optionSubtype._proof_24	Mathlib.Logic.Equiv.Option	theorem	body=true
REACHABLE	Equiv.optionSubtype._proof_23	Mathlib.Logic.Equiv.Option	theorem	body=true
REACHABLE	Equiv.optionSubtype._proof_20	Mathlib.Logic.Equiv.Option	theorem	body=true
REACHABLE	Equiv.optionSubtype._proof_22	Mathlib.Logic.Equiv.Option	theorem	body=true
REACHABLE	Equiv.optionSubtype._proof_19	Mathlib.Logic.Equiv.Option	theorem	body=true
REACHABLE	Equiv.optionSubtype._proof_21	Mathlib.Logic.Equiv.Option	theorem	body=true
REACHABLE	finSuccEquiv'	Mathlib.Logic.Equiv.Fin.Basic	definition	body=true
REACHABLE	Fin.insertNth	Mathlib.Data.Fin.Tuple.Basic	definition	body=true
REACHABLE	Fin.succAboveCases	Mathlib.Data.Fin.Tuple.Basic	definition	body=true
REACHABLE	Fin.succAboveCases._proof_18	Mathlib.Data.Fin.Tuple.Basic	theorem	body=true
REACHABLE	Fin.lt_or_lt_of_ne	Init.Data.Fin.Lemmas	theorem	body=true
REACHABLE	Fin.val_ne_iff	Init.Data.Fin.Lemmas	theorem	body=true
REACHABLE	Fin.val_inj	Init.Data.Fin.Basic	theorem	body=true
REACHABLE	Nat.lt_or_lt_of_ne	Init.Data.Nat.Basic	theorem	body=true
REACHABLE	Fin.zero_le	Init.Data.Fin.Lemmas	theorem	body=true
REACHABLE	instLEFin	Init.Prelude	definition	body=true
REACHABLE	Fin.lt_of_le_of_lt	Init.Data.Fin.Lemmas	theorem	body=true
REACHABLE	Fin.ne_of_gt	Init.Data.Fin.Lemmas	theorem	body=true
REACHABLE	Fin.cons._proof_1	Mathlib.Data.Fin.Tuple.Basic	theorem	body=true
REACHABLE	Fin.succAboveCases._proof_19	Mathlib.Data.Fin.Tuple.Basic	theorem	body=true
REACHABLE	Fin.succAbove_pred_of_lt	Mathlib.Data.Fin.Basic	theorem	body=true
REACHABLE	Fin.succ_pred	Init.Data.Fin.Lemmas	theorem	body=true
REACHABLE	Fin.succ_pred.match_1	Init.Data.Fin.Lemmas	definition	body=true
REACHABLE	Fin.succ_pred._auxLemma.32	Init.Data.Fin.Lemmas	theorem	body=true
REACHABLE	not_true	Init.Core	theorem	body=true
REACHABLE	iff_false_intro	Init.Core	theorem	body=true
REACHABLE	Fin.pred	Init.Data.Fin.Basic	definition	body=true
REACHABLE	Fin.pred.proof_2	Init.Data.Fin.Basic	theorem	body=true
REACHABLE	Fin.pred.proof_1	Init.Data.Fin.Basic	theorem	body=true
REACHABLE	Fin.subNat	Init.Data.Fin.Basic	definition	body=true
REACHABLE	Fin.subNat.proof_1	Init.Data.Fin.Basic	theorem	body=true
REACHABLE	Nat.sub_lt_right_of_lt_add	Init.Data.Nat.Basic	theorem	body=true
REACHABLE	Fin.succAbove_of_lt_succ	Mathlib.Data.Fin.Basic	theorem	body=true
REACHABLE	Fin.le_castSucc_iff	Init.Data.Fin.Lemmas	theorem	body=true
REACHABLE	Fin.le_castSucc_iff._auxLemma.29	Init.Data.Fin.Lemmas	theorem	body=true
REACHABLE	Fin.le_castSucc_iff._auxLemma.30	Init.Data.Fin.Lemmas	theorem	body=true
REACHABLE	Fin.le_def	Init.Data.Fin.Lemmas	theorem	body=true
REACHABLE	Nat.add_one_le_add_one_iff	Init.Data.Nat.Basic	theorem	body=true
REACHABLE	Nat.succ_le_succ_iff	Init.Data.Nat.Basic	theorem	body=true
REACHABLE	Fin.succAbove_of_le_castSucc	Mathlib.Data.Fin.Basic	theorem	body=true
REACHABLE	Fin.not_lt	Init.Data.Fin.Lemmas	theorem	body=true
REACHABLE	Fin.succAboveCases._proof_17	Mathlib.Data.Fin.Tuple.Basic	theorem	body=true
REACHABLE	Fin.le_last	Init.Data.Fin.Lemmas	theorem	body=true
REACHABLE	Fin.last	Init.Data.Fin.Basic	definition	body=true
REACHABLE	Fin.is_lt	Init.Data.Fin.Lemmas	theorem	body=true
REACHABLE	Fin.succAbove_castPred_of_lt	Mathlib.Data.Fin.Basic	theorem	body=true
REACHABLE	Fin.succAbove_of_castSucc_lt	Mathlib.Data.Fin.Basic	theorem	body=true
REACHABLE	Fin.castSucc_castPred	Mathlib.Data.Fin.Basic	theorem	body=true
REACHABLE	LT.lt.ne	Mathlib.Order.Basic	theorem	body=true
REACHABLE	Fin.exists_castSucc_eq	Init.Data.Fin.Lemmas	theorem	body=true
REACHABLE	Fin.castLT	Init.Data.Fin.Basic	definition	body=true
REACHABLE	Fin.val_lt_last	Init.Data.Fin.Lemmas	theorem	body=true
REACHABLE	Decidable.not_imp_comm	Init.PropLemmas	theorem	body=true
REACHABLE	Decidable.not_imp_symm	Init.PropLemmas	theorem	body=true
REACHABLE	Fin.eq_last_of_not_lt	Init.Data.Fin.Lemmas	theorem	body=true
REACHABLE	Fin.ext	Init.Data.Fin.Lemmas	theorem	body=true
REACHABLE	Fin.exists_castSucc_eq.match_1	Init.Data.Fin.Lemmas	definition	body=true
REACHABLE	Fin.castSucc_lt_last	Init.Data.Fin.Lemmas	theorem	body=true
REACHABLE	Fin.ne_of_lt	Init.Data.Fin.Lemmas	theorem	body=true
REACHABLE	Fin.castPred	Mathlib.Data.Fin.Basic	definition	body=true
REACHABLE	Iff.not	Mathlib.Logic.Basic	theorem	body=true
REACHABLE	Fin.castPred_castSucc	Mathlib.Data.Fin.Basic	theorem	body=true
REACHABLE	Fin.ext_iff	Init.Data.Fin.Lemmas	theorem	body=true
REACHABLE	Fin.succAboveCases._proof_16	Mathlib.Data.Fin.Tuple.Basic	theorem	body=true
REACHABLE	Fin.succAboveCases._proof_15	Mathlib.Data.Fin.Tuple.Basic	theorem	body=true
REACHABLE	finSuccEquiv'._proof_5	Mathlib.Logic.Equiv.Fin.Basic	theorem	body=true
REACHABLE	Fin.insertNth_apply_same	Mathlib.Data.Fin.Tuple.Basic	theorem	body=true
REACHABLE	Fin.insertNth_apply_succAbove	Mathlib.Data.Fin.Tuple.Basic	theorem	body=true
REACHABLE	Fin.pred_succAbove	Mathlib.Data.Fin.Basic	theorem	body=true
REACHABLE	Fin.lt_succAbove_iff_le_castSucc	Mathlib.Data.Fin.Basic	theorem	body=true
REACHABLE	Fin.castSucc_lt_or_lt_succ	Mathlib.Data.Fin.Basic	theorem	body=true
REACHABLE	_private.Mathlib.Data.Fin.Basic.0._proof_18	Mathlib.Data.Fin.Basic	theorem	body=true
REACHABLE	Fin.lt_iff_val_lt_val	Init.Data.Fin.Lemmas	theorem	body=true
REACHABLE	Fin.castSucc_lt_or_lt_succ._proof_33	Mathlib.Data.Fin.Basic	theorem	body=true
REACHABLE	Lean.Omega.and_not_not_of_not_or	Init.Omega.Logic	theorem	body=true
REACHABLE	not_or	Init.PropLemmas	theorem	body=true
REACHABLE	iff_true_left	Init.Core	theorem	body=true
REACHABLE	iff_false_right	Init.Core	theorem	body=true
REACHABLE	iff_false_left	Init.Core	theorem	body=true
REACHABLE	Fin.le_of_lt	Init.Data.Fin.Lemmas	theorem	body=true
REACHABLE	Fin.not_le	Init.Data.Fin.Lemmas	theorem	body=true
REACHABLE	Fin.pred_succ	Init.Data.Fin.Lemmas	theorem	body=true
REACHABLE	Fin.ne_zero_of_lt	Mathlib.Data.Fin.Basic	theorem	body=true
REACHABLE	Fin.ne_last_of_lt	Mathlib.Data.Fin.Basic	theorem	body=true
REACHABLE	Fin.lt_of_lt_of_le	Init.Data.Fin.Lemmas	theorem	body=true
REACHABLE	Fin.insertNth_apply_succAbove._proof_20	Mathlib.Data.Fin.Tuple.Basic	theorem	body=true
REACHABLE	Fin.succAbove_lt_iff_castSucc_lt	Mathlib.Data.Fin.Basic	theorem	body=true
REACHABLE	Fin.castSucc_lt_iff_succ_le	Init.Data.Fin.Lemmas	theorem	body=true
REACHABLE	iff_true_right	Init.Core	theorem	body=true
REACHABLE	Fin.castPred_succAbove	Mathlib.Data.Fin.Basic	theorem	body=true
REACHABLE	Fin.castPred_eq_iff_eq_castSucc	Mathlib.Data.Fin.Basic	theorem	body=true
REACHABLE	Fin.succAbove_ne	Mathlib.Data.Fin.Basic	theorem	body=true
REACHABLE	finSuccEquiv'._proof_4	Mathlib.Logic.Equiv.Fin.Basic	theorem	body=true
REACHABLE	finSuccAboveEquiv._proof_11	Mathlib.Logic.Equiv.Fin.Basic	theorem	body=true
REACHABLE	Conjecture1663.deletionInducedIso._proof_1	Conjecture1663.Challenges	theorem	body=true
REACHABLE	Conjecture1663.different_labels	Conjecture1663.Challenges	theorem	body=true
REACHABLE	Conjecture1663.oneEdge._proof_6	Conjecture1663.Challenges	theorem	body=true
REACHABLE	Conjecture1663.oneEdge._proof_8	Conjecture1663.Challenges	theorem	body=true
REACHABLE	Conjecture1663.oneEdge._proof_5	Conjecture1663.Challenges	theorem	body=true
REACHABLE	Fin.val_congr	Init.Data.Fin.Basic	theorem	body=true
REACHABLE	Lean.Omega.Fin.ofNat_val_natCast	Init.Omega.Int	theorem	body=true
REACHABLE	Conjecture1663.oneEdge._proof_4	Conjecture1663.Challenges	theorem	body=true
REACHABLE	Conjecture1663.relabelledEdge	Conjecture1663.Challenges	definition	body=true
REACHABLE	Conjecture1663.oneEdge	Conjecture1663.Challenges	definition	body=true
REACHABLE	Conjecture1663.oneEdge._proof_7	Conjecture1663.Challenges	theorem	body=true
REACHABLE	Decidable.not_and_iff_not_or_not'	Init.PropLemmas	theorem	body=true
REACHABLE	not_and_of_not_or_not	Init.PropLemmas	theorem	body=true
REACHABLE	or_self	Init.SimpLemmas	theorem	body=true
REACHABLE	or_self.match_1	Init.SimpLemmas	definition	body=true
REACHABLE	_private.Mathlib.Combinatorics.SimpleGraph.Maps.0._proof_6	Mathlib.Combinatorics.SimpleGraph.Maps	theorem	body=true
REACHABLE	SimpleGraph.comap_adj	Mathlib.Combinatorics.SimpleGraph.Maps	theorem	body=true
REACHABLE	eq_false_of_decide	Init.SimpLemmas	theorem	body=true
REACHABLE	of_decide_eq_false	Init.Prelude	theorem	body=true
REACHABLE	of_decide_eq_false.match_1	Init.Prelude	definition	body=true
REACHABLE	ne_false_of_eq_true	Init.Prelude	theorem	body=true
REACHABLE	ne_false_of_eq_true.match_1	Init.Prelude	definition	body=true
REACHABLE	Conjecture1663.every_graph_violates_rigidity	Conjecture1663.Proof	theorem	body=true
REACHABLE	instNatAtLeastTwo	Mathlib.Data.Nat.Cast.Defs	theorem	body=true
REACHABLE	Nat.AtLeastTwo.mk	Mathlib.Data.Nat.Cast.Defs	constructor	body=false
REACHABLE	Nat.AtLeastTwo	Mathlib.Data.Nat.Cast.Defs	inductive	body=false
REACHABLE	Nat.instAddMonoidWithOne	Mathlib.Algebra.Ring.Nat	definition	body=true
REACHABLE	Nat.instAddMonoidWithOne._proof_2	Mathlib.Algebra.Ring.Nat	theorem	body=true
REACHABLE	Nat.instAddMonoidWithOne._proof_1	Mathlib.Algebra.Ring.Nat	theorem	body=true
REACHABLE	Nat.instAddMonoid	Mathlib.Algebra.Group.Nat.Defs	definition	body=true
REACHABLE	Nat.instAddCommMonoid	Mathlib.Algebra.Group.Nat.Defs	definition	body=true
REACHABLE	Nat.instAddCancelCommMonoid	Mathlib.Algebra.Group.Nat.Defs	definition	body=true
REACHABLE	Nat.instOne	Mathlib.Algebra.Group.Nat.Defs	definition	body=true
REACHABLE	Nat.instMulOneClass	Mathlib.Algebra.Group.Nat.Defs	definition	body=true
REACHABLE	One.ofOfNat1	Mathlib.Algebra.Notation.Defs	definition	body=true
REACHABLE	AddMonoidWithOne.mk	Mathlib.Data.Nat.Cast.Defs	constructor	body=false
REACHABLE	AddMonoidWithOne	Mathlib.Data.Nat.Cast.Defs	inductive	body=false
REACHABLE	AddMonoidWithOne.natCast_succ._autoParam	Mathlib.Data.Nat.Cast.Defs	definition	body=true
REACHABLE	AddMonoidWithOne.natCast_zero._autoParam	Mathlib.Data.Nat.Cast.Defs	definition	body=true
REACHABLE	Nat.instCharZero	Mathlib.Algebra.Ring.Nat	theorem	body=true
REACHABLE	CharZero.mk	Mathlib.Algebra.CharZero.Defs	constructor	body=false
REACHABLE	CharZero	Mathlib.Algebra.CharZero.Defs	inductive	body=false
REACHABLE	AddMonoidWithOne.toNatCast	Mathlib.Data.Nat.Cast.Defs	definition	body=true
REACHABLE	Function.injective_id	Mathlib.Logic.Function.Defs	theorem	body=true
REACHABLE	_private.Mathlib.Algebra.Order.Monoid.Canonical.Defs.0._proof_10	Mathlib.Algebra.Order.Monoid.Canonical.Defs	theorem	body=true
REACHABLE	nonpos_iff_eq_zero	Mathlib.Algebra.Order.Monoid.Canonical.Defs	theorem	body=true
REACHABLE	CanonicallyOrderedAdd	Mathlib.Algebra.Order.Monoid.Canonical.Defs	inductive	body=false
REACHABLE	CanonicallyOrderedAdd.toOrderBot	Mathlib.Algebra.Order.Monoid.Canonical.Defs	definition	body=true
REACHABLE	zero_le	Mathlib.Algebra.Order.Monoid.Canonical.Defs	theorem	body=true
REACHABLE	le_self_add	Mathlib.Algebra.Order.Monoid.Canonical.Defs	theorem	body=true
REACHABLE	CanonicallyOrderedAdd.le_self_add	Mathlib.Algebra.Order.Monoid.Canonical.Defs	theorem	body=true
REACHABLE	zero_add	Mathlib.Algebra.Group.Defs	theorem	body=true
REACHABLE	AddZeroClass.zero_add	Mathlib.Algebra.Group.Defs	theorem	body=true
REACHABLE	LE.le.trans_eq	Mathlib.Order.Basic	theorem	body=true
REACHABLE	Nat.instCanonicallyOrderedAdd	Mathlib.Algebra.Order.Group.Nat	theorem	body=true
REACHABLE	CanonicallyOrderedAdd.mk	Mathlib.Algebra.Order.Monoid.Canonical.Defs	constructor	body=false
REACHABLE	ExistsAddOfLE	Mathlib.Algebra.Order.Monoid.Unbundled.ExistsOfLE	inductive	body=false
REACHABLE	ExistsAddOfLE.mk	Mathlib.Algebra.Order.Monoid.Unbundled.ExistsOfLE	constructor	body=false
REACHABLE	Nat.exists_eq_add_of_le	Init.Data.Nat.Lemmas	theorem	body=true
REACHABLE	_private.Mathlib.Algebra.CharZero.Defs.0._proof_6	Mathlib.Algebra.CharZero.Defs	theorem	body=true
REACHABLE	instOfNatAtLeastTwo	Mathlib.Data.Nat.Cast.Defs	definition	body=true
REACHABLE	AddMonoidWithOne.toAddMonoid	Mathlib.Data.Nat.Cast.Defs	definition	body=true
REACHABLE	OfNat.ofNat_ne_zero	Mathlib.Algebra.CharZero.Defs	theorem	body=true
REACHABLE	Nat.cast_ne_zero	Mathlib.Algebra.CharZero.Defs	theorem	body=true
REACHABLE	Nat.cast_eq_zero	Mathlib.Algebra.CharZero.Defs	theorem	body=true
REACHABLE	Nat.cast_zero	Mathlib.Data.Nat.Cast.Defs	theorem	body=true
REACHABLE	AddMonoidWithOne.natCast_zero	Mathlib.Data.Nat.Cast.Defs	theorem	body=true
REACHABLE	Nat.cast_inj	Mathlib.Algebra.CharZero.Defs	theorem	body=true
REACHABLE	Nat.cast_injective	Mathlib.Algebra.CharZero.Defs	theorem	body=true
REACHABLE	CharZero.cast_injective	Mathlib.Algebra.CharZero.Defs	theorem	body=true
REACHABLE	Nat.AtLeastTwo.toNeZero	Mathlib.Algebra.CharZero.Defs	theorem	body=true
REACHABLE	Nat.AtLeastTwo.one_lt	Mathlib.Data.Nat.Cast.Defs	theorem	body=true
REACHABLE	Nat.AtLeastTwo.prop	Mathlib.Data.Nat.Cast.Defs	theorem	body=true
REACHABLE	Conjecture1663.relabelledEdgeIso	Conjecture1663.Challenges	definition	body=true
REACHABLE	SimpleGraph.Iso.comap	Mathlib.Combinatorics.SimpleGraph.Maps	definition	body=true
REACHABLE	SimpleGraph.Iso.comap._proof_40	Mathlib.Combinatorics.SimpleGraph.Maps	theorem	body=true
REACHABLE	Conjecture1663.empty_not_iso_oneEdge	Conjecture1663.Challenges	theorem	body=true
REACHABLE	_private.Mathlib.Combinatorics.SimpleGraph.Basic.0._proof_74	Mathlib.Combinatorics.SimpleGraph.Basic	theorem	body=true
REACHABLE	SimpleGraph.bot_adj	Mathlib.Combinatorics.SimpleGraph.Basic	theorem	body=true
REACHABLE	MulZeroClass.toZero	Mathlib.Algebra.GroupWithZero.Defs	definition	body=true
REACHABLE	MulZeroClass	Mathlib.Algebra.GroupWithZero.Defs	inductive	body=false
REACHABLE	Semiring.toNonAssocSemiring	Mathlib.Algebra.Ring.Defs	definition	body=true
REACHABLE	Semiring.natCast_zero	Mathlib.Algebra.Ring.Defs	theorem	body=true
REACHABLE	Semiring	Mathlib.Algebra.Ring.Defs	inductive	body=false
REACHABLE	Semiring.toNonUnitalSemiring	Mathlib.Algebra.Ring.Defs	definition	body=true
REACHABLE	NonUnitalSemiring	Mathlib.Algebra.Ring.Defs	inductive	body=false
REACHABLE	NonUnitalNonAssocSemiring.toAddCommMonoid	Mathlib.Algebra.Ring.Defs	definition	body=true
REACHABLE	NonUnitalNonAssocSemiring	Mathlib.Algebra.Ring.Defs	inductive	body=false
REACHABLE	NonUnitalSemiring.toNonUnitalNonAssocSemiring	Mathlib.Algebra.Ring.Defs	definition	body=true
REACHABLE	Semiring.toNatCast	Mathlib.Algebra.Ring.Defs	definition	body=true
REACHABLE	Semiring.mul_one	Mathlib.Algebra.Ring.Defs	theorem	body=true
REACHABLE	NonUnitalNonAssocSemiring.toMul	Mathlib.Algebra.Ring.Defs	definition	body=true
REACHABLE	Semiring.toOne	Mathlib.Algebra.Ring.Defs	definition	body=true
REACHABLE	Semiring.one_mul	Mathlib.Algebra.Ring.Defs	theorem	body=true
REACHABLE	Semiring.natCast_succ	Mathlib.Algebra.Ring.Defs	theorem	body=true
REACHABLE	NonAssocSemiring.mk	Mathlib.Algebra.Ring.Defs	constructor	body=false
REACHABLE	NonAssocSemiring	Mathlib.Algebra.Ring.Defs	inductive	body=false
REACHABLE	_private.Mathlib.Algebra.NeZero.0._proof_2	Mathlib.Algebra.NeZero	theorem	body=true
REACHABLE	one_ne_zero	Mathlib.Algebra.NeZero	theorem	body=true
REACHABLE	_private.Mathlib.Algebra.NeZero.0._proof_1	Mathlib.Algebra.NeZero	theorem	body=true
REACHABLE	zero_ne_one	Mathlib.Algebra.NeZero	theorem	body=true
REACHABLE	NeZero.ne'	Init.Data.NeZero	theorem	body=true
REACHABLE	NonUnitalNonAssocCommSemiring.toNonUnitalNonAssocSemiring	Mathlib.Algebra.Ring.Defs	definition	body=true
REACHABLE	NonUnitalNonAssocCommSemiring	Mathlib.Algebra.Ring.Defs	inductive	body=false
REACHABLE	CommRing.toCommSemiring	Mathlib.Algebra.Ring.Defs	definition	body=true
REACHABLE	Ring.toSemiring	Mathlib.Algebra.Ring.Defs	definition	body=true
REACHABLE	Ring	Mathlib.Algebra.Ring.Defs	inductive	body=false
REACHABLE	CommRing.mul_comm	Mathlib.Algebra.Ring.Defs	theorem	body=true
REACHABLE	CommRing	Mathlib.Algebra.Ring.Defs	inductive	body=false
REACHABLE	CommRing.toRing	Mathlib.Algebra.Ring.Defs	definition	body=true
REACHABLE	CommSemiring.mk	Mathlib.Algebra.Ring.Defs	constructor	body=false
REACHABLE	CommSemiring	Mathlib.Algebra.Ring.Defs	inductive	body=false
REACHABLE	RelIso.apply_symm_apply	Mathlib.Order.RelIso.Basic	theorem	body=true
REACHABLE	AddMonoidWithOne.toOne	Mathlib.Data.Nat.Cast.Defs	definition	body=true
REACHABLE	Fin.instAddMonoidWithOne	Mathlib.Algebra.Group.Fin.Basic	definition	body=true
REACHABLE	Fin.addCommMonoid	Mathlib.Algebra.Group.Fin.Basic	definition	body=true
REACHABLE	Fin.addCommSemigroup	Mathlib.Algebra.Group.Fin.Basic	definition	body=true
REACHABLE	Fin.instAdd	Init.Data.Fin.Basic	definition	body=true
REACHABLE	Fin.add	Init.Data.Fin.Basic	definition	body=true
REACHABLE	Fin.add.match_1	Init.Data.Fin.Basic	definition	body=true
REACHABLE	Fin.add.proof_1	Init.Data.Fin.Basic	theorem	body=true
REACHABLE	_private.Init.Data.Fin.Basic.0.Fin.mlt	Init.Data.Fin.Basic	theorem	body=true
REACHABLE	_private.Init.Data.Fin.Basic.0.Fin.mlt.match_1	Init.Data.Fin.Basic	definition	body=true
REACHABLE	Fin.addCommSemigroup._proof_5	Mathlib.Algebra.Group.Fin.Basic	theorem	body=true
REACHABLE	Nat.mod_add_mod	Init.Data.Nat.Lemmas	theorem	body=true
REACHABLE	Nat.add_mul_mod_self_left	Init.Data.Nat.Div.Basic	theorem	body=true
REACHABLE	Nat.add_mul_mod_self_left.match_1	Init.Data.Nat.Div.Basic	definition	body=true
REACHABLE	Nat.add_mod_right	Init.Data.Nat.Div.Basic	theorem	body=true
REACHABLE	Nat.add_mod_mod	Init.Data.Nat.Lemmas	theorem	body=true
REACHABLE	Fin.pos	Init.Data.Fin.Basic	theorem	body=true
REACHABLE	Fin.addCommSemigroup._proof_2	Mathlib.Algebra.Group.Fin.Basic	theorem	body=true
REACHABLE	Fin.addCommSemigroup._proof_4	Mathlib.Algebra.Group.Fin.Basic	theorem	body=true
REACHABLE	Fin.addCommSemigroup._proof_3	Mathlib.Algebra.Group.Fin.Basic	theorem	body=true
REACHABLE	Fin.addCommSemigroup._proof_7	Mathlib.Algebra.Group.Fin.Basic	theorem	body=true
REACHABLE	Fin.addCommSemigroup._proof_6	Mathlib.Algebra.Group.Fin.Basic	theorem	body=true
REACHABLE	Fin.addCommMonoid._proof_11	Mathlib.Algebra.Group.Fin.Basic	theorem	body=true
REACHABLE	Fin.add_zero	Init.Data.Fin.Lemmas	theorem	body=true
REACHABLE	Fin.zero_add	Init.Data.Fin.Lemmas	theorem	body=true
REACHABLE	Fin.addCommMonoid._proof_10	Mathlib.Algebra.Group.Fin.Basic	theorem	body=true
REACHABLE	Fin.addCommMonoid._proof_9	Mathlib.Algebra.Group.Fin.Basic	theorem	body=true
REACHABLE	Fin.instAddMonoidWithOne._proof_12	Mathlib.Algebra.Group.Fin.Basic	theorem	body=true
REACHABLE	Fin.instAddMonoidWithOne._proof_13	Mathlib.Algebra.Group.Fin.Basic	theorem	body=true
REACHABLE	Nat.add_mod	Init.Data.Nat.Lemmas	theorem	body=true
REACHABLE	NonAssocSemiring.toMulZeroOneClass	Mathlib.Algebra.Ring.Defs	definition	body=true
REACHABLE	MulZeroOneClass.mk	Mathlib.Algebra.GroupWithZero.Defs	constructor	body=false
REACHABLE	MulZeroOneClass	Mathlib.Algebra.GroupWithZero.Defs	inductive	body=false
REACHABLE	NonUnitalNonAssocSemiring.zero_mul	Mathlib.Algebra.Ring.Defs	theorem	body=true
REACHABLE	NonAssocSemiring.mul_one	Mathlib.Algebra.Ring.Defs	theorem	body=true
REACHABLE	NonAssocSemiring.toNonUnitalNonAssocSemiring	Mathlib.Algebra.Ring.Defs	definition	body=true
REACHABLE	NonAssocSemiring.toOne	Mathlib.Algebra.Ring.Defs	definition	body=true
REACHABLE	NonUnitalNonAssocSemiring.mul_zero	Mathlib.Algebra.Ring.Defs	theorem	body=true
REACHABLE	NonAssocSemiring.one_mul	Mathlib.Algebra.Ring.Defs	theorem	body=true
REACHABLE	NonUnitalNonAssocSemiring.toMulZeroClass	Mathlib.Algebra.Ring.Defs	definition	body=true
REACHABLE	MulZeroClass.mk	Mathlib.Algebra.GroupWithZero.Defs	constructor	body=false
REACHABLE	Fin.nontrivial	Mathlib.Data.Fin.Basic	theorem	body=true
REACHABLE	Fin.ne_iff_vne	Mathlib.Data.Fin.Basic	theorem	body=true
REACHABLE	Nontrivial.mk	Mathlib.Logic.Nontrivial.Defs	constructor	body=false
REACHABLE	Nontrivial	Mathlib.Logic.Nontrivial.Defs	inductive	body=false
REACHABLE	Fin.instCommRing	Mathlib.Data.ZMod.Defs	definition	body=true
REACHABLE	Fin.instCommRing._proof_10	Mathlib.Data.ZMod.Defs	theorem	body=true
REACHABLE	CommSemigroup.toSemigroup	Mathlib.Algebra.Group.Defs	definition	body=true
REACHABLE	CommSemigroup	Mathlib.Algebra.Group.Defs	inductive	body=false
REACHABLE	npowRecAuto	Mathlib.Algebra.Group.Defs	definition	body=true
REACHABLE	Nat.instMulZeroClass	Mathlib.Algebra.GroupWithZero.Nat	definition	body=true
REACHABLE	Fin.instCommSemigroup	Mathlib.Data.ZMod.Defs	definition	body=true
REACHABLE	Fin.instMul	Init.Data.Fin.Basic	definition	body=true
REACHABLE	Fin.mul	Init.Data.Fin.Basic	definition	body=true
REACHABLE	Fin.mul.proof_1	Init.Data.Fin.Basic	theorem	body=true
REACHABLE	Fin.mul_comm	Init.Data.Fin.Lemmas	theorem	body=true
REACHABLE	Fin.mul_def	Init.Data.Fin.Lemmas	theorem	body=true
REACHABLE	CommSemigroup.mk	Mathlib.Algebra.Group.Defs	constructor	body=false
REACHABLE	Fin.instCommSemigroup._proof_1	Mathlib.Data.ZMod.Defs	theorem	body=true
REACHABLE	Nat.ModEq.instTrans	Mathlib.Data.Nat.ModEq	definition	body=true
REACHABLE	Nat.ModEq.trans	Mathlib.Data.Nat.ModEq	theorem	body=true
REACHABLE	Nat.ModEq	Mathlib.Data.Nat.ModEq	definition	body=true
REACHABLE	Fin.instCommSemigroup.match_1	Mathlib.Data.ZMod.Defs	definition	body=true
REACHABLE	Nat.ModEq.symm	Mathlib.Data.Nat.ModEq	theorem	body=true
REACHABLE	Nat.instSemigroup	Mathlib.Algebra.Group.Nat.Defs	definition	body=true
REACHABLE	Nat.instMonoid	Mathlib.Algebra.Group.Nat.Defs	definition	body=true
REACHABLE	Nat.instCommMonoid	Mathlib.Algebra.Group.Nat.Defs	definition	body=true
REACHABLE	CommMonoid.mk	Mathlib.Algebra.Group.Defs	constructor	body=false
REACHABLE	CommMonoid	Mathlib.Algebra.Group.Defs	inductive	body=false
REACHABLE	Nat.pow_zero	Init.Data.Nat.Basic	theorem	body=true
REACHABLE	Nat.instCommMonoid._proof_1	Mathlib.Algebra.Group.Nat.Defs	theorem	body=true
REACHABLE	CommMonoid.toMonoid	Mathlib.Algebra.Group.Defs	definition	body=true
REACHABLE	Nat.ModEq.mul_left	Mathlib.Data.Nat.ModEq	theorem	body=true
REACHABLE	Nat.instCommSemigroup	Mathlib.Algebra.Group.Nat.Defs	definition	body=true
REACHABLE	CommMonoid.toCommSemigroup	Mathlib.Algebra.Group.Defs	definition	body=true
REACHABLE	CommMonoid.mul_comm	Mathlib.Algebra.Group.Defs	theorem	body=true
REACHABLE	Nat.ModEq.of_dvd	Mathlib.Data.Nat.ModEq	theorem	body=true
REACHABLE	Nat.ModEq.dvd	Mathlib.Data.Nat.ModEq	theorem	body=true
REACHABLE	Int.natCast_inj	Mathlib.Data.Int.Init	theorem	body=true
REACHABLE	Int.dvd_iff_emod_eq_zero	Init.Data.Int.DivMod.Bootstrap	theorem	body=true
REACHABLE	Int.emod_eq_zero_of_dvd	Init.Data.Int.DivMod.Bootstrap	theorem	body=true
REACHABLE	Int.emod_eq_zero_of_dvd.match_1	Init.Data.Int.DivMod.Bootstrap	definition	body=true
REACHABLE	Int.natCast_mod	Mathlib.Data.Int.Init	theorem	body=true
REACHABLE	Int.emod_eq_emod_iff_emod_sub_eq_zero	Init.Data.Int.DivMod.Lemmas	theorem	body=true
REACHABLE	Int.emod_sub_cancel_right	Init.Data.Int.DivMod.Lemmas	theorem	body=true
REACHABLE	Int.emod_add_cancel_right	Init.Data.Int.DivMod.Bootstrap	theorem	body=true
REACHABLE	Int.add_emod_eq_add_emod_right	Init.Data.Int.DivMod.Bootstrap	theorem	body=true
REACHABLE	Nat.ModEq.eq_1	Mathlib.Data.Nat.ModEq	theorem	body=true
REACHABLE	Dvd.dvd.trans	Mathlib.Algebra.Divisibility.Basic	theorem	body=true
REACHABLE	dvd_trans	Mathlib.Algebra.Divisibility.Basic	theorem	body=true
REACHABLE	dvd_trans.match_1	Mathlib.Algebra.Divisibility.Basic	definition	body=true
REACHABLE	semigroupDvd	Mathlib.Algebra.Divisibility.Basic	definition	body=true
REACHABLE	Nat.modEq_of_dvd	Mathlib.Data.Nat.ModEq	theorem	body=true
REACHABLE	Int.instSemigroup	Mathlib.Algebra.Group.Int.Defs	definition	body=true
REACHABLE	Int.instMonoid	Mathlib.Algebra.Group.Int.Defs	definition	body=true
REACHABLE	Int.instCommMonoid	Mathlib.Algebra.Group.Int.Defs	definition	body=true
REACHABLE	Int.instCommMonoid._proof_2	Mathlib.Algebra.Group.Int.Defs	theorem	body=true
REACHABLE	Int.instNatPow	Init.Data.Int.Basic	definition	body=true
REACHABLE	Int.pow	Init.Data.Int.Basic	definition	body=true
REACHABLE	Int.instCommMonoid._proof_1	Mathlib.Algebra.Group.Int.Defs	theorem	body=true
REACHABLE	CommSemigroup.toCommMagma	Mathlib.Algebra.Group.Defs	definition	body=true
REACHABLE	CommSemigroup.mul_comm	Mathlib.Algebra.Group.Defs	theorem	body=true
REACHABLE	CommMagma.mk	Mathlib.Algebra.Group.Defs	constructor	body=false
REACHABLE	CommMagma	Mathlib.Algebra.Group.Defs	inductive	body=false
REACHABLE	Nat.ModEq.mul_left'	Mathlib.Data.Nat.ModEq	theorem	body=true
REACHABLE	Nat.mul_mod_mul_left	Init.Data.Nat.Div.Basic	theorem	body=true
REACHABLE	dvd_mul_left	Mathlib.Algebra.Divisibility.Basic	theorem	body=true
REACHABLE	mul_comm	Mathlib.Algebra.Group.Defs	theorem	body=true
REACHABLE	CommMagma.mul_comm	Mathlib.Algebra.Group.Defs	theorem	body=true
REACHABLE	CommMagma.toMul	Mathlib.Algebra.Group.Defs	definition	body=true
REACHABLE	Dvd.intro	Mathlib.Algebra.Divisibility.Basic	theorem	body=true
REACHABLE	Nat.ModEq.refl	Mathlib.Data.Nat.ModEq	theorem	body=true
REACHABLE	Nat.mod_modEq	Mathlib.Data.Nat.ModEq	theorem	body=true
REACHABLE	Nat.mod_mod	Init.Data.Nat.Lemmas	theorem	body=true
REACHABLE	Nat.mod_mod.match_1	Init.Data.Nat.Lemmas	definition	body=true
REACHABLE	Nat.ModEq.mul_right	Mathlib.Data.Nat.ModEq	theorem	body=true
REACHABLE	Fin.instCommRing._proof_6	Mathlib.Data.ZMod.Defs	theorem	body=true
REACHABLE	CommRing.mk	Mathlib.Algebra.Ring.Defs	constructor	body=false
REACHABLE	Fin.instDistrib	Mathlib.Data.ZMod.Defs	definition	body=true
REACHABLE	Fin.instDistrib._proof_2	Mathlib.Data.ZMod.Defs	theorem	body=true
REACHABLE	_private.Mathlib.Data.ZMod.Defs.0.Fin.left_distrib_aux	Mathlib.Data.ZMod.Defs	theorem	body=true
REACHABLE	mul_add	Mathlib.Algebra.Ring.Defs	theorem	body=true
REACHABLE	left_distrib	Mathlib.Algebra.Ring.Defs	theorem	body=true
REACHABLE	LeftDistribClass.left_distrib	Mathlib.Algebra.Ring.Defs	theorem	body=true
REACHABLE	LeftDistribClass	Mathlib.Algebra.Ring.Defs	inductive	body=false
REACHABLE	Nat.instDistrib	Mathlib.Algebra.Ring.Nat	definition	body=true
REACHABLE	Distrib.mk	Mathlib.Algebra.Ring.Defs	constructor	body=false
REACHABLE	Distrib	Mathlib.Algebra.Ring.Defs	inductive	body=false
REACHABLE	Nat.ModEq.add	Mathlib.Data.Nat.ModEq	theorem	body=true
REACHABLE	AddCommGroup.toDivisionAddCommMonoid	Mathlib.Algebra.Group.Defs	definition	body=true
REACHABLE	AddCommGroup.add_comm	Mathlib.Algebra.Group.Defs	theorem	body=true
REACHABLE	AddCommGroup	Mathlib.Algebra.Group.Defs	inductive	body=false
REACHABLE	SubNegMonoid.toAddMonoid	Mathlib.Algebra.Group.Defs	definition	body=true
REACHABLE	SubNegMonoid	Mathlib.Algebra.Group.Defs	inductive	body=false
REACHABLE	AddGroup.toSubNegMonoid	Mathlib.Algebra.Group.Defs	definition	body=true
REACHABLE	AddGroup	Mathlib.Algebra.Group.Defs	inductive	body=false
REACHABLE	AddCommGroup.toAddGroup	Mathlib.Algebra.Group.Defs	definition	body=true
REACHABLE	SubtractionMonoid.neg_eq_of_add	Mathlib.Algebra.Group.Defs	theorem	body=true
REACHABLE	SubtractionMonoid	Mathlib.Algebra.Group.Defs	inductive	body=false
REACHABLE	SubNegMonoid.toNeg	Mathlib.Algebra.Group.Defs	definition	body=true
REACHABLE	SubtractionMonoid.toSubNegMonoid	Mathlib.Algebra.Group.Defs	definition	body=true
REACHABLE	SubtractionMonoid.mk	Mathlib.Algebra.Group.Defs	constructor	body=false
REACHABLE	SubtractionCommMonoid.mk	Mathlib.Algebra.Group.Defs	constructor	body=false
REACHABLE	SubtractionCommMonoid	Mathlib.Algebra.Group.Defs	inductive	body=false
REACHABLE	SubtractionMonoid.neg_neg	Mathlib.Algebra.Group.Defs	theorem	body=true
REACHABLE	SubtractionMonoid.neg_add_rev	Mathlib.Algebra.Group.Defs	theorem	body=true
REACHABLE	AddGroup.toSubtractionMonoid	Mathlib.Algebra.Group.Defs	definition	body=true
REACHABLE	AddGroup.toSubtractionMonoid._proof_12	Mathlib.Algebra.Group.Defs	theorem	body=true
REACHABLE	_private.Mathlib.Algebra.Group.Defs.0.neg_eq_of_add	Mathlib.Algebra.Group.Defs	theorem	body=true
REACHABLE	neg_add_cancel	Mathlib.Algebra.Group.Defs	theorem	body=true
REACHABLE	AddGroup.neg_add_cancel	Mathlib.Algebra.Group.Defs	theorem	body=true
REACHABLE	left_neg_eq_right_neg	Mathlib.Algebra.Group.Defs	theorem	body=true
REACHABLE	add_zero	Mathlib.Algebra.Group.Defs	theorem	body=true
REACHABLE	AddZeroClass.add_zero	Mathlib.Algebra.Group.Defs	theorem	body=true
REACHABLE	add_neg_cancel_left	Mathlib.Algebra.Group.Defs	theorem	body=true
REACHABLE	add_neg_cancel	Mathlib.Algebra.Group.Defs	theorem	body=true
REACHABLE	AddGroup.toSubtractionMonoid._proof_11	Mathlib.Algebra.Group.Defs	theorem	body=true
REACHABLE	add_sub_add_comm	Mathlib.Algebra.Group.Basic	theorem	body=true
REACHABLE	SubNegMonoid.toSub	Mathlib.Algebra.Group.Defs	definition	body=true
REACHABLE	SubtractionCommMonoid.toAddCommMonoid	Mathlib.Algebra.Group.Defs	definition	body=true
REACHABLE	SubtractionCommMonoid.add_comm	Mathlib.Algebra.Group.Defs	theorem	body=true
REACHABLE	SubtractionCommMonoid.toSubtractionMonoid	Mathlib.Algebra.Group.Defs	definition	body=true
REACHABLE	sub_eq_add_neg	Mathlib.Algebra.Group.Defs	theorem	body=true
REACHABLE	SubNegMonoid.sub_eq_add_neg	Mathlib.Algebra.Group.Defs	theorem	body=true
REACHABLE	add_left_comm	Mathlib.Algebra.Group.Basic	theorem	body=true
REACHABLE	neg_add_rev	Mathlib.Algebra.Group.Defs	theorem	body=true
REACHABLE	Int.dvd_add	Init.Data.Int.DivMod.Lemmas	theorem	body=true
REACHABLE	Int.dvd_add.match_1	Init.Data.Int.DivMod.Lemmas	definition	body=true
REACHABLE	Nat.modEq_iff_dvd	Mathlib.Data.Nat.ModEq	theorem	body=true
REACHABLE	Int.natCast_add	Init.Data.Int.Lemmas	theorem	body=true
REACHABLE	Int.instAddCommGroup	Mathlib.Algebra.Group.Int.Defs	definition	body=true
REACHABLE	AddGroup.mk	Mathlib.Algebra.Group.Defs	constructor	body=false
REACHABLE	Int.instAddCommGroup._proof_3	Mathlib.Algebra.Group.Int.Defs	theorem	body=true
REACHABLE	AddCommGroup.mk	Mathlib.Algebra.Group.Defs	constructor	body=false
REACHABLE	Int.instAddCommGroup._proof_4	Mathlib.Algebra.Group.Int.Defs	theorem	body=true
REACHABLE	SubNegMonoid.mk	Mathlib.Algebra.Group.Defs	constructor	body=false
REACHABLE	SubNegMonoid.zsmul_neg'._autoParam	Mathlib.Algebra.Group.Defs	definition	body=true
REACHABLE	SubNegMonoid.sub_eq_add_neg._autoParam	Mathlib.Algebra.Group.Defs	definition	body=true
REACHABLE	SubNegMonoid.zsmul_succ'._autoParam	Mathlib.Algebra.Group.Defs	definition	body=true
REACHABLE	SubNegMonoid.zsmul_zero'._autoParam	Mathlib.Algebra.Group.Defs	definition	body=true
REACHABLE	Distrib.leftDistribClass	Mathlib.Algebra.Ring.Defs	theorem	body=true
REACHABLE	LeftDistribClass.mk	Mathlib.Algebra.Ring.Defs	constructor	body=false
REACHABLE	Distrib.toMul	Mathlib.Algebra.Ring.Defs	definition	body=true
REACHABLE	Distrib.toAdd	Mathlib.Algebra.Ring.Defs	definition	body=true
REACHABLE	Distrib.left_distrib	Mathlib.Algebra.Ring.Defs	theorem	body=true
REACHABLE	Fin.instCommRing._proof_15	Mathlib.Data.ZMod.Defs	theorem	body=true
REACHABLE	Fin.addCommGroup	Mathlib.Algebra.Group.Fin.Basic	definition	body=true
REACHABLE	Fin.addCommGroup._proof_14	Mathlib.Algebra.Group.Fin.Basic	theorem	body=true
REACHABLE	Fin.addCommGroup.match_1	Mathlib.Algebra.Group.Fin.Basic	definition	body=true
REACHABLE	Fin.sub	Init.Data.Fin.Basic	definition	body=true
REACHABLE	Fin.sub.proof_1	Init.Data.Fin.Basic	theorem	body=true
REACHABLE	Fin.neg	Mathlib.Data.Fin.Basic	definition	body=true
REACHABLE	Fin.neg._proof_52	Mathlib.Data.Fin.Basic	theorem	body=true
REACHABLE	Fin.addCommGroup._proof_15	Mathlib.Algebra.Group.Fin.Basic	theorem	body=true
REACHABLE	zsmulRec	Mathlib.Algebra.Group.Defs	definition	body=true
REACHABLE	Fin.addCommGroup._proof_18	Mathlib.Algebra.Group.Fin.Basic	theorem	body=true
REACHABLE	Fin.val_zero	Init.Data.Fin.Lemmas	theorem	body=true
REACHABLE	le_of_lt	Mathlib.Order.Defs.PartialOrder	theorem	body=true
REACHABLE	Nat.mod_self	Init.Data.Nat.Div.Basic	theorem	body=true
REACHABLE	Nat.zero_mod	Init.Data.Nat.Div.Basic	theorem	body=true
REACHABLE	Nat.zero_mod.match_1	Init.Data.Nat.Div.Basic	definition	body=true
REACHABLE	Fin.addCommGroup._proof_16	Mathlib.Algebra.Group.Fin.Basic	theorem	body=true
REACHABLE	Fin.addCommGroup._proof_19	Mathlib.Algebra.Group.Fin.Basic	theorem	body=true
REACHABLE	Fin.addCommGroup._proof_17	Mathlib.Algebra.Group.Fin.Basic	theorem	body=true
REACHABLE	IntCast.mk	Init.Data.Int.Basic	constructor	body=false
REACHABLE	IntCast	Init.Data.Int.Basic	inductive	body=false
REACHABLE	Fin.instCommRing._proof_13	Mathlib.Data.ZMod.Defs	theorem	body=true
REACHABLE	SubNegMonoid.zsmul_succ'	Mathlib.Algebra.Group.Defs	theorem	body=true
REACHABLE	SubNegMonoid.zsmul	Mathlib.Algebra.Group.Defs	definition	body=true
REACHABLE	Semiring.mk	Mathlib.Algebra.Ring.Defs	constructor	body=false
REACHABLE	Fin.mul_one'	Mathlib.Data.Fin.Basic	theorem	body=true
REACHABLE	Fin.subsingleton_zero	Init.Data.Fin.Lemmas	theorem	body=true
REACHABLE	Fin.subsingleton_iff_le_one	Init.Data.Fin.Lemmas	theorem	body=true
REACHABLE	Fin.subsingleton_iff_le_one.match_3	Init.Data.Fin.Lemmas	definition	body=true
REACHABLE	Nat.elimOffset	Init.Data.Nat.Linear	definition	body=true
REACHABLE	Fin.subsingleton_iff_le_one.match_1	Init.Data.Fin.Lemmas	definition	body=true
REACHABLE	Fin.zero_lt_one	Init.Data.Fin.Lemmas	theorem	body=true
REACHABLE	Nat.zero_lt_one	Init.Data.Nat.Basic	theorem	body=true
REACHABLE	Fin.subsingleton_iff_le_one.match_2	Init.Data.Fin.Lemmas	definition	body=true
REACHABLE	Fin.fin_one_eq_zero	Init.Data.Fin.Lemmas	theorem	body=true
REACHABLE	Fin.subsingleton_one	Init.Data.Fin.Lemmas	theorem	body=true
REACHABLE	Fin.mul_one'._proof_53	Mathlib.Data.Fin.Basic	theorem	body=true
REACHABLE	eq_iff_true_of_subsingleton	Init.Core	theorem	body=true
REACHABLE	Fin.instCommRing._proof_14	Mathlib.Data.ZMod.Defs	theorem	body=true
REACHABLE	SubNegMonoid.zsmul_neg'	Mathlib.Algebra.Group.Defs	theorem	body=true
REACHABLE	NonUnitalSemiring.mk	Mathlib.Algebra.Ring.Defs	constructor	body=false
REACHABLE	Fin.instCommRing._proof_3	Mathlib.Data.ZMod.Defs	theorem	body=true
REACHABLE	Int.castDef	Mathlib.Data.Int.Cast.Defs	definition	body=true
REACHABLE	Int.castDef.match_1	Mathlib.Data.Int.Cast.Defs	definition	body=true
REACHABLE	Fin.instCommRing._proof_12	Mathlib.Data.ZMod.Defs	theorem	body=true
REACHABLE	SubNegMonoid.zsmul_zero'	Mathlib.Algebra.Group.Defs	theorem	body=true
REACHABLE	Fin.instCommRing._proof_11	Mathlib.Data.ZMod.Defs	theorem	body=true
REACHABLE	Fin.mul_zero'	Mathlib.Data.Fin.Basic	theorem	body=true
REACHABLE	Fin.instCommRing._proof_18	Mathlib.Data.ZMod.Defs	theorem	body=true
REACHABLE	Fin.instCommRing._proof_9	Mathlib.Data.ZMod.Defs	theorem	body=true
REACHABLE	Fin.instCommRing._proof_17	Mathlib.Data.ZMod.Defs	theorem	body=true
REACHABLE	Fin.instCommRing._proof_4	Mathlib.Data.ZMod.Defs	theorem	body=true
REACHABLE	NonUnitalNonAssocSemiring.mk	Mathlib.Algebra.Ring.Defs	constructor	body=false
REACHABLE	Fin.instCommRing._proof_7	Mathlib.Data.ZMod.Defs	theorem	body=true
REACHABLE	Fin.instCommRing._proof_5	Mathlib.Data.ZMod.Defs	theorem	body=true
REACHABLE	Distrib.right_distrib	Mathlib.Algebra.Ring.Defs	theorem	body=true
REACHABLE	Fin.zero_mul'	Mathlib.Data.Fin.Basic	theorem	body=true
REACHABLE	Fin.instCommRing._proof_16	Mathlib.Data.ZMod.Defs	theorem	body=true
REACHABLE	Fin.instCommRing._proof_8	Mathlib.Data.ZMod.Defs	theorem	body=true
REACHABLE	AddMonoidWithOne.natCast_succ	Mathlib.Data.Nat.Cast.Defs	theorem	body=true
REACHABLE	Fin.one_mul'	Mathlib.Data.Fin.Basic	theorem	body=true
REACHABLE	Ring.mk	Mathlib.Algebra.Ring.Defs	constructor	body=false
REACHABLE	IntCast.intCast	Init.Data.Int.Basic	definition	body=true
REACHABLE	AddGroupWithOne.intCast_ofNat._autoParam	Mathlib.Data.Int.Cast.Defs	definition	body=true
REACHABLE	AddGroupWithOne.intCast_negSucc._autoParam	Mathlib.Data.Int.Cast.Defs	definition	body=true
REACHABLE	CommSemiring.toSemiring	Mathlib.Algebra.Ring.Defs	definition	body=true
REACHABLE	CommRing.toNonUnitalCommRing	Mathlib.Algebra.Ring.Defs	definition	body=true
REACHABLE	NonUnitalNonAssocRing.mk	Mathlib.Algebra.Ring.Defs	constructor	body=false
REACHABLE	NonUnitalNonAssocRing	Mathlib.Algebra.Ring.Defs	inductive	body=false
REACHABLE	CommRing.toNonUnitalCommRing._proof_34	Mathlib.Algebra.Ring.Defs	theorem	body=true
REACHABLE	Ring.zsmul	Mathlib.Algebra.Ring.Defs	definition	body=true
REACHABLE	CommRing.toNonUnitalCommRing._proof_32	Mathlib.Algebra.Ring.Defs	theorem	body=true
REACHABLE	NonUnitalNonAssocSemiring.left_distrib	Mathlib.Algebra.Ring.Defs	theorem	body=true
REACHABLE	CommRing.toNonUnitalCommRing._proof_31	Mathlib.Algebra.Ring.Defs	theorem	body=true
REACHABLE	CommRing.toNonUnitalCommRing._proof_28	Mathlib.Algebra.Ring.Defs	theorem	body=true
REACHABLE	Ring.zsmul_succ'	Mathlib.Algebra.Ring.Defs	theorem	body=true
REACHABLE	CommRing.toNonUnitalCommRing._proof_29	Mathlib.Algebra.Ring.Defs	theorem	body=true
REACHABLE	Ring.zsmul_neg'	Mathlib.Algebra.Ring.Defs	theorem	body=true
REACHABLE	Ring.toNeg	Mathlib.Algebra.Ring.Defs	definition	body=true
REACHABLE	NonUnitalCommRing.mk	Mathlib.Algebra.Ring.Defs	constructor	body=false
REACHABLE	NonUnitalRing	Mathlib.Algebra.Ring.Defs	inductive	body=false
REACHABLE	NonUnitalCommRing	Mathlib.Algebra.Ring.Defs	inductive	body=false
REACHABLE	NonUnitalRing.toNonUnitalNonAssocRing	Mathlib.Algebra.Ring.Defs	definition	body=true
REACHABLE	NonUnitalNonAssocRing.toMul	Mathlib.Algebra.Ring.Defs	definition	body=true
REACHABLE	NonUnitalRing.mk	Mathlib.Algebra.Ring.Defs	constructor	body=false
REACHABLE	CommRing.toNonUnitalCommRing._proof_27	Mathlib.Algebra.Ring.Defs	theorem	body=true
REACHABLE	Ring.zsmul_zero'	Mathlib.Algebra.Ring.Defs	theorem	body=true
REACHABLE	CommRing.toNonUnitalCommRing._proof_35	Mathlib.Algebra.Ring.Defs	theorem	body=true
REACHABLE	CommRing.toNonUnitalCommRing._proof_36	Mathlib.Algebra.Ring.Defs	theorem	body=true
REACHABLE	NonUnitalSemiring.mul_assoc	Mathlib.Algebra.Ring.Defs	theorem	body=true
REACHABLE	CommRing.toNonUnitalCommRing._proof_33	Mathlib.Algebra.Ring.Defs	theorem	body=true
REACHABLE	NonUnitalNonAssocSemiring.right_distrib	Mathlib.Algebra.Ring.Defs	theorem	body=true
REACHABLE	CommRing.toNonUnitalCommRing._proof_26	Mathlib.Algebra.Ring.Defs	theorem	body=true
REACHABLE	Ring.sub_eq_add_neg	Mathlib.Algebra.Ring.Defs	theorem	body=true
REACHABLE	Ring.toSub	Mathlib.Algebra.Ring.Defs	definition	body=true
REACHABLE	CommRing.toNonUnitalCommRing._proof_30	Mathlib.Algebra.Ring.Defs	theorem	body=true
REACHABLE	Ring.neg_add_cancel	Mathlib.Algebra.Ring.Defs	theorem	body=true
REACHABLE	NeZero.one	Mathlib.Algebra.GroupWithZero.NeZero	theorem	body=true
REACHABLE	exists_pair_ne	Mathlib.Logic.Nontrivial.Defs	theorem	body=true
REACHABLE	Nontrivial.exists_pair_ne	Mathlib.Logic.Nontrivial.Defs	theorem	body=true
REACHABLE	MulZeroOneClass.toMulZeroClass	Mathlib.Algebra.GroupWithZero.Defs	definition	body=true
REACHABLE	MulZeroOneClass.mul_zero	Mathlib.Algebra.GroupWithZero.Defs	theorem	body=true
REACHABLE	MulZeroOneClass.toZero	Mathlib.Algebra.GroupWithZero.Defs	definition	body=true
REACHABLE	MulZeroOneClass.toMulOneClass	Mathlib.Algebra.GroupWithZero.Defs	definition	body=true
REACHABLE	MulZeroOneClass.zero_mul	Mathlib.Algebra.GroupWithZero.Defs	theorem	body=true
REACHABLE	MulZeroClass.zero_mul	Mathlib.Algebra.GroupWithZero.Defs	theorem	body=true
REACHABLE	MulZeroClass.toMul	Mathlib.Algebra.GroupWithZero.Defs	definition	body=true
REACHABLE	NonUnitalCommRing.toNonUnitalNonAssocCommRing	Mathlib.Algebra.Ring.Defs	definition	body=true
REACHABLE	NonUnitalNonAssocCommRing.mk	Mathlib.Algebra.Ring.Defs	constructor	body=false
REACHABLE	NonUnitalNonAssocCommRing	Mathlib.Algebra.Ring.Defs	inductive	body=false
REACHABLE	NonUnitalCommRing.mul_comm	Mathlib.Algebra.Ring.Defs	theorem	body=true
REACHABLE	NonUnitalCommRing.toNonUnitalRing	Mathlib.Algebra.Ring.Defs	definition	body=true
REACHABLE	NonUnitalNonAssocCommRing.toNonUnitalNonAssocCommSemiring	Mathlib.Algebra.Ring.Defs	definition	body=true
REACHABLE	NonUnitalNonAssocRing.right_distrib	Mathlib.Algebra.Ring.Defs	theorem	body=true
REACHABLE	NonUnitalNonAssocRing.toAddCommGroup	Mathlib.Algebra.Ring.Defs	definition	body=true
REACHABLE	NonUnitalNonAssocCommRing.toNonUnitalNonAssocRing	Mathlib.Algebra.Ring.Defs	definition	body=true
REACHABLE	NonUnitalNonAssocRing.left_distrib	Mathlib.Algebra.Ring.Defs	theorem	body=true
REACHABLE	NonUnitalNonAssocCommRing.mul_comm	Mathlib.Algebra.Ring.Defs	theorem	body=true
REACHABLE	NonUnitalNonAssocRing.mul_zero	Mathlib.Algebra.Ring.Defs	theorem	body=true
REACHABLE	NonUnitalNonAssocRing.zero_mul	Mathlib.Algebra.Ring.Defs	theorem	body=true
REACHABLE	NonUnitalNonAssocCommSemiring.mk	Mathlib.Algebra.Ring.Defs	constructor	body=false
REACHABLE	Conjecture1663.single_edge_cost_one._proof_9	Conjecture1663.Challenges	theorem	body=true
REACHABLE	Prod.ext_iff	Init.Ext	theorem	body=true
REACHABLE	Prod.ext	Init.Ext	theorem	body=true
REACHABLE	Prod.ext.match_1	Init.Ext	definition	body=true
REACHABLE	Conjecture1663.Reconstruction	Conjecture1663.Definitions	definition	body=true
REACHABLE	Conjecture1663.full_claim_false_even_if_reconstruction	Conjecture1663.Challenges	theorem	body=true
REACHABLE	Conjecture1663.originalClaim_false	Conjecture1663.Proof	theorem	body=true
REACHABLE	Conjecture1663.OriginalClaim	Conjecture1663.Definitions	definition	body=true
REACHABLE	Conjecture1663.editDistance_attained	Conjecture1663.Definitions	theorem	body=true
REACHABLE	Nat.find_spec	Mathlib.Data.Nat.Find	theorem	body=true
REACHABLE	Conjecture1663.deleteVertex.eq_1	Conjecture1663.Challenges	theorem	body=true
REACHABLE	Conjecture1663.edgeEditCost.eq_1	Conjecture1663.Proof	theorem	body=true
REACHABLE	Conjecture1663.oneEdge.eq_1	Conjecture1663.Challenges	theorem	body=true
REACHABLE	Conjecture1663.distinct_labelled_counterexample	Conjecture1663.Challenges	theorem	body=true
REACHABLE	Conjecture1663.deck_iso	Conjecture1663.Challenges	theorem	body=true
REACHABLE	Multiset.map_map	Mathlib.Data.Multiset.MapFold	theorem	body=true
REACHABLE	Multiset.map_congr	Mathlib.Data.Multiset.MapFold	theorem	body=true
REACHABLE	List.map_congr_left	Init.Data.List.Lemmas	theorem	body=true
REACHABLE	Conjecture1663.unlabelled_eq_iff	Conjecture1663.Definitions	theorem	body=true
REACHABLE	Multiset.map_univ_val_equiv	Mathlib.Data.Fintype.Basic	theorem	body=true
REACHABLE	Finset.map_val	Mathlib.Data.Finset.Image	theorem	body=true
REACHABLE	Finset.map_univ_equiv	Mathlib.Data.Finset.BooleanAlgebra	theorem	body=true
REACHABLE	Equiv.surjective	Mathlib.Logic.Equiv.Defs	theorem	body=true
REACHABLE	Finset.map_univ_of_surjective	Mathlib.Data.Finset.BooleanAlgebra	theorem	body=true
REACHABLE	Finset.eq_univ_of_forall	Mathlib.Data.Fintype.Defs	theorem	body=true
REACHABLE	Finset.eq_univ_iff_forall	Mathlib.Data.Fintype.Defs	theorem	body=true
REACHABLE	Finset.eq_univ_iff_forall._proof_2	Mathlib.Data.Fintype.Defs	theorem	body=true
REACHABLE	Function.Surjective.forall	Mathlib.Logic.Function.Basic	theorem	body=true
REACHABLE	Function.Surjective.forall.match_1	Mathlib.Logic.Function.Basic	definition	body=true
REACHABLE	Equiv.coe_toEmbedding	Mathlib.Logic.Embedding.Basic	theorem	body=true
REACHABLE	Verification1663.exact_original_negation	Verification	theorem	body=true
REACHABLE	Conjecture1663.single_edge_distance_one._proof_9	Conjecture1663.Challenges	theorem	body=true
REACHABLE	Int.ofNat_nonneg	Init.Data.Int.Order	theorem	body=true
REACHABLE	Conjecture1663.editDistance_eq_zero_iff	Conjecture1663.Challenges	theorem	body=true
REACHABLE	Fin.instLinearOrder	Mathlib.Order.Fin.Basic	definition	body=true
REACHABLE	instOrdFin	Init.Data.Ord	definition	body=true
REACHABLE	Fin.instLinearOrder._proof_3	Mathlib.Order.Fin.Basic	theorem	body=true
REACHABLE	max_rec'	Mathlib.Order.Basic	theorem	body=true
REACHABLE	max_rec	Mathlib.Order.Basic	theorem	body=true
REACHABLE	max_eq_right	Mathlib.Order.Defs.LinearOrder	theorem	body=true
REACHABLE	max_comm	Mathlib.Order.Defs.LinearOrder	theorem	body=true
REACHABLE	le_max_left	Mathlib.Order.Defs.LinearOrder	theorem	body=true
REACHABLE	max_le	Mathlib.Order.Defs.LinearOrder	theorem	body=true
REACHABLE	eq_max	Mathlib.Order.Defs.LinearOrder	theorem	body=true
REACHABLE	le_max_right	Mathlib.Order.Defs.LinearOrder	theorem	body=true
REACHABLE	le_of_not_le	Mathlib.Order.Defs.LinearOrder	theorem	body=true
REACHABLE	max_eq_left	Mathlib.Order.Defs.LinearOrder	theorem	body=true
REACHABLE	Nat.instMax_mathlib	Mathlib.Data.Nat.Basic	definition	body=true
REACHABLE	Fin.instLinearOrder._proof_1	Mathlib.Order.Fin.Basic	theorem	body=true
REACHABLE	Nat.instMin_mathlib	Mathlib.Data.Nat.Basic	definition	body=true
REACHABLE	Fin.instLinearOrder._proof_2	Mathlib.Order.Fin.Basic	theorem	body=true
REACHABLE	min_rec'	Mathlib.Order.Basic	theorem	body=true
REACHABLE	min_rec	Mathlib.Order.Basic	theorem	body=true
REACHABLE	min_eq_left	Mathlib.Order.Defs.LinearOrder	theorem	body=true
REACHABLE	eq_min	Mathlib.Order.Defs.LinearOrder	theorem	body=true
REACHABLE	min_le_right	Mathlib.Order.Defs.LinearOrder	theorem	body=true
REACHABLE	min_le_left	Mathlib.Order.Defs.LinearOrder	theorem	body=true
REACHABLE	le_min	Mathlib.Order.Defs.LinearOrder	theorem	body=true
REACHABLE	min_eq_right	Mathlib.Order.Defs.LinearOrder	theorem	body=true
REACHABLE	min_comm	Mathlib.Order.Defs.LinearOrder	theorem	body=true
REACHABLE	LinearOrder.liftWithOrd	Mathlib.Order.Basic	definition	body=true
REACHABLE	LinearOrder.lift._proof_27	Mathlib.Order.Basic	theorem	body=true
REACHABLE	apply_ite	Init.ByCases	theorem	body=true
REACHABLE	apply_dite	Init.ByCases	theorem	body=true
REACHABLE	LinearOrder.lift._proof_28	Mathlib.Order.Basic	theorem	body=true
REACHABLE	LinearOrder.toDecidableLT	Mathlib.Order.Defs.LinearOrder	definition	body=true
REACHABLE	LinearOrder.liftWithOrd._proof_32	Mathlib.Order.Basic	theorem	body=true
REACHABLE	compare_of_injective_eq_compareOfLessAndEq	Mathlib.Order.Basic	theorem	body=true
REACHABLE	LinearOrder.compare_eq_compareOfLessAndEq	Mathlib.Order.Defs.LinearOrder	theorem	body=true
REACHABLE	LinearOrder.toDecidableEq	Mathlib.Order.Defs.LinearOrder	definition	body=true
REACHABLE	LinearOrder.toOrd	Mathlib.Order.Defs.LinearOrder	definition	body=true
REACHABLE	Ordering.noConfusion	Init.Data.Ord	definition	body=true
REACHABLE	Ordering.toCtorIdx	Init.Data.Ord	definition	body=true
REACHABLE	Ordering.casesOn	Init.Data.Ord	definition	body=true
REACHABLE	Ordering.rec	Init.Data.Ord	recursor	body=false
REACHABLE	noConfusionEnum	Init.Core	definition	body=true
REACHABLE	noConfusionEnum.proof_1	Init.Core	theorem	body=true
REACHABLE	noConfusionTypeEnum	Init.Core	definition	body=true
REACHABLE	Ordering.noConfusionType	Init.Data.Ord	definition	body=true
REACHABLE	LinearOrder.lift._proof_26	Mathlib.Order.Basic	theorem	body=true
REACHABLE	Fin.val_injective	Mathlib.Data.Fin.Basic	theorem	body=true
REACHABLE	Fin.instLinearOrder._proof_5	Mathlib.Order.Fin.Basic	theorem	body=true
REACHABLE	Fin.instLinearOrder._proof_4	Mathlib.Order.Fin.Basic	theorem	body=true
REACHABLE	Classical.byContradiction	Init.Classical	theorem	body=true
REACHABLE	Verification1663.minimum_order_witness	Verification	theorem	body=true
REACHABLE	Conjecture1663.deletion_vertices_exact	Conjecture1663.Challenges	theorem	body=true
REACHABLE	Singleton.singleton	Init.Core	definition	body=true
REACHABLE	Singleton	Init.Core	inductive	body=false
REACHABLE	Fin.range_succAbove	Mathlib.Data.Fin.Basic	theorem	body=true
REACHABLE	Fin.exists_succAbove_eq_iff	Mathlib.Data.Fin.Basic	theorem	body=true
REACHABLE	Fin.exists_succAbove_eq	Mathlib.Data.Fin.Basic	theorem	body=true
REACHABLE	Set.instHasCompl	Mathlib.Data.Set.Operations	definition	body=true
REACHABLE	Set.instSingletonSet	Mathlib.Data.Set.Defs	definition	body=true
REACHABLE	Set.singleton	Mathlib.Data.Set.Defs	definition	body=true
REACHABLE	Singleton.mk	Init.Core	constructor	body=false
REACHABLE	Fin.succAbove_right_injective	Mathlib.Data.Fin.Basic	theorem	body=true
REACHABLE	Fin.castSucc_injective	Mathlib.Data.Fin.Basic	theorem	body=true
REACHABLE	Fin.castAdd_injective	Mathlib.Data.Fin.Basic	theorem	body=true
REACHABLE	Fin.castLE_injective	Mathlib.Data.Fin.Basic	theorem	body=true
REACHABLE	Fin.castSucc_lt_succ	Init.Data.Fin.Lemmas	theorem	body=true
REACHABLE	Fin.castSucc_lt_succ._auxLemma.29	Init.Data.Fin.Lemmas	theorem	body=true
REACHABLE	Fin.succ_injective	Mathlib.Data.Fin.Basic	theorem	body=true
REACHABLE	_private.Mathlib.Data.Nat.Init.0._proof_17	Mathlib.Data.Nat.Init	theorem	body=true
REACHABLE	Nat.add_left_inj	Mathlib.Data.Nat.Init	theorem	body=true
REACHABLE	Fin.succ_injective._proof_22	Mathlib.Data.Fin.Basic	theorem	body=true
REACHABLE	Conjecture1663.deck.eq_1	Conjecture1663.Challenges	theorem	body=true
REACHABLE	Conjecture1663.single_edge_cost_one	Conjecture1663.Challenges	theorem	body=true
REACHABLE	Finset.card_singleton	Mathlib.Data.Finset.Card	theorem	body=true
REACHABLE	Multiset.card_singleton	Mathlib.Data.Multiset.ZeroCons	theorem	body=true
REACHABLE	Multiset.card_cons	Mathlib.Data.Multiset.ZeroCons	theorem	body=true
REACHABLE	Multiset.instSingleton	Mathlib.Data.Multiset.ZeroCons	definition	body=true
REACHABLE	Finset.instSingleton	Mathlib.Data.Finset.Insert	definition	body=true
REACHABLE	Multiset.nodup_singleton	Mathlib.Data.Multiset.AddSub	theorem	body=true
REACHABLE	List.nodup_singleton	Mathlib.Data.List.Nodup	theorem	body=true
REACHABLE	List.pairwise_singleton	Init.Data.List.Pairwise	theorem	body=true
REACHABLE	Init.PropLemmas._auxLemma.1	Init.PropLemmas	theorem	body=true
REACHABLE	Prod.instOne	Mathlib.Algebra.Notation.Prod	definition	body=true
REACHABLE	Init.PropLemmas._auxLemma.46	Init.PropLemmas	theorem	body=true
REACHABLE	_private.Mathlib.Order.Basic.0._proof_1	Mathlib.Order.Basic	theorem	body=true
REACHABLE	lt_self_iff_false	Mathlib.Order.Basic	theorem	body=true
REACHABLE	SimpleGraph.Bot.adjDecidable	Mathlib.Combinatorics.SimpleGraph.Basic	definition	body=true
REACHABLE	Prod.instZero	Mathlib.Algebra.Notation.Prod	definition	body=true
REACHABLE	Fin.instPartialOrder	Mathlib.Order.Fin.Basic	definition	body=true
REACHABLE	instDistribLatticeOfLinearOrder	Mathlib.Order.Lattice	definition	body=true
REACHABLE	LinearOrder.toLattice	Mathlib.Order.Lattice	definition	body=true
REACHABLE	instDistribLatticeOfLinearOrder._proof_54	Mathlib.Order.Lattice	theorem	body=true
REACHABLE	instDistribLatticeOfLinearOrder.match_1	Mathlib.Order.Lattice	definition	body=true
REACHABLE	inf_le_of_left_le	Mathlib.Order.Lattice	theorem	body=true
REACHABLE	inf_le_of_right_le	Mathlib.Order.Lattice	theorem	body=true
REACHABLE	instDistribLatticeOfLinearOrder._proof_51	Mathlib.Order.Lattice	theorem	body=true
REACHABLE	instDistribLatticeOfLinearOrder._proof_52	Mathlib.Order.Lattice	theorem	body=true
REACHABLE	instDistribLatticeOfLinearOrder._proof_53	Mathlib.Order.Lattice	theorem	body=true
REACHABLE	Init.Data.Fin.Lemmas._auxLemma.12	Init.Data.Fin.Lemmas	theorem	body=true
REACHABLE	Fin.not_lt_zero	Init.Data.Fin.Lemmas	theorem	body=true
REACHABLE	Fin.not_lt_zero.match_1	Init.Data.Fin.Lemmas	definition	body=true
REACHABLE	_private.Mathlib.Algebra.Group.Fin.Basic.0._proof_25	Mathlib.Algebra.Group.Fin.Basic	theorem	body=true
REACHABLE	Fin.lt_one_iff	Mathlib.Algebra.Group.Fin.Basic	theorem	body=true
REACHABLE	Init.Data.Nat.Basic._auxLemma.15	Init.Data.Nat.Basic	theorem	body=true
REACHABLE	Nat.lt_one_iff	Init.Data.Nat.Basic	theorem	body=true
REACHABLE	Nat.lt_succ_iff	Init.Data.Nat.Basic	theorem	body=true
REACHABLE	_private.Mathlib.Data.Fin.Basic.0._proof_15	Mathlib.Data.Fin.Basic	theorem	body=true
REACHABLE	Fin.val_eq_zero_iff	Mathlib.Data.Fin.Basic	theorem	body=true
REACHABLE	Fin.lt_one_iff._proof_25	Mathlib.Algebra.Group.Fin.Basic	theorem	body=true
REACHABLE	Init.Classical._auxLemma.6	Init.Classical	theorem	body=true
REACHABLE	Classical.not_imp	Init.Classical	theorem	body=true
REACHABLE	Decidable.not_imp_iff_and_not	Init.PropLemmas	theorem	body=true
REACHABLE	not_of_not_imp	Init.Core	theorem	body=true
REACHABLE	Decidable.of_not_imp	Init.PropLemmas	theorem	body=true
REACHABLE	not_not_of_not_imp	Init.Core	theorem	body=true
REACHABLE	not_imp_of_and_not	Init.PropLemmas	theorem	body=true
REACHABLE	not_imp_of_and_not.match_1	Init.PropLemmas	definition	body=true
REACHABLE	forall_prop_decidable	Init.PropLemmas	definition	body=true
REACHABLE	forall_prop_decidable.proof_1	Init.PropLemmas	theorem	body=true
REACHABLE	forall_prop_decidable.proof_2	Init.PropLemmas	theorem	body=true
REACHABLE	_private.Mathlib.Data.Finset.Insert.0._proof_1	Mathlib.Data.Finset.Insert	theorem	body=true
REACHABLE	Finset.mem_singleton	Mathlib.Data.Finset.Insert	theorem	body=true
REACHABLE	Multiset.mem_singleton	Mathlib.Data.Multiset.ZeroCons	theorem	body=true
REACHABLE	Conjecture1663.single_edge_distance_one	Conjecture1663.Challenges	theorem	body=true
REACHABLE	Conjecture1663.order_three_counterexample	Conjecture1663.Proof	theorem	body=true
REACHABLE	_private.Mathlib.Data.Nat.Cast.Order.Ring.0._proof_7	Mathlib.Data.Nat.Cast.Order.Ring	theorem	body=true
REACHABLE	Nat.ofNat_pos	Mathlib.Data.Nat.Cast.Order.Ring	theorem	body=true
REACHABLE	IsOrderedAddMonoid.toAddLeftMono	Mathlib.Algebra.Order.Monoid.Defs	theorem	body=true
REACHABLE	IsOrderedAddMonoid	Mathlib.Algebra.Order.Monoid.Defs	inductive	body=false
REACHABLE	IsOrderedAddMonoid.add_le_add_left	Mathlib.Algebra.Order.Monoid.Defs	theorem	body=true
REACHABLE	CovariantClass.mk	Mathlib.Algebra.Order.Monoid.Unbundled.Defs	constructor	body=false
REACHABLE	CovariantClass	Mathlib.Algebra.Order.Monoid.Unbundled.Defs	inductive	body=false
REACHABLE	Covariant	Mathlib.Algebra.Order.Monoid.Unbundled.Defs	definition	body=true
REACHABLE	AddLeftMono	Mathlib.Algebra.Order.Monoid.Unbundled.Defs	definition	body=true
REACHABLE	IsOrderedRing.toIsOrderedAddMonoid	Mathlib.Algebra.Order.Ring.Defs	theorem	body=true
REACHABLE	IsOrderedRing	Mathlib.Algebra.Order.Ring.Defs	inductive	body=false
REACHABLE	Nat.ofNat_pos'	Mathlib.Data.Nat.Cast.Order.Ring	theorem	body=true
REACHABLE	Nat.cast_pos'	Mathlib.Data.Nat.Cast.Order.Basic	theorem	body=true
REACHABLE	Nat.cast_one	Mathlib.Data.Nat.Cast.Defs	theorem	body=true
REACHABLE	Nat.cast_succ	Mathlib.Data.Nat.Cast.Defs	theorem	body=true
REACHABLE	Nat.cast_add	Mathlib.Data.Nat.Cast.Defs	theorem	body=true
REACHABLE	ZeroLEOneClass	Mathlib.Algebra.Order.ZeroLEOne	inductive	body=false
REACHABLE	Nat.cast_pos'._proof_3	Mathlib.Data.Nat.Cast.Order.Basic	theorem	body=true
REACHABLE	Nat.cast_add_one_pos	Mathlib.Data.Nat.Cast.Order.Basic	theorem	body=true
REACHABLE	LT.lt.trans_le	Mathlib.Order.Basic	theorem	body=true
REACHABLE	lt_of_lt_of_le	Mathlib.Order.Defs.PartialOrder	theorem	body=true
REACHABLE	Monotone.imp	Mathlib.Order.Monotone.Defs	theorem	body=true
REACHABLE	zero_lt_one	Mathlib.Algebra.Order.ZeroLEOne	theorem	body=true
REACHABLE	LE.le.lt_of_ne	Mathlib.Order.Basic	theorem	body=true
REACHABLE	zero_le_one	Mathlib.Algebra.Order.ZeroLEOne	theorem	body=true
REACHABLE	ZeroLEOneClass.zero_le_one	Mathlib.Algebra.Order.ZeroLEOne	theorem	body=true
REACHABLE	Nat.mono_cast	Mathlib.Data.Nat.Cast.Order.Basic	theorem	body=true
REACHABLE	monotone_nat_of_le_succ	Mathlib.Order.Monotone.Basic	theorem	body=true
REACHABLE	instIsReflLe	Mathlib.Order.RelClasses	theorem	body=true
REACHABLE	IsRefl.mk	Mathlib.Order.Defs.Unbundled	constructor	body=false
REACHABLE	IsRefl	Mathlib.Order.Defs.Unbundled	inductive	body=false
REACHABLE	Nat.rel_of_forall_rel_succ_of_le	Mathlib.Order.Monotone.Basic	theorem	body=true
REACHABLE	Nat.rel_of_forall_rel_succ_of_le_of_le	Mathlib.Order.Monotone.Basic	theorem	body=true
REACHABLE	refl	Mathlib.Order.Defs.Unbundled	theorem	body=true
REACHABLE	IsRefl.refl	Mathlib.Order.Defs.Unbundled	theorem	body=true
REACHABLE	Nat.rel_of_forall_rel_succ_of_le_of_lt	Mathlib.Order.Monotone.Basic	theorem	body=true
REACHABLE	LE.le.trans_lt	Mathlib.Order.Basic	theorem	body=true
REACHABLE	lt_of_le_of_lt	Mathlib.Order.Defs.PartialOrder	theorem	body=true
REACHABLE	LT.lt.le	Mathlib.Order.Basic	theorem	body=true
REACHABLE	trans	Mathlib.Order.Defs.Unbundled	theorem	body=true
REACHABLE	LE.le.eq_or_lt	Mathlib.Order.Basic	theorem	body=true
REACHABLE	eq_or_lt_of_le	Mathlib.Order.Basic	theorem	body=true
REACHABLE	LE.le.lt_or_eq	Mathlib.Order.Basic	theorem	body=true
REACHABLE	lt_or_eq_of_le	Mathlib.Order.Defs.PartialOrder	theorem	body=true
REACHABLE	le_add_of_nonneg_right	Mathlib.Algebra.Order.Monoid.Unbundled.Basic	theorem	body=true
REACHABLE	add_le_add_left	Mathlib.Algebra.Order.Monoid.Unbundled.Basic	theorem	body=true
REACHABLE	CovariantClass.elim	Mathlib.Algebra.Order.Monoid.Unbundled.Defs	theorem	body=true
REACHABLE	NeZero.pos	Mathlib.Algebra.Order.Monoid.Canonical.Defs	theorem	body=true
REACHABLE	AddCommMonoidWithOne.toAddMonoidWithOne	Mathlib.Data.Nat.Cast.Defs	definition	body=true
REACHABLE	AddCommMonoidWithOne	Mathlib.Data.Nat.Cast.Defs	inductive	body=false
REACHABLE	IsOrderedRing.toZeroLEOneClass	Mathlib.Algebra.Order.Ring.Defs	theorem	body=true
REACHABLE	NonAssocSemiring.toAddCommMonoidWithOne	Mathlib.Algebra.Ring.Defs	definition	body=true
REACHABLE	NonAssocSemiring.natCast_succ	Mathlib.Algebra.Ring.Defs	theorem	body=true
REACHABLE	NonAssocSemiring.toNatCast	Mathlib.Algebra.Ring.Defs	definition	body=true
REACHABLE	NonAssocSemiring.natCast_zero	Mathlib.Algebra.Ring.Defs	theorem	body=true
REACHABLE	AddCommMonoidWithOne.mk	Mathlib.Data.Nat.Cast.Defs	constructor	body=false
REACHABLE	Nat.instIsStrictOrderedRing	Mathlib.Algebra.Order.Ring.Nat	theorem	body=true
REACHABLE	IsOrderedAddMonoid.mk	Mathlib.Algebra.Order.Monoid.Defs	constructor	body=false
REACHABLE	Nat.instSemiring	Mathlib.Algebra.Ring.Nat	definition	body=true
REACHABLE	Nat.instSemiring._proof_9	Mathlib.Algebra.Ring.Nat	theorem	body=true
REACHABLE	MonoidWithZero.toMonoid	Mathlib.Algebra.GroupWithZero.Defs	definition	body=true
REACHABLE	MonoidWithZero	Mathlib.Algebra.GroupWithZero.Defs	inductive	body=false
REACHABLE	Monoid.npow_succ	Mathlib.Algebra.Group.Defs	theorem	body=true
REACHABLE	Monoid.npow	Mathlib.Algebra.Group.Defs	definition	body=true
REACHABLE	Nat.instMonoidWithZero	Mathlib.Algebra.GroupWithZero.Nat	definition	body=true
REACHABLE	MonoidWithZero.mk	Mathlib.Algebra.GroupWithZero.Defs	constructor	body=false
REACHABLE	MulZeroClass.mul_zero	Mathlib.Algebra.GroupWithZero.Defs	theorem	body=true
REACHABLE	Nat.instSemigroupWithZero	Mathlib.Algebra.GroupWithZero.Nat	definition	body=true
REACHABLE	SemigroupWithZero.mk	Mathlib.Algebra.GroupWithZero.Defs	constructor	body=false
REACHABLE	SemigroupWithZero	Mathlib.Algebra.GroupWithZero.Defs	inductive	body=false
REACHABLE	Nat.instNonAssocSemiring	Mathlib.Algebra.Ring.Nat	definition	body=true
REACHABLE	Nat.instNonAssocSemiring._proof_4	Mathlib.Algebra.Ring.Nat	theorem	body=true
REACHABLE	Nat.instMulZeroOneClass	Mathlib.Algebra.GroupWithZero.Nat	definition	body=true
REACHABLE	Nat.instNonAssocSemiring._proof_7	Mathlib.Algebra.Ring.Nat	theorem	body=true
REACHABLE	Nat.instAddCommMonoidWithOne	Mathlib.Algebra.Ring.Nat	definition	body=true
REACHABLE	Nat.instNonUnitalNonAssocSemiring	Mathlib.Algebra.Ring.Nat	definition	body=true
REACHABLE	Nat.instNonAssocSemiring._proof_5	Mathlib.Algebra.Ring.Nat	theorem	body=true
REACHABLE	Nat.instNonAssocSemiring._proof_6	Mathlib.Algebra.Ring.Nat	theorem	body=true
REACHABLE	Nat.instNonUnitalSemiring	Mathlib.Algebra.Ring.Nat	definition	body=true
REACHABLE	Nat.instNonUnitalSemiring._proof_3	Mathlib.Algebra.Ring.Nat	theorem	body=true
REACHABLE	SemigroupWithZero.toSemigroup	Mathlib.Algebra.GroupWithZero.Defs	definition	body=true
REACHABLE	Nat.instSemiring._proof_8	Mathlib.Algebra.Ring.Nat	theorem	body=true
REACHABLE	Monoid.npow_zero	Mathlib.Algebra.Group.Defs	theorem	body=true
REACHABLE	IsOrderedCancelAddMonoid.mk	Mathlib.Algebra.Order.Monoid.Defs	constructor	body=false
REACHABLE	IsOrderedCancelAddMonoid	Mathlib.Algebra.Order.Monoid.Defs	inductive	body=false
REACHABLE	IsStrictOrderedRing.mk	Mathlib.Algebra.Order.Ring.Defs	constructor	body=false
REACHABLE	NonUnitalNonAssocSemiring.toDistrib	Mathlib.Algebra.Ring.Defs	definition	body=true
REACHABLE	IsStrictOrderedRing	Mathlib.Algebra.Order.Ring.Defs	inductive	body=false
REACHABLE	Nat.mul_lt_mul_of_pos_right	Init.Data.Nat.Basic	theorem	body=true
REACHABLE	ZeroLEOneClass.mk	Mathlib.Algebra.Order.ZeroLEOne	constructor	body=false
REACHABLE	IsStrictOrderedRing.toIsOrderedRing	Mathlib.Algebra.Order.Ring.Defs	theorem	body=true
REACHABLE	IsOrderedCancelAddMonoid.toIsOrderedAddMonoid	Mathlib.Algebra.Order.Monoid.Defs	theorem	body=true
REACHABLE	IsStrictOrderedRing.toPosMulStrictMono	Mathlib.Algebra.Order.Ring.Defs	theorem	body=true
REACHABLE	Subtype.prop	Mathlib.Data.Subtype	theorem	body=true
REACHABLE	IsStrictOrderedRing.mul_lt_mul_of_pos_left	Mathlib.Algebra.Order.Ring.Defs	theorem	body=true
REACHABLE	PosMulStrictMono.mk	Mathlib.Algebra.Order.GroupWithZero.Unbundled.Defs	constructor	body=false
REACHABLE	PosMulStrictMono	Mathlib.Algebra.Order.GroupWithZero.Unbundled.Defs	inductive	body=false
REACHABLE	mul_le_mul_of_nonneg_left	Mathlib.Algebra.Order.GroupWithZero.Unbundled.Defs	theorem	body=true
REACHABLE	PosMulMono	Mathlib.Algebra.Order.GroupWithZero.Unbundled.Defs	inductive	body=false
REACHABLE	PosMulMono.toCovariantClass	Mathlib.Algebra.Order.GroupWithZero.Unbundled.Defs	theorem	body=true
REACHABLE	IsStrictOrderedRing.toZeroLEOneClass	Mathlib.Algebra.Order.Ring.Defs	theorem	body=true
REACHABLE	mul_le_mul_of_nonneg_right	Mathlib.Algebra.Order.GroupWithZero.Unbundled.Defs	theorem	body=true
REACHABLE	MulPosMono.toCovariantClass	Mathlib.Algebra.Order.GroupWithZero.Unbundled.Defs	theorem	body=true
REACHABLE	MulPosMono	Mathlib.Algebra.Order.GroupWithZero.Unbundled.Defs	inductive	body=false
REACHABLE	PosMulStrictMono.toPosMulMono	Mathlib.Algebra.Order.GroupWithZero.Unbundled.Basic	theorem	body=true
REACHABLE	PosMulStrictMono.toCovariantClass	Mathlib.Algebra.Order.GroupWithZero.Unbundled.Defs	theorem	body=true
REACHABLE	covariantClass_le_of_lt	Mathlib.Algebra.Order.Monoid.Unbundled.Defs	theorem	body=true
REACHABLE	covariant_le_of_covariant_lt	Mathlib.Algebra.Order.Monoid.Unbundled.Defs	theorem	body=true
REACHABLE	posMulMono_iff_covariant_pos	Mathlib.Algebra.Order.GroupWithZero.Unbundled.Basic	theorem	body=true
REACHABLE	PosMulMono.to_covariantClass_pos_mul_le	Mathlib.Algebra.Order.GroupWithZero.Unbundled.Defs	theorem	body=true
REACHABLE	PosMulMono.mk	Mathlib.Algebra.Order.GroupWithZero.Unbundled.Defs	constructor	body=false
REACHABLE	IsStrictOrderedRing.toIsOrderedCancelAddMonoid	Mathlib.Algebra.Order.Ring.Defs	theorem	body=true
REACHABLE	MulPosStrictMono.toMulPosMono	Mathlib.Algebra.Order.GroupWithZero.Unbundled.Basic	theorem	body=true
REACHABLE	MulPosStrictMono	Mathlib.Algebra.Order.GroupWithZero.Unbundled.Defs	inductive	body=false
REACHABLE	MulPosStrictMono.toCovariantClass	Mathlib.Algebra.Order.GroupWithZero.Unbundled.Defs	theorem	body=true
REACHABLE	mulPosMono_iff_covariant_pos	Mathlib.Algebra.Order.GroupWithZero.Unbundled.Basic	theorem	body=true
REACHABLE	MulPosMono.to_covariantClass_pos_mul_le	Mathlib.Algebra.Order.GroupWithZero.Unbundled.Defs	theorem	body=true
REACHABLE	MulPosMono.mk	Mathlib.Algebra.Order.GroupWithZero.Unbundled.Defs	constructor	body=false
REACHABLE	IsOrderedRing.mk	Mathlib.Algebra.Order.Ring.Defs	constructor	body=false
REACHABLE	IsStrictOrderedRing.toMulPosStrictMono	Mathlib.Algebra.Order.Ring.Defs	theorem	body=true
REACHABLE	IsStrictOrderedRing.mul_lt_mul_of_pos_right	Mathlib.Algebra.Order.Ring.Defs	theorem	body=true
REACHABLE	MulPosStrictMono.mk	Mathlib.Algebra.Order.GroupWithZero.Unbundled.Defs	constructor	body=false
REACHABLE	Nat.instNontrivial	Mathlib.Data.Nat.Basic	theorem	body=true
REACHABLE	Nat.zero_ne_one	Init.Data.Nat.Basic	theorem	body=true
REACHABLE	Conjecture1663.different_labels._proof_9	Conjecture1663.Challenges	theorem	body=true
REACHABLE	Conjecture1663.deck_card	Conjecture1663.Challenges	theorem	body=true
REACHABLE	Fin.univ_val_map	Mathlib.Data.Fintype.Basic	theorem	body=true
REACHABLE	List.ofFn_eq_map	Mathlib.Data.List.FinRange	theorem	body=true
REACHABLE	List.map_ofFn	Mathlib.Data.List.OfFn	theorem	body=true
REACHABLE	List.getElem_map	Init.Data.List.Lemmas	theorem	body=true
REACHABLE	List.getElem?_map	Init.Data.List.Lemmas	theorem	body=true
REACHABLE	List.getElem?_map.match_1	Init.Data.List.Lemmas	definition	body=true
REACHABLE	Option.some.inj	Init.Core	theorem	body=true
REACHABLE	List.ext_get	Init.Data.List.Lemmas	theorem	body=true
REACHABLE	List.ofFn_id	Mathlib.Data.List.FinRange	theorem	body=true
REACHABLE	List.ofFn_succ	Init.Data.List.OfFn	theorem	body=true
REACHABLE	Conjecture1663.deleteVertex_empty	Conjecture1663.Challenges	theorem	body=true
REACHABLE	Conjecture1663.empty_deck	Conjecture1663.Challenges	theorem	body=true
REACHABLE	Multiset.map_const'	Mathlib.Data.Multiset.MapFold	theorem	body=true
REACHABLE	Multiset.map_const	Mathlib.Data.Multiset.MapFold	theorem	body=true
REACHABLE	Multiset.replicate	Mathlib.Data.Multiset.Replicate	definition	body=true
REACHABLE	List.replicate	Init.Data.List.Basic	definition	body=true
REACHABLE	List.replicate.match_1	Init.Data.List.Basic	definition	body=true
REACHABLE	Function.const	Init.Prelude	definition	body=true
REACHABLE	List.map_const'	Init.Data.List.Lemmas	theorem	body=true
REACHABLE	List.map_const	Init.Data.List.Lemmas	theorem	body=true
REACHABLE	List.map_eq_replicate_iff	Init.Data.List.Lemmas	theorem	body=true
REACHABLE	List.map_eq_replicate_iff._auxLemma.57	Init.Data.List.Lemmas	theorem	body=true
REACHABLE	List.eq_replicate_iff	Init.Data.List.Lemmas	theorem	body=true
REACHABLE	List.eq_of_mem_replicate	Init.Data.List.Lemmas	theorem	body=true
REACHABLE	List.mem_replicate	Init.Data.List.Lemmas	theorem	body=true
REACHABLE	List.mem_replicate.match_1	Init.Data.List.Lemmas	definition	body=true
REACHABLE	Init.SimpLemmas._auxLemma.18	Init.SimpLemmas	theorem	body=true
REACHABLE	List.eq_replicate_iff.match_1	Init.Data.List.Lemmas	definition	body=true
REACHABLE	List.length_replicate	Init.Data.List.Basic	theorem	body=true
REACHABLE	List.eq_replicate_of_mem	Init.Data.List.Lemmas	theorem	body=true
REACHABLE	List.eq_replicate_of_mem.match_2	Init.Data.List.Lemmas	definition	body=true
REACHABLE	List.eq_replicate_of_mem.match_1	Init.Data.List.Lemmas	definition	body=true
REACHABLE	List.length_cons	Init.Data.List.Basic	theorem	body=true
REACHABLE	List.replicate.eq_2	Init.Data.List.Basic	theorem	body=true
REACHABLE	Fintype.card_fin	Mathlib.Data.Fintype.Card	theorem	body=true
REACHABLE	List.length_finRange	Init.Data.List.FinRange	theorem	body=true
REACHABLE	Conjecture1663.relabelledEdge.eq_1	Conjecture1663.Challenges	theorem	body=true
